Julian_Date,Date,Year,Real,source
214,8/2/2017,1,0,"Columbia Basin Research, University of Washington. (2023). SacPAS Cohort Juvenile Monitoring. "
215,8/3/2017,1,,"Columbia Basin Research, University of Washington. (2023). SacPAS Cohort Juvenile Monitoring. "
216,8/4/2017,1,0,"Columbia Basin Research, University of Washington. (2023). SacPAS Cohort Juvenile Monitoring. "
217,8/5/2017,1,,"Columbia Basin Research, University of Washington. (2023). SacPAS Cohort Juvenile Monitoring. "
218,8/6/2017,1,,"Columbia Basin Research, University of Washington. (2023). SacPAS Cohort Juvenile Monitoring. "
219,8/7/2017,1,,"Columbia Basin Research, University of Washington. (2023). SacPAS Cohort Juvenile Monitoring. "
220,8/8/2017,1,,"Columbia Basin Research, University of Washington. (2023). SacPAS Cohort Juvenile Monitoring. "
221,8/9/2017,1,0,"Columbia Basin Research, University of Washington. (2023). SacPAS Cohort Juvenile Monitoring. "
222,8/10/2017,1,,"Columbia Basin Research, University of Washington. (2023). SacPAS Cohort Juvenile Monitoring. "
223,8/11/2017,1,0,"Columbia Basin Research, University of Washington. (2023). SacPAS Cohort Juvenile Monitoring. "
224,8/12/2017,1,,"Columbia Basin Research, University of Washington. (2023). SacPAS Cohort Juvenile Monitoring. "
225,8/13/2017,1,,"Columbia Basin Research, University of Washington. (2023). SacPAS Cohort Juvenile Monitoring. "
226,8/14/2017,1,0,"Columbia Basin Research, University of Washington. (2023). SacPAS Cohort Juvenile Monitoring. "
227,8/15/2017,1,,"Columbia Basin Research, University of Washington. (2023). SacPAS Cohort Juvenile Monitoring. "
228,8/16/2017,1,0,"Columbia Basin Research, University of Washington. (2023). SacPAS Cohort Juvenile Monitoring. "
229,8/17/2017,1,,"Columbia Basin Research, University of Washington. (2023). SacPAS Cohort Juvenile Monitoring. "
230,8/18/2017,1,0,"Columbia Basin Research, University of Washington. (2023). SacPAS Cohort Juvenile Monitoring. "
231,8/19/2017,1,,"Columbia Basin Research, University of Washington. (2023). SacPAS Cohort Juvenile Monitoring. "
232,8/20/2017,1,,"Columbia Basin Research, University of Washington. (2023). SacPAS Cohort Juvenile Monitoring. "
233,8/21/2017,1,0,"Columbia Basin Research, University of Washington. (2023). SacPAS Cohort Juvenile Monitoring. "
234,8/22/2017,1,,"Columbia Basin Research, University of Washington. (2023). SacPAS Cohort Juvenile Monitoring. "
235,8/23/2017,1,0,"Columbia Basin Research, University of Washington. (2023). SacPAS Cohort Juvenile Monitoring. "
236,8/24/2017,1,,"Columbia Basin Research, University of Washington. (2023). SacPAS Cohort Juvenile Monitoring. "
237,8/25/2017,1,0,"Columbia Basin Research, University of Washington. (2023). SacPAS Cohort Juvenile Monitoring. "
238,8/26/2017,1,,"Columbia Basin Research, University of Washington. (2023). SacPAS Cohort Juvenile Monitoring. "
239,8/27/2017,1,,"Columbia Basin Research, University of Washington. (2023). SacPAS Cohort Juvenile Monitoring. "
240,8/28/2017,1,0,"Columbia Basin Research, University of Washington. (2023). SacPAS Cohort Juvenile Monitoring. "
241,8/29/2017,1,,"Columbia Basin Research, University of Washington. (2023). SacPAS Cohort Juvenile Monitoring. "
242,8/30/2017,1,0,"Columbia Basin Research, University of Washington. (2023). SacPAS Cohort Juvenile Monitoring. "
243,8/31/2017,1,,"Columbia Basin Research, University of Washington. (2023). SacPAS Cohort Juvenile Monitoring. "
244,9/1/2017,1,0,"Columbia Basin Research, University of Washington. (2023). SacPAS Cohort Juvenile Monitoring. "
245,9/2/2017,1,,"Columbia Basin Research, University of Washington. (2023). SacPAS Cohort Juvenile Monitoring. "
246,9/3/2017,1,,"Columbia Basin Research, University of Washington. (2023). SacPAS Cohort Juvenile Monitoring. "
247,9/4/2017,1,,"Columbia Basin Research, University of Washington. (2023). SacPAS Cohort Juvenile Monitoring. "
248,9/5/2017,1,,"Columbia Basin Research, University of Washington. (2023). SacPAS Cohort Juvenile Monitoring. "
249,9/6/2017,1,0,"Columbia Basin Research, University of Washington. (2023). SacPAS Cohort Juvenile Monitoring. "
250,9/7/2017,1,0,"Columbia Basin Research, University of Washington. (2023). SacPAS Cohort Juvenile Monitoring. "
251,9/8/2017,1,0,"Columbia Basin Research, University of Washington. (2023). SacPAS Cohort Juvenile Monitoring. "
252,9/9/2017,1,,"Columbia Basin Research, University of Washington. (2023). SacPAS Cohort Juvenile Monitoring. "
253,9/10/2017,1,,"Columbia Basin Research, University of Washington. (2023). SacPAS Cohort Juvenile Monitoring. "
254,9/11/2017,1,0,"Columbia Basin Research, University of Washington. (2023). SacPAS Cohort Juvenile Monitoring. "
255,9/12/2017,1,,"Columbia Basin Research, University of Washington. (2023). SacPAS Cohort Juvenile Monitoring. "
256,9/13/2017,1,0,"Columbia Basin Research, University of Washington. (2023). SacPAS Cohort Juvenile Monitoring. "
257,9/14/2017,1,,"Columbia Basin Research, University of Washington. (2023). SacPAS Cohort Juvenile Monitoring. "
258,9/15/2017,1,0,"Columbia Basin Research, University of Washington. (2023). SacPAS Cohort Juvenile Monitoring. "
259,9/16/2017,1,,"Columbia Basin Research, University of Washington. (2023). SacPAS Cohort Juvenile Monitoring. "
260,9/17/2017,1,,"Columbia Basin Research, University of Washington. (2023). SacPAS Cohort Juvenile Monitoring. "
261,9/18/2017,1,0,"Columbia Basin Research, University of Washington. (2023). SacPAS Cohort Juvenile Monitoring. "
262,9/19/2017,1,,"Columbia Basin Research, University of Washington. (2023). SacPAS Cohort Juvenile Monitoring. "
263,9/20/2017,1,0,"Columbia Basin Research, University of Washington. (2023). SacPAS Cohort Juvenile Monitoring. "
264,9/21/2017,1,,"Columbia Basin Research, University of Washington. (2023). SacPAS Cohort Juvenile Monitoring. "
265,9/22/2017,1,0,"Columbia Basin Research, University of Washington. (2023). SacPAS Cohort Juvenile Monitoring. "
266,9/23/2017,1,,"Columbia Basin Research, University of Washington. (2023). SacPAS Cohort Juvenile Monitoring. "
267,9/24/2017,1,,"Columbia Basin Research, University of Washington. (2023). SacPAS Cohort Juvenile Monitoring. "
268,9/25/2017,1,0,"Columbia Basin Research, University of Washington. (2023). SacPAS Cohort Juvenile Monitoring. "
269,9/26/2017,1,,"Columbia Basin Research, University of Washington. (2023). SacPAS Cohort Juvenile Monitoring. "
270,9/27/2017,1,0,"Columbia Basin Research, University of Washington. (2023). SacPAS Cohort Juvenile Monitoring. "
271,9/28/2017,1,,"Columbia Basin Research, University of Washington. (2023). SacPAS Cohort Juvenile Monitoring. "
272,9/29/2017,1,0,"Columbia Basin Research, University of Washington. (2023). SacPAS Cohort Juvenile Monitoring. "
273,9/30/2017,1,,"Columbia Basin Research, University of Washington. (2023). SacPAS Cohort Juvenile Monitoring. "
274,10/1/2017,1,,"Columbia Basin Research, University of Washington. (2023). SacPAS Cohort Juvenile Monitoring. "
275,10/2/2017,1,0,"Columbia Basin Research, University of Washington. (2023). SacPAS Cohort Juvenile Monitoring. "
276,10/3/2017,1,,"Columbia Basin Research, University of Washington. (2023). SacPAS Cohort Juvenile Monitoring. "
277,10/4/2017,1,0,"Columbia Basin Research, University of Washington. (2023). SacPAS Cohort Juvenile Monitoring. "
278,10/5/2017,1,0,"Columbia Basin Research, University of Washington. (2023). SacPAS Cohort Juvenile Monitoring. "
279,10/6/2017,1,,"Columbia Basin Research, University of Washington. (2023). SacPAS Cohort Juvenile Monitoring. "
280,10/7/2017,1,,"Columbia Basin Research, University of Washington. (2023). SacPAS Cohort Juvenile Monitoring. "
281,10/8/2017,1,,"Columbia Basin Research, University of Washington. (2023). SacPAS Cohort Juvenile Monitoring. "
282,10/9/2017,1,,"Columbia Basin Research, University of Washington. (2023). SacPAS Cohort Juvenile Monitoring. "
283,10/10/2017,1,,"Columbia Basin Research, University of Washington. (2023). SacPAS Cohort Juvenile Monitoring. "
284,10/11/2017,1,0,"Columbia Basin Research, University of Washington. (2023). SacPAS Cohort Juvenile Monitoring. "
285,10/12/2017,1,0,"Columbia Basin Research, University of Washington. (2023). SacPAS Cohort Juvenile Monitoring. "
286,10/13/2017,1,0,"Columbia Basin Research, University of Washington. (2023). SacPAS Cohort Juvenile Monitoring. "
287,10/14/2017,1,,"Columbia Basin Research, University of Washington. (2023). SacPAS Cohort Juvenile Monitoring. "
288,10/15/2017,1,,"Columbia Basin Research, University of Washington. (2023). SacPAS Cohort Juvenile Monitoring. "
289,10/16/2017,1,0,"Columbia Basin Research, University of Washington. (2023). SacPAS Cohort Juvenile Monitoring. "
290,10/17/2017,1,,"Columbia Basin Research, University of Washington. (2023). SacPAS Cohort Juvenile Monitoring. "
291,10/18/2017,1,0,"Columbia Basin Research, University of Washington. (2023). SacPAS Cohort Juvenile Monitoring. "
292,10/19/2017,1,,"Columbia Basin Research, University of Washington. (2023). SacPAS Cohort Juvenile Monitoring. "
293,10/20/2017,1,0,"Columbia Basin Research, University of Washington. (2023). SacPAS Cohort Juvenile Monitoring. "
294,10/21/2017,1,,"Columbia Basin Research, University of Washington. (2023). SacPAS Cohort Juvenile Monitoring. "
295,10/22/2017,1,,"Columbia Basin Research, University of Washington. (2023). SacPAS Cohort Juvenile Monitoring. "
296,10/23/2017,1,0,"Columbia Basin Research, University of Washington. (2023). SacPAS Cohort Juvenile Monitoring. "
297,10/24/2017,1,,"Columbia Basin Research, University of Washington. (2023). SacPAS Cohort Juvenile Monitoring. "
298,10/25/2017,1,0,"Columbia Basin Research, University of Washington. (2023). SacPAS Cohort Juvenile Monitoring. "
299,10/26/2017,1,,"Columbia Basin Research, University of Washington. (2023). SacPAS Cohort Juvenile Monitoring. "
300,10/27/2017,1,0,"Columbia Basin Research, University of Washington. (2023). SacPAS Cohort Juvenile Monitoring. "
301,10/28/2017,1,,"Columbia Basin Research, University of Washington. (2023). SacPAS Cohort Juvenile Monitoring. "
302,10/29/2017,1,,"Columbia Basin Research, University of Washington. (2023). SacPAS Cohort Juvenile Monitoring. "
303,10/30/2017,1,,"Columbia Basin Research, University of Washington. (2023). SacPAS Cohort Juvenile Monitoring. "
304,10/31/2017,1,0,"Columbia Basin Research, University of Washington. (2023). SacPAS Cohort Juvenile Monitoring. "
305,11/1/2017,1,0,"Columbia Basin Research, University of Washington. (2023). SacPAS Cohort Juvenile Monitoring. "
306,11/2/2017,1,,"Columbia Basin Research, University of Washington. (2023). SacPAS Cohort Juvenile Monitoring. "
307,11/3/2017,1,0,"Columbia Basin Research, University of Washington. (2023). SacPAS Cohort Juvenile Monitoring. "
308,11/4/2017,1,,"Columbia Basin Research, University of Washington. (2023). SacPAS Cohort Juvenile Monitoring. "
309,11/5/2017,1,,"Columbia Basin Research, University of Washington. (2023). SacPAS Cohort Juvenile Monitoring. "
310,11/6/2017,1,0,"Columbia Basin Research, University of Washington. (2023). SacPAS Cohort Juvenile Monitoring. "
311,11/7/2017,1,0,"Columbia Basin Research, University of Washington. (2023). SacPAS Cohort Juvenile Monitoring. "
312,11/8/2017,1,0,"Columbia Basin Research, University of Washington. (2023). SacPAS Cohort Juvenile Monitoring. "
313,11/9/2017,1,,"Columbia Basin Research, University of Washington. (2023). SacPAS Cohort Juvenile Monitoring. "
314,11/10/2017,1,,"Columbia Basin Research, University of Washington. (2023). SacPAS Cohort Juvenile Monitoring. "
315,11/11/2017,1,,"Columbia Basin Research, University of Washington. (2023). SacPAS Cohort Juvenile Monitoring. "
316,11/12/2017,1,,"Columbia Basin Research, University of Washington. (2023). SacPAS Cohort Juvenile Monitoring. "
317,11/13/2017,1,0,"Columbia Basin Research, University of Washington. (2023). SacPAS Cohort Juvenile Monitoring. "
318,11/14/2017,1,,"Columbia Basin Research, University of Washington. (2023). SacPAS Cohort Juvenile Monitoring. "
319,11/15/2017,1,0,"Columbia Basin Research, University of Washington. (2023). SacPAS Cohort Juvenile Monitoring. "
320,11/16/2017,1,,"Columbia Basin Research, University of Washington. (2023). SacPAS Cohort Juvenile Monitoring. "
321,11/17/2017,1,0,"Columbia Basin Research, University of Washington. (2023). SacPAS Cohort Juvenile Monitoring. "
322,11/18/2017,1,,"Columbia Basin Research, University of Washington. (2023). SacPAS Cohort Juvenile Monitoring. "
323,11/19/2017,1,,"Columbia Basin Research, University of Washington. (2023). SacPAS Cohort Juvenile Monitoring. "
324,11/20/2017,1,0,"Columbia Basin Research, University of Washington. (2023). SacPAS Cohort Juvenile Monitoring. "
325,11/21/2017,1,0,"Columbia Basin Research, University of Washington. (2023). SacPAS Cohort Juvenile Monitoring. "
326,11/22/2017,1,0,"Columbia Basin Research, University of Washington. (2023). SacPAS Cohort Juvenile Monitoring. "
327,11/23/2017,1,,"Columbia Basin Research, University of Washington. (2023). SacPAS Cohort Juvenile Monitoring. "
328,11/24/2017,1,,"Columbia Basin Research, University of Washington. (2023). SacPAS Cohort Juvenile Monitoring. "
329,11/25/2017,1,,"Columbia Basin Research, University of Washington. (2023). SacPAS Cohort Juvenile Monitoring. "
330,11/26/2017,1,,"Columbia Basin Research, University of Washington. (2023). SacPAS Cohort Juvenile Monitoring. "
331,11/27/2017,1,0,"Columbia Basin Research, University of Washington. (2023). SacPAS Cohort Juvenile Monitoring. "
332,11/28/2017,1,,"Columbia Basin Research, University of Washington. (2023). SacPAS Cohort Juvenile Monitoring. "
333,11/29/2017,1,0,"Columbia Basin Research, University of Washington. (2023). SacPAS Cohort Juvenile Monitoring. "
334,11/30/2017,1,,"Columbia Basin Research, University of Washington. (2023). SacPAS Cohort Juvenile Monitoring. "
335,12/1/2017,1,0,"Columbia Basin Research, University of Washington. (2023). SacPAS Cohort Juvenile Monitoring. "
336,12/2/2017,1,,"Columbia Basin Research, University of Washington. (2023). SacPAS Cohort Juvenile Monitoring. "
337,12/3/2017,1,,"Columbia Basin Research, University of Washington. (2023). SacPAS Cohort Juvenile Monitoring. "
338,12/4/2017,1,0,"Columbia Basin Research, University of Washington. (2023). SacPAS Cohort Juvenile Monitoring. "
339,12/5/2017,1,0,"Columbia Basin Research, University of Washington. (2023). SacPAS Cohort Juvenile Monitoring. "
340,12/6/2017,1,0,"Columbia Basin Research, University of Washington. (2023). SacPAS Cohort Juvenile Monitoring. "
341,12/7/2017,1,,"Columbia Basin Research, University of Washington. (2023). SacPAS Cohort Juvenile Monitoring. "
342,12/8/2017,1,,"Columbia Basin Research, University of Washington. (2023). SacPAS Cohort Juvenile Monitoring. "
343,12/9/2017,1,,"Columbia Basin Research, University of Washington. (2023). SacPAS Cohort Juvenile Monitoring. "
344,12/10/2017,1,,"Columbia Basin Research, University of Washington. (2023). SacPAS Cohort Juvenile Monitoring. "
345,12/11/2017,1,0,"Columbia Basin Research, University of Washington. (2023). SacPAS Cohort Juvenile Monitoring. "
346,12/12/2017,1,,"Columbia Basin Research, University of Washington. (2023). SacPAS Cohort Juvenile Monitoring. "
347,12/13/2017,1,0,"Columbia Basin Research, University of Washington. (2023). SacPAS Cohort Juvenile Monitoring. "
348,12/14/2017,1,,"Columbia Basin Research, University of Washington. (2023). SacPAS Cohort Juvenile Monitoring. "
349,12/15/2017,1,0,"Columbia Basin Research, University of Washington. (2023). SacPAS Cohort Juvenile Monitoring. "
350,12/16/2017,1,,"Columbia Basin Research, University of Washington. (2023). SacPAS Cohort Juvenile Monitoring. "
351,12/17/2017,1,,"Columbia Basin Research, University of Washington. (2023). SacPAS Cohort Juvenile Monitoring. "
352,12/18/2017,1,,"Columbia Basin Research, University of Washington. (2023). SacPAS Cohort Juvenile Monitoring. "
353,12/19/2017,1,0,"Columbia Basin Research, University of Washington. (2023). SacPAS Cohort Juvenile Monitoring. "
354,12/20/2017,1,0,"Columbia Basin Research, University of Washington. (2023). SacPAS Cohort Juvenile Monitoring. "
355,12/21/2017,1,,"Columbia Basin Research, University of Washington. (2023). SacPAS Cohort Juvenile Monitoring. "
356,12/22/2017,1,0,"Columbia Basin Research, University of Washington. (2023). SacPAS Cohort Juvenile Monitoring. "
357,12/23/2017,1,,"Columbia Basin Research, University of Washington. (2023). SacPAS Cohort Juvenile Monitoring. "
358,12/24/2017,1,,"Columbia Basin Research, University of Washington. (2023). SacPAS Cohort Juvenile Monitoring. "
359,12/25/2017,1,,"Columbia Basin Research, University of Washington. (2023). SacPAS Cohort Juvenile Monitoring. "
360,12/26/2017,1,0,"Columbia Basin Research, University of Washington. (2023). SacPAS Cohort Juvenile Monitoring. "
361,12/27/2017,1,0,"Columbia Basin Research, University of Washington. (2023). SacPAS Cohort Juvenile Monitoring. "
362,12/28/2017,1,0,"Columbia Basin Research, University of Washington. (2023). SacPAS Cohort Juvenile Monitoring. "
363,12/29/2017,1,,"Columbia Basin Research, University of Washington. (2023). SacPAS Cohort Juvenile Monitoring. "
364,12/30/2017,1,,"Columbia Basin Research, University of Washington. (2023). SacPAS Cohort Juvenile Monitoring. "
365,12/31/2017,1,,"Columbia Basin Research, University of Washington. (2023). SacPAS Cohort Juvenile Monitoring. "
1,1/1/2018,2,,"Columbia Basin Research, University of Washington. (2023). SacPAS Cohort Juvenile Monitoring. "
2,1/2/2018,2,0,"Columbia Basin Research, University of Washington. (2023). SacPAS Cohort Juvenile Monitoring. "
3,1/3/2018,2,0,"Columbia Basin Research, University of Washington. (2023). SacPAS Cohort Juvenile Monitoring. "
4,1/4/2018,2,0,"Columbia Basin Research, University of Washington. (2023). SacPAS Cohort Juvenile Monitoring. "
5,1/5/2018,2,0,"Columbia Basin Research, University of Washington. (2023). SacPAS Cohort Juvenile Monitoring. "
6,1/6/2018,2,0,"Columbia Basin Research, University of Washington. (2023). SacPAS Cohort Juvenile Monitoring. "
7,1/7/2018,2,0,"Columbia Basin Research, University of Washington. (2023). SacPAS Cohort Juvenile Monitoring. "
8,1/8/2018,2,0,"Columbia Basin Research, University of Washington. (2023). SacPAS Cohort Juvenile Monitoring. "
9,1/9/2018,2,0,"Columbia Basin Research, University of Washington. (2023). SacPAS Cohort Juvenile Monitoring. "
10,1/10/2018,2,0,"Columbia Basin Research, University of Washington. (2023). SacPAS Cohort Juvenile Monitoring. "
11,1/11/2018,2,0,"Columbia Basin Research, University of Washington. (2023). SacPAS Cohort Juvenile Monitoring. "
12,1/12/2018,2,0,"Columbia Basin Research, University of Washington. (2023). SacPAS Cohort Juvenile Monitoring. "
13,1/13/2018,2,0,"Columbia Basin Research, University of Washington. (2023). SacPAS Cohort Juvenile Monitoring. "
14,1/14/2018,2,0,"Columbia Basin Research, University of Washington. (2023). SacPAS Cohort Juvenile Monitoring. "
15,1/15/2018,2,0,"Columbia Basin Research, University of Washington. (2023). SacPAS Cohort Juvenile Monitoring. "
16,1/16/2018,2,0,"Columbia Basin Research, University of Washington. (2023). SacPAS Cohort Juvenile Monitoring. "
17,1/17/2018,2,1,"Columbia Basin Research, University of Washington. (2023). SacPAS Cohort Juvenile Monitoring. "
18,1/18/2018,2,1,"Columbia Basin Research, University of Washington. (2023). SacPAS Cohort Juvenile Monitoring. "
19,1/19/2018,2,1,"Columbia Basin Research, University of Washington. (2023). SacPAS Cohort Juvenile Monitoring. "
20,1/20/2018,2,1,"Columbia Basin Research, University of Washington. (2023). SacPAS Cohort Juvenile Monitoring. "
21,1/21/2018,2,1,"Columbia Basin Research, University of Washington. (2023). SacPAS Cohort Juvenile Monitoring. "
22,1/22/2018,2,1,"Columbia Basin Research, University of Washington. (2023). SacPAS Cohort Juvenile Monitoring. "
23,1/23/2018,2,1,"Columbia Basin Research, University of Washington. (2023). SacPAS Cohort Juvenile Monitoring. "
24,1/24/2018,2,1,"Columbia Basin Research, University of Washington. (2023). SacPAS Cohort Juvenile Monitoring. "
25,1/25/2018,2,1,"Columbia Basin Research, University of Washington. (2023). SacPAS Cohort Juvenile Monitoring. "
26,1/26/2018,2,1,"Columbia Basin Research, University of Washington. (2023). SacPAS Cohort Juvenile Monitoring. "
27,1/27/2018,2,1,"Columbia Basin Research, University of Washington. (2023). SacPAS Cohort Juvenile Monitoring. "
28,1/28/2018,2,1,"Columbia Basin Research, University of Washington. (2023). SacPAS Cohort Juvenile Monitoring. "
29,1/29/2018,2,1,"Columbia Basin Research, University of Washington. (2023). SacPAS Cohort Juvenile Monitoring. "
30,1/30/2018,2,1,"Columbia Basin Research, University of Washington. (2023). SacPAS Cohort Juvenile Monitoring. "
31,1/31/2018,2,1,"Columbia Basin Research, University of Washington. (2023). SacPAS Cohort Juvenile Monitoring. "
32,2/1/2018,2,1,"Columbia Basin Research, University of Washington. (2023). SacPAS Cohort Juvenile Monitoring. "
33,2/2/2018,2,1,"Columbia Basin Research, University of Washington. (2023). SacPAS Cohort Juvenile Monitoring. "
34,2/3/2018,2,1,"Columbia Basin Research, University of Washington. (2023). SacPAS Cohort Juvenile Monitoring. "
35,2/4/2018,2,1,"Columbia Basin Research, University of Washington. (2023). SacPAS Cohort Juvenile Monitoring. "
36,2/5/2018,2,1,"Columbia Basin Research, University of Washington. (2023). SacPAS Cohort Juvenile Monitoring. "
37,2/6/2018,2,1,"Columbia Basin Research, University of Washington. (2023). SacPAS Cohort Juvenile Monitoring. "
38,2/7/2018,2,1,"Columbia Basin Research, University of Washington. (2023). SacPAS Cohort Juvenile Monitoring. "
39,2/8/2018,2,1,"Columbia Basin Research, University of Washington. (2023). SacPAS Cohort Juvenile Monitoring. "
40,2/9/2018,2,1,"Columbia Basin Research, University of Washington. (2023). SacPAS Cohort Juvenile Monitoring. "
41,2/10/2018,2,1,"Columbia Basin Research, University of Washington. (2023). SacPAS Cohort Juvenile Monitoring. "
42,2/11/2018,2,1,"Columbia Basin Research, University of Washington. (2023). SacPAS Cohort Juvenile Monitoring. "
43,2/12/2018,2,,"Columbia Basin Research, University of Washington. (2023). SacPAS Cohort Juvenile Monitoring. "
44,2/13/2018,2,1,"Columbia Basin Research, University of Washington. (2023). SacPAS Cohort Juvenile Monitoring. "
45,2/14/2018,2,1,"Columbia Basin Research, University of Washington. (2023). SacPAS Cohort Juvenile Monitoring. "
46,2/15/2018,2,1,"Columbia Basin Research, University of Washington. (2023). SacPAS Cohort Juvenile Monitoring. "
47,2/16/2018,2,,"Columbia Basin Research, University of Washington. (2023). SacPAS Cohort Juvenile Monitoring. "
48,2/17/2018,2,1,"Columbia Basin Research, University of Washington. (2023). SacPAS Cohort Juvenile Monitoring. "
49,2/18/2018,2,1,"Columbia Basin Research, University of Washington. (2023). SacPAS Cohort Juvenile Monitoring. "
50,2/19/2018,2,,"Columbia Basin Research, University of Washington. (2023). SacPAS Cohort Juvenile Monitoring. "
51,2/20/2018,2,1,"Columbia Basin Research, University of Washington. (2023). SacPAS Cohort Juvenile Monitoring. "
52,2/21/2018,2,1,"Columbia Basin Research, University of Washington. (2023). SacPAS Cohort Juvenile Monitoring. "
53,2/22/2018,2,1,"Columbia Basin Research, University of Washington. (2023). SacPAS Cohort Juvenile Monitoring. "
54,2/23/2018,2,,"Columbia Basin Research, University of Washington. (2023). SacPAS Cohort Juvenile Monitoring. "
55,2/24/2018,2,1,"Columbia Basin Research, University of Washington. (2023). SacPAS Cohort Juvenile Monitoring. "
56,2/25/2018,2,1,"Columbia Basin Research, University of Washington. (2023). SacPAS Cohort Juvenile Monitoring. "
57,2/26/2018,2,,"Columbia Basin Research, University of Washington. (2023). SacPAS Cohort Juvenile Monitoring. "
58,2/27/2018,2,1,"Columbia Basin Research, University of Washington. (2023). SacPAS Cohort Juvenile Monitoring. "
59,2/28/2018,2,1,"Columbia Basin Research, University of Washington. (2023). SacPAS Cohort Juvenile Monitoring. "
60,3/1/2018,2,1,"Columbia Basin Research, University of Washington. (2023). SacPAS Cohort Juvenile Monitoring. "
61,3/2/2018,2,,"Columbia Basin Research, University of Washington. (2023). SacPAS Cohort Juvenile Monitoring. "
62,3/3/2018,2,3,"Columbia Basin Research, University of Washington. (2023). SacPAS Cohort Juvenile Monitoring. "
63,3/4/2018,2,5,"Columbia Basin Research, University of Washington. (2023). SacPAS Cohort Juvenile Monitoring. "
64,3/5/2018,2,,"Columbia Basin Research, University of Washington. (2023). SacPAS Cohort Juvenile Monitoring. "
65,3/6/2018,2,6,"Columbia Basin Research, University of Washington. (2023). SacPAS Cohort Juvenile Monitoring. "
66,3/7/2018,2,6,"Columbia Basin Research, University of Washington. (2023). SacPAS Cohort Juvenile Monitoring. "
67,3/8/2018,2,6,"Columbia Basin Research, University of Washington. (2023). SacPAS Cohort Juvenile Monitoring. "
68,3/9/2018,2,,"Columbia Basin Research, University of Washington. (2023). SacPAS Cohort Juvenile Monitoring. "
69,3/10/2018,2,6,"Columbia Basin Research, University of Washington. (2023). SacPAS Cohort Juvenile Monitoring. "
70,3/11/2018,2,6,"Columbia Basin Research, University of Washington. (2023). SacPAS Cohort Juvenile Monitoring. "
71,3/12/2018,2,,"Columbia Basin Research, University of Washington. (2023). SacPAS Cohort Juvenile Monitoring. "
72,3/13/2018,2,6,"Columbia Basin Research, University of Washington. (2023). SacPAS Cohort Juvenile Monitoring. "
73,3/14/2018,2,6,"Columbia Basin Research, University of Washington. (2023). SacPAS Cohort Juvenile Monitoring. "
74,3/15/2018,2,6,"Columbia Basin Research, University of Washington. (2023). SacPAS Cohort Juvenile Monitoring. "
75,3/16/2018,2,,"Columbia Basin Research, University of Washington. (2023). SacPAS Cohort Juvenile Monitoring. "
76,3/17/2018,2,6,"Columbia Basin Research, University of Washington. (2023). SacPAS Cohort Juvenile Monitoring. "
77,3/18/2018,2,6,"Columbia Basin Research, University of Washington. (2023). SacPAS Cohort Juvenile Monitoring. "
78,3/19/2018,2,,"Columbia Basin Research, University of Washington. (2023). SacPAS Cohort Juvenile Monitoring. "
79,3/20/2018,2,7,"Columbia Basin Research, University of Washington. (2023). SacPAS Cohort Juvenile Monitoring. "
80,3/21/2018,2,7,"Columbia Basin Research, University of Washington. (2023). SacPAS Cohort Juvenile Monitoring. "
81,3/22/2018,2,7,"Columbia Basin Research, University of Washington. (2023). SacPAS Cohort Juvenile Monitoring. "
82,3/23/2018,2,,"Columbia Basin Research, University of Washington. (2023). SacPAS Cohort Juvenile Monitoring. "
83,3/24/2018,2,7,"Columbia Basin Research, University of Washington. (2023). SacPAS Cohort Juvenile Monitoring. "
84,3/25/2018,2,7,"Columbia Basin Research, University of Washington. (2023). SacPAS Cohort Juvenile Monitoring. "
85,3/26/2018,2,,"Columbia Basin Research, University of Washington. (2023). SacPAS Cohort Juvenile Monitoring. "
86,3/27/2018,2,7,"Columbia Basin Research, University of Washington. (2023). SacPAS Cohort Juvenile Monitoring. "
87,3/28/2018,2,7,"Columbia Basin Research, University of Washington. (2023). SacPAS Cohort Juvenile Monitoring. "
88,3/29/2018,2,7,"Columbia Basin Research, University of Washington. (2023). SacPAS Cohort Juvenile Monitoring. "
89,3/30/2018,2,,"Columbia Basin Research, University of Washington. (2023). SacPAS Cohort Juvenile Monitoring. "
90,3/31/2018,2,7,"Columbia Basin Research, University of Washington. (2023). SacPAS Cohort Juvenile Monitoring. "
91,4/1/2018,2,8,"Columbia Basin Research, University of Washington. (2023). SacPAS Cohort Juvenile Monitoring. "
92,4/2/2018,2,,"Columbia Basin Research, University of Washington. (2023). SacPAS Cohort Juvenile Monitoring. "
93,4/3/2018,2,8,"Columbia Basin Research, University of Washington. (2023). SacPAS Cohort Juvenile Monitoring. "
94,4/4/2018,2,8,"Columbia Basin Research, University of Washington. (2023). SacPAS Cohort Juvenile Monitoring. "
95,4/5/2018,2,8,"Columbia Basin Research, University of Washington. (2023). SacPAS Cohort Juvenile Monitoring. "
96,4/6/2018,2,,"Columbia Basin Research, University of Washington. (2023). SacPAS Cohort Juvenile Monitoring. "
97,4/7/2018,2,9,"Columbia Basin Research, University of Washington. (2023). SacPAS Cohort Juvenile Monitoring. "
98,4/8/2018,2,9,"Columbia Basin Research, University of Washington. (2023). SacPAS Cohort Juvenile Monitoring. "
99,4/9/2018,2,,"Columbia Basin Research, University of Washington. (2023). SacPAS Cohort Juvenile Monitoring. "
100,4/10/2018,2,9,"Columbia Basin Research, University of Washington. (2023). SacPAS Cohort Juvenile Monitoring. "
101,4/11/2018,2,9,"Columbia Basin Research, University of Washington. (2023). SacPAS Cohort Juvenile Monitoring. "
102,4/12/2018,2,9,"Columbia Basin Research, University of Washington. (2023). SacPAS Cohort Juvenile Monitoring. "
103,4/13/2018,2,,"Columbia Basin Research, University of Washington. (2023). SacPAS Cohort Juvenile Monitoring. "
104,4/14/2018,2,9,"Columbia Basin Research, University of Washington. (2023). SacPAS Cohort Juvenile Monitoring. "
105,4/15/2018,2,9,"Columbia Basin Research, University of Washington. (2023). SacPAS Cohort Juvenile Monitoring. "
106,4/16/2018,2,,"Columbia Basin Research, University of Washington. (2023). SacPAS Cohort Juvenile Monitoring. "
107,4/17/2018,2,10,"Columbia Basin Research, University of Washington. (2023). SacPAS Cohort Juvenile Monitoring. "
108,4/18/2018,2,10,"Columbia Basin Research, University of Washington. (2023). SacPAS Cohort Juvenile Monitoring. "
109,4/19/2018,2,10,"Columbia Basin Research, University of Washington. (2023). SacPAS Cohort Juvenile Monitoring. "
110,4/20/2018,2,10,"Columbia Basin Research, University of Washington. (2023). SacPAS Cohort Juvenile Monitoring. "
111,4/21/2018,2,10,"Columbia Basin Research, University of Washington. (2023). SacPAS Cohort Juvenile Monitoring. "
112,4/22/2018,2,10,"Columbia Basin Research, University of Washington. (2023). SacPAS Cohort Juvenile Monitoring. "
113,4/23/2018,2,10,"Columbia Basin Research, University of Washington. (2023). SacPAS Cohort Juvenile Monitoring. "
114,4/24/2018,2,10,"Columbia Basin Research, University of Washington. (2023). SacPAS Cohort Juvenile Monitoring. "
115,4/25/2018,2,10,"Columbia Basin Research, University of Washington. (2023). SacPAS Cohort Juvenile Monitoring. "
116,4/26/2018,2,,"Columbia Basin Research, University of Washington. (2023). SacPAS Cohort Juvenile Monitoring. "
117,4/27/2018,2,10,"Columbia Basin Research, University of Washington. (2023). SacPAS Cohort Juvenile Monitoring. "
118,4/28/2018,2,10,"Columbia Basin Research, University of Washington. (2023). SacPAS Cohort Juvenile Monitoring. "
119,4/29/2018,2,10,"Columbia Basin Research, University of Washington. (2023). SacPAS Cohort Juvenile Monitoring. "
120,4/30/2018,2,10,"Columbia Basin Research, University of Washington. (2023). SacPAS Cohort Juvenile Monitoring. "
121,5/1/2018,2,10,"Columbia Basin Research, University of Washington. (2023). SacPAS Cohort Juvenile Monitoring. "
122,5/2/2018,2,11,"Columbia Basin Research, University of Washington. (2023). SacPAS Cohort Juvenile Monitoring. "
123,5/3/2018,2,11,"Columbia Basin Research, University of Washington. (2023). SacPAS Cohort Juvenile Monitoring. "
124,5/4/2018,2,,"Columbia Basin Research, University of Washington. (2023). SacPAS Cohort Juvenile Monitoring. "
125,5/5/2018,2,,"Columbia Basin Research, University of Washington. (2023). SacPAS Cohort Juvenile Monitoring. "
126,5/6/2018,2,,"Columbia Basin Research, University of Washington. (2023). SacPAS Cohort Juvenile Monitoring. "
127,5/7/2018,2,11,"Columbia Basin Research, University of Washington. (2023). SacPAS Cohort Juvenile Monitoring. "
128,5/8/2018,2,,"Columbia Basin Research, University of Washington. (2023). SacPAS Cohort Juvenile Monitoring. "
129,5/9/2018,2,11,"Columbia Basin Research, University of Washington. (2023). SacPAS Cohort Juvenile Monitoring. "
130,5/10/2018,2,,"Columbia Basin Research, University of Washington. (2023). SacPAS Cohort Juvenile Monitoring. "
131,5/11/2018,2,11,"Columbia Basin Research, University of Washington. (2023). SacPAS Cohort Juvenile Monitoring. "
132,5/12/2018,2,,"Columbia Basin Research, University of Washington. (2023). SacPAS Cohort Juvenile Monitoring. "
133,5/13/2018,2,11,"Columbia Basin Research, University of Washington. (2023). SacPAS Cohort Juvenile Monitoring. "
134,5/14/2018,2,12,"Columbia Basin Research, University of Washington. (2023). SacPAS Cohort Juvenile Monitoring. "
135,5/15/2018,2,12,"Columbia Basin Research, University of Washington. (2023). SacPAS Cohort Juvenile Monitoring. "
136,5/16/2018,2,12,"Columbia Basin Research, University of Washington. (2023). SacPAS Cohort Juvenile Monitoring. "
137,5/17/2018,2,12,"Columbia Basin Research, University of Washington. (2023). SacPAS Cohort Juvenile Monitoring. "
138,5/18/2018,2,12,"Columbia Basin Research, University of Washington. (2023). SacPAS Cohort Juvenile Monitoring. "
139,5/19/2018,2,12,"Columbia Basin Research, University of Washington. (2023). SacPAS Cohort Juvenile Monitoring. "
140,5/20/2018,2,12,"Columbia Basin Research, University of Washington. (2023). SacPAS Cohort Juvenile Monitoring. "
141,5/21/2018,2,,"Columbia Basin Research, University of Washington. (2023). SacPAS Cohort Juvenile Monitoring. "
142,5/22/2018,2,,"Columbia Basin Research, University of Washington. (2023). SacPAS Cohort Juvenile Monitoring. "
143,5/23/2018,2,12,"Columbia Basin Research, University of Washington. (2023). SacPAS Cohort Juvenile Monitoring. "
144,5/24/2018,2,,"Columbia Basin Research, University of Washington. (2023). SacPAS Cohort Juvenile Monitoring. "
145,5/25/2018,2,,"Columbia Basin Research, University of Washington. (2023). SacPAS Cohort Juvenile Monitoring. "
146,5/26/2018,2,12,"Columbia Basin Research, University of Washington. (2023). SacPAS Cohort Juvenile Monitoring. "
147,5/27/2018,2,12,"Columbia Basin Research, University of Washington. (2023). SacPAS Cohort Juvenile Monitoring. "
148,5/28/2018,2,12,"Columbia Basin Research, University of Washington. (2023). SacPAS Cohort Juvenile Monitoring. "
149,5/29/2018,2,12,"Columbia Basin Research, University of Washington. (2023). SacPAS Cohort Juvenile Monitoring. "
150,5/30/2018,2,12,"Columbia Basin Research, University of Washington. (2023). SacPAS Cohort Juvenile Monitoring. "
151,5/31/2018,2,12,"Columbia Basin Research, University of Washington. (2023). SacPAS Cohort Juvenile Monitoring. "
152,6/1/2018,2,12,"Columbia Basin Research, University of Washington. (2023). SacPAS Cohort Juvenile Monitoring. "
153,6/2/2018,2,,"Columbia Basin Research, University of Washington. (2023). SacPAS Cohort Juvenile Monitoring. "
154,6/3/2018,2,,"Columbia Basin Research, University of Washington. (2023). SacPAS Cohort Juvenile Monitoring. "
155,6/4/2018,2,12,"Columbia Basin Research, University of Washington. (2023). SacPAS Cohort Juvenile Monitoring. "
156,6/5/2018,2,,"Columbia Basin Research, University of Washington. (2023). SacPAS Cohort Juvenile Monitoring. "
157,6/6/2018,2,12,"Columbia Basin Research, University of Washington. (2023). SacPAS Cohort Juvenile Monitoring. "
158,6/7/2018,2,,"Columbia Basin Research, University of Washington. (2023). SacPAS Cohort Juvenile Monitoring. "
159,6/8/2018,2,12,"Columbia Basin Research, University of Washington. (2023). SacPAS Cohort Juvenile Monitoring. "
160,6/9/2018,2,,"Columbia Basin Research, University of Washington. (2023). SacPAS Cohort Juvenile Monitoring. "
161,6/10/2018,2,,"Columbia Basin Research, University of Washington. (2023). SacPAS Cohort Juvenile Monitoring. "
162,6/11/2018,2,12,"Columbia Basin Research, University of Washington. (2023). SacPAS Cohort Juvenile Monitoring. "
163,6/12/2018,2,,"Columbia Basin Research, University of Washington. (2023). SacPAS Cohort Juvenile Monitoring. "
164,6/13/2018,2,12,"Columbia Basin Research, University of Washington. (2023). SacPAS Cohort Juvenile Monitoring. "
165,6/14/2018,2,,"Columbia Basin Research, University of Washington. (2023). SacPAS Cohort Juvenile Monitoring. "
166,6/15/2018,2,12,"Columbia Basin Research, University of Washington. (2023). SacPAS Cohort Juvenile Monitoring. "
167,6/16/2018,2,,"Columbia Basin Research, University of Washington. (2023). SacPAS Cohort Juvenile Monitoring. "
168,6/17/2018,2,,"Columbia Basin Research, University of Washington. (2023). SacPAS Cohort Juvenile Monitoring. "
169,6/18/2018,2,12,"Columbia Basin Research, University of Washington. (2023). SacPAS Cohort Juvenile Monitoring. "
170,6/19/2018,2,,"Columbia Basin Research, University of Washington. (2023). SacPAS Cohort Juvenile Monitoring. "
171,6/20/2018,2,12,"Columbia Basin Research, University of Washington. (2023). SacPAS Cohort Juvenile Monitoring. "
172,6/21/2018,2,,"Columbia Basin Research, University of Washington. (2023). SacPAS Cohort Juvenile Monitoring. "
173,6/22/2018,2,12,"Columbia Basin Research, University of Washington. (2023). SacPAS Cohort Juvenile Monitoring. "
174,6/23/2018,2,,"Columbia Basin Research, University of Washington. (2023). SacPAS Cohort Juvenile Monitoring. "
175,6/24/2018,2,,"Columbia Basin Research, University of Washington. (2023). SacPAS Cohort Juvenile Monitoring. "
176,6/25/2018,2,12,"Columbia Basin Research, University of Washington. (2023). SacPAS Cohort Juvenile Monitoring. "
177,6/26/2018,2,,"Columbia Basin Research, University of Washington. (2023). SacPAS Cohort Juvenile Monitoring. "
178,6/27/2018,2,12,"Columbia Basin Research, University of Washington. (2023). SacPAS Cohort Juvenile Monitoring. "
179,6/28/2018,2,,"Columbia Basin Research, University of Washington. (2023). SacPAS Cohort Juvenile Monitoring. "
180,6/29/2018,2,12,"Columbia Basin Research, University of Washington. (2023). SacPAS Cohort Juvenile Monitoring. "
181,6/30/2018,2,,"Columbia Basin Research, University of Washington. (2023). SacPAS Cohort Juvenile Monitoring. "
182,7/1/2018,2,,"Columbia Basin Research, University of Washington. (2023). SacPAS Cohort Juvenile Monitoring. "
183,7/2/2018,2,12,"Columbia Basin Research, University of Washington. (2023). SacPAS Cohort Juvenile Monitoring. "
184,7/3/2018,2,12,"Columbia Basin Research, University of Washington. (2023). SacPAS Cohort Juvenile Monitoring. "
185,7/4/2018,2,,"Columbia Basin Research, University of Washington. (2023). SacPAS Cohort Juvenile Monitoring. "
186,7/5/2018,2,,"Columbia Basin Research, University of Washington. (2023). SacPAS Cohort Juvenile Monitoring. "
187,7/6/2018,2,12,"Columbia Basin Research, University of Washington. (2023). SacPAS Cohort Juvenile Monitoring. "
188,7/7/2018,2,,"Columbia Basin Research, University of Washington. (2023). SacPAS Cohort Juvenile Monitoring. "
189,7/8/2018,2,,"Columbia Basin Research, University of Washington. (2023). SacPAS Cohort Juvenile Monitoring. "
190,7/9/2018,2,12,"Columbia Basin Research, University of Washington. (2023). SacPAS Cohort Juvenile Monitoring. "
191,7/10/2018,2,,"Columbia Basin Research, University of Washington. (2023). SacPAS Cohort Juvenile Monitoring. "
192,7/11/2018,2,12,"Columbia Basin Research, University of Washington. (2023). SacPAS Cohort Juvenile Monitoring. "
193,7/12/2018,2,,"Columbia Basin Research, University of Washington. (2023). SacPAS Cohort Juvenile Monitoring. "
194,7/13/2018,2,12,"Columbia Basin Research, University of Washington. (2023). SacPAS Cohort Juvenile Monitoring. "
195,7/14/2018,2,,"Columbia Basin Research, University of Washington. (2023). SacPAS Cohort Juvenile Monitoring. "
196,7/15/2018,2,,"Columbia Basin Research, University of Washington. (2023). SacPAS Cohort Juvenile Monitoring. "
197,7/16/2018,2,12,"Columbia Basin Research, University of Washington. (2023). SacPAS Cohort Juvenile Monitoring. "
198,7/17/2018,2,,"Columbia Basin Research, University of Washington. (2023). SacPAS Cohort Juvenile Monitoring. "
199,7/18/2018,2,12,"Columbia Basin Research, University of Washington. (2023). SacPAS Cohort Juvenile Monitoring. "
200,7/19/2018,2,,"Columbia Basin Research, University of Washington. (2023). SacPAS Cohort Juvenile Monitoring. "
201,7/20/2018,2,12,"Columbia Basin Research, University of Washington. (2023). SacPAS Cohort Juvenile Monitoring. "
202,7/21/2018,2,,"Columbia Basin Research, University of Washington. (2023). SacPAS Cohort Juvenile Monitoring. "
203,7/22/2018,2,,"Columbia Basin Research, University of Washington. (2023). SacPAS Cohort Juvenile Monitoring. "
204,7/23/2018,2,12,"Columbia Basin Research, University of Washington. (2023). SacPAS Cohort Juvenile Monitoring. "
205,7/24/2018,2,,"Columbia Basin Research, University of Washington. (2023). SacPAS Cohort Juvenile Monitoring. "
206,7/25/2018,2,12,"Columbia Basin Research, University of Washington. (2023). SacPAS Cohort Juvenile Monitoring. "
207,7/26/2018,2,,"Columbia Basin Research, University of Washington. (2023). SacPAS Cohort Juvenile Monitoring. "
208,7/27/2018,2,12,"Columbia Basin Research, University of Washington. (2023). SacPAS Cohort Juvenile Monitoring. "
209,7/28/2018,2,,"Columbia Basin Research, University of Washington. (2023). SacPAS Cohort Juvenile Monitoring. "
210,7/29/2018,2,,"Columbia Basin Research, University of Washington. (2023). SacPAS Cohort Juvenile Monitoring. "
211,7/30/2018,2,12,"Columbia Basin Research, University of Washington. (2023). SacPAS Cohort Juvenile Monitoring. "
212,,,,"Columbia Basin Research, University of Washington. (2023). SacPAS Cohort Juvenile Monitoring. "
213,8/1/2018,2,0,"Columbia Basin Research, University of Washington. (2023). SacPAS Cohort Juvenile Monitoring. "
214,8/2/2018,2,,"Columbia Basin Research, University of Washington. (2023). SacPAS Cohort Juvenile Monitoring. "
215,8/3/2018,2,0,"Columbia Basin Research, University of Washington. (2023). SacPAS Cohort Juvenile Monitoring. "
216,8/4/2018,2,,"Columbia Basin Research, University of Washington. (2023). SacPAS Cohort Juvenile Monitoring. "
217,8/5/2018,2,,"Columbia Basin Research, University of Washington. (2023). SacPAS Cohort Juvenile Monitoring. "
218,8/6/2018,2,0,"Columbia Basin Research, University of Washington. (2023). SacPAS Cohort Juvenile Monitoring. "
219,8/7/2018,2,,"Columbia Basin Research, University of Washington. (2023). SacPAS Cohort Juvenile Monitoring. "
220,8/8/2018,2,0,"Columbia Basin Research, University of Washington. (2023). SacPAS Cohort Juvenile Monitoring. "
221,8/9/2018,2,,"Columbia Basin Research, University of Washington. (2023). SacPAS Cohort Juvenile Monitoring. "
222,8/10/2018,2,0,"Columbia Basin Research, University of Washington. (2023). SacPAS Cohort Juvenile Monitoring. "
223,8/11/2018,2,,"Columbia Basin Research, University of Washington. (2023). SacPAS Cohort Juvenile Monitoring. "
224,8/12/2018,2,,"Columbia Basin Research, University of Washington. (2023). SacPAS Cohort Juvenile Monitoring. "
225,8/13/2018,2,0,"Columbia Basin Research, University of Washington. (2023). SacPAS Cohort Juvenile Monitoring. "
226,8/14/2018,2,,"Columbia Basin Research, University of Washington. (2023). SacPAS Cohort Juvenile Monitoring. "
227,8/15/2018,2,0,"Columbia Basin Research, University of Washington. (2023). SacPAS Cohort Juvenile Monitoring. "
228,8/16/2018,2,0,"Columbia Basin Research, University of Washington. (2023). SacPAS Cohort Juvenile Monitoring. "
229,8/17/2018,2,,"Columbia Basin Research, University of Washington. (2023). SacPAS Cohort Juvenile Monitoring. "
230,8/18/2018,2,,"Columbia Basin Research, University of Washington. (2023). SacPAS Cohort Juvenile Monitoring. "
231,8/19/2018,2,,"Columbia Basin Research, University of Washington. (2023). SacPAS Cohort Juvenile Monitoring. "
232,8/20/2018,2,0,"Columbia Basin Research, University of Washington. (2023). SacPAS Cohort Juvenile Monitoring. "
233,8/21/2018,2,,"Columbia Basin Research, University of Washington. (2023). SacPAS Cohort Juvenile Monitoring. "
234,8/22/2018,2,0,"Columbia Basin Research, University of Washington. (2023). SacPAS Cohort Juvenile Monitoring. "
235,8/23/2018,2,,"Columbia Basin Research, University of Washington. (2023). SacPAS Cohort Juvenile Monitoring. "
236,8/24/2018,2,0,"Columbia Basin Research, University of Washington. (2023). SacPAS Cohort Juvenile Monitoring. "
237,8/25/2018,2,,"Columbia Basin Research, University of Washington. (2023). SacPAS Cohort Juvenile Monitoring. "
238,8/26/2018,2,,"Columbia Basin Research, University of Washington. (2023). SacPAS Cohort Juvenile Monitoring. "
239,8/27/2018,2,0,"Columbia Basin Research, University of Washington. (2023). SacPAS Cohort Juvenile Monitoring. "
240,8/28/2018,2,,"Columbia Basin Research, University of Washington. (2023). SacPAS Cohort Juvenile Monitoring. "
241,8/29/2018,2,0,"Columbia Basin Research, University of Washington. (2023). SacPAS Cohort Juvenile Monitoring. "
242,8/30/2018,2,,"Columbia Basin Research, University of Washington. (2023). SacPAS Cohort Juvenile Monitoring. "
243,8/31/2018,2,0,"Columbia Basin Research, University of Washington. (2023). SacPAS Cohort Juvenile Monitoring. "
244,9/1/2018,2,,"Columbia Basin Research, University of Washington. (2023). SacPAS Cohort Juvenile Monitoring. "
245,9/2/2018,2,,"Columbia Basin Research, University of Washington. (2023). SacPAS Cohort Juvenile Monitoring. "
246,9/3/2018,2,,"Columbia Basin Research, University of Washington. (2023). SacPAS Cohort Juvenile Monitoring. "
247,9/4/2018,2,0,"Columbia Basin Research, University of Washington. (2023). SacPAS Cohort Juvenile Monitoring. "
248,9/5/2018,2,,"Columbia Basin Research, University of Washington. (2023). SacPAS Cohort Juvenile Monitoring. "
249,9/6/2018,2,0,"Columbia Basin Research, University of Washington. (2023). SacPAS Cohort Juvenile Monitoring. "
250,9/7/2018,2,0,"Columbia Basin Research, University of Washington. (2023). SacPAS Cohort Juvenile Monitoring. "
251,9/8/2018,2,,"Columbia Basin Research, University of Washington. (2023). SacPAS Cohort Juvenile Monitoring. "
252,9/9/2018,2,,"Columbia Basin Research, University of Washington. (2023). SacPAS Cohort Juvenile Monitoring. "
253,9/10/2018,2,0,"Columbia Basin Research, University of Washington. (2023). SacPAS Cohort Juvenile Monitoring. "
254,9/11/2018,2,,"Columbia Basin Research, University of Washington. (2023). SacPAS Cohort Juvenile Monitoring. "
255,9/12/2018,2,0,"Columbia Basin Research, University of Washington. (2023). SacPAS Cohort Juvenile Monitoring. "
256,9/13/2018,2,,"Columbia Basin Research, University of Washington. (2023). SacPAS Cohort Juvenile Monitoring. "
257,9/14/2018,2,0,"Columbia Basin Research, University of Washington. (2023). SacPAS Cohort Juvenile Monitoring. "
258,9/15/2018,2,,"Columbia Basin Research, University of Washington. (2023). SacPAS Cohort Juvenile Monitoring. "
259,9/16/2018,2,,"Columbia Basin Research, University of Washington. (2023). SacPAS Cohort Juvenile Monitoring. "
260,9/17/2018,2,0,"Columbia Basin Research, University of Washington. (2023). SacPAS Cohort Juvenile Monitoring. "
261,9/18/2018,2,,"Columbia Basin Research, University of Washington. (2023). SacPAS Cohort Juvenile Monitoring. "
262,9/19/2018,2,0,"Columbia Basin Research, University of Washington. (2023). SacPAS Cohort Juvenile Monitoring. "
263,9/20/2018,2,,"Columbia Basin Research, University of Washington. (2023). SacPAS Cohort Juvenile Monitoring. "
264,9/21/2018,2,0,"Columbia Basin Research, University of Washington. (2023). SacPAS Cohort Juvenile Monitoring. "
265,9/22/2018,2,,"Columbia Basin Research, University of Washington. (2023). SacPAS Cohort Juvenile Monitoring. "
266,9/23/2018,2,,"Columbia Basin Research, University of Washington. (2023). SacPAS Cohort Juvenile Monitoring. "
267,9/24/2018,2,0,"Columbia Basin Research, University of Washington. (2023). SacPAS Cohort Juvenile Monitoring. "
268,9/25/2018,2,,"Columbia Basin Research, University of Washington. (2023). SacPAS Cohort Juvenile Monitoring. "
269,9/26/2018,2,0,"Columbia Basin Research, University of Washington. (2023). SacPAS Cohort Juvenile Monitoring. "
270,9/27/2018,2,,"Columbia Basin Research, University of Washington. (2023). SacPAS Cohort Juvenile Monitoring. "
271,9/28/2018,2,0,"Columbia Basin Research, University of Washington. (2023). SacPAS Cohort Juvenile Monitoring. "
272,9/29/2018,2,,"Columbia Basin Research, University of Washington. (2023). SacPAS Cohort Juvenile Monitoring. "
273,9/30/2018,2,,"Columbia Basin Research, University of Washington. (2023). SacPAS Cohort Juvenile Monitoring. "
274,10/1/2018,2,0,"Columbia Basin Research, University of Washington. (2023). SacPAS Cohort Juvenile Monitoring. "
275,10/2/2018,2,,"Columbia Basin Research, University of Washington. (2023). SacPAS Cohort Juvenile Monitoring. "
276,10/3/2018,2,0,"Columbia Basin Research, University of Washington. (2023). SacPAS Cohort Juvenile Monitoring. "
277,10/4/2018,2,,"Columbia Basin Research, University of Washington. (2023). SacPAS Cohort Juvenile Monitoring. "
278,10/5/2018,2,0,"Columbia Basin Research, University of Washington. (2023). SacPAS Cohort Juvenile Monitoring. "
279,10/6/2018,2,,"Columbia Basin Research, University of Washington. (2023). SacPAS Cohort Juvenile Monitoring. "
280,10/7/2018,2,,"Columbia Basin Research, University of Washington. (2023). SacPAS Cohort Juvenile Monitoring. "
281,10/8/2018,2,,"Columbia Basin Research, University of Washington. (2023). SacPAS Cohort Juvenile Monitoring. "
282,10/9/2018,2,0,"Columbia Basin Research, University of Washington. (2023). SacPAS Cohort Juvenile Monitoring. "
283,10/10/2018,2,,"Columbia Basin Research, University of Washington. (2023). SacPAS Cohort Juvenile Monitoring. "
284,10/11/2018,2,0,"Columbia Basin Research, University of Washington. (2023). SacPAS Cohort Juvenile Monitoring. "
285,10/12/2018,2,0,"Columbia Basin Research, University of Washington. (2023). SacPAS Cohort Juvenile Monitoring. "
286,10/13/2018,2,,"Columbia Basin Research, University of Washington. (2023). SacPAS Cohort Juvenile Monitoring. "
287,10/14/2018,2,,"Columbia Basin Research, University of Washington. (2023). SacPAS Cohort Juvenile Monitoring. "
288,10/15/2018,2,,"Columbia Basin Research, University of Washington. (2023). SacPAS Cohort Juvenile Monitoring. "
289,10/16/2018,2,0,"Columbia Basin Research, University of Washington. (2023). SacPAS Cohort Juvenile Monitoring. "
290,10/17/2018,2,0,"Columbia Basin Research, University of Washington. (2023). SacPAS Cohort Juvenile Monitoring. "
291,10/18/2018,2,,"Columbia Basin Research, University of Washington. (2023). SacPAS Cohort Juvenile Monitoring. "
292,10/19/2018,2,0,"Columbia Basin Research, University of Washington. (2023). SacPAS Cohort Juvenile Monitoring. "
293,10/20/2018,2,,"Columbia Basin Research, University of Washington. (2023). SacPAS Cohort Juvenile Monitoring. "
294,10/21/2018,2,,"Columbia Basin Research, University of Washington. (2023). SacPAS Cohort Juvenile Monitoring. "
295,10/22/2018,2,0,"Columbia Basin Research, University of Washington. (2023). SacPAS Cohort Juvenile Monitoring. "
296,10/23/2018,2,,"Columbia Basin Research, University of Washington. (2023). SacPAS Cohort Juvenile Monitoring. "
297,10/24/2018,2,,"Columbia Basin Research, University of Washington. (2023). SacPAS Cohort Juvenile Monitoring. "
298,10/25/2018,2,0,"Columbia Basin Research, University of Washington. (2023). SacPAS Cohort Juvenile Monitoring. "
299,10/26/2018,2,0,"Columbia Basin Research, University of Washington. (2023). SacPAS Cohort Juvenile Monitoring. "
300,10/27/2018,2,,"Columbia Basin Research, University of Washington. (2023). SacPAS Cohort Juvenile Monitoring. "
301,10/28/2018,2,,"Columbia Basin Research, University of Washington. (2023). SacPAS Cohort Juvenile Monitoring. "
302,10/29/2018,2,0,"Columbia Basin Research, University of Washington. (2023). SacPAS Cohort Juvenile Monitoring. "
303,10/30/2018,2,,"Columbia Basin Research, University of Washington. (2023). SacPAS Cohort Juvenile Monitoring. "
304,10/31/2018,2,0,"Columbia Basin Research, University of Washington. (2023). SacPAS Cohort Juvenile Monitoring. "
305,11/1/2018,2,,"Columbia Basin Research, University of Washington. (2023). SacPAS Cohort Juvenile Monitoring. "
306,11/2/2018,2,0,"Columbia Basin Research, University of Washington. (2023). SacPAS Cohort Juvenile Monitoring. "
307,11/3/2018,2,,"Columbia Basin Research, University of Washington. (2023). SacPAS Cohort Juvenile Monitoring. "
308,11/4/2018,2,,"Columbia Basin Research, University of Washington. (2023). SacPAS Cohort Juvenile Monitoring. "
309,11/5/2018,2,0,"Columbia Basin Research, University of Washington. (2023). SacPAS Cohort Juvenile Monitoring. "
310,11/6/2018,2,,"Columbia Basin Research, University of Washington. (2023). SacPAS Cohort Juvenile Monitoring. "
311,11/7/2018,2,0,"Columbia Basin Research, University of Washington. (2023). SacPAS Cohort Juvenile Monitoring. "
312,11/8/2018,2,,"Columbia Basin Research, University of Washington. (2023). SacPAS Cohort Juvenile Monitoring. "
313,11/9/2018,2,0,"Columbia Basin Research, University of Washington. (2023). SacPAS Cohort Juvenile Monitoring. "
314,11/10/2018,2,,"Columbia Basin Research, University of Washington. (2023). SacPAS Cohort Juvenile Monitoring. "
315,11/11/2018,2,,"Columbia Basin Research, University of Washington. (2023). SacPAS Cohort Juvenile Monitoring. "
316,11/12/2018,2,,"Columbia Basin Research, University of Washington. (2023). SacPAS Cohort Juvenile Monitoring. "
317,11/13/2018,2,0,"Columbia Basin Research, University of Washington. (2023). SacPAS Cohort Juvenile Monitoring. "
318,11/14/2018,2,0,"Columbia Basin Research, University of Washington. (2023). SacPAS Cohort Juvenile Monitoring. "
319,11/15/2018,2,,"Columbia Basin Research, University of Washington. (2023). SacPAS Cohort Juvenile Monitoring. "
320,11/16/2018,2,,"Columbia Basin Research, University of Washington. (2023). SacPAS Cohort Juvenile Monitoring. "
321,11/17/2018,2,,"Columbia Basin Research, University of Washington. (2023). SacPAS Cohort Juvenile Monitoring. "
322,11/18/2018,2,,"Columbia Basin Research, University of Washington. (2023). SacPAS Cohort Juvenile Monitoring. "
323,11/19/2018,2,0,"Columbia Basin Research, University of Washington. (2023). SacPAS Cohort Juvenile Monitoring. "
324,11/20/2018,2,0,"Columbia Basin Research, University of Washington. (2023). SacPAS Cohort Juvenile Monitoring. "
325,11/21/2018,2,0,"Columbia Basin Research, University of Washington. (2023). SacPAS Cohort Juvenile Monitoring. "
326,11/22/2018,2,,"Columbia Basin Research, University of Washington. (2023). SacPAS Cohort Juvenile Monitoring. "
327,11/23/2018,2,,"Columbia Basin Research, University of Washington. (2023). SacPAS Cohort Juvenile Monitoring. "
328,11/24/2018,2,,"Columbia Basin Research, University of Washington. (2023). SacPAS Cohort Juvenile Monitoring. "
329,11/25/2018,2,,"Columbia Basin Research, University of Washington. (2023). SacPAS Cohort Juvenile Monitoring. "
330,11/26/2018,2,0,"Columbia Basin Research, University of Washington. (2023). SacPAS Cohort Juvenile Monitoring. "
331,11/27/2018,2,,"Columbia Basin Research, University of Washington. (2023). SacPAS Cohort Juvenile Monitoring. "
332,11/28/2018,2,0,"Columbia Basin Research, University of Washington. (2023). SacPAS Cohort Juvenile Monitoring. "
333,11/29/2018,2,,"Columbia Basin Research, University of Washington. (2023). SacPAS Cohort Juvenile Monitoring. "
334,11/30/2018,2,0,"Columbia Basin Research, University of Washington. (2023). SacPAS Cohort Juvenile Monitoring. "
335,12/1/2018,2,,"Columbia Basin Research, University of Washington. (2023). SacPAS Cohort Juvenile Monitoring. "
336,12/2/2018,2,0,"Columbia Basin Research, University of Washington. (2023). SacPAS Cohort Juvenile Monitoring. "
337,12/3/2018,2,0,"Columbia Basin Research, University of Washington. (2023). SacPAS Cohort Juvenile Monitoring. "
338,12/4/2018,2,0,"Columbia Basin Research, University of Washington. (2023). SacPAS Cohort Juvenile Monitoring. "
339,12/5/2018,2,,"Columbia Basin Research, University of Washington. (2023). SacPAS Cohort Juvenile Monitoring. "
340,12/6/2018,2,0,"Columbia Basin Research, University of Washington. (2023). SacPAS Cohort Juvenile Monitoring. "
341,12/7/2018,2,,"Columbia Basin Research, University of Washington. (2023). SacPAS Cohort Juvenile Monitoring. "
342,12/8/2018,2,,"Columbia Basin Research, University of Washington. (2023). SacPAS Cohort Juvenile Monitoring. "
343,12/9/2018,2,0,"Columbia Basin Research, University of Washington. (2023). SacPAS Cohort Juvenile Monitoring. "
344,12/10/2018,2,0,"Columbia Basin Research, University of Washington. (2023). SacPAS Cohort Juvenile Monitoring. "
345,12/11/2018,2,0,"Columbia Basin Research, University of Washington. (2023). SacPAS Cohort Juvenile Monitoring. "
346,12/12/2018,2,,"Columbia Basin Research, University of Washington. (2023). SacPAS Cohort Juvenile Monitoring. "
347,12/13/2018,2,0,"Columbia Basin Research, University of Washington. (2023). SacPAS Cohort Juvenile Monitoring. "
348,12/14/2018,2,0,"Columbia Basin Research, University of Washington. (2023). SacPAS Cohort Juvenile Monitoring. "
349,12/15/2018,2,,"Columbia Basin Research, University of Washington. (2023). SacPAS Cohort Juvenile Monitoring. "
350,12/16/2018,2,0,"Columbia Basin Research, University of Washington. (2023). SacPAS Cohort Juvenile Monitoring. "
351,12/17/2018,2,0,"Columbia Basin Research, University of Washington. (2023). SacPAS Cohort Juvenile Monitoring. "
352,12/18/2018,2,0,"Columbia Basin Research, University of Washington. (2023). SacPAS Cohort Juvenile Monitoring. "
353,12/19/2018,2,,"Columbia Basin Research, University of Washington. (2023). SacPAS Cohort Juvenile Monitoring. "
354,12/20/2018,2,0,"Columbia Basin Research, University of Washington. (2023). SacPAS Cohort Juvenile Monitoring. "
355,12/21/2018,2,0,"Columbia Basin Research, University of Washington. (2023). SacPAS Cohort Juvenile Monitoring. "
356,12/22/2018,2,,"Columbia Basin Research, University of Washington. (2023). SacPAS Cohort Juvenile Monitoring. "
357,12/23/2018,2,0,"Columbia Basin Research, University of Washington. (2023). SacPAS Cohort Juvenile Monitoring. "
358,12/24/2018,2,,"Columbia Basin Research, University of Washington. (2023). SacPAS Cohort Juvenile Monitoring. "
359,12/25/2018,2,,"Columbia Basin Research, University of Washington. (2023). SacPAS Cohort Juvenile Monitoring. "
360,12/26/2018,2,0,"Columbia Basin Research, University of Washington. (2023). SacPAS Cohort Juvenile Monitoring. "
361,12/27/2018,2,0,"Columbia Basin Research, University of Washington. (2023). SacPAS Cohort Juvenile Monitoring. "
362,12/28/2018,2,0,"Columbia Basin Research, University of Washington. (2023). SacPAS Cohort Juvenile Monitoring. "
363,12/29/2018,2,0,"Columbia Basin Research, University of Washington. (2023). SacPAS Cohort Juvenile Monitoring. "
364,12/30/2018,2,0,"Columbia Basin Research, University of Washington. (2023). SacPAS Cohort Juvenile Monitoring. "
365,12/31/2018,2,,"Columbia Basin Research, University of Washington. (2023). SacPAS Cohort Juvenile Monitoring. "
1,1/1/2019,3,0,"Columbia Basin Research, University of Washington. (2023). SacPAS Cohort Juvenile Monitoring. "
2,1/2/2019,3,0,"Columbia Basin Research, University of Washington. (2023). SacPAS Cohort Juvenile Monitoring. "
3,1/3/2019,3,,"Columbia Basin Research, University of Washington. (2023). SacPAS Cohort Juvenile Monitoring. "
4,1/4/2019,3,0,"Columbia Basin Research, University of Washington. (2023). SacPAS Cohort Juvenile Monitoring. "
5,1/5/2019,3,,"Columbia Basin Research, University of Washington. (2023). SacPAS Cohort Juvenile Monitoring. "
6,1/6/2019,3,0,"Columbia Basin Research, University of Washington. (2023). SacPAS Cohort Juvenile Monitoring. "
7,1/7/2019,3,0,"Columbia Basin Research, University of Washington. (2023). SacPAS Cohort Juvenile Monitoring. "
8,1/8/2019,3,0,"Columbia Basin Research, University of Washington. (2023). SacPAS Cohort Juvenile Monitoring. "
9,1/9/2019,3,,"Columbia Basin Research, University of Washington. (2023). SacPAS Cohort Juvenile Monitoring. "
10,1/10/2019,3,0,"Columbia Basin Research, University of Washington. (2023). SacPAS Cohort Juvenile Monitoring. "
11,1/11/2019,3,0,"Columbia Basin Research, University of Washington. (2023). SacPAS Cohort Juvenile Monitoring. "
12,1/12/2019,3,,"Columbia Basin Research, University of Washington. (2023). SacPAS Cohort Juvenile Monitoring. "
13,1/13/2019,3,0,"Columbia Basin Research, University of Washington. (2023). SacPAS Cohort Juvenile Monitoring. "
14,1/14/2019,3,0,"Columbia Basin Research, University of Washington. (2023). SacPAS Cohort Juvenile Monitoring. "
15,1/15/2019,3,0,"Columbia Basin Research, University of Washington. (2023). SacPAS Cohort Juvenile Monitoring. "
16,1/16/2019,3,,"Columbia Basin Research, University of Washington. (2023). SacPAS Cohort Juvenile Monitoring. "
17,1/17/2019,3,0,"Columbia Basin Research, University of Washington. (2023). SacPAS Cohort Juvenile Monitoring. "
18,1/18/2019,3,0,"Columbia Basin Research, University of Washington. (2023). SacPAS Cohort Juvenile Monitoring. "
19,1/19/2019,3,,"Columbia Basin Research, University of Washington. (2023). SacPAS Cohort Juvenile Monitoring. "
20,1/20/2019,3,1,"Columbia Basin Research, University of Washington. (2023). SacPAS Cohort Juvenile Monitoring. "
21,1/21/2019,3,,"Columbia Basin Research, University of Washington. (2023). SacPAS Cohort Juvenile Monitoring. "
22,1/22/2019,3,,"Columbia Basin Research, University of Washington. (2023). SacPAS Cohort Juvenile Monitoring. "
23,1/23/2019,3,1,"Columbia Basin Research, University of Washington. (2023). SacPAS Cohort Juvenile Monitoring. "
24,1/24/2019,3,1,"Columbia Basin Research, University of Washington. (2023). SacPAS Cohort Juvenile Monitoring. "
25,1/25/2019,3,1,"Columbia Basin Research, University of Washington. (2023). SacPAS Cohort Juvenile Monitoring. "
26,1/26/2019,3,,"Columbia Basin Research, University of Washington. (2023). SacPAS Cohort Juvenile Monitoring. "
27,1/27/2019,3,1,"Columbia Basin Research, University of Washington. (2023). SacPAS Cohort Juvenile Monitoring. "
28,1/28/2019,3,1,"Columbia Basin Research, University of Washington. (2023). SacPAS Cohort Juvenile Monitoring. "
29,1/29/2019,3,3,"Columbia Basin Research, University of Washington. (2023). SacPAS Cohort Juvenile Monitoring. "
30,1/30/2019,3,,"Columbia Basin Research, University of Washington. (2023). SacPAS Cohort Juvenile Monitoring. "
31,1/31/2019,3,3,"Columbia Basin Research, University of Washington. (2023). SacPAS Cohort Juvenile Monitoring. "
32,2/1/2019,3,3,"Columbia Basin Research, University of Washington. (2023). SacPAS Cohort Juvenile Monitoring. "
33,2/2/2019,3,,"Columbia Basin Research, University of Washington. (2023). SacPAS Cohort Juvenile Monitoring. "
34,2/3/2019,3,3,"Columbia Basin Research, University of Washington. (2023). SacPAS Cohort Juvenile Monitoring. "
35,2/4/2019,3,3,"Columbia Basin Research, University of Washington. (2023). SacPAS Cohort Juvenile Monitoring. "
36,2/5/2019,3,3,"Columbia Basin Research, University of Washington. (2023). SacPAS Cohort Juvenile Monitoring. "
37,2/6/2019,3,3,"Columbia Basin Research, University of Washington. (2023). SacPAS Cohort Juvenile Monitoring. "
38,2/7/2019,3,3,"Columbia Basin Research, University of Washington. (2023). SacPAS Cohort Juvenile Monitoring. "
39,2/8/2019,3,,"Columbia Basin Research, University of Washington. (2023). SacPAS Cohort Juvenile Monitoring. "
40,2/9/2019,3,3,"Columbia Basin Research, University of Washington. (2023). SacPAS Cohort Juvenile Monitoring. "
41,2/10/2019,3,3,"Columbia Basin Research, University of Washington. (2023). SacPAS Cohort Juvenile Monitoring. "
42,2/11/2019,3,3,"Columbia Basin Research, University of Washington. (2023). SacPAS Cohort Juvenile Monitoring. "
43,2/12/2019,3,3,"Columbia Basin Research, University of Washington. (2023). SacPAS Cohort Juvenile Monitoring. "
44,2/13/2019,3,,"Columbia Basin Research, University of Washington. (2023). SacPAS Cohort Juvenile Monitoring. "
45,2/14/2019,3,,"Columbia Basin Research, University of Washington. (2023). SacPAS Cohort Juvenile Monitoring. "
46,2/15/2019,3,3,"Columbia Basin Research, University of Washington. (2023). SacPAS Cohort Juvenile Monitoring. "
47,2/16/2019,3,,"Columbia Basin Research, University of Washington. (2023). SacPAS Cohort Juvenile Monitoring. "
48,2/17/2019,3,3,"Columbia Basin Research, University of Washington. (2023). SacPAS Cohort Juvenile Monitoring. "
49,2/18/2019,3,,"Columbia Basin Research, University of Washington. (2023). SacPAS Cohort Juvenile Monitoring. "
50,2/19/2019,3,3,"Columbia Basin Research, University of Washington. (2023). SacPAS Cohort Juvenile Monitoring. "
51,2/20/2019,3,3,"Columbia Basin Research, University of Washington. (2023). SacPAS Cohort Juvenile Monitoring. "
52,2/21/2019,3,3,"Columbia Basin Research, University of Washington. (2023). SacPAS Cohort Juvenile Monitoring. "
53,2/22/2019,3,3,"Columbia Basin Research, University of Washington. (2023). SacPAS Cohort Juvenile Monitoring. "
54,2/23/2019,3,,"Columbia Basin Research, University of Washington. (2023). SacPAS Cohort Juvenile Monitoring. "
55,2/24/2019,3,3,"Columbia Basin Research, University of Washington. (2023). SacPAS Cohort Juvenile Monitoring. "
56,2/25/2019,3,3,"Columbia Basin Research, University of Washington. (2023). SacPAS Cohort Juvenile Monitoring. "
57,2/26/2019,3,3,"Columbia Basin Research, University of Washington. (2023). SacPAS Cohort Juvenile Monitoring. "
58,2/27/2019,3,,"Columbia Basin Research, University of Washington. (2023). SacPAS Cohort Juvenile Monitoring. "
59,2/28/2019,3,3,"Columbia Basin Research, University of Washington. (2023). SacPAS Cohort Juvenile Monitoring. "
60,3/1/2019,3,3,"Columbia Basin Research, University of Washington. (2023). SacPAS Cohort Juvenile Monitoring. "
61,3/2/2019,3,,"Columbia Basin Research, University of Washington. (2023). SacPAS Cohort Juvenile Monitoring. "
62,3/3/2019,3,3,"Columbia Basin Research, University of Washington. (2023). SacPAS Cohort Juvenile Monitoring. "
63,3/4/2019,3,3,"Columbia Basin Research, University of Washington. (2023). SacPAS Cohort Juvenile Monitoring. "
64,3/5/2019,3,3,"Columbia Basin Research, University of Washington. (2023). SacPAS Cohort Juvenile Monitoring. "
65,3/6/2019,3,,"Columbia Basin Research, University of Washington. (2023). SacPAS Cohort Juvenile Monitoring. "
66,3/7/2019,3,3,"Columbia Basin Research, University of Washington. (2023). SacPAS Cohort Juvenile Monitoring. "
67,3/8/2019,3,3,"Columbia Basin Research, University of Washington. (2023). SacPAS Cohort Juvenile Monitoring. "
68,3/9/2019,3,,"Columbia Basin Research, University of Washington. (2023). SacPAS Cohort Juvenile Monitoring. "
69,3/10/2019,3,3,"Columbia Basin Research, University of Washington. (2023). SacPAS Cohort Juvenile Monitoring. "
70,3/11/2019,3,3,"Columbia Basin Research, University of Washington. (2023). SacPAS Cohort Juvenile Monitoring. "
71,3/12/2019,3,3,"Columbia Basin Research, University of Washington. (2023). SacPAS Cohort Juvenile Monitoring. "
72,3/13/2019,3,,"Columbia Basin Research, University of Washington. (2023). SacPAS Cohort Juvenile Monitoring. "
73,3/14/2019,3,3,"Columbia Basin Research, University of Washington. (2023). SacPAS Cohort Juvenile Monitoring. "
74,3/15/2019,3,3,"Columbia Basin Research, University of Washington. (2023). SacPAS Cohort Juvenile Monitoring. "
75,3/16/2019,3,,"Columbia Basin Research, University of Washington. (2023). SacPAS Cohort Juvenile Monitoring. "
76,3/17/2019,3,3,"Columbia Basin Research, University of Washington. (2023). SacPAS Cohort Juvenile Monitoring. "
77,3/18/2019,3,3,"Columbia Basin Research, University of Washington. (2023). SacPAS Cohort Juvenile Monitoring. "
78,3/19/2019,3,3,"Columbia Basin Research, University of Washington. (2023). SacPAS Cohort Juvenile Monitoring. "
79,3/20/2019,3,,"Columbia Basin Research, University of Washington. (2023). SacPAS Cohort Juvenile Monitoring. "
80,3/21/2019,3,3,"Columbia Basin Research, University of Washington. (2023). SacPAS Cohort Juvenile Monitoring. "
81,3/22/2019,3,3,"Columbia Basin Research, University of Washington. (2023). SacPAS Cohort Juvenile Monitoring. "
82,3/23/2019,3,,"Columbia Basin Research, University of Washington. (2023). SacPAS Cohort Juvenile Monitoring. "
83,3/24/2019,3,4,"Columbia Basin Research, University of Washington. (2023). SacPAS Cohort Juvenile Monitoring. "
84,3/25/2019,3,4,"Columbia Basin Research, University of Washington. (2023). SacPAS Cohort Juvenile Monitoring. "
85,3/26/2019,3,4,"Columbia Basin Research, University of Washington. (2023). SacPAS Cohort Juvenile Monitoring. "
86,3/27/2019,3,,"Columbia Basin Research, University of Washington. (2023). SacPAS Cohort Juvenile Monitoring. "
87,3/28/2019,3,4,"Columbia Basin Research, University of Washington. (2023). SacPAS Cohort Juvenile Monitoring. "
88,3/29/2019,3,5,"Columbia Basin Research, University of Washington. (2023). SacPAS Cohort Juvenile Monitoring. "
89,3/30/2019,3,,"Columbia Basin Research, University of Washington. (2023). SacPAS Cohort Juvenile Monitoring. "
90,3/31/2019,3,5,"Columbia Basin Research, University of Washington. (2023). SacPAS Cohort Juvenile Monitoring. "
91,4/1/2019,3,5,"Columbia Basin Research, University of Washington. (2023). SacPAS Cohort Juvenile Monitoring. "
92,4/2/2019,3,5,"Columbia Basin Research, University of Washington. (2023). SacPAS Cohort Juvenile Monitoring. "
93,4/3/2019,3,,"Columbia Basin Research, University of Washington. (2023). SacPAS Cohort Juvenile Monitoring. "
94,4/4/2019,3,5,"Columbia Basin Research, University of Washington. (2023). SacPAS Cohort Juvenile Monitoring. "
95,4/5/2019,3,5,"Columbia Basin Research, University of Washington. (2023). SacPAS Cohort Juvenile Monitoring. "
96,4/6/2019,3,,"Columbia Basin Research, University of Washington. (2023). SacPAS Cohort Juvenile Monitoring. "
97,4/7/2019,3,6,"Columbia Basin Research, University of Washington. (2023). SacPAS Cohort Juvenile Monitoring. "
98,4/8/2019,3,7,"Columbia Basin Research, University of Washington. (2023). SacPAS Cohort Juvenile Monitoring. "
99,4/9/2019,3,9,"Columbia Basin Research, University of Washington. (2023). SacPAS Cohort Juvenile Monitoring. "
100,4/10/2019,3,,"Columbia Basin Research, University of Washington. (2023). SacPAS Cohort Juvenile Monitoring. "
101,4/11/2019,3,9,"Columbia Basin Research, University of Washington. (2023). SacPAS Cohort Juvenile Monitoring. "
102,4/12/2019,3,9,"Columbia Basin Research, University of Washington. (2023). SacPAS Cohort Juvenile Monitoring. "
103,4/13/2019,3,,"Columbia Basin Research, University of Washington. (2023). SacPAS Cohort Juvenile Monitoring. "
104,4/14/2019,3,9,"Columbia Basin Research, University of Washington. (2023). SacPAS Cohort Juvenile Monitoring. "
105,4/15/2019,3,10,"Columbia Basin Research, University of Washington. (2023). SacPAS Cohort Juvenile Monitoring. "
106,4/16/2019,3,10,"Columbia Basin Research, University of Washington. (2023). SacPAS Cohort Juvenile Monitoring. "
107,4/17/2019,3,10,"Columbia Basin Research, University of Washington. (2023). SacPAS Cohort Juvenile Monitoring. "
108,4/18/2019,3,,"Columbia Basin Research, University of Washington. (2023). SacPAS Cohort Juvenile Monitoring. "
109,4/19/2019,3,10,"Columbia Basin Research, University of Washington. (2023). SacPAS Cohort Juvenile Monitoring. "
110,4/20/2019,3,,"Columbia Basin Research, University of Washington. (2023). SacPAS Cohort Juvenile Monitoring. "
111,4/21/2019,3,10,"Columbia Basin Research, University of Washington. (2023). SacPAS Cohort Juvenile Monitoring. "
112,4/22/2019,3,10,"Columbia Basin Research, University of Washington. (2023). SacPAS Cohort Juvenile Monitoring. "
113,4/23/2019,3,10,"Columbia Basin Research, University of Washington. (2023). SacPAS Cohort Juvenile Monitoring. "
114,4/24/2019,3,,"Columbia Basin Research, University of Washington. (2023). SacPAS Cohort Juvenile Monitoring. "
115,4/25/2019,3,,"Columbia Basin Research, University of Washington. (2023). SacPAS Cohort Juvenile Monitoring. "
116,4/26/2019,3,10,"Columbia Basin Research, University of Washington. (2023). SacPAS Cohort Juvenile Monitoring. "
117,4/27/2019,3,10,"Columbia Basin Research, University of Washington. (2023). SacPAS Cohort Juvenile Monitoring. "
118,4/28/2019,3,10,"Columbia Basin Research, University of Washington. (2023). SacPAS Cohort Juvenile Monitoring. "
119,4/29/2019,3,10,"Columbia Basin Research, University of Washington. (2023). SacPAS Cohort Juvenile Monitoring. "
120,4/30/2019,3,10,"Columbia Basin Research, University of Washington. (2023). SacPAS Cohort Juvenile Monitoring. "
121,5/1/2019,3,,"Columbia Basin Research, University of Washington. (2023). SacPAS Cohort Juvenile Monitoring. "
122,5/2/2019,3,,"Columbia Basin Research, University of Washington. (2023). SacPAS Cohort Juvenile Monitoring. "
123,5/3/2019,3,10,"Columbia Basin Research, University of Washington. (2023). SacPAS Cohort Juvenile Monitoring. "
124,5/4/2019,3,,"Columbia Basin Research, University of Washington. (2023). SacPAS Cohort Juvenile Monitoring. "
125,5/5/2019,3,10,"Columbia Basin Research, University of Washington. (2023). SacPAS Cohort Juvenile Monitoring. "
126,5/6/2019,3,10,"Columbia Basin Research, University of Washington. (2023). SacPAS Cohort Juvenile Monitoring. "
127,5/7/2019,3,10,"Columbia Basin Research, University of Washington. (2023). SacPAS Cohort Juvenile Monitoring. "
128,5/8/2019,3,,"Columbia Basin Research, University of Washington. (2023). SacPAS Cohort Juvenile Monitoring. "
129,5/9/2019,3,11,"Columbia Basin Research, University of Washington. (2023). SacPAS Cohort Juvenile Monitoring. "
130,5/10/2019,3,12,"Columbia Basin Research, University of Washington. (2023). SacPAS Cohort Juvenile Monitoring. "
131,5/11/2019,3,,"Columbia Basin Research, University of Washington. (2023). SacPAS Cohort Juvenile Monitoring. "
132,5/12/2019,3,12,"Columbia Basin Research, University of Washington. (2023). SacPAS Cohort Juvenile Monitoring. "
133,5/13/2019,3,12,"Columbia Basin Research, University of Washington. (2023). SacPAS Cohort Juvenile Monitoring. "
134,5/14/2019,3,13,"Columbia Basin Research, University of Washington. (2023). SacPAS Cohort Juvenile Monitoring. "
135,5/15/2019,3,,"Columbia Basin Research, University of Washington. (2023). SacPAS Cohort Juvenile Monitoring. "
136,5/16/2019,3,13,"Columbia Basin Research, University of Washington. (2023). SacPAS Cohort Juvenile Monitoring. "
137,5/17/2019,3,13,"Columbia Basin Research, University of Washington. (2023). SacPAS Cohort Juvenile Monitoring. "
138,5/18/2019,3,,"Columbia Basin Research, University of Washington. (2023). SacPAS Cohort Juvenile Monitoring. "
139,5/19/2019,3,13,"Columbia Basin Research, University of Washington. (2023). SacPAS Cohort Juvenile Monitoring. "
140,5/20/2019,3,13,"Columbia Basin Research, University of Washington. (2023). SacPAS Cohort Juvenile Monitoring. "
141,5/21/2019,3,13,"Columbia Basin Research, University of Washington. (2023). SacPAS Cohort Juvenile Monitoring. "
142,5/22/2019,3,,"Columbia Basin Research, University of Washington. (2023). SacPAS Cohort Juvenile Monitoring. "
143,5/23/2019,3,13,"Columbia Basin Research, University of Washington. (2023). SacPAS Cohort Juvenile Monitoring. "
144,5/24/2019,3,13,"Columbia Basin Research, University of Washington. (2023). SacPAS Cohort Juvenile Monitoring. "
145,5/25/2019,3,,"Columbia Basin Research, University of Washington. (2023). SacPAS Cohort Juvenile Monitoring. "
146,5/26/2019,3,13,"Columbia Basin Research, University of Washington. (2023). SacPAS Cohort Juvenile Monitoring. "
147,5/27/2019,3,,"Columbia Basin Research, University of Washington. (2023). SacPAS Cohort Juvenile Monitoring. "
148,5/28/2019,3,13,"Columbia Basin Research, University of Washington. (2023). SacPAS Cohort Juvenile Monitoring. "
149,5/29/2019,3,13,"Columbia Basin Research, University of Washington. (2023). SacPAS Cohort Juvenile Monitoring. "
150,5/30/2019,3,13,"Columbia Basin Research, University of Washington. (2023). SacPAS Cohort Juvenile Monitoring. "
151,5/31/2019,3,13,"Columbia Basin Research, University of Washington. (2023). SacPAS Cohort Juvenile Monitoring. "
152,6/1/2019,3,,"Columbia Basin Research, University of Washington. (2023). SacPAS Cohort Juvenile Monitoring. "
153,6/2/2019,3,,"Columbia Basin Research, University of Washington. (2023). SacPAS Cohort Juvenile Monitoring. "
154,6/3/2019,3,13,"Columbia Basin Research, University of Washington. (2023). SacPAS Cohort Juvenile Monitoring. "
155,6/4/2019,3,,"Columbia Basin Research, University of Washington. (2023). SacPAS Cohort Juvenile Monitoring. "
156,6/5/2019,3,13,"Columbia Basin Research, University of Washington. (2023). SacPAS Cohort Juvenile Monitoring. "
157,6/6/2019,3,,"Columbia Basin Research, University of Washington. (2023). SacPAS Cohort Juvenile Monitoring. "
158,6/7/2019,3,13,"Columbia Basin Research, University of Washington. (2023). SacPAS Cohort Juvenile Monitoring. "
159,6/8/2019,3,,"Columbia Basin Research, University of Washington. (2023). SacPAS Cohort Juvenile Monitoring. "
160,6/9/2019,3,,"Columbia Basin Research, University of Washington. (2023). SacPAS Cohort Juvenile Monitoring. "
161,6/10/2019,3,13,"Columbia Basin Research, University of Washington. (2023). SacPAS Cohort Juvenile Monitoring. "
162,6/11/2019,3,,"Columbia Basin Research, University of Washington. (2023). SacPAS Cohort Juvenile Monitoring. "
163,6/12/2019,3,13,"Columbia Basin Research, University of Washington. (2023). SacPAS Cohort Juvenile Monitoring. "
164,6/13/2019,3,,"Columbia Basin Research, University of Washington. (2023). SacPAS Cohort Juvenile Monitoring. "
165,6/14/2019,3,13,"Columbia Basin Research, University of Washington. (2023). SacPAS Cohort Juvenile Monitoring. "
166,6/15/2019,3,,"Columbia Basin Research, University of Washington. (2023). SacPAS Cohort Juvenile Monitoring. "
167,6/16/2019,3,,"Columbia Basin Research, University of Washington. (2023). SacPAS Cohort Juvenile Monitoring. "
168,6/17/2019,3,13,"Columbia Basin Research, University of Washington. (2023). SacPAS Cohort Juvenile Monitoring. "
169,6/18/2019,3,,"Columbia Basin Research, University of Washington. (2023). SacPAS Cohort Juvenile Monitoring. "
170,6/19/2019,3,,"Columbia Basin Research, University of Washington. (2023). SacPAS Cohort Juvenile Monitoring. "
171,6/20/2019,3,13,"Columbia Basin Research, University of Washington. (2023). SacPAS Cohort Juvenile Monitoring. "
172,6/21/2019,3,13,"Columbia Basin Research, University of Washington. (2023). SacPAS Cohort Juvenile Monitoring. "
173,6/22/2019,3,,"Columbia Basin Research, University of Washington. (2023). SacPAS Cohort Juvenile Monitoring. "
174,6/23/2019,3,,"Columbia Basin Research, University of Washington. (2023). SacPAS Cohort Juvenile Monitoring. "
175,6/24/2019,3,13,"Columbia Basin Research, University of Washington. (2023). SacPAS Cohort Juvenile Monitoring. "
176,6/25/2019,3,,"Columbia Basin Research, University of Washington. (2023). SacPAS Cohort Juvenile Monitoring. "
177,6/26/2019,3,13,"Columbia Basin Research, University of Washington. (2023). SacPAS Cohort Juvenile Monitoring. "
178,6/27/2019,3,,"Columbia Basin Research, University of Washington. (2023). SacPAS Cohort Juvenile Monitoring. "
179,6/28/2019,3,13,"Columbia Basin Research, University of Washington. (2023). SacPAS Cohort Juvenile Monitoring. "
180,6/29/2019,3,,"Columbia Basin Research, University of Washington. (2023). SacPAS Cohort Juvenile Monitoring. "
181,6/30/2019,3,,"Columbia Basin Research, University of Washington. (2023). SacPAS Cohort Juvenile Monitoring. "
182,7/1/2019,3,13,"Columbia Basin Research, University of Washington. (2023). SacPAS Cohort Juvenile Monitoring. "
183,7/2/2019,3,,"Columbia Basin Research, University of Washington. (2023). SacPAS Cohort Juvenile Monitoring. "
184,7/3/2019,3,13,"Columbia Basin Research, University of Washington. (2023). SacPAS Cohort Juvenile Monitoring. "
185,7/4/2019,3,,"Columbia Basin Research, University of Washington. (2023). SacPAS Cohort Juvenile Monitoring. "
186,7/5/2019,3,13,"Columbia Basin Research, University of Washington. (2023). SacPAS Cohort Juvenile Monitoring. "
187,7/6/2019,3,,"Columbia Basin Research, University of Washington. (2023). SacPAS Cohort Juvenile Monitoring. "
188,7/7/2019,3,,"Columbia Basin Research, University of Washington. (2023). SacPAS Cohort Juvenile Monitoring. "
189,7/8/2019,3,13,"Columbia Basin Research, University of Washington. (2023). SacPAS Cohort Juvenile Monitoring. "
190,7/9/2019,3,,"Columbia Basin Research, University of Washington. (2023). SacPAS Cohort Juvenile Monitoring. "
191,7/10/2019,3,13,"Columbia Basin Research, University of Washington. (2023). SacPAS Cohort Juvenile Monitoring. "
192,7/11/2019,3,,"Columbia Basin Research, University of Washington. (2023). SacPAS Cohort Juvenile Monitoring. "
193,7/12/2019,3,13,"Columbia Basin Research, University of Washington. (2023). SacPAS Cohort Juvenile Monitoring. "
194,7/13/2019,3,,"Columbia Basin Research, University of Washington. (2023). SacPAS Cohort Juvenile Monitoring. "
195,7/14/2019,3,,"Columbia Basin Research, University of Washington. (2023). SacPAS Cohort Juvenile Monitoring. "
196,7/15/2019,3,13,"Columbia Basin Research, University of Washington. (2023). SacPAS Cohort Juvenile Monitoring. "
197,7/16/2019,3,13,"Columbia Basin Research, University of Washington. (2023). SacPAS Cohort Juvenile Monitoring. "
198,7/17/2019,3,,"Columbia Basin Research, University of Washington. (2023). SacPAS Cohort Juvenile Monitoring. "
199,7/18/2019,3,,"Columbia Basin Research, University of Washington. (2023). SacPAS Cohort Juvenile Monitoring. "
200,7/19/2019,3,13,"Columbia Basin Research, University of Washington. (2023). SacPAS Cohort Juvenile Monitoring. "
201,7/20/2019,3,,"Columbia Basin Research, University of Washington. (2023). SacPAS Cohort Juvenile Monitoring. "
202,7/21/2019,3,,"Columbia Basin Research, University of Washington. (2023). SacPAS Cohort Juvenile Monitoring. "
203,7/22/2019,3,13,"Columbia Basin Research, University of Washington. (2023). SacPAS Cohort Juvenile Monitoring. "
204,7/23/2019,3,,"Columbia Basin Research, University of Washington. (2023). SacPAS Cohort Juvenile Monitoring. "
205,7/24/2019,3,13,"Columbia Basin Research, University of Washington. (2023). SacPAS Cohort Juvenile Monitoring. "
206,7/25/2019,3,,"Columbia Basin Research, University of Washington. (2023). SacPAS Cohort Juvenile Monitoring. "
207,7/26/2019,3,13,"Columbia Basin Research, University of Washington. (2023). SacPAS Cohort Juvenile Monitoring. "
208,7/27/2019,3,,"Columbia Basin Research, University of Washington. (2023). SacPAS Cohort Juvenile Monitoring. "
209,7/28/2019,3,,"Columbia Basin Research, University of Washington. (2023). SacPAS Cohort Juvenile Monitoring. "
210,7/29/2019,3,13,"Columbia Basin Research, University of Washington. (2023). SacPAS Cohort Juvenile Monitoring. "
211,7/30/2019,3,,"Columbia Basin Research, University of Washington. (2023). SacPAS Cohort Juvenile Monitoring. "
212,7/31/2019,3,13,"Columbia Basin Research, University of Washington. (2023). SacPAS Cohort Juvenile Monitoring. "
214,8/2/2019,3,0,"Columbia Basin Research, University of Washington. (2023). SacPAS Cohort Juvenile Monitoring. "
215,8/3/2019,3,,"Columbia Basin Research, University of Washington. (2023). SacPAS Cohort Juvenile Monitoring. "
216,8/4/2019,3,,"Columbia Basin Research, University of Washington. (2023). SacPAS Cohort Juvenile Monitoring. "
217,8/5/2019,3,0,"Columbia Basin Research, University of Washington. (2023). SacPAS Cohort Juvenile Monitoring. "
218,8/6/2019,3,,"Columbia Basin Research, University of Washington. (2023). SacPAS Cohort Juvenile Monitoring. "
219,8/7/2019,3,0,"Columbia Basin Research, University of Washington. (2023). SacPAS Cohort Juvenile Monitoring. "
220,8/8/2019,3,,"Columbia Basin Research, University of Washington. (2023). SacPAS Cohort Juvenile Monitoring. "
221,8/9/2019,3,0,"Columbia Basin Research, University of Washington. (2023). SacPAS Cohort Juvenile Monitoring. "
222,8/10/2019,3,,"Columbia Basin Research, University of Washington. (2023). SacPAS Cohort Juvenile Monitoring. "
223,8/11/2019,3,,"Columbia Basin Research, University of Washington. (2023). SacPAS Cohort Juvenile Monitoring. "
224,8/12/2019,3,0,"Columbia Basin Research, University of Washington. (2023). SacPAS Cohort Juvenile Monitoring. "
225,8/13/2019,3,,"Columbia Basin Research, University of Washington. (2023). SacPAS Cohort Juvenile Monitoring. "
226,8/14/2019,3,0,"Columbia Basin Research, University of Washington. (2023). SacPAS Cohort Juvenile Monitoring. "
227,8/15/2019,3,,"Columbia Basin Research, University of Washington. (2023). SacPAS Cohort Juvenile Monitoring. "
228,8/16/2019,3,0,"Columbia Basin Research, University of Washington. (2023). SacPAS Cohort Juvenile Monitoring. "
229,8/17/2019,3,,"Columbia Basin Research, University of Washington. (2023). SacPAS Cohort Juvenile Monitoring. "
230,8/18/2019,3,,"Columbia Basin Research, University of Washington. (2023). SacPAS Cohort Juvenile Monitoring. "
231,8/19/2019,3,0,"Columbia Basin Research, University of Washington. (2023). SacPAS Cohort Juvenile Monitoring. "
232,8/20/2019,3,,"Columbia Basin Research, University of Washington. (2023). SacPAS Cohort Juvenile Monitoring. "
233,8/21/2019,3,0,"Columbia Basin Research, University of Washington. (2023). SacPAS Cohort Juvenile Monitoring. "
234,8/22/2019,3,,"Columbia Basin Research, University of Washington. (2023). SacPAS Cohort Juvenile Monitoring. "
235,8/23/2019,3,0,"Columbia Basin Research, University of Washington. (2023). SacPAS Cohort Juvenile Monitoring. "
236,8/24/2019,3,,"Columbia Basin Research, University of Washington. (2023). SacPAS Cohort Juvenile Monitoring. "
237,8/25/2019,3,,"Columbia Basin Research, University of Washington. (2023). SacPAS Cohort Juvenile Monitoring. "
238,8/26/2019,3,0,"Columbia Basin Research, University of Washington. (2023). SacPAS Cohort Juvenile Monitoring. "
239,8/27/2019,3,,"Columbia Basin Research, University of Washington. (2023). SacPAS Cohort Juvenile Monitoring. "
240,8/28/2019,3,0,"Columbia Basin Research, University of Washington. (2023). SacPAS Cohort Juvenile Monitoring. "
241,8/29/2019,3,,"Columbia Basin Research, University of Washington. (2023). SacPAS Cohort Juvenile Monitoring. "
242,8/30/2019,3,0,"Columbia Basin Research, University of Washington. (2023). SacPAS Cohort Juvenile Monitoring. "
243,8/31/2019,3,,"Columbia Basin Research, University of Washington. (2023). SacPAS Cohort Juvenile Monitoring. "
244,9/1/2019,3,,"Columbia Basin Research, University of Washington. (2023). SacPAS Cohort Juvenile Monitoring. "
245,9/2/2019,3,,"Columbia Basin Research, University of Washington. (2023). SacPAS Cohort Juvenile Monitoring. "
246,9/3/2019,3,0,"Columbia Basin Research, University of Washington. (2023). SacPAS Cohort Juvenile Monitoring. "
247,9/4/2019,3,0,"Columbia Basin Research, University of Washington. (2023). SacPAS Cohort Juvenile Monitoring. "
248,9/5/2019,3,,"Columbia Basin Research, University of Washington. (2023). SacPAS Cohort Juvenile Monitoring. "
249,9/6/2019,3,0,"Columbia Basin Research, University of Washington. (2023). SacPAS Cohort Juvenile Monitoring. "
250,9/7/2019,3,,"Columbia Basin Research, University of Washington. (2023). SacPAS Cohort Juvenile Monitoring. "
251,9/8/2019,3,,"Columbia Basin Research, University of Washington. (2023). SacPAS Cohort Juvenile Monitoring. "
252,9/9/2019,3,0,"Columbia Basin Research, University of Washington. (2023). SacPAS Cohort Juvenile Monitoring. "
253,9/10/2019,3,,"Columbia Basin Research, University of Washington. (2023). SacPAS Cohort Juvenile Monitoring. "
254,9/11/2019,3,0,"Columbia Basin Research, University of Washington. (2023). SacPAS Cohort Juvenile Monitoring. "
255,9/12/2019,3,,"Columbia Basin Research, University of Washington. (2023). SacPAS Cohort Juvenile Monitoring. "
256,9/13/2019,3,0,"Columbia Basin Research, University of Washington. (2023). SacPAS Cohort Juvenile Monitoring. "
257,9/14/2019,3,,"Columbia Basin Research, University of Washington. (2023). SacPAS Cohort Juvenile Monitoring. "
258,9/15/2019,3,,"Columbia Basin Research, University of Washington. (2023). SacPAS Cohort Juvenile Monitoring. "
259,9/16/2019,3,0,"Columbia Basin Research, University of Washington. (2023). SacPAS Cohort Juvenile Monitoring. "
260,9/17/2019,3,,"Columbia Basin Research, University of Washington. (2023). SacPAS Cohort Juvenile Monitoring. "
261,9/18/2019,3,0,"Columbia Basin Research, University of Washington. (2023). SacPAS Cohort Juvenile Monitoring. "
262,9/19/2019,3,,"Columbia Basin Research, University of Washington. (2023). SacPAS Cohort Juvenile Monitoring. "
263,9/20/2019,3,0,"Columbia Basin Research, University of Washington. (2023). SacPAS Cohort Juvenile Monitoring. "
264,9/21/2019,3,,"Columbia Basin Research, University of Washington. (2023). SacPAS Cohort Juvenile Monitoring. "
265,9/22/2019,3,,"Columbia Basin Research, University of Washington. (2023). SacPAS Cohort Juvenile Monitoring. "
266,9/23/2019,3,0,"Columbia Basin Research, University of Washington. (2023). SacPAS Cohort Juvenile Monitoring. "
267,9/24/2019,3,,"Columbia Basin Research, University of Washington. (2023). SacPAS Cohort Juvenile Monitoring. "
268,9/25/2019,3,0,"Columbia Basin Research, University of Washington. (2023). SacPAS Cohort Juvenile Monitoring. "
269,9/26/2019,3,,"Columbia Basin Research, University of Washington. (2023). SacPAS Cohort Juvenile Monitoring. "
270,9/27/2019,3,0,"Columbia Basin Research, University of Washington. (2023). SacPAS Cohort Juvenile Monitoring. "
271,9/28/2019,3,,"Columbia Basin Research, University of Washington. (2023). SacPAS Cohort Juvenile Monitoring. "
272,9/29/2019,3,,"Columbia Basin Research, University of Washington. (2023). SacPAS Cohort Juvenile Monitoring. "
273,9/30/2019,3,0,"Columbia Basin Research, University of Washington. (2023). SacPAS Cohort Juvenile Monitoring. "
274,10/1/2019,3,,"Columbia Basin Research, University of Washington. (2023). SacPAS Cohort Juvenile Monitoring. "
275,10/2/2019,3,0,"Columbia Basin Research, University of Washington. (2023). SacPAS Cohort Juvenile Monitoring. "
276,10/3/2019,3,,"Columbia Basin Research, University of Washington. (2023). SacPAS Cohort Juvenile Monitoring. "
277,10/4/2019,3,0,"Columbia Basin Research, University of Washington. (2023). SacPAS Cohort Juvenile Monitoring. "
278,10/5/2019,3,,"Columbia Basin Research, University of Washington. (2023). SacPAS Cohort Juvenile Monitoring. "
279,10/6/2019,3,,"Columbia Basin Research, University of Washington. (2023). SacPAS Cohort Juvenile Monitoring. "
280,10/7/2019,3,0,"Columbia Basin Research, University of Washington. (2023). SacPAS Cohort Juvenile Monitoring. "
281,10/8/2019,3,,"Columbia Basin Research, University of Washington. (2023). SacPAS Cohort Juvenile Monitoring. "
282,10/9/2019,3,0,"Columbia Basin Research, University of Washington. (2023). SacPAS Cohort Juvenile Monitoring. "
283,10/10/2019,3,,"Columbia Basin Research, University of Washington. (2023). SacPAS Cohort Juvenile Monitoring. "
284,10/11/2019,3,0,"Columbia Basin Research, University of Washington. (2023). SacPAS Cohort Juvenile Monitoring. "
285,10/12/2019,3,,"Columbia Basin Research, University of Washington. (2023). SacPAS Cohort Juvenile Monitoring. "
286,10/13/2019,3,,"Columbia Basin Research, University of Washington. (2023). SacPAS Cohort Juvenile Monitoring. "
287,10/14/2019,3,,"Columbia Basin Research, University of Washington. (2023). SacPAS Cohort Juvenile Monitoring. "
288,10/15/2019,3,0,"Columbia Basin Research, University of Washington. (2023). SacPAS Cohort Juvenile Monitoring. "
289,10/16/2019,3,0,"Columbia Basin Research, University of Washington. (2023). SacPAS Cohort Juvenile Monitoring. "
290,10/17/2019,3,,"Columbia Basin Research, University of Washington. (2023). SacPAS Cohort Juvenile Monitoring. "
291,10/18/2019,3,0,"Columbia Basin Research, University of Washington. (2023). SacPAS Cohort Juvenile Monitoring. "
292,10/19/2019,3,,"Columbia Basin Research, University of Washington. (2023). SacPAS Cohort Juvenile Monitoring. "
293,10/20/2019,3,,"Columbia Basin Research, University of Washington. (2023). SacPAS Cohort Juvenile Monitoring. "
294,10/21/2019,3,0,"Columbia Basin Research, University of Washington. (2023). SacPAS Cohort Juvenile Monitoring. "
295,10/22/2019,3,,"Columbia Basin Research, University of Washington. (2023). SacPAS Cohort Juvenile Monitoring. "
296,10/23/2019,3,0,"Columbia Basin Research, University of Washington. (2023). SacPAS Cohort Juvenile Monitoring. "
297,10/24/2019,3,,"Columbia Basin Research, University of Washington. (2023). SacPAS Cohort Juvenile Monitoring. "
298,10/25/2019,3,0,"Columbia Basin Research, University of Washington. (2023). SacPAS Cohort Juvenile Monitoring. "
299,10/26/2019,3,,"Columbia Basin Research, University of Washington. (2023). SacPAS Cohort Juvenile Monitoring. "
300,10/27/2019,3,,"Columbia Basin Research, University of Washington. (2023). SacPAS Cohort Juvenile Monitoring. "
301,10/28/2019,3,0,"Columbia Basin Research, University of Washington. (2023). SacPAS Cohort Juvenile Monitoring. "
302,10/29/2019,3,,"Columbia Basin Research, University of Washington. (2023). SacPAS Cohort Juvenile Monitoring. "
303,10/30/2019,3,0,"Columbia Basin Research, University of Washington. (2023). SacPAS Cohort Juvenile Monitoring. "
304,10/31/2019,3,,"Columbia Basin Research, University of Washington. (2023). SacPAS Cohort Juvenile Monitoring. "
305,11/1/2019,3,0,"Columbia Basin Research, University of Washington. (2023). SacPAS Cohort Juvenile Monitoring. "
306,11/2/2019,3,,"Columbia Basin Research, University of Washington. (2023). SacPAS Cohort Juvenile Monitoring. "
307,11/3/2019,3,,"Columbia Basin Research, University of Washington. (2023). SacPAS Cohort Juvenile Monitoring. "
308,11/4/2019,3,0,"Columbia Basin Research, University of Washington. (2023). SacPAS Cohort Juvenile Monitoring. "
309,11/5/2019,3,,"Columbia Basin Research, University of Washington. (2023). SacPAS Cohort Juvenile Monitoring. "
310,11/6/2019,3,0,"Columbia Basin Research, University of Washington. (2023). SacPAS Cohort Juvenile Monitoring. "
311,11/7/2019,3,,"Columbia Basin Research, University of Washington. (2023). SacPAS Cohort Juvenile Monitoring. "
312,11/8/2019,3,0,"Columbia Basin Research, University of Washington. (2023). SacPAS Cohort Juvenile Monitoring. "
313,11/9/2019,3,,"Columbia Basin Research, University of Washington. (2023). SacPAS Cohort Juvenile Monitoring. "
314,11/10/2019,3,,"Columbia Basin Research, University of Washington. (2023). SacPAS Cohort Juvenile Monitoring. "
315,11/11/2019,3,,"Columbia Basin Research, University of Washington. (2023). SacPAS Cohort Juvenile Monitoring. "
316,11/12/2019,3,0,"Columbia Basin Research, University of Washington. (2023). SacPAS Cohort Juvenile Monitoring. "
317,11/13/2019,3,0,"Columbia Basin Research, University of Washington. (2023). SacPAS Cohort Juvenile Monitoring. "
318,11/14/2019,3,,"Columbia Basin Research, University of Washington. (2023). SacPAS Cohort Juvenile Monitoring. "
319,11/15/2019,3,0,"Columbia Basin Research, University of Washington. (2023). SacPAS Cohort Juvenile Monitoring. "
320,11/16/2019,3,,"Columbia Basin Research, University of Washington. (2023). SacPAS Cohort Juvenile Monitoring. "
321,11/17/2019,3,,"Columbia Basin Research, University of Washington. (2023). SacPAS Cohort Juvenile Monitoring. "
322,11/18/2019,3,0,"Columbia Basin Research, University of Washington. (2023). SacPAS Cohort Juvenile Monitoring. "
323,11/19/2019,3,,"Columbia Basin Research, University of Washington. (2023). SacPAS Cohort Juvenile Monitoring. "
324,11/20/2019,3,0,"Columbia Basin Research, University of Washington. (2023). SacPAS Cohort Juvenile Monitoring. "
325,11/21/2019,3,,"Columbia Basin Research, University of Washington. (2023). SacPAS Cohort Juvenile Monitoring. "
326,11/22/2019,3,0,"Columbia Basin Research, University of Washington. (2023). SacPAS Cohort Juvenile Monitoring. "
327,11/23/2019,3,,"Columbia Basin Research, University of Washington. (2023). SacPAS Cohort Juvenile Monitoring. "
328,11/24/2019,3,,"Columbia Basin Research, University of Washington. (2023). SacPAS Cohort Juvenile Monitoring. "
329,11/25/2019,3,0,"Columbia Basin Research, University of Washington. (2023). SacPAS Cohort Juvenile Monitoring. "
330,11/26/2019,3,,"Columbia Basin Research, University of Washington. (2023). SacPAS Cohort Juvenile Monitoring. "
331,11/27/2019,3,0,"Columbia Basin Research, University of Washington. (2023). SacPAS Cohort Juvenile Monitoring. "
332,11/28/2019,3,,"Columbia Basin Research, University of Washington. (2023). SacPAS Cohort Juvenile Monitoring. "
333,11/29/2019,3,0,"Columbia Basin Research, University of Washington. (2023). SacPAS Cohort Juvenile Monitoring. "
334,11/30/2019,3,,"Columbia Basin Research, University of Washington. (2023). SacPAS Cohort Juvenile Monitoring. "
335,12/1/2019,3,,"Columbia Basin Research, University of Washington. (2023). SacPAS Cohort Juvenile Monitoring. "
336,12/2/2019,3,0,"Columbia Basin Research, University of Washington. (2023). SacPAS Cohort Juvenile Monitoring. "
337,12/3/2019,3,0,"Columbia Basin Research, University of Washington. (2023). SacPAS Cohort Juvenile Monitoring. "
338,12/4/2019,3,0,"Columbia Basin Research, University of Washington. (2023). SacPAS Cohort Juvenile Monitoring. "
339,12/5/2019,3,,"Columbia Basin Research, University of Washington. (2023). SacPAS Cohort Juvenile Monitoring. "
340,12/6/2019,3,,"Columbia Basin Research, University of Washington. (2023). SacPAS Cohort Juvenile Monitoring. "
341,12/7/2019,3,0,"Columbia Basin Research, University of Washington. (2023). SacPAS Cohort Juvenile Monitoring. "
342,12/8/2019,3,0,"Columbia Basin Research, University of Washington. (2023). SacPAS Cohort Juvenile Monitoring. "
343,12/9/2019,3,0,"Columbia Basin Research, University of Washington. (2023). SacPAS Cohort Juvenile Monitoring. "
344,12/10/2019,3,0,"Columbia Basin Research, University of Washington. (2023). SacPAS Cohort Juvenile Monitoring. "
345,12/11/2019,3,0,"Columbia Basin Research, University of Washington. (2023). SacPAS Cohort Juvenile Monitoring. "
346,12/12/2019,3,0,"Columbia Basin Research, University of Washington. (2023). SacPAS Cohort Juvenile Monitoring. "
347,12/13/2019,3,0,"Columbia Basin Research, University of Washington. (2023). SacPAS Cohort Juvenile Monitoring. "
348,12/14/2019,3,,"Columbia Basin Research, University of Washington. (2023). SacPAS Cohort Juvenile Monitoring. "
349,12/15/2019,3,0,"Columbia Basin Research, University of Washington. (2023). SacPAS Cohort Juvenile Monitoring. "
350,12/16/2019,3,0,"Columbia Basin Research, University of Washington. (2023). SacPAS Cohort Juvenile Monitoring. "
351,12/17/2019,3,0,"Columbia Basin Research, University of Washington. (2023). SacPAS Cohort Juvenile Monitoring. "
352,12/18/2019,3,,"Columbia Basin Research, University of Washington. (2023). SacPAS Cohort Juvenile Monitoring. "
353,12/19/2019,3,0,"Columbia Basin Research, University of Washington. (2023). SacPAS Cohort Juvenile Monitoring. "
354,12/20/2019,3,0,"Columbia Basin Research, University of Washington. (2023). SacPAS Cohort Juvenile Monitoring. "
355,12/21/2019,3,,"Columbia Basin Research, University of Washington. (2023). SacPAS Cohort Juvenile Monitoring. "
356,12/22/2019,3,0,"Columbia Basin Research, University of Washington. (2023). SacPAS Cohort Juvenile Monitoring. "
357,12/23/2019,3,0,"Columbia Basin Research, University of Washington. (2023). SacPAS Cohort Juvenile Monitoring. "
358,12/24/2019,3,,"Columbia Basin Research, University of Washington. (2023). SacPAS Cohort Juvenile Monitoring. "
359,12/25/2019,3,,"Columbia Basin Research, University of Washington. (2023). SacPAS Cohort Juvenile Monitoring. "
360,12/26/2019,3,0,"Columbia Basin Research, University of Washington. (2023). SacPAS Cohort Juvenile Monitoring. "
361,12/27/2019,3,0,"Columbia Basin Research, University of Washington. (2023). SacPAS Cohort Juvenile Monitoring. "
362,12/28/2019,3,,"Columbia Basin Research, University of Washington. (2023). SacPAS Cohort Juvenile Monitoring. "
363,12/29/2019,3,0,"Columbia Basin Research, University of Washington. (2023). SacPAS Cohort Juvenile Monitoring. "
364,12/30/2019,3,0,"Columbia Basin Research, University of Washington. (2023). SacPAS Cohort Juvenile Monitoring. "
365,12/31/2019,3,0,"Columbia Basin Research, University of Washington. (2023). SacPAS Cohort Juvenile Monitoring. "
1,1/1/2020,4,,"Columbia Basin Research, University of Washington. (2023). SacPAS Cohort Juvenile Monitoring. "
2,1/2/2020,4,0,"Columbia Basin Research, University of Washington. (2023). SacPAS Cohort Juvenile Monitoring. "
3,1/3/2020,4,,"Columbia Basin Research, University of Washington. (2023). SacPAS Cohort Juvenile Monitoring. "
4,1/4/2020,4,,"Columbia Basin Research, University of Washington. (2023). SacPAS Cohort Juvenile Monitoring. "
5,1/5/2020,4,0,"Columbia Basin Research, University of Washington. (2023). SacPAS Cohort Juvenile Monitoring. "
6,1/6/2020,4,0,"Columbia Basin Research, University of Washington. (2023). SacPAS Cohort Juvenile Monitoring. "
7,1/7/2020,4,,"Columbia Basin Research, University of Washington. (2023). SacPAS Cohort Juvenile Monitoring. "
8,1/8/2020,4,0,"Columbia Basin Research, University of Washington. (2023). SacPAS Cohort Juvenile Monitoring. "
9,1/9/2020,4,0,"Columbia Basin Research, University of Washington. (2023). SacPAS Cohort Juvenile Monitoring. "
10,1/10/2020,4,0,"Columbia Basin Research, University of Washington. (2023). SacPAS Cohort Juvenile Monitoring. "
11,1/11/2020,4,,"Columbia Basin Research, University of Washington. (2023). SacPAS Cohort Juvenile Monitoring. "
12,1/12/2020,4,0,"Columbia Basin Research, University of Washington. (2023). SacPAS Cohort Juvenile Monitoring. "
13,1/13/2020,4,0,"Columbia Basin Research, University of Washington. (2023). SacPAS Cohort Juvenile Monitoring. "
14,1/14/2020,4,0,"Columbia Basin Research, University of Washington. (2023). SacPAS Cohort Juvenile Monitoring. "
15,1/15/2020,4,,"Columbia Basin Research, University of Washington. (2023). SacPAS Cohort Juvenile Monitoring. "
16,1/16/2020,4,0,"Columbia Basin Research, University of Washington. (2023). SacPAS Cohort Juvenile Monitoring. "
17,1/17/2020,4,,"Columbia Basin Research, University of Washington. (2023). SacPAS Cohort Juvenile Monitoring. "
18,1/18/2020,4,0,"Columbia Basin Research, University of Washington. (2023). SacPAS Cohort Juvenile Monitoring. "
19,1/19/2020,4,0,"Columbia Basin Research, University of Washington. (2023). SacPAS Cohort Juvenile Monitoring. "
20,1/20/2020,4,,"Columbia Basin Research, University of Washington. (2023). SacPAS Cohort Juvenile Monitoring. "
21,1/21/2020,4,0,"Columbia Basin Research, University of Washington. (2023). SacPAS Cohort Juvenile Monitoring. "
22,1/22/2020,4,,"Columbia Basin Research, University of Washington. (2023). SacPAS Cohort Juvenile Monitoring. "
23,1/23/2020,4,0,"Columbia Basin Research, University of Washington. (2023). SacPAS Cohort Juvenile Monitoring. "
24,1/24/2020,4,0,"Columbia Basin Research, University of Washington. (2023). SacPAS Cohort Juvenile Monitoring. "
25,1/25/2020,4,0,"Columbia Basin Research, University of Washington. (2023). SacPAS Cohort Juvenile Monitoring. "
26,1/26/2020,4,0,"Columbia Basin Research, University of Washington. (2023). SacPAS Cohort Juvenile Monitoring. "
27,1/27/2020,4,0,"Columbia Basin Research, University of Washington. (2023). SacPAS Cohort Juvenile Monitoring. "
28,1/28/2020,4,0,"Columbia Basin Research, University of Washington. (2023). SacPAS Cohort Juvenile Monitoring. "
29,1/29/2020,4,,"Columbia Basin Research, University of Washington. (2023). SacPAS Cohort Juvenile Monitoring. "
30,1/30/2020,4,0,"Columbia Basin Research, University of Washington. (2023). SacPAS Cohort Juvenile Monitoring. "
31,1/31/2020,4,0,"Columbia Basin Research, University of Washington. (2023). SacPAS Cohort Juvenile Monitoring. "
32,2/1/2020,4,,"Columbia Basin Research, University of Washington. (2023). SacPAS Cohort Juvenile Monitoring. "
33,2/2/2020,4,0,"Columbia Basin Research, University of Washington. (2023). SacPAS Cohort Juvenile Monitoring. "
34,2/3/2020,4,2,"Columbia Basin Research, University of Washington. (2023). SacPAS Cohort Juvenile Monitoring. "
35,2/4/2020,4,2,"Columbia Basin Research, University of Washington. (2023). SacPAS Cohort Juvenile Monitoring. "
36,2/5/2020,4,,"Columbia Basin Research, University of Washington. (2023). SacPAS Cohort Juvenile Monitoring. "
37,2/6/2020,4,2,"Columbia Basin Research, University of Washington. (2023). SacPAS Cohort Juvenile Monitoring. "
38,2/7/2020,4,2,"Columbia Basin Research, University of Washington. (2023). SacPAS Cohort Juvenile Monitoring. "
39,2/8/2020,4,,"Columbia Basin Research, University of Washington. (2023). SacPAS Cohort Juvenile Monitoring. "
40,2/9/2020,4,,"Columbia Basin Research, University of Washington. (2023). SacPAS Cohort Juvenile Monitoring. "
41,2/10/2020,4,2,"Columbia Basin Research, University of Washington. (2023). SacPAS Cohort Juvenile Monitoring. "
42,2/11/2020,4,2,"Columbia Basin Research, University of Washington. (2023). SacPAS Cohort Juvenile Monitoring. "
43,2/12/2020,4,2,"Columbia Basin Research, University of Washington. (2023). SacPAS Cohort Juvenile Monitoring. "
44,2/13/2020,4,2,"Columbia Basin Research, University of Washington. (2023). SacPAS Cohort Juvenile Monitoring. "
45,2/14/2020,4,2,"Columbia Basin Research, University of Washington. (2023). SacPAS Cohort Juvenile Monitoring. "
46,2/15/2020,4,,"Columbia Basin Research, University of Washington. (2023). SacPAS Cohort Juvenile Monitoring. "
47,2/16/2020,4,2,"Columbia Basin Research, University of Washington. (2023). SacPAS Cohort Juvenile Monitoring. "
48,2/17/2020,4,,"Columbia Basin Research, University of Washington. (2023). SacPAS Cohort Juvenile Monitoring. "
49,2/18/2020,4,2,"Columbia Basin Research, University of Washington. (2023). SacPAS Cohort Juvenile Monitoring. "
50,2/19/2020,4,2,"Columbia Basin Research, University of Washington. (2023). SacPAS Cohort Juvenile Monitoring. "
51,2/20/2020,4,2,"Columbia Basin Research, University of Washington. (2023). SacPAS Cohort Juvenile Monitoring. "
52,2/21/2020,4,2,"Columbia Basin Research, University of Washington. (2023). SacPAS Cohort Juvenile Monitoring. "
53,2/22/2020,4,,"Columbia Basin Research, University of Washington. (2023). SacPAS Cohort Juvenile Monitoring. "
54,2/23/2020,4,2,"Columbia Basin Research, University of Washington. (2023). SacPAS Cohort Juvenile Monitoring. "
55,2/24/2020,4,2,"Columbia Basin Research, University of Washington. (2023). SacPAS Cohort Juvenile Monitoring. "
56,2/25/2020,4,2,"Columbia Basin Research, University of Washington. (2023). SacPAS Cohort Juvenile Monitoring. "
57,2/26/2020,4,,"Columbia Basin Research, University of Washington. (2023). SacPAS Cohort Juvenile Monitoring. "
58,2/27/2020,4,3,"Columbia Basin Research, University of Washington. (2023). SacPAS Cohort Juvenile Monitoring. "
59,2/28/2020,4,3,"Columbia Basin Research, University of Washington. (2023). SacPAS Cohort Juvenile Monitoring. "
60,2/29/2020,4,,"Columbia Basin Research, University of Washington. (2023). SacPAS Cohort Juvenile Monitoring. "
61,3/1/2020,4,3,"Columbia Basin Research, University of Washington. (2023). SacPAS Cohort Juvenile Monitoring. "
62,3/2/2020,4,3,"Columbia Basin Research, University of Washington. (2023). SacPAS Cohort Juvenile Monitoring. "
63,3/3/2020,4,3,"Columbia Basin Research, University of Washington. (2023). SacPAS Cohort Juvenile Monitoring. "
64,3/4/2020,4,,"Columbia Basin Research, University of Washington. (2023). SacPAS Cohort Juvenile Monitoring. "
65,3/5/2020,4,3,"Columbia Basin Research, University of Washington. (2023). SacPAS Cohort Juvenile Monitoring. "
66,3/6/2020,4,3,"Columbia Basin Research, University of Washington. (2023). SacPAS Cohort Juvenile Monitoring. "
67,3/7/2020,4,,"Columbia Basin Research, University of Washington. (2023). SacPAS Cohort Juvenile Monitoring. "
68,3/8/2020,4,3,"Columbia Basin Research, University of Washington. (2023). SacPAS Cohort Juvenile Monitoring. "
69,3/9/2020,4,3,"Columbia Basin Research, University of Washington. (2023). SacPAS Cohort Juvenile Monitoring. "
70,3/10/2020,4,3,"Columbia Basin Research, University of Washington. (2023). SacPAS Cohort Juvenile Monitoring. "
71,3/11/2020,4,,"Columbia Basin Research, University of Washington. (2023). SacPAS Cohort Juvenile Monitoring. "
72,3/12/2020,4,3,"Columbia Basin Research, University of Washington. (2023). SacPAS Cohort Juvenile Monitoring. "
73,3/13/2020,4,,"Columbia Basin Research, University of Washington. (2023). SacPAS Cohort Juvenile Monitoring. "
74,3/14/2020,4,,"Columbia Basin Research, University of Washington. (2023). SacPAS Cohort Juvenile Monitoring. "
75,3/15/2020,4,,"Columbia Basin Research, University of Washington. (2023). SacPAS Cohort Juvenile Monitoring. "
76,3/16/2020,4,,"Columbia Basin Research, University of Washington. (2023). SacPAS Cohort Juvenile Monitoring. "
77,3/17/2020,4,,"Columbia Basin Research, University of Washington. (2023). SacPAS Cohort Juvenile Monitoring. "
78,3/18/2020,4,3,"Columbia Basin Research, University of Washington. (2023). SacPAS Cohort Juvenile Monitoring. "
79,3/19/2020,4,3,"Columbia Basin Research, University of Washington. (2023). SacPAS Cohort Juvenile Monitoring. "
80,3/20/2020,4,3,"Columbia Basin Research, University of Washington. (2023). SacPAS Cohort Juvenile Monitoring. "
81,3/21/2020,4,,"Columbia Basin Research, University of Washington. (2023). SacPAS Cohort Juvenile Monitoring. "
82,3/22/2020,4,3,"Columbia Basin Research, University of Washington. (2023). SacPAS Cohort Juvenile Monitoring. "
83,3/23/2020,4,3,"Columbia Basin Research, University of Washington. (2023). SacPAS Cohort Juvenile Monitoring. "
84,3/24/2020,4,3,"Columbia Basin Research, University of Washington. (2023). SacPAS Cohort Juvenile Monitoring. "
85,3/25/2020,4,,"Columbia Basin Research, University of Washington. (2023). SacPAS Cohort Juvenile Monitoring. "
86,3/26/2020,4,3,"Columbia Basin Research, University of Washington. (2023). SacPAS Cohort Juvenile Monitoring. "
87,3/27/2020,4,3,"Columbia Basin Research, University of Washington. (2023). SacPAS Cohort Juvenile Monitoring. "
88,3/28/2020,4,,"Columbia Basin Research, University of Washington. (2023). SacPAS Cohort Juvenile Monitoring. "
89,3/29/2020,4,3,"Columbia Basin Research, University of Washington. (2023). SacPAS Cohort Juvenile Monitoring. "
90,3/30/2020,4,3,"Columbia Basin Research, University of Washington. (2023). SacPAS Cohort Juvenile Monitoring. "
91,3/31/2020,4,3,"Columbia Basin Research, University of Washington. (2023). SacPAS Cohort Juvenile Monitoring. "
92,4/1/2020,4,,"Columbia Basin Research, University of Washington. (2023). SacPAS Cohort Juvenile Monitoring. "
93,4/2/2020,4,3,"Columbia Basin Research, University of Washington. (2023). SacPAS Cohort Juvenile Monitoring. "
94,4/3/2020,4,4,"Columbia Basin Research, University of Washington. (2023). SacPAS Cohort Juvenile Monitoring. "
95,4/4/2020,4,,"Columbia Basin Research, University of Washington. (2023). SacPAS Cohort Juvenile Monitoring. "
96,4/5/2020,4,4,"Columbia Basin Research, University of Washington. (2023). SacPAS Cohort Juvenile Monitoring. "
97,4/6/2020,4,4,"Columbia Basin Research, University of Washington. (2023). SacPAS Cohort Juvenile Monitoring. "
98,4/7/2020,4,,"Columbia Basin Research, University of Washington. (2023). SacPAS Cohort Juvenile Monitoring. "
99,4/8/2020,4,,"Columbia Basin Research, University of Washington. (2023). SacPAS Cohort Juvenile Monitoring. "
100,4/9/2020,4,4,"Columbia Basin Research, University of Washington. (2023). SacPAS Cohort Juvenile Monitoring. "
101,4/10/2020,4,4,"Columbia Basin Research, University of Washington. (2023). SacPAS Cohort Juvenile Monitoring. "
102,4/11/2020,4,,"Columbia Basin Research, University of Washington. (2023). SacPAS Cohort Juvenile Monitoring. "
103,4/12/2020,4,5,"Columbia Basin Research, University of Washington. (2023). SacPAS Cohort Juvenile Monitoring. "
104,4/13/2020,4,5,"Columbia Basin Research, University of Washington. (2023). SacPAS Cohort Juvenile Monitoring. "
105,4/14/2020,4,5,"Columbia Basin Research, University of Washington. (2023). SacPAS Cohort Juvenile Monitoring. "
106,4/15/2020,4,,"Columbia Basin Research, University of Washington. (2023). SacPAS Cohort Juvenile Monitoring. "
107,4/16/2020,4,5,"Columbia Basin Research, University of Washington. (2023). SacPAS Cohort Juvenile Monitoring. "
108,4/17/2020,4,5,"Columbia Basin Research, University of Washington. (2023). SacPAS Cohort Juvenile Monitoring. "
109,4/18/2020,4,,"Columbia Basin Research, University of Washington. (2023). SacPAS Cohort Juvenile Monitoring. "
110,4/19/2020,4,5,"Columbia Basin Research, University of Washington. (2023). SacPAS Cohort Juvenile Monitoring. "
111,4/20/2020,4,5,"Columbia Basin Research, University of Washington. (2023). SacPAS Cohort Juvenile Monitoring. "
112,4/21/2020,4,5,"Columbia Basin Research, University of Washington. (2023). SacPAS Cohort Juvenile Monitoring. "
113,4/22/2020,4,,"Columbia Basin Research, University of Washington. (2023). SacPAS Cohort Juvenile Monitoring. "
114,4/23/2020,4,5,"Columbia Basin Research, University of Washington. (2023). SacPAS Cohort Juvenile Monitoring. "
115,4/24/2020,4,5,"Columbia Basin Research, University of Washington. (2023). SacPAS Cohort Juvenile Monitoring. "
116,4/25/2020,4,,"Columbia Basin Research, University of Washington. (2023). SacPAS Cohort Juvenile Monitoring. "
117,4/26/2020,4,5,"Columbia Basin Research, University of Washington. (2023). SacPAS Cohort Juvenile Monitoring. "
118,4/27/2020,4,5,"Columbia Basin Research, University of Washington. (2023). SacPAS Cohort Juvenile Monitoring. "
119,4/28/2020,4,5,"Columbia Basin Research, University of Washington. (2023). SacPAS Cohort Juvenile Monitoring. "
120,4/29/2020,4,,"Columbia Basin Research, University of Washington. (2023). SacPAS Cohort Juvenile Monitoring. "
121,4/30/2020,4,5,"Columbia Basin Research, University of Washington. (2023). SacPAS Cohort Juvenile Monitoring. "
122,5/1/2020,4,5,"Columbia Basin Research, University of Washington. (2023). SacPAS Cohort Juvenile Monitoring. "
123,5/2/2020,4,,"Columbia Basin Research, University of Washington. (2023). SacPAS Cohort Juvenile Monitoring. "
124,5/3/2020,4,6,"Columbia Basin Research, University of Washington. (2023). SacPAS Cohort Juvenile Monitoring. "
125,5/4/2020,4,6,"Columbia Basin Research, University of Washington. (2023). SacPAS Cohort Juvenile Monitoring. "
126,5/5/2020,4,6,"Columbia Basin Research, University of Washington. (2023). SacPAS Cohort Juvenile Monitoring. "
127,5/6/2020,4,,"Columbia Basin Research, University of Washington. (2023). SacPAS Cohort Juvenile Monitoring. "
128,5/7/2020,4,6,"Columbia Basin Research, University of Washington. (2023). SacPAS Cohort Juvenile Monitoring. "
129,5/8/2020,4,7,"Columbia Basin Research, University of Washington. (2023). SacPAS Cohort Juvenile Monitoring. "
130,5/9/2020,4,,"Columbia Basin Research, University of Washington. (2023). SacPAS Cohort Juvenile Monitoring. "
131,5/10/2020,4,7,"Columbia Basin Research, University of Washington. (2023). SacPAS Cohort Juvenile Monitoring. "
132,5/11/2020,4,8,"Columbia Basin Research, University of Washington. (2023). SacPAS Cohort Juvenile Monitoring. "
133,5/12/2020,4,8,"Columbia Basin Research, University of Washington. (2023). SacPAS Cohort Juvenile Monitoring. "
134,5/13/2020,4,,"Columbia Basin Research, University of Washington. (2023). SacPAS Cohort Juvenile Monitoring. "
135,5/14/2020,4,8,"Columbia Basin Research, University of Washington. (2023). SacPAS Cohort Juvenile Monitoring. "
136,5/15/2020,4,8,"Columbia Basin Research, University of Washington. (2023). SacPAS Cohort Juvenile Monitoring. "
137,5/16/2020,4,,"Columbia Basin Research, University of Washington. (2023). SacPAS Cohort Juvenile Monitoring. "
138,5/17/2020,4,,"Columbia Basin Research, University of Washington. (2023). SacPAS Cohort Juvenile Monitoring. "
139,5/18/2020,4,8,"Columbia Basin Research, University of Washington. (2023). SacPAS Cohort Juvenile Monitoring. "
140,5/19/2020,4,,"Columbia Basin Research, University of Washington. (2023). SacPAS Cohort Juvenile Monitoring. "
141,5/20/2020,4,8,"Columbia Basin Research, University of Washington. (2023). SacPAS Cohort Juvenile Monitoring. "
142,5/21/2020,4,,"Columbia Basin Research, University of Washington. (2023). SacPAS Cohort Juvenile Monitoring. "
143,5/22/2020,4,9,"Columbia Basin Research, University of Washington. (2023). SacPAS Cohort Juvenile Monitoring. "
144,5/23/2020,4,,"Columbia Basin Research, University of Washington. (2023). SacPAS Cohort Juvenile Monitoring. "
145,5/24/2020,4,,"Columbia Basin Research, University of Washington. (2023). SacPAS Cohort Juvenile Monitoring. "
146,5/25/2020,4,,"Columbia Basin Research, University of Washington. (2023). SacPAS Cohort Juvenile Monitoring. "
147,5/26/2020,4,9,"Columbia Basin Research, University of Washington. (2023). SacPAS Cohort Juvenile Monitoring. "
148,5/27/2020,4,,"Columbia Basin Research, University of Washington. (2023). SacPAS Cohort Juvenile Monitoring. "
149,5/28/2020,4,9,"Columbia Basin Research, University of Washington. (2023). SacPAS Cohort Juvenile Monitoring. "
150,5/29/2020,4,9,"Columbia Basin Research, University of Washington. (2023). SacPAS Cohort Juvenile Monitoring. "
151,5/30/2020,4,,"Columbia Basin Research, University of Washington. (2023). SacPAS Cohort Juvenile Monitoring. "
152,5/31/2020,4,,"Columbia Basin Research, University of Washington. (2023). SacPAS Cohort Juvenile Monitoring. "
153,6/1/2020,4,9,"Columbia Basin Research, University of Washington. (2023). SacPAS Cohort Juvenile Monitoring. "
154,6/2/2020,4,,"Columbia Basin Research, University of Washington. (2023). SacPAS Cohort Juvenile Monitoring. "
155,6/3/2020,4,9,"Columbia Basin Research, University of Washington. (2023). SacPAS Cohort Juvenile Monitoring. "
156,6/4/2020,4,,"Columbia Basin Research, University of Washington. (2023). SacPAS Cohort Juvenile Monitoring. "
157,6/5/2020,4,9,"Columbia Basin Research, University of Washington. (2023). SacPAS Cohort Juvenile Monitoring. "
158,6/6/2020,4,,"Columbia Basin Research, University of Washington. (2023). SacPAS Cohort Juvenile Monitoring. "
159,6/7/2020,4,,"Columbia Basin Research, University of Washington. (2023). SacPAS Cohort Juvenile Monitoring. "
160,6/8/2020,4,9,"Columbia Basin Research, University of Washington. (2023). SacPAS Cohort Juvenile Monitoring. "
161,6/9/2020,4,,"Columbia Basin Research, University of Washington. (2023). SacPAS Cohort Juvenile Monitoring. "
162,6/10/2020,4,9,"Columbia Basin Research, University of Washington. (2023). SacPAS Cohort Juvenile Monitoring. "
163,6/11/2020,4,,"Columbia Basin Research, University of Washington. (2023). SacPAS Cohort Juvenile Monitoring. "
164,6/12/2020,4,9,"Columbia Basin Research, University of Washington. (2023). SacPAS Cohort Juvenile Monitoring. "
165,6/13/2020,4,,"Columbia Basin Research, University of Washington. (2023). SacPAS Cohort Juvenile Monitoring. "
166,6/14/2020,4,,"Columbia Basin Research, University of Washington. (2023). SacPAS Cohort Juvenile Monitoring. "
167,6/15/2020,4,9,"Columbia Basin Research, University of Washington. (2023). SacPAS Cohort Juvenile Monitoring. "
168,6/16/2020,4,,"Columbia Basin Research, University of Washington. (2023). SacPAS Cohort Juvenile Monitoring. "
169,6/17/2020,4,9,"Columbia Basin Research, University of Washington. (2023). SacPAS Cohort Juvenile Monitoring. "
170,6/18/2020,4,,"Columbia Basin Research, University of Washington. (2023). SacPAS Cohort Juvenile Monitoring. "
171,6/19/2020,4,9,"Columbia Basin Research, University of Washington. (2023). SacPAS Cohort Juvenile Monitoring. "
172,6/20/2020,4,,"Columbia Basin Research, University of Washington. (2023). SacPAS Cohort Juvenile Monitoring. "
173,6/21/2020,4,,"Columbia Basin Research, University of Washington. (2023). SacPAS Cohort Juvenile Monitoring. "
174,6/22/2020,4,9,"Columbia Basin Research, University of Washington. (2023). SacPAS Cohort Juvenile Monitoring. "
175,6/23/2020,4,,"Columbia Basin Research, University of Washington. (2023). SacPAS Cohort Juvenile Monitoring. "
176,6/24/2020,4,9,"Columbia Basin Research, University of Washington. (2023). SacPAS Cohort Juvenile Monitoring. "
177,6/25/2020,4,,"Columbia Basin Research, University of Washington. (2023). SacPAS Cohort Juvenile Monitoring. "
178,6/26/2020,4,9,"Columbia Basin Research, University of Washington. (2023). SacPAS Cohort Juvenile Monitoring. "
179,6/27/2020,4,,"Columbia Basin Research, University of Washington. (2023). SacPAS Cohort Juvenile Monitoring. "
180,6/28/2020,4,,"Columbia Basin Research, University of Washington. (2023). SacPAS Cohort Juvenile Monitoring. "
181,6/29/2020,4,9,"Columbia Basin Research, University of Washington. (2023). SacPAS Cohort Juvenile Monitoring. "
182,6/30/2020,4,9,"Columbia Basin Research, University of Washington. (2023). SacPAS Cohort Juvenile Monitoring. "
183,7/1/2020,4,,"Columbia Basin Research, University of Washington. (2023). SacPAS Cohort Juvenile Monitoring. "
184,7/2/2020,4,9,"Columbia Basin Research, University of Washington. (2023). SacPAS Cohort Juvenile Monitoring. "
185,7/3/2020,4,,"Columbia Basin Research, University of Washington. (2023). SacPAS Cohort Juvenile Monitoring. "
186,7/4/2020,4,,"Columbia Basin Research, University of Washington. (2023). SacPAS Cohort Juvenile Monitoring. "
187,7/5/2020,4,,"Columbia Basin Research, University of Washington. (2023). SacPAS Cohort Juvenile Monitoring. "
188,7/6/2020,4,9,"Columbia Basin Research, University of Washington. (2023). SacPAS Cohort Juvenile Monitoring. "
189,7/7/2020,4,,"Columbia Basin Research, University of Washington. (2023). SacPAS Cohort Juvenile Monitoring. "
190,7/8/2020,4,,"Columbia Basin Research, University of Washington. (2023). SacPAS Cohort Juvenile Monitoring. "
191,7/9/2020,4,,"Columbia Basin Research, University of Washington. (2023). SacPAS Cohort Juvenile Monitoring. "
192,7/10/2020,4,9,"Columbia Basin Research, University of Washington. (2023). SacPAS Cohort Juvenile Monitoring. "
193,7/11/2020,4,,"Columbia Basin Research, University of Washington. (2023). SacPAS Cohort Juvenile Monitoring. "
194,7/12/2020,4,,"Columbia Basin Research, University of Washington. (2023). SacPAS Cohort Juvenile Monitoring. "
195,7/13/2020,4,,"Columbia Basin Research, University of Washington. (2023). SacPAS Cohort Juvenile Monitoring. "
196,7/14/2020,4,9,"Columbia Basin Research, University of Washington. (2023). SacPAS Cohort Juvenile Monitoring. "
197,7/15/2020,4,9,"Columbia Basin Research, University of Washington. (2023). SacPAS Cohort Juvenile Monitoring. "
198,7/16/2020,4,,"Columbia Basin Research, University of Washington. (2023). SacPAS Cohort Juvenile Monitoring. "
199,7/17/2020,4,9,"Columbia Basin Research, University of Washington. (2023). SacPAS Cohort Juvenile Monitoring. "
200,7/18/2020,4,,"Columbia Basin Research, University of Washington. (2023). SacPAS Cohort Juvenile Monitoring. "
201,7/19/2020,4,,"Columbia Basin Research, University of Washington. (2023). SacPAS Cohort Juvenile Monitoring. "
202,7/20/2020,4,9,"Columbia Basin Research, University of Washington. (2023). SacPAS Cohort Juvenile Monitoring. "
260,9/16/2020,4,0,"Columbia Basin Research, University of Washington. (2023). SacPAS Cohort Juvenile Monitoring. "
261,9/17/2020,4,0,"Columbia Basin Research, University of Washington. (2023). SacPAS Cohort Juvenile Monitoring. "
262,9/18/2020,4,,"Columbia Basin Research, University of Washington. (2023). SacPAS Cohort Juvenile Monitoring. "
263,9/19/2020,4,,"Columbia Basin Research, University of Washington. (2023). SacPAS Cohort Juvenile Monitoring. "
264,9/20/2020,4,,"Columbia Basin Research, University of Washington. (2023). SacPAS Cohort Juvenile Monitoring. "
265,9/21/2020,4,0,"Columbia Basin Research, University of Washington. (2023). SacPAS Cohort Juvenile Monitoring. "
266,9/22/2020,4,,"Columbia Basin Research, University of Washington. (2023). SacPAS Cohort Juvenile Monitoring. "
267,9/23/2020,4,0,"Columbia Basin Research, University of Washington. (2023). SacPAS Cohort Juvenile Monitoring. "
268,9/24/2020,4,,"Columbia Basin Research, University of Washington. (2023). SacPAS Cohort Juvenile Monitoring. "
269,9/25/2020,4,0,"Columbia Basin Research, University of Washington. (2023). SacPAS Cohort Juvenile Monitoring. "
270,9/26/2020,4,,"Columbia Basin Research, University of Washington. (2023). SacPAS Cohort Juvenile Monitoring. "
271,9/27/2020,4,,"Columbia Basin Research, University of Washington. (2023). SacPAS Cohort Juvenile Monitoring. "
272,9/28/2020,4,0,"Columbia Basin Research, University of Washington. (2023). SacPAS Cohort Juvenile Monitoring. "
273,9/29/2020,4,,"Columbia Basin Research, University of Washington. (2023). SacPAS Cohort Juvenile Monitoring. "
274,9/30/2020,4,0,"Columbia Basin Research, University of Washington. (2023). SacPAS Cohort Juvenile Monitoring. "
275,10/1/2020,4,,"Columbia Basin Research, University of Washington. (2023). SacPAS Cohort Juvenile Monitoring. "
276,10/2/2020,4,,"Columbia Basin Research, University of Washington. (2023). SacPAS Cohort Juvenile Monitoring. "
277,10/3/2020,4,,"Columbia Basin Research, University of Washington. (2023). SacPAS Cohort Juvenile Monitoring. "
278,10/4/2020,4,,"Columbia Basin Research, University of Washington. (2023). SacPAS Cohort Juvenile Monitoring. "
279,10/5/2020,4,0,"Columbia Basin Research, University of Washington. (2023). SacPAS Cohort Juvenile Monitoring. "
280,10/6/2020,4,,"Columbia Basin Research, University of Washington. (2023). SacPAS Cohort Juvenile Monitoring. "
281,10/7/2020,4,0,"Columbia Basin Research, University of Washington. (2023). SacPAS Cohort Juvenile Monitoring. "
282,10/8/2020,4,0,"Columbia Basin Research, University of Washington. (2023). SacPAS Cohort Juvenile Monitoring. "
283,10/9/2020,4,,"Columbia Basin Research, University of Washington. (2023). SacPAS Cohort Juvenile Monitoring. "
284,10/10/2020,4,,"Columbia Basin Research, University of Washington. (2023). SacPAS Cohort Juvenile Monitoring. "
285,10/11/2020,4,,"Columbia Basin Research, University of Washington. (2023). SacPAS Cohort Juvenile Monitoring. "
286,10/12/2020,4,,"Columbia Basin Research, University of Washington. (2023). SacPAS Cohort Juvenile Monitoring. "
287,10/13/2020,4,0,"Columbia Basin Research, University of Washington. (2023). SacPAS Cohort Juvenile Monitoring. "
288,10/14/2020,4,,"Columbia Basin Research, University of Washington. (2023). SacPAS Cohort Juvenile Monitoring. "
289,10/15/2020,4,0,"Columbia Basin Research, University of Washington. (2023). SacPAS Cohort Juvenile Monitoring. "
290,10/16/2020,4,0,"Columbia Basin Research, University of Washington. (2023). SacPAS Cohort Juvenile Monitoring. "
291,10/17/2020,4,,"Columbia Basin Research, University of Washington. (2023). SacPAS Cohort Juvenile Monitoring. "
292,10/18/2020,4,,"Columbia Basin Research, University of Washington. (2023). SacPAS Cohort Juvenile Monitoring. "
293,10/19/2020,4,0,"Columbia Basin Research, University of Washington. (2023). SacPAS Cohort Juvenile Monitoring. "
294,10/20/2020,4,,"Columbia Basin Research, University of Washington. (2023). SacPAS Cohort Juvenile Monitoring. "
295,10/21/2020,4,0,"Columbia Basin Research, University of Washington. (2023). SacPAS Cohort Juvenile Monitoring. "
296,10/22/2020,4,,"Columbia Basin Research, University of Washington. (2023). SacPAS Cohort Juvenile Monitoring. "
297,10/23/2020,4,0,"Columbia Basin Research, University of Washington. (2023). SacPAS Cohort Juvenile Monitoring. "
298,10/24/2020,4,,"Columbia Basin Research, University of Washington. (2023). SacPAS Cohort Juvenile Monitoring. "
299,10/25/2020,4,,"Columbia Basin Research, University of Washington. (2023). SacPAS Cohort Juvenile Monitoring. "
300,10/26/2020,4,,"Columbia Basin Research, University of Washington. (2023). SacPAS Cohort Juvenile Monitoring. "
301,10/27/2020,4,,"Columbia Basin Research, University of Washington. (2023). SacPAS Cohort Juvenile Monitoring. "
302,10/28/2020,4,0,"Columbia Basin Research, University of Washington. (2023). SacPAS Cohort Juvenile Monitoring. "
303,10/29/2020,4,,"Columbia Basin Research, University of Washington. (2023). SacPAS Cohort Juvenile Monitoring. "
304,10/30/2020,4,0,"Columbia Basin Research, University of Washington. (2023). SacPAS Cohort Juvenile Monitoring. "
305,10/31/2020,4,,"Columbia Basin Research, University of Washington. (2023). SacPAS Cohort Juvenile Monitoring. "
306,11/1/2020,4,,"Columbia Basin Research, University of Washington. (2023). SacPAS Cohort Juvenile Monitoring. "
307,11/2/2020,4,0,"Columbia Basin Research, University of Washington. (2023). SacPAS Cohort Juvenile Monitoring. "
308,11/3/2020,4,,"Columbia Basin Research, University of Washington. (2023). SacPAS Cohort Juvenile Monitoring. "
309,11/4/2020,4,0,"Columbia Basin Research, University of Washington. (2023). SacPAS Cohort Juvenile Monitoring. "
310,11/5/2020,4,,"Columbia Basin Research, University of Washington. (2023). SacPAS Cohort Juvenile Monitoring. "
311,11/6/2020,4,,"Columbia Basin Research, University of Washington. (2023). SacPAS Cohort Juvenile Monitoring. "
312,11/7/2020,4,,"Columbia Basin Research, University of Washington. (2023). SacPAS Cohort Juvenile Monitoring. "
313,11/8/2020,4,,"Columbia Basin Research, University of Washington. (2023). SacPAS Cohort Juvenile Monitoring. "
314,11/9/2020,4,0,"Columbia Basin Research, University of Washington. (2023). SacPAS Cohort Juvenile Monitoring. "
315,11/10/2020,4,0,"Columbia Basin Research, University of Washington. (2023). SacPAS Cohort Juvenile Monitoring. "
316,11/11/2020,4,,"Columbia Basin Research, University of Washington. (2023). SacPAS Cohort Juvenile Monitoring. "
317,11/12/2020,4,,"Columbia Basin Research, University of Washington. (2023). SacPAS Cohort Juvenile Monitoring. "
318,11/13/2020,4,0,"Columbia Basin Research, University of Washington. (2023). SacPAS Cohort Juvenile Monitoring. "
319,11/14/2020,4,,"Columbia Basin Research, University of Washington. (2023). SacPAS Cohort Juvenile Monitoring. "
320,11/15/2020,4,,"Columbia Basin Research, University of Washington. (2023). SacPAS Cohort Juvenile Monitoring. "
321,11/16/2020,4,0,"Columbia Basin Research, University of Washington. (2023). SacPAS Cohort Juvenile Monitoring. "
322,11/17/2020,4,,"Columbia Basin Research, University of Washington. (2023). SacPAS Cohort Juvenile Monitoring. "
323,11/18/2020,4,0,"Columbia Basin Research, University of Washington. (2023). SacPAS Cohort Juvenile Monitoring. "
324,11/19/2020,4,,"Columbia Basin Research, University of Washington. (2023). SacPAS Cohort Juvenile Monitoring. "
325,11/20/2020,4,0,"Columbia Basin Research, University of Washington. (2023). SacPAS Cohort Juvenile Monitoring. "
326,11/21/2020,4,,"Columbia Basin Research, University of Washington. (2023). SacPAS Cohort Juvenile Monitoring. "
327,11/22/2020,4,,"Columbia Basin Research, University of Washington. (2023). SacPAS Cohort Juvenile Monitoring. "
328,11/23/2020,4,0,"Columbia Basin Research, University of Washington. (2023). SacPAS Cohort Juvenile Monitoring. "
329,11/24/2020,4,,"Columbia Basin Research, University of Washington. (2023). SacPAS Cohort Juvenile Monitoring. "
330,11/25/2020,4,0,"Columbia Basin Research, University of Washington. (2023). SacPAS Cohort Juvenile Monitoring. "
331,11/26/2020,4,,"Columbia Basin Research, University of Washington. (2023). SacPAS Cohort Juvenile Monitoring. "
332,11/27/2020,4,0,"Columbia Basin Research, University of Washington. (2023). SacPAS Cohort Juvenile Monitoring. "
333,11/28/2020,4,,"Columbia Basin Research, University of Washington. (2023). SacPAS Cohort Juvenile Monitoring. "
334,11/29/2020,4,,"Columbia Basin Research, University of Washington. (2023). SacPAS Cohort Juvenile Monitoring. "
335,11/30/2020,4,0,"Columbia Basin Research, University of Washington. (2023). SacPAS Cohort Juvenile Monitoring. "
336,12/1/2020,4,,"Columbia Basin Research, University of Washington. (2023). SacPAS Cohort Juvenile Monitoring. "
337,12/2/2020,4,,"Columbia Basin Research, University of Washington. (2023). SacPAS Cohort Juvenile Monitoring. "
338,12/3/2020,4,0,"Columbia Basin Research, University of Washington. (2023). SacPAS Cohort Juvenile Monitoring. "
339,12/4/2020,4,0,"Columbia Basin Research, University of Washington. (2023). SacPAS Cohort Juvenile Monitoring. "
340,12/5/2020,4,,"Columbia Basin Research, University of Washington. (2023). SacPAS Cohort Juvenile Monitoring. "
341,12/6/2020,4,,"Columbia Basin Research, University of Washington. (2023). SacPAS Cohort Juvenile Monitoring. "
342,12/7/2020,4,,"Columbia Basin Research, University of Washington. (2023). SacPAS Cohort Juvenile Monitoring. "
343,12/8/2020,4,0,"Columbia Basin Research, University of Washington. (2023). SacPAS Cohort Juvenile Monitoring. "
344,12/9/2020,4,0,"Columbia Basin Research, University of Washington. (2023). SacPAS Cohort Juvenile Monitoring. "
345,12/10/2020,4,,"Columbia Basin Research, University of Washington. (2023). SacPAS Cohort Juvenile Monitoring. "
346,12/11/2020,4,,"Columbia Basin Research, University of Washington. (2023). SacPAS Cohort Juvenile Monitoring. "
347,12/12/2020,4,,"Columbia Basin Research, University of Washington. (2023). SacPAS Cohort Juvenile Monitoring. "
348,12/13/2020,4,,"Columbia Basin Research, University of Washington. (2023). SacPAS Cohort Juvenile Monitoring. "
349,12/14/2020,4,,"Columbia Basin Research, University of Washington. (2023). SacPAS Cohort Juvenile Monitoring. "
350,12/15/2020,4,,"Columbia Basin Research, University of Washington. (2023). SacPAS Cohort Juvenile Monitoring. "
351,12/16/2020,4,,"Columbia Basin Research, University of Washington. (2023). SacPAS Cohort Juvenile Monitoring. "
352,12/17/2020,4,,"Columbia Basin Research, University of Washington. (2023). SacPAS Cohort Juvenile Monitoring. "
353,12/18/2020,4,,"Columbia Basin Research, University of Washington. (2023). SacPAS Cohort Juvenile Monitoring. "
354,12/19/2020,4,,"Columbia Basin Research, University of Washington. (2023). SacPAS Cohort Juvenile Monitoring. "
355,12/20/2020,4,,"Columbia Basin Research, University of Washington. (2023). SacPAS Cohort Juvenile Monitoring. "
356,12/21/2020,4,,"Columbia Basin Research, University of Washington. (2023). SacPAS Cohort Juvenile Monitoring. "
357,12/22/2020,4,,"Columbia Basin Research, University of Washington. (2023). SacPAS Cohort Juvenile Monitoring. "
358,12/23/2020,4,,"Columbia Basin Research, University of Washington. (2023). SacPAS Cohort Juvenile Monitoring. "
359,12/24/2020,4,,"Columbia Basin Research, University of Washington. (2023). SacPAS Cohort Juvenile Monitoring. "
360,12/25/2020,4,,"Columbia Basin Research, University of Washington. (2023). SacPAS Cohort Juvenile Monitoring. "
361,12/26/2020,4,,"Columbia Basin Research, University of Washington. (2023). SacPAS Cohort Juvenile Monitoring. "
362,12/27/2020,4,0,"Columbia Basin Research, University of Washington. (2023). SacPAS Cohort Juvenile Monitoring. "
363,12/28/2020,4,0,"Columbia Basin Research, University of Washington. (2023). SacPAS Cohort Juvenile Monitoring. "
364,12/29/2020,4,0,"Columbia Basin Research, University of Washington. (2023). SacPAS Cohort Juvenile Monitoring. "
365,12/30/2020,4,0,"Columbia Basin Research, University of Washington. (2023). SacPAS Cohort Juvenile Monitoring. "
366,12/31/2020,4,0,"Columbia Basin Research, University of Washington. (2023). SacPAS Cohort Juvenile Monitoring. "
1,1/1/2021,5,,"Columbia Basin Research, University of Washington. (2023). SacPAS Cohort Juvenile Monitoring. "
2,1/2/2021,5,,"Columbia Basin Research, University of Washington. (2023). SacPAS Cohort Juvenile Monitoring. "
3,1/3/2021,5,0,"Columbia Basin Research, University of Washington. (2023). SacPAS Cohort Juvenile Monitoring. "
4,1/4/2021,5,0,"Columbia Basin Research, University of Washington. (2023). SacPAS Cohort Juvenile Monitoring. "
5,1/5/2021,5,0,"Columbia Basin Research, University of Washington. (2023). SacPAS Cohort Juvenile Monitoring. "
6,1/6/2021,5,,"Columbia Basin Research, University of Washington. (2023). SacPAS Cohort Juvenile Monitoring. "
7,1/7/2021,5,0,"Columbia Basin Research, University of Washington. (2023). SacPAS Cohort Juvenile Monitoring. "
8,1/8/2021,5,0,"Columbia Basin Research, University of Washington. (2023). SacPAS Cohort Juvenile Monitoring. "
9,1/9/2021,5,,"Columbia Basin Research, University of Washington. (2023). SacPAS Cohort Juvenile Monitoring. "
10,1/10/2021,5,0,"Columbia Basin Research, University of Washington. (2023). SacPAS Cohort Juvenile Monitoring. "
11,1/11/2021,5,,"Columbia Basin Research, University of Washington. (2023). SacPAS Cohort Juvenile Monitoring. "
12,1/12/2021,5,0,"Columbia Basin Research, University of Washington. (2023). SacPAS Cohort Juvenile Monitoring. "
13,1/13/2021,5,0,"Columbia Basin Research, University of Washington. (2023). SacPAS Cohort Juvenile Monitoring. "
14,1/14/2021,5,0,"Columbia Basin Research, University of Washington. (2023). SacPAS Cohort Juvenile Monitoring. "
15,1/15/2021,5,0,"Columbia Basin Research, University of Washington. (2023). SacPAS Cohort Juvenile Monitoring. "
16,1/16/2021,5,,"Columbia Basin Research, University of Washington. (2023). SacPAS Cohort Juvenile Monitoring. "
17,1/17/2021,5,0,"Columbia Basin Research, University of Washington. (2023). SacPAS Cohort Juvenile Monitoring. "
18,1/18/2021,5,,"Columbia Basin Research, University of Washington. (2023). SacPAS Cohort Juvenile Monitoring. "
19,1/19/2021,5,,"Columbia Basin Research, University of Washington. (2023). SacPAS Cohort Juvenile Monitoring. "
20,1/20/2021,5,0,"Columbia Basin Research, University of Washington. (2023). SacPAS Cohort Juvenile Monitoring. "
21,1/21/2021,5,0,"Columbia Basin Research, University of Washington. (2023). SacPAS Cohort Juvenile Monitoring. "
22,1/22/2021,5,0,"Columbia Basin Research, University of Washington. (2023). SacPAS Cohort Juvenile Monitoring. "
23,1/23/2021,5,,"Columbia Basin Research, University of Washington. (2023). SacPAS Cohort Juvenile Monitoring. "
24,1/24/2021,5,0,"Columbia Basin Research, University of Washington. (2023). SacPAS Cohort Juvenile Monitoring. "
25,1/25/2021,5,0,"Columbia Basin Research, University of Washington. (2023). SacPAS Cohort Juvenile Monitoring. "
26,1/26/2021,5,0,"Columbia Basin Research, University of Washington. (2023). SacPAS Cohort Juvenile Monitoring. "
27,1/27/2021,5,,"Columbia Basin Research, University of Washington. (2023). SacPAS Cohort Juvenile Monitoring. "
28,1/28/2021,5,0,"Columbia Basin Research, University of Washington. (2023). SacPAS Cohort Juvenile Monitoring. "
29,1/29/2021,5,0,"Columbia Basin Research, University of Washington. (2023). SacPAS Cohort Juvenile Monitoring. "
30,1/30/2021,5,,"Columbia Basin Research, University of Washington. (2023). SacPAS Cohort Juvenile Monitoring. "
31,1/31/2021,5,0,"Columbia Basin Research, University of Washington. (2023). SacPAS Cohort Juvenile Monitoring. "
32,2/1/2021,5,0,"Columbia Basin Research, University of Washington. (2023). SacPAS Cohort Juvenile Monitoring. "
33,2/2/2021,5,0,"Columbia Basin Research, University of Washington. (2023). SacPAS Cohort Juvenile Monitoring. "
34,2/3/2021,5,,"Columbia Basin Research, University of Washington. (2023). SacPAS Cohort Juvenile Monitoring. "
35,2/4/2021,5,0,"Columbia Basin Research, University of Washington. (2023). SacPAS Cohort Juvenile Monitoring. "
36,2/5/2021,5,,"Columbia Basin Research, University of Washington. (2023). SacPAS Cohort Juvenile Monitoring. "
37,2/6/2021,5,,"Columbia Basin Research, University of Washington. (2023). SacPAS Cohort Juvenile Monitoring. "
38,2/7/2021,5,,"Columbia Basin Research, University of Washington. (2023). SacPAS Cohort Juvenile Monitoring. "
39,2/8/2021,5,0,"Columbia Basin Research, University of Washington. (2023). SacPAS Cohort Juvenile Monitoring. "
40,2/9/2021,5,0,"Columbia Basin Research, University of Washington. (2023). SacPAS Cohort Juvenile Monitoring. "
41,2/10/2021,5,0,"Columbia Basin Research, University of Washington. (2023). SacPAS Cohort Juvenile Monitoring. "
42,2/11/2021,5,0,"Columbia Basin Research, University of Washington. (2023). SacPAS Cohort Juvenile Monitoring. "
43,2/12/2021,5,0,"Columbia Basin Research, University of Washington. (2023). SacPAS Cohort Juvenile Monitoring. "
44,2/13/2021,5,,"Columbia Basin Research, University of Washington. (2023). SacPAS Cohort Juvenile Monitoring. "
45,2/14/2021,5,0,"Columbia Basin Research, University of Washington. (2023). SacPAS Cohort Juvenile Monitoring. "
46,2/15/2021,5,,"Columbia Basin Research, University of Washington. (2023). SacPAS Cohort Juvenile Monitoring. "
47,2/16/2021,5,1,"Columbia Basin Research, University of Washington. (2023). SacPAS Cohort Juvenile Monitoring. "
48,2/17/2021,5,1,"Columbia Basin Research, University of Washington. (2023). SacPAS Cohort Juvenile Monitoring. "
49,2/18/2021,5,,"Columbia Basin Research, University of Washington. (2023). SacPAS Cohort Juvenile Monitoring. "
50,2/19/2021,5,2,"Columbia Basin Research, University of Washington. (2023). SacPAS Cohort Juvenile Monitoring. "
51,2/20/2021,5,,"Columbia Basin Research, University of Washington. (2023). SacPAS Cohort Juvenile Monitoring. "
52,2/21/2021,5,2,"Columbia Basin Research, University of Washington. (2023). SacPAS Cohort Juvenile Monitoring. "
53,2/22/2021,5,,"Columbia Basin Research, University of Washington. (2023). SacPAS Cohort Juvenile Monitoring. "
54,2/23/2021,5,2,"Columbia Basin Research, University of Washington. (2023). SacPAS Cohort Juvenile Monitoring. "
55,2/24/2021,5,3,"Columbia Basin Research, University of Washington. (2023). SacPAS Cohort Juvenile Monitoring. "
56,2/25/2021,5,3,"Columbia Basin Research, University of Washington. (2023). SacPAS Cohort Juvenile Monitoring. "
57,2/26/2021,5,3,"Columbia Basin Research, University of Washington. (2023). SacPAS Cohort Juvenile Monitoring. "
58,2/27/2021,5,,"Columbia Basin Research, University of Washington. (2023). SacPAS Cohort Juvenile Monitoring. "
59,2/28/2021,5,3,"Columbia Basin Research, University of Washington. (2023). SacPAS Cohort Juvenile Monitoring. "
60,3/1/2021,5,3,"Columbia Basin Research, University of Washington. (2023). SacPAS Cohort Juvenile Monitoring. "
61,3/2/2021,5,3,"Columbia Basin Research, University of Washington. (2023). SacPAS Cohort Juvenile Monitoring. "
62,3/3/2021,5,,"Columbia Basin Research, University of Washington. (2023). SacPAS Cohort Juvenile Monitoring. "
63,3/4/2021,5,3,"Columbia Basin Research, University of Washington. (2023). SacPAS Cohort Juvenile Monitoring. "
64,3/5/2021,5,,"Columbia Basin Research, University of Washington. (2023). SacPAS Cohort Juvenile Monitoring. "
65,3/6/2021,5,,"Columbia Basin Research, University of Washington. (2023). SacPAS Cohort Juvenile Monitoring. "
66,3/7/2021,5,3,"Columbia Basin Research, University of Washington. (2023). SacPAS Cohort Juvenile Monitoring. "
67,3/8/2021,5,3,"Columbia Basin Research, University of Washington. (2023). SacPAS Cohort Juvenile Monitoring. "
68,3/9/2021,5,3,"Columbia Basin Research, University of Washington. (2023). SacPAS Cohort Juvenile Monitoring. "
69,3/10/2021,5,,"Columbia Basin Research, University of Washington. (2023). SacPAS Cohort Juvenile Monitoring. "
70,3/11/2021,5,3,"Columbia Basin Research, University of Washington. (2023). SacPAS Cohort Juvenile Monitoring. "
71,3/12/2021,5,,"Columbia Basin Research, University of Washington. (2023). SacPAS Cohort Juvenile Monitoring. "
72,3/13/2021,5,,"Columbia Basin Research, University of Washington. (2023). SacPAS Cohort Juvenile Monitoring. "
73,3/14/2021,5,3,"Columbia Basin Research, University of Washington. (2023). SacPAS Cohort Juvenile Monitoring. "
74,3/15/2021,5,3,"Columbia Basin Research, University of Washington. (2023). SacPAS Cohort Juvenile Monitoring. "
75,3/16/2021,5,,"Columbia Basin Research, University of Washington. (2023). SacPAS Cohort Juvenile Monitoring. "
76,3/17/2021,5,3,"Columbia Basin Research, University of Washington. (2023). SacPAS Cohort Juvenile Monitoring. "
77,3/18/2021,5,,"Columbia Basin Research, University of Washington. (2023). SacPAS Cohort Juvenile Monitoring. "
78,3/19/2021,5,,"Columbia Basin Research, University of Washington. (2023). SacPAS Cohort Juvenile Monitoring. "
79,3/20/2021,5,,"Columbia Basin Research, University of Washington. (2023). SacPAS Cohort Juvenile Monitoring. "
80,3/21/2021,5,3,"Columbia Basin Research, University of Washington. (2023). SacPAS Cohort Juvenile Monitoring. "
81,3/22/2021,5,3,"Columbia Basin Research, University of Washington. (2023). SacPAS Cohort Juvenile Monitoring. "
82,3/23/2021,5,,"Columbia Basin Research, University of Washington. (2023). SacPAS Cohort Juvenile Monitoring. "
83,3/24/2021,5,3,"Columbia Basin Research, University of Washington. (2023). SacPAS Cohort Juvenile Monitoring. "
84,3/25/2021,5,3,"Columbia Basin Research, University of Washington. (2023). SacPAS Cohort Juvenile Monitoring. "
85,3/26/2021,5,3,"Columbia Basin Research, University of Washington. (2023). SacPAS Cohort Juvenile Monitoring. "
86,3/27/2021,5,,"Columbia Basin Research, University of Washington. (2023). SacPAS Cohort Juvenile Monitoring. "
87,3/28/2021,5,3,"Columbia Basin Research, University of Washington. (2023). SacPAS Cohort Juvenile Monitoring. "
88,3/29/2021,5,3,"Columbia Basin Research, University of Washington. (2023). SacPAS Cohort Juvenile Monitoring. "
89,3/30/2021,5,3,"Columbia Basin Research, University of Washington. (2023). SacPAS Cohort Juvenile Monitoring. "
90,3/31/2021,5,,"Columbia Basin Research, University of Washington. (2023). SacPAS Cohort Juvenile Monitoring. "
91,4/1/2021,5,3,"Columbia Basin Research, University of Washington. (2023). SacPAS Cohort Juvenile Monitoring. "
92,4/2/2021,5,3,"Columbia Basin Research, University of Washington. (2023). SacPAS Cohort Juvenile Monitoring. "
93,4/3/2021,5,,"Columbia Basin Research, University of Washington. (2023). SacPAS Cohort Juvenile Monitoring. "
94,4/4/2021,5,,"Columbia Basin Research, University of Washington. (2023). SacPAS Cohort Juvenile Monitoring. "
95,4/5/2021,5,3,"Columbia Basin Research, University of Washington. (2023). SacPAS Cohort Juvenile Monitoring. "
96,4/6/2021,5,,"Columbia Basin Research, University of Washington. (2023). SacPAS Cohort Juvenile Monitoring. "
97,4/7/2021,5,4,"Columbia Basin Research, University of Washington. (2023). SacPAS Cohort Juvenile Monitoring. "
98,4/8/2021,5,4,"Columbia Basin Research, University of Washington. (2023). SacPAS Cohort Juvenile Monitoring. "
99,4/9/2021,5,4,"Columbia Basin Research, University of Washington. (2023). SacPAS Cohort Juvenile Monitoring. "
100,4/10/2021,5,,"Columbia Basin Research, University of Washington. (2023). SacPAS Cohort Juvenile Monitoring. "
101,4/11/2021,5,5,"Columbia Basin Research, University of Washington. (2023). SacPAS Cohort Juvenile Monitoring. "
102,4/12/2021,5,5,"Columbia Basin Research, University of Washington. (2023). SacPAS Cohort Juvenile Monitoring. "
103,4/13/2021,5,5,"Columbia Basin Research, University of Washington. (2023). SacPAS Cohort Juvenile Monitoring. "
104,4/14/2021,5,,"Columbia Basin Research, University of Washington. (2023). SacPAS Cohort Juvenile Monitoring. "
105,4/15/2021,5,5,"Columbia Basin Research, University of Washington. (2023). SacPAS Cohort Juvenile Monitoring. "
106,4/16/2021,5,5,"Columbia Basin Research, University of Washington. (2023). SacPAS Cohort Juvenile Monitoring. "
107,4/17/2021,5,,"Columbia Basin Research, University of Washington. (2023). SacPAS Cohort Juvenile Monitoring. "
108,4/18/2021,5,5,"Columbia Basin Research, University of Washington. (2023). SacPAS Cohort Juvenile Monitoring. "
109,4/19/2021,5,5,"Columbia Basin Research, University of Washington. (2023). SacPAS Cohort Juvenile Monitoring. "
110,4/20/2021,5,5,"Columbia Basin Research, University of Washington. (2023). SacPAS Cohort Juvenile Monitoring. "
111,4/21/2021,5,,"Columbia Basin Research, University of Washington. (2023). SacPAS Cohort Juvenile Monitoring. "
112,4/22/2021,5,5,"Columbia Basin Research, University of Washington. (2023). SacPAS Cohort Juvenile Monitoring. "
113,4/23/2021,5,5,"Columbia Basin Research, University of Washington. (2023). SacPAS Cohort Juvenile Monitoring. "
114,4/24/2021,5,,"Columbia Basin Research, University of Washington. (2023). SacPAS Cohort Juvenile Monitoring. "
115,4/25/2021,5,5,"Columbia Basin Research, University of Washington. (2023). SacPAS Cohort Juvenile Monitoring. "
116,4/26/2021,5,5,"Columbia Basin Research, University of Washington. (2023). SacPAS Cohort Juvenile Monitoring. "
117,4/27/2021,5,5,"Columbia Basin Research, University of Washington. (2023). SacPAS Cohort Juvenile Monitoring. "
118,4/28/2021,5,,"Columbia Basin Research, University of Washington. (2023). SacPAS Cohort Juvenile Monitoring. "
119,4/29/2021,5,5,"Columbia Basin Research, University of Washington. (2023). SacPAS Cohort Juvenile Monitoring. "
120,4/30/2021,5,5,"Columbia Basin Research, University of Washington. (2023). SacPAS Cohort Juvenile Monitoring. "
121,5/1/2021,5,,"Columbia Basin Research, University of Washington. (2023). SacPAS Cohort Juvenile Monitoring. "
122,5/2/2021,5,6,"Columbia Basin Research, University of Washington. (2023). SacPAS Cohort Juvenile Monitoring. "
123,5/3/2021,5,6,"Columbia Basin Research, University of Washington. (2023). SacPAS Cohort Juvenile Monitoring. "
124,5/4/2021,5,6,"Columbia Basin Research, University of Washington. (2023). SacPAS Cohort Juvenile Monitoring. "
125,5/5/2021,5,,"Columbia Basin Research, University of Washington. (2023). SacPAS Cohort Juvenile Monitoring. "
126,5/6/2021,5,6,"Columbia Basin Research, University of Washington. (2023). SacPAS Cohort Juvenile Monitoring. "
127,5/7/2021,5,6,"Columbia Basin Research, University of Washington. (2023). SacPAS Cohort Juvenile Monitoring. "
128,5/8/2021,5,,"Columbia Basin Research, University of Washington. (2023). SacPAS Cohort Juvenile Monitoring. "
129,5/9/2021,5,6,"Columbia Basin Research, University of Washington. (2023). SacPAS Cohort Juvenile Monitoring. "
130,5/10/2021,5,6,"Columbia Basin Research, University of Washington. (2023). SacPAS Cohort Juvenile Monitoring. "
131,5/11/2021,5,7,"Columbia Basin Research, University of Washington. (2023). SacPAS Cohort Juvenile Monitoring. "
132,5/12/2021,5,,"Columbia Basin Research, University of Washington. (2023). SacPAS Cohort Juvenile Monitoring. "
133,5/13/2021,5,7,"Columbia Basin Research, University of Washington. (2023). SacPAS Cohort Juvenile Monitoring. "
134,5/14/2021,5,7,"Columbia Basin Research, University of Washington. (2023). SacPAS Cohort Juvenile Monitoring. "
135,5/15/2021,5,,"Columbia Basin Research, University of Washington. (2023). SacPAS Cohort Juvenile Monitoring. "
136,5/16/2021,5,,"Columbia Basin Research, University of Washington. (2023). SacPAS Cohort Juvenile Monitoring. "
137,5/17/2021,5,,"Columbia Basin Research, University of Washington. (2023). SacPAS Cohort Juvenile Monitoring. "
138,5/18/2021,5,7,"Columbia Basin Research, University of Washington. (2023). SacPAS Cohort Juvenile Monitoring. "
139,5/19/2021,5,,"Columbia Basin Research, University of Washington. (2023). SacPAS Cohort Juvenile Monitoring. "
140,5/20/2021,5,,"Columbia Basin Research, University of Washington. (2023). SacPAS Cohort Juvenile Monitoring. "
141,5/21/2021,5,7,"Columbia Basin Research, University of Washington. (2023). SacPAS Cohort Juvenile Monitoring. "
142,5/22/2021,5,,"Columbia Basin Research, University of Washington. (2023). SacPAS Cohort Juvenile Monitoring. "
143,5/23/2021,5,,"Columbia Basin Research, University of Washington. (2023). SacPAS Cohort Juvenile Monitoring. "
144,5/24/2021,5,7,"Columbia Basin Research, University of Washington. (2023). SacPAS Cohort Juvenile Monitoring. "
145,5/25/2021,5,,"Columbia Basin Research, University of Washington. (2023). SacPAS Cohort Juvenile Monitoring. "
146,5/26/2021,5,7,"Columbia Basin Research, University of Washington. (2023). SacPAS Cohort Juvenile Monitoring. "
147,5/27/2021,5,,"Columbia Basin Research, University of Washington. (2023). SacPAS Cohort Juvenile Monitoring. "
148,5/28/2021,5,7,"Columbia Basin Research, University of Washington. (2023). SacPAS Cohort Juvenile Monitoring. "
149,5/29/2021,5,,"Columbia Basin Research, University of Washington. (2023). SacPAS Cohort Juvenile Monitoring. "
150,5/30/2021,5,,"Columbia Basin Research, University of Washington. (2023). SacPAS Cohort Juvenile Monitoring. "
151,5/31/2021,5,,"Columbia Basin Research, University of Washington. (2023). SacPAS Cohort Juvenile Monitoring. "
152,6/1/2021,5,7,"Columbia Basin Research, University of Washington. (2023). SacPAS Cohort Juvenile Monitoring. "
153,6/2/2021,5,,"Columbia Basin Research, University of Washington. (2023). SacPAS Cohort Juvenile Monitoring. "
154,6/3/2021,5,7,"Columbia Basin Research, University of Washington. (2023). SacPAS Cohort Juvenile Monitoring. "
155,6/4/2021,5,7,"Columbia Basin Research, University of Washington. (2023). SacPAS Cohort Juvenile Monitoring. "
156,6/5/2021,5,,"Columbia Basin Research, University of Washington. (2023). SacPAS Cohort Juvenile Monitoring. "
157,6/6/2021,5,,"Columbia Basin Research, University of Washington. (2023). SacPAS Cohort Juvenile Monitoring. "
158,6/7/2021,5,7,"Columbia Basin Research, University of Washington. (2023). SacPAS Cohort Juvenile Monitoring. "
159,6/8/2021,5,,"Columbia Basin Research, University of Washington. (2023). SacPAS Cohort Juvenile Monitoring. "
160,6/9/2021,5,7,"Columbia Basin Research, University of Washington. (2023). SacPAS Cohort Juvenile Monitoring. "
161,6/10/2021,5,,"Columbia Basin Research, University of Washington. (2023). SacPAS Cohort Juvenile Monitoring. "
162,6/11/2021,5,7,"Columbia Basin Research, University of Washington. (2023). SacPAS Cohort Juvenile Monitoring. "
163,6/12/2021,5,,"Columbia Basin Research, University of Washington. (2023). SacPAS Cohort Juvenile Monitoring. "
164,6/13/2021,5,,"Columbia Basin Research, University of Washington. (2023). SacPAS Cohort Juvenile Monitoring. "
165,6/14/2021,5,7,"Columbia Basin Research, University of Washington. (2023). SacPAS Cohort Juvenile Monitoring. "
166,6/15/2021,5,,"Columbia Basin Research, University of Washington. (2023). SacPAS Cohort Juvenile Monitoring. "
167,6/16/2021,5,7,"Columbia Basin Research, University of Washington. (2023). SacPAS Cohort Juvenile Monitoring. "
168,6/17/2021,5,,"Columbia Basin Research, University of Washington. (2023). SacPAS Cohort Juvenile Monitoring. "
169,6/18/2021,5,7,"Columbia Basin Research, University of Washington. (2023). SacPAS Cohort Juvenile Monitoring. "
170,6/19/2021,5,,"Columbia Basin Research, University of Washington. (2023). SacPAS Cohort Juvenile Monitoring. "
171,6/20/2021,5,,"Columbia Basin Research, University of Washington. (2023). SacPAS Cohort Juvenile Monitoring. "
172,6/21/2021,5,7,"Columbia Basin Research, University of Washington. (2023). SacPAS Cohort Juvenile Monitoring. "
173,6/22/2021,5,,"Columbia Basin Research, University of Washington. (2023). SacPAS Cohort Juvenile Monitoring. "
174,6/23/2021,5,7,"Columbia Basin Research, University of Washington. (2023). SacPAS Cohort Juvenile Monitoring. "
175,6/24/2021,5,,"Columbia Basin Research, University of Washington. (2023). SacPAS Cohort Juvenile Monitoring. "
176,6/25/2021,5,7,"Columbia Basin Research, University of Washington. (2023). SacPAS Cohort Juvenile Monitoring. "
177,6/26/2021,5,,"Columbia Basin Research, University of Washington. (2023). SacPAS Cohort Juvenile Monitoring. "
178,6/27/2021,5,,"Columbia Basin Research, University of Washington. (2023). SacPAS Cohort Juvenile Monitoring. "
179,6/28/2021,5,7,"Columbia Basin Research, University of Washington. (2023). SacPAS Cohort Juvenile Monitoring. "
180,6/29/2021,5,,"Columbia Basin Research, University of Washington. (2023). SacPAS Cohort Juvenile Monitoring. "
181,6/30/2021,5,7,"Columbia Basin Research, University of Washington. (2023). SacPAS Cohort Juvenile Monitoring. "
182,7/1/2021,5,,"Columbia Basin Research, University of Washington. (2023). SacPAS Cohort Juvenile Monitoring. "
183,7/2/2021,5,7,"Columbia Basin Research, University of Washington. (2023). SacPAS Cohort Juvenile Monitoring. "
184,7/3/2021,5,,"Columbia Basin Research, University of Washington. (2023). SacPAS Cohort Juvenile Monitoring. "
185,7/4/2021,5,,"Columbia Basin Research, University of Washington. (2023). SacPAS Cohort Juvenile Monitoring. "
186,7/5/2021,5,,"Columbia Basin Research, University of Washington. (2023). SacPAS Cohort Juvenile Monitoring. "
187,7/6/2021,5,7,"Columbia Basin Research, University of Washington. (2023). SacPAS Cohort Juvenile Monitoring. "
188,7/7/2021,5,,"Columbia Basin Research, University of Washington. (2023). SacPAS Cohort Juvenile Monitoring. "
189,7/8/2021,5,7,"Columbia Basin Research, University of Washington. (2023). SacPAS Cohort Juvenile Monitoring. "
190,7/9/2021,5,7,"Columbia Basin Research, University of Washington. (2023). SacPAS Cohort Juvenile Monitoring. "
191,7/10/2021,5,,"Columbia Basin Research, University of Washington. (2023). SacPAS Cohort Juvenile Monitoring. "
192,7/11/2021,5,,"Columbia Basin Research, University of Washington. (2023). SacPAS Cohort Juvenile Monitoring. "
193,7/12/2021,5,7,"Columbia Basin Research, University of Washington. (2023). SacPAS Cohort Juvenile Monitoring. "
194,7/13/2021,5,,"Columbia Basin Research, University of Washington. (2023). SacPAS Cohort Juvenile Monitoring. "
195,7/14/2021,5,7,"Columbia Basin Research, University of Washington. (2023). SacPAS Cohort Juvenile Monitoring. "
196,7/15/2021,5,,"Columbia Basin Research, University of Washington. (2023). SacPAS Cohort Juvenile Monitoring. "
197,7/16/2021,5,7,"Columbia Basin Research, University of Washington. (2023). SacPAS Cohort Juvenile Monitoring. "
198,7/17/2021,5,,"Columbia Basin Research, University of Washington. (2023). SacPAS Cohort Juvenile Monitoring. "
199,7/18/2021,5,,"Columbia Basin Research, University of Washington. (2023). SacPAS Cohort Juvenile Monitoring. "
200,7/19/2021,5,7,"Columbia Basin Research, University of Washington. (2023). SacPAS Cohort Juvenile Monitoring. "
201,7/20/2021,5,,"Columbia Basin Research, University of Washington. (2023). SacPAS Cohort Juvenile Monitoring. "
202,7/21/2021,5,7,"Columbia Basin Research, University of Washington. (2023). SacPAS Cohort Juvenile Monitoring. "
203,7/22/2021,5,,"Columbia Basin Research, University of Washington. (2023). SacPAS Cohort Juvenile Monitoring. "
204,7/23/2021,5,7,"Columbia Basin Research, University of Washington. (2023). SacPAS Cohort Juvenile Monitoring. "
205,7/24/2021,5,,"Columbia Basin Research, University of Washington. (2023). SacPAS Cohort Juvenile Monitoring. "
206,7/25/2021,5,,"Columbia Basin Research, University of Washington. (2023). SacPAS Cohort Juvenile Monitoring. "
207,7/26/2021,5,7,"Columbia Basin Research, University of Washington. (2023). SacPAS Cohort Juvenile Monitoring. "
208,7/27/2021,5,,"Columbia Basin Research, University of Washington. (2023). SacPAS Cohort Juvenile Monitoring. "
209,7/28/2021,5,7,"Columbia Basin Research, University of Washington. (2023). SacPAS Cohort Juvenile Monitoring. "
210,7/29/2021,5,,"Columbia Basin Research, University of Washington. (2023). SacPAS Cohort Juvenile Monitoring. "
211,7/30/2021,5,7,"Columbia Basin Research, University of Washington. (2023). SacPAS Cohort Juvenile Monitoring. "
