Julian_Date,Date,Year,Real,source
184,3-Jul,1,0,"Columbia Basin Research, University of Washington. (2023). SacPAS Cohort Juvenile Monitoring. "
187,6-Jul,1,0,"Columbia Basin Research, University of Washington. (2023). SacPAS Cohort Juvenile Monitoring. "
188,7-Jul,1,0,"Columbia Basin Research, University of Washington. (2023). SacPAS Cohort Juvenile Monitoring. "
191,10-Jul,1,0,"Columbia Basin Research, University of Washington. (2023). SacPAS Cohort Juvenile Monitoring. "
192,11-Jul,1,,"Columbia Basin Research, University of Washington. (2023). SacPAS Cohort Juvenile Monitoring. "
193,12-Jul,1,0,"Columbia Basin Research, University of Washington. (2023). SacPAS Cohort Juvenile Monitoring. "
194,13-Jul,1,,"Columbia Basin Research, University of Washington. (2023). SacPAS Cohort Juvenile Monitoring. "
195,14-Jul,1,0,"Columbia Basin Research, University of Washington. (2023). SacPAS Cohort Juvenile Monitoring. "
198,17-Jul,1,0,"Columbia Basin Research, University of Washington. (2023). SacPAS Cohort Juvenile Monitoring. "
199,18-Jul,1,,"Columbia Basin Research, University of Washington. (2023). SacPAS Cohort Juvenile Monitoring. "
200,19-Jul,1,0,"Columbia Basin Research, University of Washington. (2023). SacPAS Cohort Juvenile Monitoring. "
202,21-Jul,1,0,"Columbia Basin Research, University of Washington. (2023). SacPAS Cohort Juvenile Monitoring. "
205,24-Jul,1,0,"Columbia Basin Research, University of Washington. (2023). SacPAS Cohort Juvenile Monitoring. "
206,25-Jul,1,,"Columbia Basin Research, University of Washington. (2023). SacPAS Cohort Juvenile Monitoring. "
207,26-Jul,1,0,"Columbia Basin Research, University of Washington. (2023). SacPAS Cohort Juvenile Monitoring. "
208,27-Jul,1,,"Columbia Basin Research, University of Washington. (2023). SacPAS Cohort Juvenile Monitoring. "
209,28-Jul,1,0,"Columbia Basin Research, University of Washington. (2023). SacPAS Cohort Juvenile Monitoring. "
212,31-Jul,1,0,"Columbia Basin Research, University of Washington. (2023). SacPAS Cohort Juvenile Monitoring. "
214,2-Aug,1,0,"Columbia Basin Research, University of Washington. (2023). SacPAS Cohort Juvenile Monitoring. "
215,3-Aug,1,,"Columbia Basin Research, University of Washington. (2023). SacPAS Cohort Juvenile Monitoring. "
216,4-Aug,1,0,"Columbia Basin Research, University of Washington. (2023). SacPAS Cohort Juvenile Monitoring. "
221,9-Aug,1,0,"Columbia Basin Research, University of Washington. (2023). SacPAS Cohort Juvenile Monitoring. "
223,11-Aug,1,0,"Columbia Basin Research, University of Washington. (2023). SacPAS Cohort Juvenile Monitoring. "
226,14-Aug,1,0,"Columbia Basin Research, University of Washington. (2023). SacPAS Cohort Juvenile Monitoring. "
227,15-Aug,1,,"Columbia Basin Research, University of Washington. (2023). SacPAS Cohort Juvenile Monitoring. "
228,16-Aug,1,0,"Columbia Basin Research, University of Washington. (2023). SacPAS Cohort Juvenile Monitoring. "
229,17-Aug,1,,"Columbia Basin Research, University of Washington. (2023). SacPAS Cohort Juvenile Monitoring. "
230,18-Aug,1,0,"Columbia Basin Research, University of Washington. (2023). SacPAS Cohort Juvenile Monitoring. "
231,19-Aug,1,,"Columbia Basin Research, University of Washington. (2023). SacPAS Cohort Juvenile Monitoring. "
232,20-Aug,1,,"Columbia Basin Research, University of Washington. (2023). SacPAS Cohort Juvenile Monitoring. "
233,21-Aug,1,0,"Columbia Basin Research, University of Washington. (2023). SacPAS Cohort Juvenile Monitoring. "
234,22-Aug,1,,"Columbia Basin Research, University of Washington. (2023). SacPAS Cohort Juvenile Monitoring. "
235,23-Aug,1,0,"Columbia Basin Research, University of Washington. (2023). SacPAS Cohort Juvenile Monitoring. "
236,24-Aug,1,,"Columbia Basin Research, University of Washington. (2023). SacPAS Cohort Juvenile Monitoring. "
237,25-Aug,1,0,"Columbia Basin Research, University of Washington. (2023). SacPAS Cohort Juvenile Monitoring. "
238,26-Aug,1,,"Columbia Basin Research, University of Washington. (2023). SacPAS Cohort Juvenile Monitoring. "
239,27-Aug,1,,"Columbia Basin Research, University of Washington. (2023). SacPAS Cohort Juvenile Monitoring. "
240,28-Aug,1,0,"Columbia Basin Research, University of Washington. (2023). SacPAS Cohort Juvenile Monitoring. "
241,29-Aug,1,,"Columbia Basin Research, University of Washington. (2023). SacPAS Cohort Juvenile Monitoring. "
242,30-Aug,1,0,"Columbia Basin Research, University of Washington. (2023). SacPAS Cohort Juvenile Monitoring. "
243,31-Aug,1,,"Columbia Basin Research, University of Washington. (2023). SacPAS Cohort Juvenile Monitoring. "
244,1-Sep,1,0,"Columbia Basin Research, University of Washington. (2023). SacPAS Cohort Juvenile Monitoring. "
249,6-Sep,1,0,"Columbia Basin Research, University of Washington. (2023). SacPAS Cohort Juvenile Monitoring. "
250,7-Sep,1,0,"Columbia Basin Research, University of Washington. (2023). SacPAS Cohort Juvenile Monitoring. "
251,8-Sep,1,0,"Columbia Basin Research, University of Washington. (2023). SacPAS Cohort Juvenile Monitoring. "
254,11-Sep,1,0,"Columbia Basin Research, University of Washington. (2023). SacPAS Cohort Juvenile Monitoring. "
255,12-Sep,1,,"Columbia Basin Research, University of Washington. (2023). SacPAS Cohort Juvenile Monitoring. "
256,13-Sep,1,0,"Columbia Basin Research, University of Washington. (2023). SacPAS Cohort Juvenile Monitoring. "
257,14-Sep,1,,"Columbia Basin Research, University of Washington. (2023). SacPAS Cohort Juvenile Monitoring. "
258,15-Sep,1,0,"Columbia Basin Research, University of Washington. (2023). SacPAS Cohort Juvenile Monitoring. "
261,18-Sep,1,0,"Columbia Basin Research, University of Washington. (2023). SacPAS Cohort Juvenile Monitoring. "
262,19-Sep,1,,"Columbia Basin Research, University of Washington. (2023). SacPAS Cohort Juvenile Monitoring. "
263,20-Sep,1,0,"Columbia Basin Research, University of Washington. (2023). SacPAS Cohort Juvenile Monitoring. "
264,21-Sep,1,,"Columbia Basin Research, University of Washington. (2023). SacPAS Cohort Juvenile Monitoring. "
265,22-Sep,1,0,"Columbia Basin Research, University of Washington. (2023). SacPAS Cohort Juvenile Monitoring. "
268,25-Sep,1,0,"Columbia Basin Research, University of Washington. (2023). SacPAS Cohort Juvenile Monitoring. "
269,26-Sep,1,,"Columbia Basin Research, University of Washington. (2023). SacPAS Cohort Juvenile Monitoring. "
270,27-Sep,1,0,"Columbia Basin Research, University of Washington. (2023). SacPAS Cohort Juvenile Monitoring. "
271,28-Sep,1,,"Columbia Basin Research, University of Washington. (2023). SacPAS Cohort Juvenile Monitoring. "
272,29-Sep,1,0,"Columbia Basin Research, University of Washington. (2023). SacPAS Cohort Juvenile Monitoring. "
273,30-Sep,1,,"Columbia Basin Research, University of Washington. (2023). SacPAS Cohort Juvenile Monitoring. "
274,1-Oct,1,,"Columbia Basin Research, University of Washington. (2023). SacPAS Cohort Juvenile Monitoring. "
275,2-Oct,1,0,"Columbia Basin Research, University of Washington. (2023). SacPAS Cohort Juvenile Monitoring. "
276,3-Oct,1,,"Columbia Basin Research, University of Washington. (2023). SacPAS Cohort Juvenile Monitoring. "
277,4-Oct,1,0,"Columbia Basin Research, University of Washington. (2023). SacPAS Cohort Juvenile Monitoring. "
278,5-Oct,1,0,"Columbia Basin Research, University of Washington. (2023). SacPAS Cohort Juvenile Monitoring. "
279,6-Oct,1,,"Columbia Basin Research, University of Washington. (2023). SacPAS Cohort Juvenile Monitoring. "
280,7-Oct,1,,"Columbia Basin Research, University of Washington. (2023). SacPAS Cohort Juvenile Monitoring. "
281,8-Oct,1,,"Columbia Basin Research, University of Washington. (2023). SacPAS Cohort Juvenile Monitoring. "
282,9-Oct,1,,"Columbia Basin Research, University of Washington. (2023). SacPAS Cohort Juvenile Monitoring. "
283,10-Oct,1,,"Columbia Basin Research, University of Washington. (2023). SacPAS Cohort Juvenile Monitoring. "
284,11-Oct,1,0,"Columbia Basin Research, University of Washington. (2023). SacPAS Cohort Juvenile Monitoring. "
285,12-Oct,1,0,"Columbia Basin Research, University of Washington. (2023). SacPAS Cohort Juvenile Monitoring. "
286,13-Oct,1,0,"Columbia Basin Research, University of Washington. (2023). SacPAS Cohort Juvenile Monitoring. "
287,14-Oct,1,,"Columbia Basin Research, University of Washington. (2023). SacPAS Cohort Juvenile Monitoring. "
288,15-Oct,1,,"Columbia Basin Research, University of Washington. (2023). SacPAS Cohort Juvenile Monitoring. "
289,16-Oct,1,0,"Columbia Basin Research, University of Washington. (2023). SacPAS Cohort Juvenile Monitoring. "
290,17-Oct,1,,"Columbia Basin Research, University of Washington. (2023). SacPAS Cohort Juvenile Monitoring. "
291,18-Oct,1,0,"Columbia Basin Research, University of Washington. (2023). SacPAS Cohort Juvenile Monitoring. "
292,19-Oct,1,,"Columbia Basin Research, University of Washington. (2023). SacPAS Cohort Juvenile Monitoring. "
293,20-Oct,1,0,"Columbia Basin Research, University of Washington. (2023). SacPAS Cohort Juvenile Monitoring. "
294,21-Oct,1,,"Columbia Basin Research, University of Washington. (2023). SacPAS Cohort Juvenile Monitoring. "
295,22-Oct,1,,"Columbia Basin Research, University of Washington. (2023). SacPAS Cohort Juvenile Monitoring. "
296,23-Oct,1,0,"Columbia Basin Research, University of Washington. (2023). SacPAS Cohort Juvenile Monitoring. "
297,24-Oct,1,,"Columbia Basin Research, University of Washington. (2023). SacPAS Cohort Juvenile Monitoring. "
298,25-Oct,1,0,"Columbia Basin Research, University of Washington. (2023). SacPAS Cohort Juvenile Monitoring. "
299,26-Oct,1,,"Columbia Basin Research, University of Washington. (2023). SacPAS Cohort Juvenile Monitoring. "
300,27-Oct,1,0,"Columbia Basin Research, University of Washington. (2023). SacPAS Cohort Juvenile Monitoring. "
301,28-Oct,1,,"Columbia Basin Research, University of Washington. (2023). SacPAS Cohort Juvenile Monitoring. "
302,29-Oct,1,,"Columbia Basin Research, University of Washington. (2023). SacPAS Cohort Juvenile Monitoring. "
303,30-Oct,1,,"Columbia Basin Research, University of Washington. (2023). SacPAS Cohort Juvenile Monitoring. "
304,31-Oct,1,0,"Columbia Basin Research, University of Washington. (2023). SacPAS Cohort Juvenile Monitoring. "
305,1-Nov,1,0,"Columbia Basin Research, University of Washington. (2023). SacPAS Cohort Juvenile Monitoring. "
306,2-Nov,1,,"Columbia Basin Research, University of Washington. (2023). SacPAS Cohort Juvenile Monitoring. "
307,3-Nov,1,0,"Columbia Basin Research, University of Washington. (2023). SacPAS Cohort Juvenile Monitoring. "
308,4-Nov,1,,"Columbia Basin Research, University of Washington. (2023). SacPAS Cohort Juvenile Monitoring. "
309,5-Nov,1,,"Columbia Basin Research, University of Washington. (2023). SacPAS Cohort Juvenile Monitoring. "
310,6-Nov,1,0,"Columbia Basin Research, University of Washington. (2023). SacPAS Cohort Juvenile Monitoring. "
311,7-Nov,1,0,"Columbia Basin Research, University of Washington. (2023). SacPAS Cohort Juvenile Monitoring. "
312,8-Nov,1,0,"Columbia Basin Research, University of Washington. (2023). SacPAS Cohort Juvenile Monitoring. "
313,9-Nov,1,,"Columbia Basin Research, University of Washington. (2023). SacPAS Cohort Juvenile Monitoring. "
314,10-Nov,1,,"Columbia Basin Research, University of Washington. (2023). SacPAS Cohort Juvenile Monitoring. "
315,11-Nov,1,,"Columbia Basin Research, University of Washington. (2023). SacPAS Cohort Juvenile Monitoring. "
316,12-Nov,1,,"Columbia Basin Research, University of Washington. (2023). SacPAS Cohort Juvenile Monitoring. "
317,13-Nov,1,0,"Columbia Basin Research, University of Washington. (2023). SacPAS Cohort Juvenile Monitoring. "
318,14-Nov,1,,"Columbia Basin Research, University of Washington. (2023). SacPAS Cohort Juvenile Monitoring. "
319,15-Nov,1,0,"Columbia Basin Research, University of Washington. (2023). SacPAS Cohort Juvenile Monitoring. "
320,16-Nov,1,,"Columbia Basin Research, University of Washington. (2023). SacPAS Cohort Juvenile Monitoring. "
321,17-Nov,1,0,"Columbia Basin Research, University of Washington. (2023). SacPAS Cohort Juvenile Monitoring. "
322,18-Nov,1,,"Columbia Basin Research, University of Washington. (2023). SacPAS Cohort Juvenile Monitoring. "
323,19-Nov,1,,"Columbia Basin Research, University of Washington. (2023). SacPAS Cohort Juvenile Monitoring. "
324,20-Nov,1,0,"Columbia Basin Research, University of Washington. (2023). SacPAS Cohort Juvenile Monitoring. "
325,21-Nov,1,0,"Columbia Basin Research, University of Washington. (2023). SacPAS Cohort Juvenile Monitoring. "
326,22-Nov,1,0,"Columbia Basin Research, University of Washington. (2023). SacPAS Cohort Juvenile Monitoring. "
327,23-Nov,1,,"Columbia Basin Research, University of Washington. (2023). SacPAS Cohort Juvenile Monitoring. "
328,24-Nov,1,,"Columbia Basin Research, University of Washington. (2023). SacPAS Cohort Juvenile Monitoring. "
329,25-Nov,1,,"Columbia Basin Research, University of Washington. (2023). SacPAS Cohort Juvenile Monitoring. "
330,26-Nov,1,,"Columbia Basin Research, University of Washington. (2023). SacPAS Cohort Juvenile Monitoring. "
331,27-Nov,1,0,"Columbia Basin Research, University of Washington. (2023). SacPAS Cohort Juvenile Monitoring. "
332,28-Nov,1,,"Columbia Basin Research, University of Washington. (2023). SacPAS Cohort Juvenile Monitoring. "
333,29-Nov,1,0,"Columbia Basin Research, University of Washington. (2023). SacPAS Cohort Juvenile Monitoring. "
334,30-Nov,1,,"Columbia Basin Research, University of Washington. (2023). SacPAS Cohort Juvenile Monitoring. "
335,1-Dec,1,0,"Columbia Basin Research, University of Washington. (2023). SacPAS Cohort Juvenile Monitoring. "
336,2-Dec,1,,"Columbia Basin Research, University of Washington. (2023). SacPAS Cohort Juvenile Monitoring. "
337,3-Dec,1,,"Columbia Basin Research, University of Washington. (2023). SacPAS Cohort Juvenile Monitoring. "
338,4-Dec,1,0,"Columbia Basin Research, University of Washington. (2023). SacPAS Cohort Juvenile Monitoring. "
339,5-Dec,1,0,"Columbia Basin Research, University of Washington. (2023). SacPAS Cohort Juvenile Monitoring. "
340,6-Dec,1,0,"Columbia Basin Research, University of Washington. (2023). SacPAS Cohort Juvenile Monitoring. "
341,7-Dec,1,,"Columbia Basin Research, University of Washington. (2023). SacPAS Cohort Juvenile Monitoring. "
342,8-Dec,1,,"Columbia Basin Research, University of Washington. (2023). SacPAS Cohort Juvenile Monitoring. "
343,9-Dec,1,,"Columbia Basin Research, University of Washington. (2023). SacPAS Cohort Juvenile Monitoring. "
344,10-Dec,1,,"Columbia Basin Research, University of Washington. (2023). SacPAS Cohort Juvenile Monitoring. "
345,11-Dec,1,0,"Columbia Basin Research, University of Washington. (2023). SacPAS Cohort Juvenile Monitoring. "
346,12-Dec,1,,"Columbia Basin Research, University of Washington. (2023). SacPAS Cohort Juvenile Monitoring. "
347,13-Dec,1,0,"Columbia Basin Research, University of Washington. (2023). SacPAS Cohort Juvenile Monitoring. "
348,14-Dec,1,,"Columbia Basin Research, University of Washington. (2023). SacPAS Cohort Juvenile Monitoring. "
349,15-Dec,1,0,"Columbia Basin Research, University of Washington. (2023). SacPAS Cohort Juvenile Monitoring. "
350,16-Dec,1,,"Columbia Basin Research, University of Washington. (2023). SacPAS Cohort Juvenile Monitoring. "
351,17-Dec,1,,"Columbia Basin Research, University of Washington. (2023). SacPAS Cohort Juvenile Monitoring. "
352,18-Dec,1,,"Columbia Basin Research, University of Washington. (2023). SacPAS Cohort Juvenile Monitoring. "
353,19-Dec,1,0,"Columbia Basin Research, University of Washington. (2023). SacPAS Cohort Juvenile Monitoring. "
354,20-Dec,1,0,"Columbia Basin Research, University of Washington. (2023). SacPAS Cohort Juvenile Monitoring. "
355,21-Dec,1,,"Columbia Basin Research, University of Washington. (2023). SacPAS Cohort Juvenile Monitoring. "
356,22-Dec,1,0,"Columbia Basin Research, University of Washington. (2023). SacPAS Cohort Juvenile Monitoring. "
357,23-Dec,1,,"Columbia Basin Research, University of Washington. (2023). SacPAS Cohort Juvenile Monitoring. "
358,24-Dec,1,,"Columbia Basin Research, University of Washington. (2023). SacPAS Cohort Juvenile Monitoring. "
359,25-Dec,1,,"Columbia Basin Research, University of Washington. (2023). SacPAS Cohort Juvenile Monitoring. "
360,26-Dec,1,0,"Columbia Basin Research, University of Washington. (2023). SacPAS Cohort Juvenile Monitoring. "
361,27-Dec,1,0,"Columbia Basin Research, University of Washington. (2023). SacPAS Cohort Juvenile Monitoring. "
362,28-Dec,1,0,"Columbia Basin Research, University of Washington. (2023). SacPAS Cohort Juvenile Monitoring. "
363,29-Dec,1,,"Columbia Basin Research, University of Washington. (2023). SacPAS Cohort Juvenile Monitoring. "
364,30-Dec,1,,"Columbia Basin Research, University of Washington. (2023). SacPAS Cohort Juvenile Monitoring. "
365,31-Dec,1,,"Columbia Basin Research, University of Washington. (2023). SacPAS Cohort Juvenile Monitoring. "
1,1-Jan,2,,"Columbia Basin Research, University of Washington. (2023). SacPAS Cohort Juvenile Monitoring. "
2,2-Jan,2,0,"Columbia Basin Research, University of Washington. (2023). SacPAS Cohort Juvenile Monitoring. "
3,3-Jan,2,0,"Columbia Basin Research, University of Washington. (2023). SacPAS Cohort Juvenile Monitoring. "
4,4-Jan,2,0,"Columbia Basin Research, University of Washington. (2023). SacPAS Cohort Juvenile Monitoring. "
5,5-Jan,2,0,"Columbia Basin Research, University of Washington. (2023). SacPAS Cohort Juvenile Monitoring. "
6,6-Jan,2,0,"Columbia Basin Research, University of Washington. (2023). SacPAS Cohort Juvenile Monitoring. "
7,7-Jan,2,0,"Columbia Basin Research, University of Washington. (2023). SacPAS Cohort Juvenile Monitoring. "
8,8-Jan,2,0,"Columbia Basin Research, University of Washington. (2023). SacPAS Cohort Juvenile Monitoring. "
9,9-Jan,2,0,"Columbia Basin Research, University of Washington. (2023). SacPAS Cohort Juvenile Monitoring. "
10,10-Jan,2,0,"Columbia Basin Research, University of Washington. (2023). SacPAS Cohort Juvenile Monitoring. "
11,11-Jan,2,0,"Columbia Basin Research, University of Washington. (2023). SacPAS Cohort Juvenile Monitoring. "
12,12-Jan,2,0,"Columbia Basin Research, University of Washington. (2023). SacPAS Cohort Juvenile Monitoring. "
13,13-Jan,2,0,"Columbia Basin Research, University of Washington. (2023). SacPAS Cohort Juvenile Monitoring. "
14,14-Jan,2,0,"Columbia Basin Research, University of Washington. (2023). SacPAS Cohort Juvenile Monitoring. "
15,15-Jan,2,0,"Columbia Basin Research, University of Washington. (2023). SacPAS Cohort Juvenile Monitoring. "
16,16-Jan,2,0,"Columbia Basin Research, University of Washington. (2023). SacPAS Cohort Juvenile Monitoring. "
17,17-Jan,2,0,"Columbia Basin Research, University of Washington. (2023). SacPAS Cohort Juvenile Monitoring. "
18,18-Jan,2,0,"Columbia Basin Research, University of Washington. (2023). SacPAS Cohort Juvenile Monitoring. "
19,19-Jan,2,0,"Columbia Basin Research, University of Washington. (2023). SacPAS Cohort Juvenile Monitoring. "
20,20-Jan,2,1,"Columbia Basin Research, University of Washington. (2023). SacPAS Cohort Juvenile Monitoring. "
21,21-Jan,2,1,"Columbia Basin Research, University of Washington. (2023). SacPAS Cohort Juvenile Monitoring. "
22,22-Jan,2,2,"Columbia Basin Research, University of Washington. (2023). SacPAS Cohort Juvenile Monitoring. "
23,23-Jan,2,2,"Columbia Basin Research, University of Washington. (2023). SacPAS Cohort Juvenile Monitoring. "
24,24-Jan,2,2,"Columbia Basin Research, University of Washington. (2023). SacPAS Cohort Juvenile Monitoring. "
25,25-Jan,2,2,"Columbia Basin Research, University of Washington. (2023). SacPAS Cohort Juvenile Monitoring. "
26,26-Jan,2,2,"Columbia Basin Research, University of Washington. (2023). SacPAS Cohort Juvenile Monitoring. "
27,27-Jan,2,2,"Columbia Basin Research, University of Washington. (2023). SacPAS Cohort Juvenile Monitoring. "
28,28-Jan,2,2,"Columbia Basin Research, University of Washington. (2023). SacPAS Cohort Juvenile Monitoring. "
29,29-Jan,2,2,"Columbia Basin Research, University of Washington. (2023). SacPAS Cohort Juvenile Monitoring. "
30,30-Jan,2,3,"Columbia Basin Research, University of Washington. (2023). SacPAS Cohort Juvenile Monitoring. "
31,31-Jan,2,3,"Columbia Basin Research, University of Washington. (2023). SacPAS Cohort Juvenile Monitoring. "
32,1-Feb,2,3,"Columbia Basin Research, University of Washington. (2023). SacPAS Cohort Juvenile Monitoring. "
33,2-Feb,2,4,"Columbia Basin Research, University of Washington. (2023). SacPAS Cohort Juvenile Monitoring. "
34,3-Feb,2,4,"Columbia Basin Research, University of Washington. (2023). SacPAS Cohort Juvenile Monitoring. "
35,4-Feb,2,4,"Columbia Basin Research, University of Washington. (2023). SacPAS Cohort Juvenile Monitoring. "
36,5-Feb,2,7,"Columbia Basin Research, University of Washington. (2023). SacPAS Cohort Juvenile Monitoring. "
37,6-Feb,2,9,"Columbia Basin Research, University of Washington. (2023). SacPAS Cohort Juvenile Monitoring. "
38,7-Feb,2,9,"Columbia Basin Research, University of Washington. (2023). SacPAS Cohort Juvenile Monitoring. "
39,8-Feb,2,9,"Columbia Basin Research, University of Washington. (2023). SacPAS Cohort Juvenile Monitoring. "
40,9-Feb,2,9,"Columbia Basin Research, University of Washington. (2023). SacPAS Cohort Juvenile Monitoring. "
41,10-Feb,2,9,"Columbia Basin Research, University of Washington. (2023). SacPAS Cohort Juvenile Monitoring. "
42,11-Feb,2,9,"Columbia Basin Research, University of Washington. (2023). SacPAS Cohort Juvenile Monitoring. "
43,12-Feb,2,,"Columbia Basin Research, University of Washington. (2023). SacPAS Cohort Juvenile Monitoring. "
44,13-Feb,2,9,"Columbia Basin Research, University of Washington. (2023). SacPAS Cohort Juvenile Monitoring. "
45,14-Feb,2,9,"Columbia Basin Research, University of Washington. (2023). SacPAS Cohort Juvenile Monitoring. "
46,15-Feb,2,9,"Columbia Basin Research, University of Washington. (2023). SacPAS Cohort Juvenile Monitoring. "
47,16-Feb,2,,"Columbia Basin Research, University of Washington. (2023). SacPAS Cohort Juvenile Monitoring. "
48,17-Feb,2,10,"Columbia Basin Research, University of Washington. (2023). SacPAS Cohort Juvenile Monitoring. "
49,18-Feb,2,10,"Columbia Basin Research, University of Washington. (2023). SacPAS Cohort Juvenile Monitoring. "
50,19-Feb,2,,"Columbia Basin Research, University of Washington. (2023). SacPAS Cohort Juvenile Monitoring. "
51,20-Feb,2,10,"Columbia Basin Research, University of Washington. (2023). SacPAS Cohort Juvenile Monitoring. "
52,21-Feb,2,10,"Columbia Basin Research, University of Washington. (2023). SacPAS Cohort Juvenile Monitoring. "
53,22-Feb,2,10,"Columbia Basin Research, University of Washington. (2023). SacPAS Cohort Juvenile Monitoring. "
54,23-Feb,2,,"Columbia Basin Research, University of Washington. (2023). SacPAS Cohort Juvenile Monitoring. "
55,24-Feb,2,10,"Columbia Basin Research, University of Washington. (2023). SacPAS Cohort Juvenile Monitoring. "
56,25-Feb,2,10,"Columbia Basin Research, University of Washington. (2023). SacPAS Cohort Juvenile Monitoring. "
57,26-Feb,2,,"Columbia Basin Research, University of Washington. (2023). SacPAS Cohort Juvenile Monitoring. "
58,27-Feb,2,10,"Columbia Basin Research, University of Washington. (2023). SacPAS Cohort Juvenile Monitoring. "
59,28-Feb,2,10,"Columbia Basin Research, University of Washington. (2023). SacPAS Cohort Juvenile Monitoring. "
60,1-Mar,2,11,"Columbia Basin Research, University of Washington. (2023). SacPAS Cohort Juvenile Monitoring. "
61,2-Mar,2,,"Columbia Basin Research, University of Washington. (2023). SacPAS Cohort Juvenile Monitoring. "
62,3-Mar,2,14,"Columbia Basin Research, University of Washington. (2023). SacPAS Cohort Juvenile Monitoring. "
63,4-Mar,2,16,"Columbia Basin Research, University of Washington. (2023). SacPAS Cohort Juvenile Monitoring. "
64,5-Mar,2,,"Columbia Basin Research, University of Washington. (2023). SacPAS Cohort Juvenile Monitoring. "
65,6-Mar,2,16,"Columbia Basin Research, University of Washington. (2023). SacPAS Cohort Juvenile Monitoring. "
66,7-Mar,2,20,"Columbia Basin Research, University of Washington. (2023). SacPAS Cohort Juvenile Monitoring. "
67,8-Mar,2,20,"Columbia Basin Research, University of Washington. (2023). SacPAS Cohort Juvenile Monitoring. "
68,9-Mar,2,,"Columbia Basin Research, University of Washington. (2023). SacPAS Cohort Juvenile Monitoring. "
69,10-Mar,2,20,"Columbia Basin Research, University of Washington. (2023). SacPAS Cohort Juvenile Monitoring. "
70,11-Mar,2,20,"Columbia Basin Research, University of Washington. (2023). SacPAS Cohort Juvenile Monitoring. "
71,12-Mar,2,,"Columbia Basin Research, University of Washington. (2023). SacPAS Cohort Juvenile Monitoring. "
72,13-Mar,2,20,"Columbia Basin Research, University of Washington. (2023). SacPAS Cohort Juvenile Monitoring. "
73,14-Mar,2,21,"Columbia Basin Research, University of Washington. (2023). SacPAS Cohort Juvenile Monitoring. "
74,15-Mar,2,23,"Columbia Basin Research, University of Washington. (2023). SacPAS Cohort Juvenile Monitoring. "
75,16-Mar,2,,"Columbia Basin Research, University of Washington. (2023). SacPAS Cohort Juvenile Monitoring. "
76,17-Mar,2,24,"Columbia Basin Research, University of Washington. (2023). SacPAS Cohort Juvenile Monitoring. "
77,18-Mar,2,25,"Columbia Basin Research, University of Washington. (2023). SacPAS Cohort Juvenile Monitoring. "
78,19-Mar,2,,"Columbia Basin Research, University of Washington. (2023). SacPAS Cohort Juvenile Monitoring. "
79,20-Mar,2,33,"Columbia Basin Research, University of Washington. (2023). SacPAS Cohort Juvenile Monitoring. "
80,21-Mar,2,38,"Columbia Basin Research, University of Washington. (2023). SacPAS Cohort Juvenile Monitoring. "
81,22-Mar,2,43,"Columbia Basin Research, University of Washington. (2023). SacPAS Cohort Juvenile Monitoring. "
82,23-Mar,2,,"Columbia Basin Research, University of Washington. (2023). SacPAS Cohort Juvenile Monitoring. "
83,24-Mar,2,43,"Columbia Basin Research, University of Washington. (2023). SacPAS Cohort Juvenile Monitoring. "
84,25-Mar,2,45,"Columbia Basin Research, University of Washington. (2023). SacPAS Cohort Juvenile Monitoring. "
85,26-Mar,2,,"Columbia Basin Research, University of Washington. (2023). SacPAS Cohort Juvenile Monitoring. "
86,27-Mar,2,49,"Columbia Basin Research, University of Washington. (2023). SacPAS Cohort Juvenile Monitoring. "
87,28-Mar,2,52,"Columbia Basin Research, University of Washington. (2023). SacPAS Cohort Juvenile Monitoring. "
88,29-Mar,2,55,"Columbia Basin Research, University of Washington. (2023). SacPAS Cohort Juvenile Monitoring. "
89,30-Mar,2,,"Columbia Basin Research, University of Washington. (2023). SacPAS Cohort Juvenile Monitoring. "
90,31-Mar,2,57,"Columbia Basin Research, University of Washington. (2023). SacPAS Cohort Juvenile Monitoring. "
91,1-Apr,2,58,"Columbia Basin Research, University of Washington. (2023). SacPAS Cohort Juvenile Monitoring. "
92,2-Apr,2,,"Columbia Basin Research, University of Washington. (2023). SacPAS Cohort Juvenile Monitoring. "
93,3-Apr,2,59,"Columbia Basin Research, University of Washington. (2023). SacPAS Cohort Juvenile Monitoring. "
94,4-Apr,2,60,"Columbia Basin Research, University of Washington. (2023). SacPAS Cohort Juvenile Monitoring. "
95,5-Apr,2,60,"Columbia Basin Research, University of Washington. (2023). SacPAS Cohort Juvenile Monitoring. "
96,6-Apr,2,,"Columbia Basin Research, University of Washington. (2023). SacPAS Cohort Juvenile Monitoring. "
97,7-Apr,2,60,"Columbia Basin Research, University of Washington. (2023). SacPAS Cohort Juvenile Monitoring. "
98,8-Apr,2,60,"Columbia Basin Research, University of Washington. (2023). SacPAS Cohort Juvenile Monitoring. "
99,9-Apr,2,,"Columbia Basin Research, University of Washington. (2023). SacPAS Cohort Juvenile Monitoring. "
100,10-Apr,2,60,"Columbia Basin Research, University of Washington. (2023). SacPAS Cohort Juvenile Monitoring. "
101,11-Apr,2,60,"Columbia Basin Research, University of Washington. (2023). SacPAS Cohort Juvenile Monitoring. "
102,12-Apr,2,61,"Columbia Basin Research, University of Washington. (2023). SacPAS Cohort Juvenile Monitoring. "
103,13-Apr,2,,"Columbia Basin Research, University of Washington. (2023). SacPAS Cohort Juvenile Monitoring. "
104,14-Apr,2,73,"Columbia Basin Research, University of Washington. (2023). SacPAS Cohort Juvenile Monitoring. "
105,15-Apr,2,83,"Columbia Basin Research, University of Washington. (2023). SacPAS Cohort Juvenile Monitoring. "
106,16-Apr,2,,"Columbia Basin Research, University of Washington. (2023). SacPAS Cohort Juvenile Monitoring. "
107,17-Apr,2,87,"Columbia Basin Research, University of Washington. (2023). SacPAS Cohort Juvenile Monitoring. "
108,18-Apr,2,87,"Columbia Basin Research, University of Washington. (2023). SacPAS Cohort Juvenile Monitoring. "
109,19-Apr,2,87,"Columbia Basin Research, University of Washington. (2023). SacPAS Cohort Juvenile Monitoring. "
110,20-Apr,2,87,"Columbia Basin Research, University of Washington. (2023). SacPAS Cohort Juvenile Monitoring. "
111,21-Apr,2,89,"Columbia Basin Research, University of Washington. (2023). SacPAS Cohort Juvenile Monitoring. "
112,22-Apr,2,89,"Columbia Basin Research, University of Washington. (2023). SacPAS Cohort Juvenile Monitoring. "
113,23-Apr,2,89,"Columbia Basin Research, University of Washington. (2023). SacPAS Cohort Juvenile Monitoring. "
114,24-Apr,2,89,"Columbia Basin Research, University of Washington. (2023). SacPAS Cohort Juvenile Monitoring. "
115,25-Apr,2,89,"Columbia Basin Research, University of Washington. (2023). SacPAS Cohort Juvenile Monitoring. "
116,26-Apr,2,,"Columbia Basin Research, University of Washington. (2023). SacPAS Cohort Juvenile Monitoring. "
117,27-Apr,2,89,"Columbia Basin Research, University of Washington. (2023). SacPAS Cohort Juvenile Monitoring. "
118,28-Apr,2,89,"Columbia Basin Research, University of Washington. (2023). SacPAS Cohort Juvenile Monitoring. "
119,29-Apr,2,89,"Columbia Basin Research, University of Washington. (2023). SacPAS Cohort Juvenile Monitoring. "
120,30-Apr,2,89,"Columbia Basin Research, University of Washington. (2023). SacPAS Cohort Juvenile Monitoring. "
121,1-May,2,89,"Columbia Basin Research, University of Washington. (2023). SacPAS Cohort Juvenile Monitoring. "
122,2-May,2,89,"Columbia Basin Research, University of Washington. (2023). SacPAS Cohort Juvenile Monitoring. "
123,3-May,2,89,"Columbia Basin Research, University of Washington. (2023). SacPAS Cohort Juvenile Monitoring. "
124,4-May,2,,"Columbia Basin Research, University of Washington. (2023). SacPAS Cohort Juvenile Monitoring. "
125,5-May,2,,"Columbia Basin Research, University of Washington. (2023). SacPAS Cohort Juvenile Monitoring. "
126,6-May,2,,"Columbia Basin Research, University of Washington. (2023). SacPAS Cohort Juvenile Monitoring. "
127,7-May,2,89,"Columbia Basin Research, University of Washington. (2023). SacPAS Cohort Juvenile Monitoring. "
128,8-May,2,,"Columbia Basin Research, University of Washington. (2023). SacPAS Cohort Juvenile Monitoring. "
129,9-May,2,89,"Columbia Basin Research, University of Washington. (2023). SacPAS Cohort Juvenile Monitoring. "
130,10-May,2,,"Columbia Basin Research, University of Washington. (2023). SacPAS Cohort Juvenile Monitoring. "
131,11-May,2,89,"Columbia Basin Research, University of Washington. (2023). SacPAS Cohort Juvenile Monitoring. "
132,12-May,2,,"Columbia Basin Research, University of Washington. (2023). SacPAS Cohort Juvenile Monitoring. "
133,13-May,2,89,"Columbia Basin Research, University of Washington. (2023). SacPAS Cohort Juvenile Monitoring. "
134,14-May,2,89,"Columbia Basin Research, University of Washington. (2023). SacPAS Cohort Juvenile Monitoring. "
135,15-May,2,89,"Columbia Basin Research, University of Washington. (2023). SacPAS Cohort Juvenile Monitoring. "
136,16-May,2,89,"Columbia Basin Research, University of Washington. (2023). SacPAS Cohort Juvenile Monitoring. "
137,17-May,2,89,"Columbia Basin Research, University of Washington. (2023). SacPAS Cohort Juvenile Monitoring. "
138,18-May,2,89,"Columbia Basin Research, University of Washington. (2023). SacPAS Cohort Juvenile Monitoring. "
139,19-May,2,89,"Columbia Basin Research, University of Washington. (2023). SacPAS Cohort Juvenile Monitoring. "
140,20-May,2,89,"Columbia Basin Research, University of Washington. (2023). SacPAS Cohort Juvenile Monitoring. "
141,21-May,2,,"Columbia Basin Research, University of Washington. (2023). SacPAS Cohort Juvenile Monitoring. "
142,22-May,2,,"Columbia Basin Research, University of Washington. (2023). SacPAS Cohort Juvenile Monitoring. "
143,23-May,2,89,"Columbia Basin Research, University of Washington. (2023). SacPAS Cohort Juvenile Monitoring. "
144,24-May,2,,"Columbia Basin Research, University of Washington. (2023). SacPAS Cohort Juvenile Monitoring. "
145,25-May,2,,"Columbia Basin Research, University of Washington. (2023). SacPAS Cohort Juvenile Monitoring. "
146,26-May,2,89,"Columbia Basin Research, University of Washington. (2023). SacPAS Cohort Juvenile Monitoring. "
147,27-May,2,89,"Columbia Basin Research, University of Washington. (2023). SacPAS Cohort Juvenile Monitoring. "
148,28-May,2,89,"Columbia Basin Research, University of Washington. (2023). SacPAS Cohort Juvenile Monitoring. "
149,29-May,2,89,"Columbia Basin Research, University of Washington. (2023). SacPAS Cohort Juvenile Monitoring. "
150,30-May,2,89,"Columbia Basin Research, University of Washington. (2023). SacPAS Cohort Juvenile Monitoring. "
151,31-May,2,89,"Columbia Basin Research, University of Washington. (2023). SacPAS Cohort Juvenile Monitoring. "
152,1-Jun,2,89,"Columbia Basin Research, University of Washington. (2023). SacPAS Cohort Juvenile Monitoring. "
153,2-Jun,2,,"Columbia Basin Research, University of Washington. (2023). SacPAS Cohort Juvenile Monitoring. "
154,3-Jun,2,,"Columbia Basin Research, University of Washington. (2023). SacPAS Cohort Juvenile Monitoring. "
155,4-Jun,2,89,"Columbia Basin Research, University of Washington. (2023). SacPAS Cohort Juvenile Monitoring. "
156,5-Jun,2,,"Columbia Basin Research, University of Washington. (2023). SacPAS Cohort Juvenile Monitoring. "
157,6-Jun,2,89,"Columbia Basin Research, University of Washington. (2023). SacPAS Cohort Juvenile Monitoring. "
158,7-Jun,2,,"Columbia Basin Research, University of Washington. (2023). SacPAS Cohort Juvenile Monitoring. "
159,8-Jun,2,89,"Columbia Basin Research, University of Washington. (2023). SacPAS Cohort Juvenile Monitoring. "
160,9-Jun,2,,"Columbia Basin Research, University of Washington. (2023). SacPAS Cohort Juvenile Monitoring. "
161,10-Jun,2,,"Columbia Basin Research, University of Washington. (2023). SacPAS Cohort Juvenile Monitoring. "
162,11-Jun,2,89,"Columbia Basin Research, University of Washington. (2023). SacPAS Cohort Juvenile Monitoring. "
163,12-Jun,2,,"Columbia Basin Research, University of Washington. (2023). SacPAS Cohort Juvenile Monitoring. "
164,13-Jun,2,89,"Columbia Basin Research, University of Washington. (2023). SacPAS Cohort Juvenile Monitoring. "
165,14-Jun,2,,"Columbia Basin Research, University of Washington. (2023). SacPAS Cohort Juvenile Monitoring. "
166,15-Jun,2,89,"Columbia Basin Research, University of Washington. (2023). SacPAS Cohort Juvenile Monitoring. "
167,16-Jun,2,,"Columbia Basin Research, University of Washington. (2023). SacPAS Cohort Juvenile Monitoring. "
168,17-Jun,2,,"Columbia Basin Research, University of Washington. (2023). SacPAS Cohort Juvenile Monitoring. "
169,18-Jun,2,89,"Columbia Basin Research, University of Washington. (2023). SacPAS Cohort Juvenile Monitoring. "
170,19-Jun,2,,"Columbia Basin Research, University of Washington. (2023). SacPAS Cohort Juvenile Monitoring. "
171,20-Jun,2,89,"Columbia Basin Research, University of Washington. (2023). SacPAS Cohort Juvenile Monitoring. "
172,21-Jun,2,,"Columbia Basin Research, University of Washington. (2023). SacPAS Cohort Juvenile Monitoring. "
173,22-Jun,2,89,"Columbia Basin Research, University of Washington. (2023). SacPAS Cohort Juvenile Monitoring. "
174,23-Jun,2,,"Columbia Basin Research, University of Washington. (2023). SacPAS Cohort Juvenile Monitoring. "
175,24-Jun,2,,"Columbia Basin Research, University of Washington. (2023). SacPAS Cohort Juvenile Monitoring. "
176,25-Jun,2,89,"Columbia Basin Research, University of Washington. (2023). SacPAS Cohort Juvenile Monitoring. "
177,26-Jun,2,,"Columbia Basin Research, University of Washington. (2023). SacPAS Cohort Juvenile Monitoring. "
178,27-Jun,2,89,"Columbia Basin Research, University of Washington. (2023). SacPAS Cohort Juvenile Monitoring. "
179,28-Jun,2,,"Columbia Basin Research, University of Washington. (2023). SacPAS Cohort Juvenile Monitoring. "
180,29-Jun,2,89,"Columbia Basin Research, University of Washington. (2023). SacPAS Cohort Juvenile Monitoring. "
183,2-Jul,2,0,"Columbia Basin Research, University of Washington. (2023). SacPAS Cohort Juvenile Monitoring. "
184,3-Jul,2,0,"Columbia Basin Research, University of Washington. (2023). SacPAS Cohort Juvenile Monitoring. "
185,4-Jul,2,,"Columbia Basin Research, University of Washington. (2023). SacPAS Cohort Juvenile Monitoring. "
186,5-Jul,2,,"Columbia Basin Research, University of Washington. (2023). SacPAS Cohort Juvenile Monitoring. "
187,6-Jul,2,0,"Columbia Basin Research, University of Washington. (2023). SacPAS Cohort Juvenile Monitoring. "
188,7-Jul,2,,"Columbia Basin Research, University of Washington. (2023). SacPAS Cohort Juvenile Monitoring. "
189,8-Jul,2,,"Columbia Basin Research, University of Washington. (2023). SacPAS Cohort Juvenile Monitoring. "
190,9-Jul,2,0,"Columbia Basin Research, University of Washington. (2023). SacPAS Cohort Juvenile Monitoring. "
191,10-Jul,2,,"Columbia Basin Research, University of Washington. (2023). SacPAS Cohort Juvenile Monitoring. "
192,11-Jul,2,0,"Columbia Basin Research, University of Washington. (2023). SacPAS Cohort Juvenile Monitoring. "
193,12-Jul,2,,"Columbia Basin Research, University of Washington. (2023). SacPAS Cohort Juvenile Monitoring. "
194,13-Jul,2,0,"Columbia Basin Research, University of Washington. (2023). SacPAS Cohort Juvenile Monitoring. "
195,14-Jul,2,,"Columbia Basin Research, University of Washington. (2023). SacPAS Cohort Juvenile Monitoring. "
196,15-Jul,2,,"Columbia Basin Research, University of Washington. (2023). SacPAS Cohort Juvenile Monitoring. "
197,16-Jul,2,0,"Columbia Basin Research, University of Washington. (2023). SacPAS Cohort Juvenile Monitoring. "
198,17-Jul,2,,"Columbia Basin Research, University of Washington. (2023). SacPAS Cohort Juvenile Monitoring. "
199,18-Jul,2,0,"Columbia Basin Research, University of Washington. (2023). SacPAS Cohort Juvenile Monitoring. "
200,19-Jul,2,,"Columbia Basin Research, University of Washington. (2023). SacPAS Cohort Juvenile Monitoring. "
201,20-Jul,2,0,"Columbia Basin Research, University of Washington. (2023). SacPAS Cohort Juvenile Monitoring. "
202,21-Jul,2,,"Columbia Basin Research, University of Washington. (2023). SacPAS Cohort Juvenile Monitoring. "
203,22-Jul,2,,"Columbia Basin Research, University of Washington. (2023). SacPAS Cohort Juvenile Monitoring. "
204,23-Jul,2,0,"Columbia Basin Research, University of Washington. (2023). SacPAS Cohort Juvenile Monitoring. "
205,24-Jul,2,,"Columbia Basin Research, University of Washington. (2023). SacPAS Cohort Juvenile Monitoring. "
206,25-Jul,2,0,"Columbia Basin Research, University of Washington. (2023). SacPAS Cohort Juvenile Monitoring. "
207,26-Jul,2,,"Columbia Basin Research, University of Washington. (2023). SacPAS Cohort Juvenile Monitoring. "
208,27-Jul,2,0,"Columbia Basin Research, University of Washington. (2023). SacPAS Cohort Juvenile Monitoring. "
209,28-Jul,2,,"Columbia Basin Research, University of Washington. (2023). SacPAS Cohort Juvenile Monitoring. "
210,29-Jul,2,,"Columbia Basin Research, University of Washington. (2023). SacPAS Cohort Juvenile Monitoring. "
211,30-Jul,2,0,"Columbia Basin Research, University of Washington. (2023). SacPAS Cohort Juvenile Monitoring. "
212,31-Jul,2,,"Columbia Basin Research, University of Washington. (2023). SacPAS Cohort Juvenile Monitoring. "
213,1-Aug,2,0,"Columbia Basin Research, University of Washington. (2023). SacPAS Cohort Juvenile Monitoring. "
214,2-Aug,2,,"Columbia Basin Research, University of Washington. (2023). SacPAS Cohort Juvenile Monitoring. "
215,3-Aug,2,0,"Columbia Basin Research, University of Washington. (2023). SacPAS Cohort Juvenile Monitoring. "
216,4-Aug,2,,"Columbia Basin Research, University of Washington. (2023). SacPAS Cohort Juvenile Monitoring. "
217,5-Aug,2,,"Columbia Basin Research, University of Washington. (2023). SacPAS Cohort Juvenile Monitoring. "
218,6-Aug,2,0,"Columbia Basin Research, University of Washington. (2023). SacPAS Cohort Juvenile Monitoring. "
219,7-Aug,2,,"Columbia Basin Research, University of Washington. (2023). SacPAS Cohort Juvenile Monitoring. "
220,8-Aug,2,0,"Columbia Basin Research, University of Washington. (2023). SacPAS Cohort Juvenile Monitoring. "
221,9-Aug,2,,"Columbia Basin Research, University of Washington. (2023). SacPAS Cohort Juvenile Monitoring. "
222,10-Aug,2,0,"Columbia Basin Research, University of Washington. (2023). SacPAS Cohort Juvenile Monitoring. "
223,11-Aug,2,,"Columbia Basin Research, University of Washington. (2023). SacPAS Cohort Juvenile Monitoring. "
224,12-Aug,2,,"Columbia Basin Research, University of Washington. (2023). SacPAS Cohort Juvenile Monitoring. "
225,13-Aug,2,0,"Columbia Basin Research, University of Washington. (2023). SacPAS Cohort Juvenile Monitoring. "
226,14-Aug,2,,"Columbia Basin Research, University of Washington. (2023). SacPAS Cohort Juvenile Monitoring. "
227,15-Aug,2,0,"Columbia Basin Research, University of Washington. (2023). SacPAS Cohort Juvenile Monitoring. "
228,16-Aug,2,0,"Columbia Basin Research, University of Washington. (2023). SacPAS Cohort Juvenile Monitoring. "
229,17-Aug,2,,"Columbia Basin Research, University of Washington. (2023). SacPAS Cohort Juvenile Monitoring. "
230,18-Aug,2,,"Columbia Basin Research, University of Washington. (2023). SacPAS Cohort Juvenile Monitoring. "
231,19-Aug,2,,"Columbia Basin Research, University of Washington. (2023). SacPAS Cohort Juvenile Monitoring. "
232,20-Aug,2,0,"Columbia Basin Research, University of Washington. (2023). SacPAS Cohort Juvenile Monitoring. "
233,21-Aug,2,,"Columbia Basin Research, University of Washington. (2023). SacPAS Cohort Juvenile Monitoring. "
234,22-Aug,2,0,"Columbia Basin Research, University of Washington. (2023). SacPAS Cohort Juvenile Monitoring. "
235,23-Aug,2,,"Columbia Basin Research, University of Washington. (2023). SacPAS Cohort Juvenile Monitoring. "
236,24-Aug,2,0,"Columbia Basin Research, University of Washington. (2023). SacPAS Cohort Juvenile Monitoring. "
237,25-Aug,2,,"Columbia Basin Research, University of Washington. (2023). SacPAS Cohort Juvenile Monitoring. "
238,26-Aug,2,,"Columbia Basin Research, University of Washington. (2023). SacPAS Cohort Juvenile Monitoring. "
239,27-Aug,2,0,"Columbia Basin Research, University of Washington. (2023). SacPAS Cohort Juvenile Monitoring. "
240,28-Aug,2,,"Columbia Basin Research, University of Washington. (2023). SacPAS Cohort Juvenile Monitoring. "
241,29-Aug,2,0,"Columbia Basin Research, University of Washington. (2023). SacPAS Cohort Juvenile Monitoring. "
242,30-Aug,2,,"Columbia Basin Research, University of Washington. (2023). SacPAS Cohort Juvenile Monitoring. "
243,31-Aug,2,0,"Columbia Basin Research, University of Washington. (2023). SacPAS Cohort Juvenile Monitoring. "
244,1-Sep,2,,"Columbia Basin Research, University of Washington. (2023). SacPAS Cohort Juvenile Monitoring. "
245,2-Sep,2,,"Columbia Basin Research, University of Washington. (2023). SacPAS Cohort Juvenile Monitoring. "
246,3-Sep,2,,"Columbia Basin Research, University of Washington. (2023). SacPAS Cohort Juvenile Monitoring. "
247,4-Sep,2,0,"Columbia Basin Research, University of Washington. (2023). SacPAS Cohort Juvenile Monitoring. "
248,5-Sep,2,,"Columbia Basin Research, University of Washington. (2023). SacPAS Cohort Juvenile Monitoring. "
249,6-Sep,2,0,"Columbia Basin Research, University of Washington. (2023). SacPAS Cohort Juvenile Monitoring. "
250,7-Sep,2,0,"Columbia Basin Research, University of Washington. (2023). SacPAS Cohort Juvenile Monitoring. "
251,8-Sep,2,,"Columbia Basin Research, University of Washington. (2023). SacPAS Cohort Juvenile Monitoring. "
252,9-Sep,2,,"Columbia Basin Research, University of Washington. (2023). SacPAS Cohort Juvenile Monitoring. "
253,10-Sep,2,0,"Columbia Basin Research, University of Washington. (2023). SacPAS Cohort Juvenile Monitoring. "
254,11-Sep,2,,"Columbia Basin Research, University of Washington. (2023). SacPAS Cohort Juvenile Monitoring. "
255,12-Sep,2,0,"Columbia Basin Research, University of Washington. (2023). SacPAS Cohort Juvenile Monitoring. "
256,13-Sep,2,,"Columbia Basin Research, University of Washington. (2023). SacPAS Cohort Juvenile Monitoring. "
257,14-Sep,2,0,"Columbia Basin Research, University of Washington. (2023). SacPAS Cohort Juvenile Monitoring. "
258,15-Sep,2,,"Columbia Basin Research, University of Washington. (2023). SacPAS Cohort Juvenile Monitoring. "
259,16-Sep,2,,"Columbia Basin Research, University of Washington. (2023). SacPAS Cohort Juvenile Monitoring. "
260,17-Sep,2,0,"Columbia Basin Research, University of Washington. (2023). SacPAS Cohort Juvenile Monitoring. "
261,18-Sep,2,,"Columbia Basin Research, University of Washington. (2023). SacPAS Cohort Juvenile Monitoring. "
262,19-Sep,2,0,"Columbia Basin Research, University of Washington. (2023). SacPAS Cohort Juvenile Monitoring. "
263,20-Sep,2,,"Columbia Basin Research, University of Washington. (2023). SacPAS Cohort Juvenile Monitoring. "
264,21-Sep,2,0,"Columbia Basin Research, University of Washington. (2023). SacPAS Cohort Juvenile Monitoring. "
265,22-Sep,2,,"Columbia Basin Research, University of Washington. (2023). SacPAS Cohort Juvenile Monitoring. "
266,23-Sep,2,,"Columbia Basin Research, University of Washington. (2023). SacPAS Cohort Juvenile Monitoring. "
267,24-Sep,2,0,"Columbia Basin Research, University of Washington. (2023). SacPAS Cohort Juvenile Monitoring. "
268,25-Sep,2,,"Columbia Basin Research, University of Washington. (2023). SacPAS Cohort Juvenile Monitoring. "
269,26-Sep,2,0,"Columbia Basin Research, University of Washington. (2023). SacPAS Cohort Juvenile Monitoring. "
270,27-Sep,2,,"Columbia Basin Research, University of Washington. (2023). SacPAS Cohort Juvenile Monitoring. "
271,28-Sep,2,0,"Columbia Basin Research, University of Washington. (2023). SacPAS Cohort Juvenile Monitoring. "
272,29-Sep,2,,"Columbia Basin Research, University of Washington. (2023). SacPAS Cohort Juvenile Monitoring. "
273,30-Sep,2,,"Columbia Basin Research, University of Washington. (2023). SacPAS Cohort Juvenile Monitoring. "
274,1-Oct,2,0,"Columbia Basin Research, University of Washington. (2023). SacPAS Cohort Juvenile Monitoring. "
275,2-Oct,2,,"Columbia Basin Research, University of Washington. (2023). SacPAS Cohort Juvenile Monitoring. "
276,3-Oct,2,0,"Columbia Basin Research, University of Washington. (2023). SacPAS Cohort Juvenile Monitoring. "
277,4-Oct,2,,"Columbia Basin Research, University of Washington. (2023). SacPAS Cohort Juvenile Monitoring. "
278,5-Oct,2,0,"Columbia Basin Research, University of Washington. (2023). SacPAS Cohort Juvenile Monitoring. "
279,6-Oct,2,,"Columbia Basin Research, University of Washington. (2023). SacPAS Cohort Juvenile Monitoring. "
280,7-Oct,2,,"Columbia Basin Research, University of Washington. (2023). SacPAS Cohort Juvenile Monitoring. "
281,8-Oct,2,,"Columbia Basin Research, University of Washington. (2023). SacPAS Cohort Juvenile Monitoring. "
282,9-Oct,2,0,"Columbia Basin Research, University of Washington. (2023). SacPAS Cohort Juvenile Monitoring. "
283,10-Oct,2,,"Columbia Basin Research, University of Washington. (2023). SacPAS Cohort Juvenile Monitoring. "
284,11-Oct,2,0,"Columbia Basin Research, University of Washington. (2023). SacPAS Cohort Juvenile Monitoring. "
285,12-Oct,2,0,"Columbia Basin Research, University of Washington. (2023). SacPAS Cohort Juvenile Monitoring. "
286,13-Oct,2,,"Columbia Basin Research, University of Washington. (2023). SacPAS Cohort Juvenile Monitoring. "
287,14-Oct,2,,"Columbia Basin Research, University of Washington. (2023). SacPAS Cohort Juvenile Monitoring. "
288,15-Oct,2,,"Columbia Basin Research, University of Washington. (2023). SacPAS Cohort Juvenile Monitoring. "
289,16-Oct,2,0,"Columbia Basin Research, University of Washington. (2023). SacPAS Cohort Juvenile Monitoring. "
290,17-Oct,2,0,"Columbia Basin Research, University of Washington. (2023). SacPAS Cohort Juvenile Monitoring. "
291,18-Oct,2,,"Columbia Basin Research, University of Washington. (2023). SacPAS Cohort Juvenile Monitoring. "
292,19-Oct,2,0,"Columbia Basin Research, University of Washington. (2023). SacPAS Cohort Juvenile Monitoring. "
293,20-Oct,2,,"Columbia Basin Research, University of Washington. (2023). SacPAS Cohort Juvenile Monitoring. "
294,21-Oct,2,,"Columbia Basin Research, University of Washington. (2023). SacPAS Cohort Juvenile Monitoring. "
295,22-Oct,2,0,"Columbia Basin Research, University of Washington. (2023). SacPAS Cohort Juvenile Monitoring. "
296,23-Oct,2,,"Columbia Basin Research, University of Washington. (2023). SacPAS Cohort Juvenile Monitoring. "
297,24-Oct,2,,"Columbia Basin Research, University of Washington. (2023). SacPAS Cohort Juvenile Monitoring. "
298,25-Oct,2,0,"Columbia Basin Research, University of Washington. (2023). SacPAS Cohort Juvenile Monitoring. "
299,26-Oct,2,0,"Columbia Basin Research, University of Washington. (2023). SacPAS Cohort Juvenile Monitoring. "
300,27-Oct,2,,"Columbia Basin Research, University of Washington. (2023). SacPAS Cohort Juvenile Monitoring. "
301,28-Oct,2,,"Columbia Basin Research, University of Washington. (2023). SacPAS Cohort Juvenile Monitoring. "
302,29-Oct,2,0,"Columbia Basin Research, University of Washington. (2023). SacPAS Cohort Juvenile Monitoring. "
303,30-Oct,2,,"Columbia Basin Research, University of Washington. (2023). SacPAS Cohort Juvenile Monitoring. "
304,31-Oct,2,0,"Columbia Basin Research, University of Washington. (2023). SacPAS Cohort Juvenile Monitoring. "
305,1-Nov,2,,"Columbia Basin Research, University of Washington. (2023). SacPAS Cohort Juvenile Monitoring. "
306,2-Nov,2,0,"Columbia Basin Research, University of Washington. (2023). SacPAS Cohort Juvenile Monitoring. "
307,3-Nov,2,,"Columbia Basin Research, University of Washington. (2023). SacPAS Cohort Juvenile Monitoring. "
308,4-Nov,2,,"Columbia Basin Research, University of Washington. (2023). SacPAS Cohort Juvenile Monitoring. "
309,5-Nov,2,0,"Columbia Basin Research, University of Washington. (2023). SacPAS Cohort Juvenile Monitoring. "
310,6-Nov,2,,"Columbia Basin Research, University of Washington. (2023). SacPAS Cohort Juvenile Monitoring. "
311,7-Nov,2,0,"Columbia Basin Research, University of Washington. (2023). SacPAS Cohort Juvenile Monitoring. "
312,8-Nov,2,,"Columbia Basin Research, University of Washington. (2023). SacPAS Cohort Juvenile Monitoring. "
313,9-Nov,2,0,"Columbia Basin Research, University of Washington. (2023). SacPAS Cohort Juvenile Monitoring. "
314,10-Nov,2,,"Columbia Basin Research, University of Washington. (2023). SacPAS Cohort Juvenile Monitoring. "
315,11-Nov,2,,"Columbia Basin Research, University of Washington. (2023). SacPAS Cohort Juvenile Monitoring. "
316,12-Nov,2,,"Columbia Basin Research, University of Washington. (2023). SacPAS Cohort Juvenile Monitoring. "
317,13-Nov,2,0,"Columbia Basin Research, University of Washington. (2023). SacPAS Cohort Juvenile Monitoring. "
318,14-Nov,2,0,"Columbia Basin Research, University of Washington. (2023). SacPAS Cohort Juvenile Monitoring. "
319,15-Nov,2,,"Columbia Basin Research, University of Washington. (2023). SacPAS Cohort Juvenile Monitoring. "
320,16-Nov,2,,"Columbia Basin Research, University of Washington. (2023). SacPAS Cohort Juvenile Monitoring. "
321,17-Nov,2,,"Columbia Basin Research, University of Washington. (2023). SacPAS Cohort Juvenile Monitoring. "
322,18-Nov,2,,"Columbia Basin Research, University of Washington. (2023). SacPAS Cohort Juvenile Monitoring. "
323,19-Nov,2,0,"Columbia Basin Research, University of Washington. (2023). SacPAS Cohort Juvenile Monitoring. "
324,20-Nov,2,0,"Columbia Basin Research, University of Washington. (2023). SacPAS Cohort Juvenile Monitoring. "
325,21-Nov,2,0,"Columbia Basin Research, University of Washington. (2023). SacPAS Cohort Juvenile Monitoring. "
326,22-Nov,2,,"Columbia Basin Research, University of Washington. (2023). SacPAS Cohort Juvenile Monitoring. "
327,23-Nov,2,,"Columbia Basin Research, University of Washington. (2023). SacPAS Cohort Juvenile Monitoring. "
328,24-Nov,2,,"Columbia Basin Research, University of Washington. (2023). SacPAS Cohort Juvenile Monitoring. "
329,25-Nov,2,,"Columbia Basin Research, University of Washington. (2023). SacPAS Cohort Juvenile Monitoring. "
330,26-Nov,2,0,"Columbia Basin Research, University of Washington. (2023). SacPAS Cohort Juvenile Monitoring. "
331,27-Nov,2,,"Columbia Basin Research, University of Washington. (2023). SacPAS Cohort Juvenile Monitoring. "
332,28-Nov,2,0,"Columbia Basin Research, University of Washington. (2023). SacPAS Cohort Juvenile Monitoring. "
333,29-Nov,2,,"Columbia Basin Research, University of Washington. (2023). SacPAS Cohort Juvenile Monitoring. "
334,30-Nov,2,0,"Columbia Basin Research, University of Washington. (2023). SacPAS Cohort Juvenile Monitoring. "
335,1-Dec,2,,"Columbia Basin Research, University of Washington. (2023). SacPAS Cohort Juvenile Monitoring. "
336,2-Dec,2,0,"Columbia Basin Research, University of Washington. (2023). SacPAS Cohort Juvenile Monitoring. "
337,3-Dec,2,0,"Columbia Basin Research, University of Washington. (2023). SacPAS Cohort Juvenile Monitoring. "
338,4-Dec,2,0,"Columbia Basin Research, University of Washington. (2023). SacPAS Cohort Juvenile Monitoring. "
339,5-Dec,2,,"Columbia Basin Research, University of Washington. (2023). SacPAS Cohort Juvenile Monitoring. "
340,6-Dec,2,0,"Columbia Basin Research, University of Washington. (2023). SacPAS Cohort Juvenile Monitoring. "
341,7-Dec,2,,"Columbia Basin Research, University of Washington. (2023). SacPAS Cohort Juvenile Monitoring. "
342,8-Dec,2,,"Columbia Basin Research, University of Washington. (2023). SacPAS Cohort Juvenile Monitoring. "
343,9-Dec,2,0,"Columbia Basin Research, University of Washington. (2023). SacPAS Cohort Juvenile Monitoring. "
344,10-Dec,2,0,"Columbia Basin Research, University of Washington. (2023). SacPAS Cohort Juvenile Monitoring. "
345,11-Dec,2,0,"Columbia Basin Research, University of Washington. (2023). SacPAS Cohort Juvenile Monitoring. "
346,12-Dec,2,,"Columbia Basin Research, University of Washington. (2023). SacPAS Cohort Juvenile Monitoring. "
347,13-Dec,2,0,"Columbia Basin Research, University of Washington. (2023). SacPAS Cohort Juvenile Monitoring. "
348,14-Dec,2,0,"Columbia Basin Research, University of Washington. (2023). SacPAS Cohort Juvenile Monitoring. "
349,15-Dec,2,,"Columbia Basin Research, University of Washington. (2023). SacPAS Cohort Juvenile Monitoring. "
350,16-Dec,2,0,"Columbia Basin Research, University of Washington. (2023). SacPAS Cohort Juvenile Monitoring. "
351,17-Dec,2,0,"Columbia Basin Research, University of Washington. (2023). SacPAS Cohort Juvenile Monitoring. "
352,18-Dec,2,0,"Columbia Basin Research, University of Washington. (2023). SacPAS Cohort Juvenile Monitoring. "
353,19-Dec,2,,"Columbia Basin Research, University of Washington. (2023). SacPAS Cohort Juvenile Monitoring. "
354,20-Dec,2,0,"Columbia Basin Research, University of Washington. (2023). SacPAS Cohort Juvenile Monitoring. "
355,21-Dec,2,0,"Columbia Basin Research, University of Washington. (2023). SacPAS Cohort Juvenile Monitoring. "
356,22-Dec,2,,"Columbia Basin Research, University of Washington. (2023). SacPAS Cohort Juvenile Monitoring. "
357,23-Dec,2,0,"Columbia Basin Research, University of Washington. (2023). SacPAS Cohort Juvenile Monitoring. "
358,24-Dec,2,,"Columbia Basin Research, University of Washington. (2023). SacPAS Cohort Juvenile Monitoring. "
359,25-Dec,2,,"Columbia Basin Research, University of Washington. (2023). SacPAS Cohort Juvenile Monitoring. "
360,26-Dec,2,0,"Columbia Basin Research, University of Washington. (2023). SacPAS Cohort Juvenile Monitoring. "
361,27-Dec,2,0,"Columbia Basin Research, University of Washington. (2023). SacPAS Cohort Juvenile Monitoring. "
362,28-Dec,2,0,"Columbia Basin Research, University of Washington. (2023). SacPAS Cohort Juvenile Monitoring. "
363,29-Dec,2,0,"Columbia Basin Research, University of Washington. (2023). SacPAS Cohort Juvenile Monitoring. "
364,30-Dec,2,0,"Columbia Basin Research, University of Washington. (2023). SacPAS Cohort Juvenile Monitoring. "
365,31-Dec,2,,"Columbia Basin Research, University of Washington. (2023). SacPAS Cohort Juvenile Monitoring. "
1,1-Jan,3,0,"Columbia Basin Research, University of Washington. (2023). SacPAS Cohort Juvenile Monitoring. "
2,2-Jan,3,0,"Columbia Basin Research, University of Washington. (2023). SacPAS Cohort Juvenile Monitoring. "
3,3-Jan,3,,"Columbia Basin Research, University of Washington. (2023). SacPAS Cohort Juvenile Monitoring. "
4,4-Jan,3,0,"Columbia Basin Research, University of Washington. (2023). SacPAS Cohort Juvenile Monitoring. "
5,5-Jan,3,,"Columbia Basin Research, University of Washington. (2023). SacPAS Cohort Juvenile Monitoring. "
6,6-Jan,3,0,"Columbia Basin Research, University of Washington. (2023). SacPAS Cohort Juvenile Monitoring. "
7,7-Jan,3,0,"Columbia Basin Research, University of Washington. (2023). SacPAS Cohort Juvenile Monitoring. "
8,8-Jan,3,0,"Columbia Basin Research, University of Washington. (2023). SacPAS Cohort Juvenile Monitoring. "
9,9-Jan,3,,"Columbia Basin Research, University of Washington. (2023). SacPAS Cohort Juvenile Monitoring. "
10,10-Jan,3,0,"Columbia Basin Research, University of Washington. (2023). SacPAS Cohort Juvenile Monitoring. "
11,11-Jan,3,0,"Columbia Basin Research, University of Washington. (2023). SacPAS Cohort Juvenile Monitoring. "
12,12-Jan,3,,"Columbia Basin Research, University of Washington. (2023). SacPAS Cohort Juvenile Monitoring. "
13,13-Jan,3,0,"Columbia Basin Research, University of Washington. (2023). SacPAS Cohort Juvenile Monitoring. "
14,14-Jan,3,0,"Columbia Basin Research, University of Washington. (2023). SacPAS Cohort Juvenile Monitoring. "
15,15-Jan,3,0,"Columbia Basin Research, University of Washington. (2023). SacPAS Cohort Juvenile Monitoring. "
16,16-Jan,3,,"Columbia Basin Research, University of Washington. (2023). SacPAS Cohort Juvenile Monitoring. "
17,17-Jan,3,0,"Columbia Basin Research, University of Washington. (2023). SacPAS Cohort Juvenile Monitoring. "
18,18-Jan,3,0,"Columbia Basin Research, University of Washington. (2023). SacPAS Cohort Juvenile Monitoring. "
19,19-Jan,3,,"Columbia Basin Research, University of Washington. (2023). SacPAS Cohort Juvenile Monitoring. "
20,20-Jan,3,0,"Columbia Basin Research, University of Washington. (2023). SacPAS Cohort Juvenile Monitoring. "
21,21-Jan,3,,"Columbia Basin Research, University of Washington. (2023). SacPAS Cohort Juvenile Monitoring. "
22,22-Jan,3,,"Columbia Basin Research, University of Washington. (2023). SacPAS Cohort Juvenile Monitoring. "
23,23-Jan,3,0,"Columbia Basin Research, University of Washington. (2023). SacPAS Cohort Juvenile Monitoring. "
24,24-Jan,3,0,"Columbia Basin Research, University of Washington. (2023). SacPAS Cohort Juvenile Monitoring. "
25,25-Jan,3,0,"Columbia Basin Research, University of Washington. (2023). SacPAS Cohort Juvenile Monitoring. "
26,26-Jan,3,,"Columbia Basin Research, University of Washington. (2023). SacPAS Cohort Juvenile Monitoring. "
27,27-Jan,3,0,"Columbia Basin Research, University of Washington. (2023). SacPAS Cohort Juvenile Monitoring. "
28,28-Jan,3,0,"Columbia Basin Research, University of Washington. (2023). SacPAS Cohort Juvenile Monitoring. "
29,29-Jan,3,0,"Columbia Basin Research, University of Washington. (2023). SacPAS Cohort Juvenile Monitoring. "
30,30-Jan,3,,"Columbia Basin Research, University of Washington. (2023). SacPAS Cohort Juvenile Monitoring. "
31,31-Jan,3,2,"Columbia Basin Research, University of Washington. (2023). SacPAS Cohort Juvenile Monitoring. "
32,1-Feb,3,2,"Columbia Basin Research, University of Washington. (2023). SacPAS Cohort Juvenile Monitoring. "
33,2-Feb,3,,"Columbia Basin Research, University of Washington. (2023). SacPAS Cohort Juvenile Monitoring. "
34,3-Feb,3,2,"Columbia Basin Research, University of Washington. (2023). SacPAS Cohort Juvenile Monitoring. "
35,4-Feb,3,2,"Columbia Basin Research, University of Washington. (2023). SacPAS Cohort Juvenile Monitoring. "
36,5-Feb,3,2,"Columbia Basin Research, University of Washington. (2023). SacPAS Cohort Juvenile Monitoring. "
37,6-Feb,3,2,"Columbia Basin Research, University of Washington. (2023). SacPAS Cohort Juvenile Monitoring. "
38,7-Feb,3,2,"Columbia Basin Research, University of Washington. (2023). SacPAS Cohort Juvenile Monitoring. "
39,8-Feb,3,,"Columbia Basin Research, University of Washington. (2023). SacPAS Cohort Juvenile Monitoring. "
40,9-Feb,3,3,"Columbia Basin Research, University of Washington. (2023). SacPAS Cohort Juvenile Monitoring. "
41,10-Feb,3,3,"Columbia Basin Research, University of Washington. (2023). SacPAS Cohort Juvenile Monitoring. "
42,11-Feb,3,3,"Columbia Basin Research, University of Washington. (2023). SacPAS Cohort Juvenile Monitoring. "
43,12-Feb,3,4,"Columbia Basin Research, University of Washington. (2023). SacPAS Cohort Juvenile Monitoring. "
44,13-Feb,3,,"Columbia Basin Research, University of Washington. (2023). SacPAS Cohort Juvenile Monitoring. "
45,14-Feb,3,,"Columbia Basin Research, University of Washington. (2023). SacPAS Cohort Juvenile Monitoring. "
46,15-Feb,3,4,"Columbia Basin Research, University of Washington. (2023). SacPAS Cohort Juvenile Monitoring. "
47,16-Feb,3,,"Columbia Basin Research, University of Washington. (2023). SacPAS Cohort Juvenile Monitoring. "
48,17-Feb,3,6,"Columbia Basin Research, University of Washington. (2023). SacPAS Cohort Juvenile Monitoring. "
49,18-Feb,3,,"Columbia Basin Research, University of Washington. (2023). SacPAS Cohort Juvenile Monitoring. "
50,19-Feb,3,6,"Columbia Basin Research, University of Washington. (2023). SacPAS Cohort Juvenile Monitoring. "
51,20-Feb,3,6,"Columbia Basin Research, University of Washington. (2023). SacPAS Cohort Juvenile Monitoring. "
52,21-Feb,3,6,"Columbia Basin Research, University of Washington. (2023). SacPAS Cohort Juvenile Monitoring. "
53,22-Feb,3,6,"Columbia Basin Research, University of Washington. (2023). SacPAS Cohort Juvenile Monitoring. "
54,23-Feb,3,,"Columbia Basin Research, University of Washington. (2023). SacPAS Cohort Juvenile Monitoring. "
55,24-Feb,3,6,"Columbia Basin Research, University of Washington. (2023). SacPAS Cohort Juvenile Monitoring. "
56,25-Feb,3,7,"Columbia Basin Research, University of Washington. (2023). SacPAS Cohort Juvenile Monitoring. "
57,26-Feb,3,7,"Columbia Basin Research, University of Washington. (2023). SacPAS Cohort Juvenile Monitoring. "
58,27-Feb,3,,"Columbia Basin Research, University of Washington. (2023). SacPAS Cohort Juvenile Monitoring. "
59,28-Feb,3,7,"Columbia Basin Research, University of Washington. (2023). SacPAS Cohort Juvenile Monitoring. "
60,1-Mar,3,8,"Columbia Basin Research, University of Washington. (2023). SacPAS Cohort Juvenile Monitoring. "
61,2-Mar,3,,"Columbia Basin Research, University of Washington. (2023). SacPAS Cohort Juvenile Monitoring. "
62,3-Mar,3,9,"Columbia Basin Research, University of Washington. (2023). SacPAS Cohort Juvenile Monitoring. "
63,4-Mar,3,9,"Columbia Basin Research, University of Washington. (2023). SacPAS Cohort Juvenile Monitoring. "
64,5-Mar,3,9,"Columbia Basin Research, University of Washington. (2023). SacPAS Cohort Juvenile Monitoring. "
65,6-Mar,3,,"Columbia Basin Research, University of Washington. (2023). SacPAS Cohort Juvenile Monitoring. "
66,7-Mar,3,9,"Columbia Basin Research, University of Washington. (2023). SacPAS Cohort Juvenile Monitoring. "
67,8-Mar,3,9,"Columbia Basin Research, University of Washington. (2023). SacPAS Cohort Juvenile Monitoring. "
68,9-Mar,3,,"Columbia Basin Research, University of Washington. (2023). SacPAS Cohort Juvenile Monitoring. "
69,10-Mar,3,11,"Columbia Basin Research, University of Washington. (2023). SacPAS Cohort Juvenile Monitoring. "
70,11-Mar,3,11,"Columbia Basin Research, University of Washington. (2023). SacPAS Cohort Juvenile Monitoring. "
71,12-Mar,3,11,"Columbia Basin Research, University of Washington. (2023). SacPAS Cohort Juvenile Monitoring. "
72,13-Mar,3,,"Columbia Basin Research, University of Washington. (2023). SacPAS Cohort Juvenile Monitoring. "
73,14-Mar,3,14,"Columbia Basin Research, University of Washington. (2023). SacPAS Cohort Juvenile Monitoring. "
74,15-Mar,3,14,"Columbia Basin Research, University of Washington. (2023). SacPAS Cohort Juvenile Monitoring. "
75,16-Mar,3,,"Columbia Basin Research, University of Washington. (2023). SacPAS Cohort Juvenile Monitoring. "
76,17-Mar,3,14,"Columbia Basin Research, University of Washington. (2023). SacPAS Cohort Juvenile Monitoring. "
77,18-Mar,3,15,"Columbia Basin Research, University of Washington. (2023). SacPAS Cohort Juvenile Monitoring. "
78,19-Mar,3,16,"Columbia Basin Research, University of Washington. (2023). SacPAS Cohort Juvenile Monitoring. "
79,20-Mar,3,,"Columbia Basin Research, University of Washington. (2023). SacPAS Cohort Juvenile Monitoring. "
80,21-Mar,3,18,"Columbia Basin Research, University of Washington. (2023). SacPAS Cohort Juvenile Monitoring. "
81,22-Mar,3,19,"Columbia Basin Research, University of Washington. (2023). SacPAS Cohort Juvenile Monitoring. "
82,23-Mar,3,,"Columbia Basin Research, University of Washington. (2023). SacPAS Cohort Juvenile Monitoring. "
83,24-Mar,3,21,"Columbia Basin Research, University of Washington. (2023). SacPAS Cohort Juvenile Monitoring. "
84,25-Mar,3,21,"Columbia Basin Research, University of Washington. (2023). SacPAS Cohort Juvenile Monitoring. "
85,26-Mar,3,22,"Columbia Basin Research, University of Washington. (2023). SacPAS Cohort Juvenile Monitoring. "
86,27-Mar,3,,"Columbia Basin Research, University of Washington. (2023). SacPAS Cohort Juvenile Monitoring. "
87,28-Mar,3,28,"Columbia Basin Research, University of Washington. (2023). SacPAS Cohort Juvenile Monitoring. "
88,29-Mar,3,35,"Columbia Basin Research, University of Washington. (2023). SacPAS Cohort Juvenile Monitoring. "
89,30-Mar,3,,"Columbia Basin Research, University of Washington. (2023). SacPAS Cohort Juvenile Monitoring. "
90,31-Mar,3,40,"Columbia Basin Research, University of Washington. (2023). SacPAS Cohort Juvenile Monitoring. "
91,1-Apr,3,46,"Columbia Basin Research, University of Washington. (2023). SacPAS Cohort Juvenile Monitoring. "
92,2-Apr,3,49,"Columbia Basin Research, University of Washington. (2023). SacPAS Cohort Juvenile Monitoring. "
93,3-Apr,3,,"Columbia Basin Research, University of Washington. (2023). SacPAS Cohort Juvenile Monitoring. "
94,4-Apr,3,51,"Columbia Basin Research, University of Washington. (2023). SacPAS Cohort Juvenile Monitoring. "
95,5-Apr,3,57,"Columbia Basin Research, University of Washington. (2023). SacPAS Cohort Juvenile Monitoring. "
96,6-Apr,3,,"Columbia Basin Research, University of Washington. (2023). SacPAS Cohort Juvenile Monitoring. "
97,7-Apr,3,60,"Columbia Basin Research, University of Washington. (2023). SacPAS Cohort Juvenile Monitoring. "
98,8-Apr,3,69,"Columbia Basin Research, University of Washington. (2023). SacPAS Cohort Juvenile Monitoring. "
99,9-Apr,3,74,"Columbia Basin Research, University of Washington. (2023). SacPAS Cohort Juvenile Monitoring. "
100,10-Apr,3,,"Columbia Basin Research, University of Washington. (2023). SacPAS Cohort Juvenile Monitoring. "
101,11-Apr,3,76,"Columbia Basin Research, University of Washington. (2023). SacPAS Cohort Juvenile Monitoring. "
102,12-Apr,3,78,"Columbia Basin Research, University of Washington. (2023). SacPAS Cohort Juvenile Monitoring. "
103,13-Apr,3,,"Columbia Basin Research, University of Washington. (2023). SacPAS Cohort Juvenile Monitoring. "
104,14-Apr,3,79,"Columbia Basin Research, University of Washington. (2023). SacPAS Cohort Juvenile Monitoring. "
105,15-Apr,3,82,"Columbia Basin Research, University of Washington. (2023). SacPAS Cohort Juvenile Monitoring. "
106,16-Apr,3,82,"Columbia Basin Research, University of Washington. (2023). SacPAS Cohort Juvenile Monitoring. "
107,17-Apr,3,88,"Columbia Basin Research, University of Washington. (2023). SacPAS Cohort Juvenile Monitoring. "
108,18-Apr,3,,"Columbia Basin Research, University of Washington. (2023). SacPAS Cohort Juvenile Monitoring. "
109,19-Apr,3,93,"Columbia Basin Research, University of Washington. (2023). SacPAS Cohort Juvenile Monitoring. "
110,20-Apr,3,,"Columbia Basin Research, University of Washington. (2023). SacPAS Cohort Juvenile Monitoring. "
111,21-Apr,3,97,"Columbia Basin Research, University of Washington. (2023). SacPAS Cohort Juvenile Monitoring. "
112,22-Apr,3,97,"Columbia Basin Research, University of Washington. (2023). SacPAS Cohort Juvenile Monitoring. "
113,23-Apr,3,97,"Columbia Basin Research, University of Washington. (2023). SacPAS Cohort Juvenile Monitoring. "
114,24-Apr,3,,"Columbia Basin Research, University of Washington. (2023). SacPAS Cohort Juvenile Monitoring. "
115,25-Apr,3,,"Columbia Basin Research, University of Washington. (2023). SacPAS Cohort Juvenile Monitoring. "
116,26-Apr,3,97,"Columbia Basin Research, University of Washington. (2023). SacPAS Cohort Juvenile Monitoring. "
117,27-Apr,3,97,"Columbia Basin Research, University of Washington. (2023). SacPAS Cohort Juvenile Monitoring. "
118,28-Apr,3,97,"Columbia Basin Research, University of Washington. (2023). SacPAS Cohort Juvenile Monitoring. "
119,29-Apr,3,97,"Columbia Basin Research, University of Washington. (2023). SacPAS Cohort Juvenile Monitoring. "
120,30-Apr,3,97,"Columbia Basin Research, University of Washington. (2023). SacPAS Cohort Juvenile Monitoring. "
121,1-May,3,,"Columbia Basin Research, University of Washington. (2023). SacPAS Cohort Juvenile Monitoring. "
122,2-May,3,,"Columbia Basin Research, University of Washington. (2023). SacPAS Cohort Juvenile Monitoring. "
123,3-May,3,97,"Columbia Basin Research, University of Washington. (2023). SacPAS Cohort Juvenile Monitoring. "
124,4-May,3,,"Columbia Basin Research, University of Washington. (2023). SacPAS Cohort Juvenile Monitoring. "
125,5-May,3,97,"Columbia Basin Research, University of Washington. (2023). SacPAS Cohort Juvenile Monitoring. "
126,6-May,3,97,"Columbia Basin Research, University of Washington. (2023). SacPAS Cohort Juvenile Monitoring. "
127,7-May,3,97,"Columbia Basin Research, University of Washington. (2023). SacPAS Cohort Juvenile Monitoring. "
128,8-May,3,,"Columbia Basin Research, University of Washington. (2023). SacPAS Cohort Juvenile Monitoring. "
129,9-May,3,97,"Columbia Basin Research, University of Washington. (2023). SacPAS Cohort Juvenile Monitoring. "
130,10-May,3,97,"Columbia Basin Research, University of Washington. (2023). SacPAS Cohort Juvenile Monitoring. "
131,11-May,3,,"Columbia Basin Research, University of Washington. (2023). SacPAS Cohort Juvenile Monitoring. "
132,12-May,3,97,"Columbia Basin Research, University of Washington. (2023). SacPAS Cohort Juvenile Monitoring. "
133,13-May,3,97,"Columbia Basin Research, University of Washington. (2023). SacPAS Cohort Juvenile Monitoring. "
134,14-May,3,97,"Columbia Basin Research, University of Washington. (2023). SacPAS Cohort Juvenile Monitoring. "
135,15-May,3,,"Columbia Basin Research, University of Washington. (2023). SacPAS Cohort Juvenile Monitoring. "
136,16-May,3,97,"Columbia Basin Research, University of Washington. (2023). SacPAS Cohort Juvenile Monitoring. "
137,17-May,3,97,"Columbia Basin Research, University of Washington. (2023). SacPAS Cohort Juvenile Monitoring. "
138,18-May,3,,"Columbia Basin Research, University of Washington. (2023). SacPAS Cohort Juvenile Monitoring. "
139,19-May,3,97,"Columbia Basin Research, University of Washington. (2023). SacPAS Cohort Juvenile Monitoring. "
140,20-May,3,98,"Columbia Basin Research, University of Washington. (2023). SacPAS Cohort Juvenile Monitoring. "
141,21-May,3,98,"Columbia Basin Research, University of Washington. (2023). SacPAS Cohort Juvenile Monitoring. "
142,22-May,3,,"Columbia Basin Research, University of Washington. (2023). SacPAS Cohort Juvenile Monitoring. "
143,23-May,3,98,"Columbia Basin Research, University of Washington. (2023). SacPAS Cohort Juvenile Monitoring. "
144,24-May,3,98,"Columbia Basin Research, University of Washington. (2023). SacPAS Cohort Juvenile Monitoring. "
145,25-May,3,,"Columbia Basin Research, University of Washington. (2023). SacPAS Cohort Juvenile Monitoring. "
146,26-May,3,98,"Columbia Basin Research, University of Washington. (2023). SacPAS Cohort Juvenile Monitoring. "
147,27-May,3,,"Columbia Basin Research, University of Washington. (2023). SacPAS Cohort Juvenile Monitoring. "
148,28-May,3,98,"Columbia Basin Research, University of Washington. (2023). SacPAS Cohort Juvenile Monitoring. "
149,29-May,3,98,"Columbia Basin Research, University of Washington. (2023). SacPAS Cohort Juvenile Monitoring. "
150,30-May,3,98,"Columbia Basin Research, University of Washington. (2023). SacPAS Cohort Juvenile Monitoring. "
151,31-May,3,98,"Columbia Basin Research, University of Washington. (2023). SacPAS Cohort Juvenile Monitoring. "
152,1-Jun,3,,"Columbia Basin Research, University of Washington. (2023). SacPAS Cohort Juvenile Monitoring. "
153,2-Jun,3,,"Columbia Basin Research, University of Washington. (2023). SacPAS Cohort Juvenile Monitoring. "
154,3-Jun,3,98,"Columbia Basin Research, University of Washington. (2023). SacPAS Cohort Juvenile Monitoring. "
155,4-Jun,3,,"Columbia Basin Research, University of Washington. (2023). SacPAS Cohort Juvenile Monitoring. "
156,5-Jun,3,98,"Columbia Basin Research, University of Washington. (2023). SacPAS Cohort Juvenile Monitoring. "
157,6-Jun,3,,"Columbia Basin Research, University of Washington. (2023). SacPAS Cohort Juvenile Monitoring. "
158,7-Jun,3,98,"Columbia Basin Research, University of Washington. (2023). SacPAS Cohort Juvenile Monitoring. "
159,8-Jun,3,,"Columbia Basin Research, University of Washington. (2023). SacPAS Cohort Juvenile Monitoring. "
160,9-Jun,3,,"Columbia Basin Research, University of Washington. (2023). SacPAS Cohort Juvenile Monitoring. "
161,10-Jun,3,98,"Columbia Basin Research, University of Washington. (2023). SacPAS Cohort Juvenile Monitoring. "
162,11-Jun,3,,"Columbia Basin Research, University of Washington. (2023). SacPAS Cohort Juvenile Monitoring. "
163,12-Jun,3,98,"Columbia Basin Research, University of Washington. (2023). SacPAS Cohort Juvenile Monitoring. "
164,13-Jun,3,,"Columbia Basin Research, University of Washington. (2023). SacPAS Cohort Juvenile Monitoring. "
165,14-Jun,3,98,"Columbia Basin Research, University of Washington. (2023). SacPAS Cohort Juvenile Monitoring. "
166,15-Jun,3,,"Columbia Basin Research, University of Washington. (2023). SacPAS Cohort Juvenile Monitoring. "
167,16-Jun,3,,"Columbia Basin Research, University of Washington. (2023). SacPAS Cohort Juvenile Monitoring. "
168,17-Jun,3,98,"Columbia Basin Research, University of Washington. (2023). SacPAS Cohort Juvenile Monitoring. "
169,18-Jun,3,,"Columbia Basin Research, University of Washington. (2023). SacPAS Cohort Juvenile Monitoring. "
170,19-Jun,3,,"Columbia Basin Research, University of Washington. (2023). SacPAS Cohort Juvenile Monitoring. "
171,20-Jun,3,98,"Columbia Basin Research, University of Washington. (2023). SacPAS Cohort Juvenile Monitoring. "
172,21-Jun,3,98,"Columbia Basin Research, University of Washington. (2023). SacPAS Cohort Juvenile Monitoring. "
173,22-Jun,3,,"Columbia Basin Research, University of Washington. (2023). SacPAS Cohort Juvenile Monitoring. "
174,23-Jun,3,,"Columbia Basin Research, University of Washington. (2023). SacPAS Cohort Juvenile Monitoring. "
175,24-Jun,3,98,"Columbia Basin Research, University of Washington. (2023). SacPAS Cohort Juvenile Monitoring. "
176,25-Jun,3,,"Columbia Basin Research, University of Washington. (2023). SacPAS Cohort Juvenile Monitoring. "
177,26-Jun,3,98,"Columbia Basin Research, University of Washington. (2023). SacPAS Cohort Juvenile Monitoring. "
178,27-Jun,3,,"Columbia Basin Research, University of Washington. (2023). SacPAS Cohort Juvenile Monitoring. "
179,28-Jun,3,98,"Columbia Basin Research, University of Washington. (2023). SacPAS Cohort Juvenile Monitoring. "
182,1-Jul,3,0,"Columbia Basin Research, University of Washington. (2023). SacPAS Cohort Juvenile Monitoring. "
183,2-Jul,3,,"Columbia Basin Research, University of Washington. (2023). SacPAS Cohort Juvenile Monitoring. "
184,3-Jul,3,0,"Columbia Basin Research, University of Washington. (2023). SacPAS Cohort Juvenile Monitoring. "
185,4-Jul,3,,"Columbia Basin Research, University of Washington. (2023). SacPAS Cohort Juvenile Monitoring. "
186,5-Jul,3,0,"Columbia Basin Research, University of Washington. (2023). SacPAS Cohort Juvenile Monitoring. "
187,6-Jul,3,,"Columbia Basin Research, University of Washington. (2023). SacPAS Cohort Juvenile Monitoring. "
188,7-Jul,3,,"Columbia Basin Research, University of Washington. (2023). SacPAS Cohort Juvenile Monitoring. "
189,8-Jul,3,0,"Columbia Basin Research, University of Washington. (2023). SacPAS Cohort Juvenile Monitoring. "
190,9-Jul,3,,"Columbia Basin Research, University of Washington. (2023). SacPAS Cohort Juvenile Monitoring. "
191,10-Jul,3,0,"Columbia Basin Research, University of Washington. (2023). SacPAS Cohort Juvenile Monitoring. "
192,11-Jul,3,,"Columbia Basin Research, University of Washington. (2023). SacPAS Cohort Juvenile Monitoring. "
193,12-Jul,3,0,"Columbia Basin Research, University of Washington. (2023). SacPAS Cohort Juvenile Monitoring. "
194,13-Jul,3,,"Columbia Basin Research, University of Washington. (2023). SacPAS Cohort Juvenile Monitoring. "
195,14-Jul,3,,"Columbia Basin Research, University of Washington. (2023). SacPAS Cohort Juvenile Monitoring. "
196,15-Jul,3,0,"Columbia Basin Research, University of Washington. (2023). SacPAS Cohort Juvenile Monitoring. "
197,16-Jul,3,0,"Columbia Basin Research, University of Washington. (2023). SacPAS Cohort Juvenile Monitoring. "
198,17-Jul,3,,"Columbia Basin Research, University of Washington. (2023). SacPAS Cohort Juvenile Monitoring. "
199,18-Jul,3,,"Columbia Basin Research, University of Washington. (2023). SacPAS Cohort Juvenile Monitoring. "
200,19-Jul,3,0,"Columbia Basin Research, University of Washington. (2023). SacPAS Cohort Juvenile Monitoring. "
201,20-Jul,3,,"Columbia Basin Research, University of Washington. (2023). SacPAS Cohort Juvenile Monitoring. "
202,21-Jul,3,,"Columbia Basin Research, University of Washington. (2023). SacPAS Cohort Juvenile Monitoring. "
203,22-Jul,3,0,"Columbia Basin Research, University of Washington. (2023). SacPAS Cohort Juvenile Monitoring. "
204,23-Jul,3,,"Columbia Basin Research, University of Washington. (2023). SacPAS Cohort Juvenile Monitoring. "
205,24-Jul,3,0,"Columbia Basin Research, University of Washington. (2023). SacPAS Cohort Juvenile Monitoring. "
206,25-Jul,3,,"Columbia Basin Research, University of Washington. (2023). SacPAS Cohort Juvenile Monitoring. "
207,26-Jul,3,0,"Columbia Basin Research, University of Washington. (2023). SacPAS Cohort Juvenile Monitoring. "
208,27-Jul,3,,"Columbia Basin Research, University of Washington. (2023). SacPAS Cohort Juvenile Monitoring. "
209,28-Jul,3,,"Columbia Basin Research, University of Washington. (2023). SacPAS Cohort Juvenile Monitoring. "
210,29-Jul,3,0,"Columbia Basin Research, University of Washington. (2023). SacPAS Cohort Juvenile Monitoring. "
211,30-Jul,3,,"Columbia Basin Research, University of Washington. (2023). SacPAS Cohort Juvenile Monitoring. "
212,31-Jul,3,0,"Columbia Basin Research, University of Washington. (2023). SacPAS Cohort Juvenile Monitoring. "
213,1-Aug,3,,"Columbia Basin Research, University of Washington. (2023). SacPAS Cohort Juvenile Monitoring. "
214,2-Aug,3,0,"Columbia Basin Research, University of Washington. (2023). SacPAS Cohort Juvenile Monitoring. "
215,3-Aug,3,,"Columbia Basin Research, University of Washington. (2023). SacPAS Cohort Juvenile Monitoring. "
216,4-Aug,3,,"Columbia Basin Research, University of Washington. (2023). SacPAS Cohort Juvenile Monitoring. "
217,5-Aug,3,0,"Columbia Basin Research, University of Washington. (2023). SacPAS Cohort Juvenile Monitoring. "
218,6-Aug,3,,"Columbia Basin Research, University of Washington. (2023). SacPAS Cohort Juvenile Monitoring. "
219,7-Aug,3,0,"Columbia Basin Research, University of Washington. (2023). SacPAS Cohort Juvenile Monitoring. "
220,8-Aug,3,,"Columbia Basin Research, University of Washington. (2023). SacPAS Cohort Juvenile Monitoring. "
221,9-Aug,3,0,"Columbia Basin Research, University of Washington. (2023). SacPAS Cohort Juvenile Monitoring. "
222,10-Aug,3,,"Columbia Basin Research, University of Washington. (2023). SacPAS Cohort Juvenile Monitoring. "
223,11-Aug,3,,"Columbia Basin Research, University of Washington. (2023). SacPAS Cohort Juvenile Monitoring. "
224,12-Aug,3,0,"Columbia Basin Research, University of Washington. (2023). SacPAS Cohort Juvenile Monitoring. "
225,13-Aug,3,,"Columbia Basin Research, University of Washington. (2023). SacPAS Cohort Juvenile Monitoring. "
226,14-Aug,3,0,"Columbia Basin Research, University of Washington. (2023). SacPAS Cohort Juvenile Monitoring. "
227,15-Aug,3,,"Columbia Basin Research, University of Washington. (2023). SacPAS Cohort Juvenile Monitoring. "
228,16-Aug,3,0,"Columbia Basin Research, University of Washington. (2023). SacPAS Cohort Juvenile Monitoring. "
229,17-Aug,3,,"Columbia Basin Research, University of Washington. (2023). SacPAS Cohort Juvenile Monitoring. "
230,18-Aug,3,,"Columbia Basin Research, University of Washington. (2023). SacPAS Cohort Juvenile Monitoring. "
231,19-Aug,3,0,"Columbia Basin Research, University of Washington. (2023). SacPAS Cohort Juvenile Monitoring. "
232,20-Aug,3,,"Columbia Basin Research, University of Washington. (2023). SacPAS Cohort Juvenile Monitoring. "
233,21-Aug,3,0,"Columbia Basin Research, University of Washington. (2023). SacPAS Cohort Juvenile Monitoring. "
234,22-Aug,3,,"Columbia Basin Research, University of Washington. (2023). SacPAS Cohort Juvenile Monitoring. "
235,23-Aug,3,0,"Columbia Basin Research, University of Washington. (2023). SacPAS Cohort Juvenile Monitoring. "
236,24-Aug,3,,"Columbia Basin Research, University of Washington. (2023). SacPAS Cohort Juvenile Monitoring. "
237,25-Aug,3,,"Columbia Basin Research, University of Washington. (2023). SacPAS Cohort Juvenile Monitoring. "
238,26-Aug,3,0,"Columbia Basin Research, University of Washington. (2023). SacPAS Cohort Juvenile Monitoring. "
239,27-Aug,3,,"Columbia Basin Research, University of Washington. (2023). SacPAS Cohort Juvenile Monitoring. "
240,28-Aug,3,0,"Columbia Basin Research, University of Washington. (2023). SacPAS Cohort Juvenile Monitoring. "
241,29-Aug,3,,"Columbia Basin Research, University of Washington. (2023). SacPAS Cohort Juvenile Monitoring. "
242,30-Aug,3,0,"Columbia Basin Research, University of Washington. (2023). SacPAS Cohort Juvenile Monitoring. "
243,31-Aug,3,,"Columbia Basin Research, University of Washington. (2023). SacPAS Cohort Juvenile Monitoring. "
244,1-Sep,3,,"Columbia Basin Research, University of Washington. (2023). SacPAS Cohort Juvenile Monitoring. "
245,2-Sep,3,,"Columbia Basin Research, University of Washington. (2023). SacPAS Cohort Juvenile Monitoring. "
246,3-Sep,3,0,"Columbia Basin Research, University of Washington. (2023). SacPAS Cohort Juvenile Monitoring. "
247,4-Sep,3,0,"Columbia Basin Research, University of Washington. (2023). SacPAS Cohort Juvenile Monitoring. "
248,5-Sep,3,,"Columbia Basin Research, University of Washington. (2023). SacPAS Cohort Juvenile Monitoring. "
249,6-Sep,3,0,"Columbia Basin Research, University of Washington. (2023). SacPAS Cohort Juvenile Monitoring. "
250,7-Sep,3,,"Columbia Basin Research, University of Washington. (2023). SacPAS Cohort Juvenile Monitoring. "
251,8-Sep,3,,"Columbia Basin Research, University of Washington. (2023). SacPAS Cohort Juvenile Monitoring. "
252,9-Sep,3,0,"Columbia Basin Research, University of Washington. (2023). SacPAS Cohort Juvenile Monitoring. "
253,10-Sep,3,,"Columbia Basin Research, University of Washington. (2023). SacPAS Cohort Juvenile Monitoring. "
254,11-Sep,3,0,"Columbia Basin Research, University of Washington. (2023). SacPAS Cohort Juvenile Monitoring. "
255,12-Sep,3,,"Columbia Basin Research, University of Washington. (2023). SacPAS Cohort Juvenile Monitoring. "
256,13-Sep,3,0,"Columbia Basin Research, University of Washington. (2023). SacPAS Cohort Juvenile Monitoring. "
257,14-Sep,3,,"Columbia Basin Research, University of Washington. (2023). SacPAS Cohort Juvenile Monitoring. "
258,15-Sep,3,,"Columbia Basin Research, University of Washington. (2023). SacPAS Cohort Juvenile Monitoring. "
259,16-Sep,3,0,"Columbia Basin Research, University of Washington. (2023). SacPAS Cohort Juvenile Monitoring. "
260,17-Sep,3,,"Columbia Basin Research, University of Washington. (2023). SacPAS Cohort Juvenile Monitoring. "
261,18-Sep,3,0,"Columbia Basin Research, University of Washington. (2023). SacPAS Cohort Juvenile Monitoring. "
262,19-Sep,3,,"Columbia Basin Research, University of Washington. (2023). SacPAS Cohort Juvenile Monitoring. "
263,20-Sep,3,0,"Columbia Basin Research, University of Washington. (2023). SacPAS Cohort Juvenile Monitoring. "
264,21-Sep,3,,"Columbia Basin Research, University of Washington. (2023). SacPAS Cohort Juvenile Monitoring. "
265,22-Sep,3,,"Columbia Basin Research, University of Washington. (2023). SacPAS Cohort Juvenile Monitoring. "
266,23-Sep,3,0,"Columbia Basin Research, University of Washington. (2023). SacPAS Cohort Juvenile Monitoring. "
267,24-Sep,3,,"Columbia Basin Research, University of Washington. (2023). SacPAS Cohort Juvenile Monitoring. "
268,25-Sep,3,0,"Columbia Basin Research, University of Washington. (2023). SacPAS Cohort Juvenile Monitoring. "
269,26-Sep,3,,"Columbia Basin Research, University of Washington. (2023). SacPAS Cohort Juvenile Monitoring. "
270,27-Sep,3,0,"Columbia Basin Research, University of Washington. (2023). SacPAS Cohort Juvenile Monitoring. "
271,28-Sep,3,,"Columbia Basin Research, University of Washington. (2023). SacPAS Cohort Juvenile Monitoring. "
272,29-Sep,3,,"Columbia Basin Research, University of Washington. (2023). SacPAS Cohort Juvenile Monitoring. "
273,30-Sep,3,0,"Columbia Basin Research, University of Washington. (2023). SacPAS Cohort Juvenile Monitoring. "
274,1-Oct,3,,"Columbia Basin Research, University of Washington. (2023). SacPAS Cohort Juvenile Monitoring. "
275,2-Oct,3,0,"Columbia Basin Research, University of Washington. (2023). SacPAS Cohort Juvenile Monitoring. "
276,3-Oct,3,,"Columbia Basin Research, University of Washington. (2023). SacPAS Cohort Juvenile Monitoring. "
277,4-Oct,3,0,"Columbia Basin Research, University of Washington. (2023). SacPAS Cohort Juvenile Monitoring. "
278,5-Oct,3,,"Columbia Basin Research, University of Washington. (2023). SacPAS Cohort Juvenile Monitoring. "
279,6-Oct,3,,"Columbia Basin Research, University of Washington. (2023). SacPAS Cohort Juvenile Monitoring. "
280,7-Oct,3,0,"Columbia Basin Research, University of Washington. (2023). SacPAS Cohort Juvenile Monitoring. "
281,8-Oct,3,,"Columbia Basin Research, University of Washington. (2023). SacPAS Cohort Juvenile Monitoring. "
282,9-Oct,3,0,"Columbia Basin Research, University of Washington. (2023). SacPAS Cohort Juvenile Monitoring. "
283,10-Oct,3,,"Columbia Basin Research, University of Washington. (2023). SacPAS Cohort Juvenile Monitoring. "
284,11-Oct,3,0,"Columbia Basin Research, University of Washington. (2023). SacPAS Cohort Juvenile Monitoring. "
285,12-Oct,3,,"Columbia Basin Research, University of Washington. (2023). SacPAS Cohort Juvenile Monitoring. "
286,13-Oct,3,,"Columbia Basin Research, University of Washington. (2023). SacPAS Cohort Juvenile Monitoring. "
287,14-Oct,3,,"Columbia Basin Research, University of Washington. (2023). SacPAS Cohort Juvenile Monitoring. "
288,15-Oct,3,0,"Columbia Basin Research, University of Washington. (2023). SacPAS Cohort Juvenile Monitoring. "
289,16-Oct,3,0,"Columbia Basin Research, University of Washington. (2023). SacPAS Cohort Juvenile Monitoring. "
290,17-Oct,3,,"Columbia Basin Research, University of Washington. (2023). SacPAS Cohort Juvenile Monitoring. "
291,18-Oct,3,0,"Columbia Basin Research, University of Washington. (2023). SacPAS Cohort Juvenile Monitoring. "
292,19-Oct,3,,"Columbia Basin Research, University of Washington. (2023). SacPAS Cohort Juvenile Monitoring. "
293,20-Oct,3,,"Columbia Basin Research, University of Washington. (2023). SacPAS Cohort Juvenile Monitoring. "
294,21-Oct,3,0,"Columbia Basin Research, University of Washington. (2023). SacPAS Cohort Juvenile Monitoring. "
295,22-Oct,3,,"Columbia Basin Research, University of Washington. (2023). SacPAS Cohort Juvenile Monitoring. "
296,23-Oct,3,0,"Columbia Basin Research, University of Washington. (2023). SacPAS Cohort Juvenile Monitoring. "
297,24-Oct,3,,"Columbia Basin Research, University of Washington. (2023). SacPAS Cohort Juvenile Monitoring. "
298,25-Oct,3,0,"Columbia Basin Research, University of Washington. (2023). SacPAS Cohort Juvenile Monitoring. "
299,26-Oct,3,,"Columbia Basin Research, University of Washington. (2023). SacPAS Cohort Juvenile Monitoring. "
300,27-Oct,3,,"Columbia Basin Research, University of Washington. (2023). SacPAS Cohort Juvenile Monitoring. "
301,28-Oct,3,0,"Columbia Basin Research, University of Washington. (2023). SacPAS Cohort Juvenile Monitoring. "
302,29-Oct,3,,"Columbia Basin Research, University of Washington. (2023). SacPAS Cohort Juvenile Monitoring. "
303,30-Oct,3,0,"Columbia Basin Research, University of Washington. (2023). SacPAS Cohort Juvenile Monitoring. "
304,31-Oct,3,,"Columbia Basin Research, University of Washington. (2023). SacPAS Cohort Juvenile Monitoring. "
305,1-Nov,3,0,"Columbia Basin Research, University of Washington. (2023). SacPAS Cohort Juvenile Monitoring. "
306,2-Nov,3,,"Columbia Basin Research, University of Washington. (2023). SacPAS Cohort Juvenile Monitoring. "
307,3-Nov,3,,"Columbia Basin Research, University of Washington. (2023). SacPAS Cohort Juvenile Monitoring. "
308,4-Nov,3,0,"Columbia Basin Research, University of Washington. (2023). SacPAS Cohort Juvenile Monitoring. "
309,5-Nov,3,,"Columbia Basin Research, University of Washington. (2023). SacPAS Cohort Juvenile Monitoring. "
310,6-Nov,3,0,"Columbia Basin Research, University of Washington. (2023). SacPAS Cohort Juvenile Monitoring. "
311,7-Nov,3,,"Columbia Basin Research, University of Washington. (2023). SacPAS Cohort Juvenile Monitoring. "
312,8-Nov,3,0,"Columbia Basin Research, University of Washington. (2023). SacPAS Cohort Juvenile Monitoring. "
313,9-Nov,3,,"Columbia Basin Research, University of Washington. (2023). SacPAS Cohort Juvenile Monitoring. "
314,10-Nov,3,,"Columbia Basin Research, University of Washington. (2023). SacPAS Cohort Juvenile Monitoring. "
315,11-Nov,3,,"Columbia Basin Research, University of Washington. (2023). SacPAS Cohort Juvenile Monitoring. "
316,12-Nov,3,0,"Columbia Basin Research, University of Washington. (2023). SacPAS Cohort Juvenile Monitoring. "
317,13-Nov,3,0,"Columbia Basin Research, University of Washington. (2023). SacPAS Cohort Juvenile Monitoring. "
318,14-Nov,3,,"Columbia Basin Research, University of Washington. (2023). SacPAS Cohort Juvenile Monitoring. "
319,15-Nov,3,0,"Columbia Basin Research, University of Washington. (2023). SacPAS Cohort Juvenile Monitoring. "
320,16-Nov,3,,"Columbia Basin Research, University of Washington. (2023). SacPAS Cohort Juvenile Monitoring. "
321,17-Nov,3,,"Columbia Basin Research, University of Washington. (2023). SacPAS Cohort Juvenile Monitoring. "
322,18-Nov,3,0,"Columbia Basin Research, University of Washington. (2023). SacPAS Cohort Juvenile Monitoring. "
323,19-Nov,3,,"Columbia Basin Research, University of Washington. (2023). SacPAS Cohort Juvenile Monitoring. "
324,20-Nov,3,0,"Columbia Basin Research, University of Washington. (2023). SacPAS Cohort Juvenile Monitoring. "
325,21-Nov,3,,"Columbia Basin Research, University of Washington. (2023). SacPAS Cohort Juvenile Monitoring. "
326,22-Nov,3,0,"Columbia Basin Research, University of Washington. (2023). SacPAS Cohort Juvenile Monitoring. "
327,23-Nov,3,,"Columbia Basin Research, University of Washington. (2023). SacPAS Cohort Juvenile Monitoring. "
328,24-Nov,3,,"Columbia Basin Research, University of Washington. (2023). SacPAS Cohort Juvenile Monitoring. "
329,25-Nov,3,0,"Columbia Basin Research, University of Washington. (2023). SacPAS Cohort Juvenile Monitoring. "
330,26-Nov,3,,"Columbia Basin Research, University of Washington. (2023). SacPAS Cohort Juvenile Monitoring. "
331,27-Nov,3,0,"Columbia Basin Research, University of Washington. (2023). SacPAS Cohort Juvenile Monitoring. "
332,28-Nov,3,,"Columbia Basin Research, University of Washington. (2023). SacPAS Cohort Juvenile Monitoring. "
333,29-Nov,3,0,"Columbia Basin Research, University of Washington. (2023). SacPAS Cohort Juvenile Monitoring. "
334,30-Nov,3,,"Columbia Basin Research, University of Washington. (2023). SacPAS Cohort Juvenile Monitoring. "
335,1-Dec,3,,"Columbia Basin Research, University of Washington. (2023). SacPAS Cohort Juvenile Monitoring. "
336,2-Dec,3,0,"Columbia Basin Research, University of Washington. (2023). SacPAS Cohort Juvenile Monitoring. "
337,3-Dec,3,0,"Columbia Basin Research, University of Washington. (2023). SacPAS Cohort Juvenile Monitoring. "
338,4-Dec,3,0,"Columbia Basin Research, University of Washington. (2023). SacPAS Cohort Juvenile Monitoring. "
339,5-Dec,3,,"Columbia Basin Research, University of Washington. (2023). SacPAS Cohort Juvenile Monitoring. "
340,6-Dec,3,,"Columbia Basin Research, University of Washington. (2023). SacPAS Cohort Juvenile Monitoring. "
341,7-Dec,3,0,"Columbia Basin Research, University of Washington. (2023). SacPAS Cohort Juvenile Monitoring. "
342,8-Dec,3,0,"Columbia Basin Research, University of Washington. (2023). SacPAS Cohort Juvenile Monitoring. "
343,9-Dec,3,0,"Columbia Basin Research, University of Washington. (2023). SacPAS Cohort Juvenile Monitoring. "
344,10-Dec,3,0,"Columbia Basin Research, University of Washington. (2023). SacPAS Cohort Juvenile Monitoring. "
345,11-Dec,3,0,"Columbia Basin Research, University of Washington. (2023). SacPAS Cohort Juvenile Monitoring. "
346,12-Dec,3,0,"Columbia Basin Research, University of Washington. (2023). SacPAS Cohort Juvenile Monitoring. "
347,13-Dec,3,0,"Columbia Basin Research, University of Washington. (2023). SacPAS Cohort Juvenile Monitoring. "
348,14-Dec,3,,"Columbia Basin Research, University of Washington. (2023). SacPAS Cohort Juvenile Monitoring. "
349,15-Dec,3,0,"Columbia Basin Research, University of Washington. (2023). SacPAS Cohort Juvenile Monitoring. "
350,16-Dec,3,0,"Columbia Basin Research, University of Washington. (2023). SacPAS Cohort Juvenile Monitoring. "
351,17-Dec,3,0,"Columbia Basin Research, University of Washington. (2023). SacPAS Cohort Juvenile Monitoring. "
352,18-Dec,3,,"Columbia Basin Research, University of Washington. (2023). SacPAS Cohort Juvenile Monitoring. "
353,19-Dec,3,0,"Columbia Basin Research, University of Washington. (2023). SacPAS Cohort Juvenile Monitoring. "
354,20-Dec,3,1,"Columbia Basin Research, University of Washington. (2023). SacPAS Cohort Juvenile Monitoring. "
355,21-Dec,3,,"Columbia Basin Research, University of Washington. (2023). SacPAS Cohort Juvenile Monitoring. "
356,22-Dec,3,2,"Columbia Basin Research, University of Washington. (2023). SacPAS Cohort Juvenile Monitoring. "
357,23-Dec,3,2,"Columbia Basin Research, University of Washington. (2023). SacPAS Cohort Juvenile Monitoring. "
358,24-Dec,3,,"Columbia Basin Research, University of Washington. (2023). SacPAS Cohort Juvenile Monitoring. "
359,25-Dec,3,,"Columbia Basin Research, University of Washington. (2023). SacPAS Cohort Juvenile Monitoring. "
360,26-Dec,3,2,"Columbia Basin Research, University of Washington. (2023). SacPAS Cohort Juvenile Monitoring. "
361,27-Dec,3,2,"Columbia Basin Research, University of Washington. (2023). SacPAS Cohort Juvenile Monitoring. "
362,28-Dec,3,,"Columbia Basin Research, University of Washington. (2023). SacPAS Cohort Juvenile Monitoring. "
363,29-Dec,3,2,"Columbia Basin Research, University of Washington. (2023). SacPAS Cohort Juvenile Monitoring. "
364,30-Dec,3,2,"Columbia Basin Research, University of Washington. (2023). SacPAS Cohort Juvenile Monitoring. "
365,31-Dec,3,2,"Columbia Basin Research, University of Washington. (2023). SacPAS Cohort Juvenile Monitoring. "
1,1-Jan,4,,"Columbia Basin Research, University of Washington. (2023). SacPAS Cohort Juvenile Monitoring. "
2,2-Jan,4,2,"Columbia Basin Research, University of Washington. (2023). SacPAS Cohort Juvenile Monitoring. "
3,3-Jan,4,,"Columbia Basin Research, University of Washington. (2023). SacPAS Cohort Juvenile Monitoring. "
4,4-Jan,4,,"Columbia Basin Research, University of Washington. (2023). SacPAS Cohort Juvenile Monitoring. "
5,5-Jan,4,2,"Columbia Basin Research, University of Washington. (2023). SacPAS Cohort Juvenile Monitoring. "
6,6-Jan,4,2,"Columbia Basin Research, University of Washington. (2023). SacPAS Cohort Juvenile Monitoring. "
7,7-Jan,4,,"Columbia Basin Research, University of Washington. (2023). SacPAS Cohort Juvenile Monitoring. "
8,8-Jan,4,2,"Columbia Basin Research, University of Washington. (2023). SacPAS Cohort Juvenile Monitoring. "
9,9-Jan,4,2,"Columbia Basin Research, University of Washington. (2023). SacPAS Cohort Juvenile Monitoring. "
10,10-Jan,4,2,"Columbia Basin Research, University of Washington. (2023). SacPAS Cohort Juvenile Monitoring. "
11,11-Jan,4,,"Columbia Basin Research, University of Washington. (2023). SacPAS Cohort Juvenile Monitoring. "
12,12-Jan,4,2,"Columbia Basin Research, University of Washington. (2023). SacPAS Cohort Juvenile Monitoring. "
13,13-Jan,4,2,"Columbia Basin Research, University of Washington. (2023). SacPAS Cohort Juvenile Monitoring. "
14,14-Jan,4,2,"Columbia Basin Research, University of Washington. (2023). SacPAS Cohort Juvenile Monitoring. "
15,15-Jan,4,,"Columbia Basin Research, University of Washington. (2023). SacPAS Cohort Juvenile Monitoring. "
16,16-Jan,4,2,"Columbia Basin Research, University of Washington. (2023). SacPAS Cohort Juvenile Monitoring. "
17,17-Jan,4,,"Columbia Basin Research, University of Washington. (2023). SacPAS Cohort Juvenile Monitoring. "
18,18-Jan,4,2,"Columbia Basin Research, University of Washington. (2023). SacPAS Cohort Juvenile Monitoring. "
19,19-Jan,4,2,"Columbia Basin Research, University of Washington. (2023). SacPAS Cohort Juvenile Monitoring. "
20,20-Jan,4,,"Columbia Basin Research, University of Washington. (2023). SacPAS Cohort Juvenile Monitoring. "
21,21-Jan,4,2,"Columbia Basin Research, University of Washington. (2023). SacPAS Cohort Juvenile Monitoring. "
22,22-Jan,4,,"Columbia Basin Research, University of Washington. (2023). SacPAS Cohort Juvenile Monitoring. "
23,23-Jan,4,2,"Columbia Basin Research, University of Washington. (2023). SacPAS Cohort Juvenile Monitoring. "
24,24-Jan,4,2,"Columbia Basin Research, University of Washington. (2023). SacPAS Cohort Juvenile Monitoring. "
25,25-Jan,4,2,"Columbia Basin Research, University of Washington. (2023). SacPAS Cohort Juvenile Monitoring. "
26,26-Jan,4,2,"Columbia Basin Research, University of Washington. (2023). SacPAS Cohort Juvenile Monitoring. "
27,27-Jan,4,2,"Columbia Basin Research, University of Washington. (2023). SacPAS Cohort Juvenile Monitoring. "
28,28-Jan,4,2,"Columbia Basin Research, University of Washington. (2023). SacPAS Cohort Juvenile Monitoring. "
29,29-Jan,4,,"Columbia Basin Research, University of Washington. (2023). SacPAS Cohort Juvenile Monitoring. "
30,30-Jan,4,2,"Columbia Basin Research, University of Washington. (2023). SacPAS Cohort Juvenile Monitoring. "
31,31-Jan,4,2,"Columbia Basin Research, University of Washington. (2023). SacPAS Cohort Juvenile Monitoring. "
32,1-Feb,4,,"Columbia Basin Research, University of Washington. (2023). SacPAS Cohort Juvenile Monitoring. "
33,2-Feb,4,2,"Columbia Basin Research, University of Washington. (2023). SacPAS Cohort Juvenile Monitoring. "
34,3-Feb,4,2,"Columbia Basin Research, University of Washington. (2023). SacPAS Cohort Juvenile Monitoring. "
35,4-Feb,4,2,"Columbia Basin Research, University of Washington. (2023). SacPAS Cohort Juvenile Monitoring. "
36,5-Feb,4,,"Columbia Basin Research, University of Washington. (2023). SacPAS Cohort Juvenile Monitoring. "
37,6-Feb,4,3,"Columbia Basin Research, University of Washington. (2023). SacPAS Cohort Juvenile Monitoring. "
38,7-Feb,4,3,"Columbia Basin Research, University of Washington. (2023). SacPAS Cohort Juvenile Monitoring. "
39,8-Feb,4,,"Columbia Basin Research, University of Washington. (2023). SacPAS Cohort Juvenile Monitoring. "
40,9-Feb,4,,"Columbia Basin Research, University of Washington. (2023). SacPAS Cohort Juvenile Monitoring. "
41,10-Feb,4,3,"Columbia Basin Research, University of Washington. (2023). SacPAS Cohort Juvenile Monitoring. "
42,11-Feb,4,3,"Columbia Basin Research, University of Washington. (2023). SacPAS Cohort Juvenile Monitoring. "
43,12-Feb,4,3,"Columbia Basin Research, University of Washington. (2023). SacPAS Cohort Juvenile Monitoring. "
44,13-Feb,4,3,"Columbia Basin Research, University of Washington. (2023). SacPAS Cohort Juvenile Monitoring. "
45,14-Feb,4,3,"Columbia Basin Research, University of Washington. (2023). SacPAS Cohort Juvenile Monitoring. "
46,15-Feb,4,,"Columbia Basin Research, University of Washington. (2023). SacPAS Cohort Juvenile Monitoring. "
47,16-Feb,4,3,"Columbia Basin Research, University of Washington. (2023). SacPAS Cohort Juvenile Monitoring. "
48,17-Feb,4,,"Columbia Basin Research, University of Washington. (2023). SacPAS Cohort Juvenile Monitoring. "
49,18-Feb,4,3,"Columbia Basin Research, University of Washington. (2023). SacPAS Cohort Juvenile Monitoring. "
50,19-Feb,4,5,"Columbia Basin Research, University of Washington. (2023). SacPAS Cohort Juvenile Monitoring. "
51,20-Feb,4,5,"Columbia Basin Research, University of Washington. (2023). SacPAS Cohort Juvenile Monitoring. "
52,21-Feb,4,8,"Columbia Basin Research, University of Washington. (2023). SacPAS Cohort Juvenile Monitoring. "
53,22-Feb,4,,"Columbia Basin Research, University of Washington. (2023). SacPAS Cohort Juvenile Monitoring. "
54,23-Feb,4,13,"Columbia Basin Research, University of Washington. (2023). SacPAS Cohort Juvenile Monitoring. "
55,24-Feb,4,19,"Columbia Basin Research, University of Washington. (2023). SacPAS Cohort Juvenile Monitoring. "
56,25-Feb,4,21,"Columbia Basin Research, University of Washington. (2023). SacPAS Cohort Juvenile Monitoring. "
57,26-Feb,4,,"Columbia Basin Research, University of Washington. (2023). SacPAS Cohort Juvenile Monitoring. "
58,27-Feb,4,26,"Columbia Basin Research, University of Washington. (2023). SacPAS Cohort Juvenile Monitoring. "
59,28-Feb,4,28,"Columbia Basin Research, University of Washington. (2023). SacPAS Cohort Juvenile Monitoring. "
60,Feb-29,4,,"Columbia Basin Research, University of Washington. (2023). SacPAS Cohort Juvenile Monitoring. "
61,1-Mar,4,28,"Columbia Basin Research, University of Washington. (2023). SacPAS Cohort Juvenile Monitoring. "
62,2-Mar,4,28,"Columbia Basin Research, University of Washington. (2023). SacPAS Cohort Juvenile Monitoring. "
63,3-Mar,4,28,"Columbia Basin Research, University of Washington. (2023). SacPAS Cohort Juvenile Monitoring. "
64,4-Mar,4,,"Columbia Basin Research, University of Washington. (2023). SacPAS Cohort Juvenile Monitoring. "
65,5-Mar,4,30,"Columbia Basin Research, University of Washington. (2023). SacPAS Cohort Juvenile Monitoring. "
66,6-Mar,4,30,"Columbia Basin Research, University of Washington. (2023). SacPAS Cohort Juvenile Monitoring. "
67,7-Mar,4,,"Columbia Basin Research, University of Washington. (2023). SacPAS Cohort Juvenile Monitoring. "
68,8-Mar,4,35,"Columbia Basin Research, University of Washington. (2023). SacPAS Cohort Juvenile Monitoring. "
69,9-Mar,4,39,"Columbia Basin Research, University of Washington. (2023). SacPAS Cohort Juvenile Monitoring. "
70,10-Mar,4,46,"Columbia Basin Research, University of Washington. (2023). SacPAS Cohort Juvenile Monitoring. "
71,11-Mar,4,,"Columbia Basin Research, University of Washington. (2023). SacPAS Cohort Juvenile Monitoring. "
72,12-Mar,4,50,"Columbia Basin Research, University of Washington. (2023). SacPAS Cohort Juvenile Monitoring. "
73,13-Mar,4,,"Columbia Basin Research, University of Washington. (2023). SacPAS Cohort Juvenile Monitoring. "
74,14-Mar,4,,"Columbia Basin Research, University of Washington. (2023). SacPAS Cohort Juvenile Monitoring. "
75,15-Mar,4,,"Columbia Basin Research, University of Washington. (2023). SacPAS Cohort Juvenile Monitoring. "
76,16-Mar,4,,"Columbia Basin Research, University of Washington. (2023). SacPAS Cohort Juvenile Monitoring. "
77,17-Mar,4,,"Columbia Basin Research, University of Washington. (2023). SacPAS Cohort Juvenile Monitoring. "
78,18-Mar,4,52,"Columbia Basin Research, University of Washington. (2023). SacPAS Cohort Juvenile Monitoring. "
79,19-Mar,4,55,"Columbia Basin Research, University of Washington. (2023). SacPAS Cohort Juvenile Monitoring. "
80,20-Mar,4,58,"Columbia Basin Research, University of Washington. (2023). SacPAS Cohort Juvenile Monitoring. "
81,21-Mar,4,,"Columbia Basin Research, University of Washington. (2023). SacPAS Cohort Juvenile Monitoring. "
82,22-Mar,4,63,"Columbia Basin Research, University of Washington. (2023). SacPAS Cohort Juvenile Monitoring. "
83,23-Mar,4,70,"Columbia Basin Research, University of Washington. (2023). SacPAS Cohort Juvenile Monitoring. "
84,24-Mar,4,73,"Columbia Basin Research, University of Washington. (2023). SacPAS Cohort Juvenile Monitoring. "
85,25-Mar,4,,"Columbia Basin Research, University of Washington. (2023). SacPAS Cohort Juvenile Monitoring. "
86,26-Mar,4,82,"Columbia Basin Research, University of Washington. (2023). SacPAS Cohort Juvenile Monitoring. "
87,27-Mar,4,94,"Columbia Basin Research, University of Washington. (2023). SacPAS Cohort Juvenile Monitoring. "
88,28-Mar,4,,"Columbia Basin Research, University of Washington. (2023). SacPAS Cohort Juvenile Monitoring. "
89,29-Mar,4,94,"Columbia Basin Research, University of Washington. (2023). SacPAS Cohort Juvenile Monitoring. "
90,30-Mar,4,101,"Columbia Basin Research, University of Washington. (2023). SacPAS Cohort Juvenile Monitoring. "
91,31-Mar,4,107,"Columbia Basin Research, University of Washington. (2023). SacPAS Cohort Juvenile Monitoring. "
92,1-Apr,4,,"Columbia Basin Research, University of Washington. (2023). SacPAS Cohort Juvenile Monitoring. "
93,2-Apr,4,110,"Columbia Basin Research, University of Washington. (2023). SacPAS Cohort Juvenile Monitoring. "
94,3-Apr,4,113,"Columbia Basin Research, University of Washington. (2023). SacPAS Cohort Juvenile Monitoring. "
95,4-Apr,4,,"Columbia Basin Research, University of Washington. (2023). SacPAS Cohort Juvenile Monitoring. "
96,5-Apr,4,117,"Columbia Basin Research, University of Washington. (2023). SacPAS Cohort Juvenile Monitoring. "
97,6-Apr,4,119,"Columbia Basin Research, University of Washington. (2023). SacPAS Cohort Juvenile Monitoring. "
98,7-Apr,4,,"Columbia Basin Research, University of Washington. (2023). SacPAS Cohort Juvenile Monitoring. "
99,8-Apr,4,,"Columbia Basin Research, University of Washington. (2023). SacPAS Cohort Juvenile Monitoring. "
100,9-Apr,4,150,"Columbia Basin Research, University of Washington. (2023). SacPAS Cohort Juvenile Monitoring. "
101,10-Apr,4,161,"Columbia Basin Research, University of Washington. (2023). SacPAS Cohort Juvenile Monitoring. "
102,11-Apr,4,,"Columbia Basin Research, University of Washington. (2023). SacPAS Cohort Juvenile Monitoring. "
103,12-Apr,4,165,"Columbia Basin Research, University of Washington. (2023). SacPAS Cohort Juvenile Monitoring. "
104,13-Apr,4,167,"Columbia Basin Research, University of Washington. (2023). SacPAS Cohort Juvenile Monitoring. "
105,14-Apr,4,167,"Columbia Basin Research, University of Washington. (2023). SacPAS Cohort Juvenile Monitoring. "
106,15-Apr,4,,"Columbia Basin Research, University of Washington. (2023). SacPAS Cohort Juvenile Monitoring. "
107,16-Apr,4,167,"Columbia Basin Research, University of Washington. (2023). SacPAS Cohort Juvenile Monitoring. "
108,17-Apr,4,167,"Columbia Basin Research, University of Washington. (2023). SacPAS Cohort Juvenile Monitoring. "
109,18-Apr,4,,"Columbia Basin Research, University of Washington. (2023). SacPAS Cohort Juvenile Monitoring. "
110,19-Apr,4,167,"Columbia Basin Research, University of Washington. (2023). SacPAS Cohort Juvenile Monitoring. "
111,20-Apr,4,167,"Columbia Basin Research, University of Washington. (2023). SacPAS Cohort Juvenile Monitoring. "
112,21-Apr,4,167,"Columbia Basin Research, University of Washington. (2023). SacPAS Cohort Juvenile Monitoring. "
113,22-Apr,4,,"Columbia Basin Research, University of Washington. (2023). SacPAS Cohort Juvenile Monitoring. "
114,23-Apr,4,167,"Columbia Basin Research, University of Washington. (2023). SacPAS Cohort Juvenile Monitoring. "
115,24-Apr,4,167,"Columbia Basin Research, University of Washington. (2023). SacPAS Cohort Juvenile Monitoring. "
116,25-Apr,4,,"Columbia Basin Research, University of Washington. (2023). SacPAS Cohort Juvenile Monitoring. "
117,26-Apr,4,167,"Columbia Basin Research, University of Washington. (2023). SacPAS Cohort Juvenile Monitoring. "
118,27-Apr,4,167,"Columbia Basin Research, University of Washington. (2023). SacPAS Cohort Juvenile Monitoring. "
119,28-Apr,4,167,"Columbia Basin Research, University of Washington. (2023). SacPAS Cohort Juvenile Monitoring. "
120,29-Apr,4,,"Columbia Basin Research, University of Washington. (2023). SacPAS Cohort Juvenile Monitoring. "
121,30-Apr,4,167,"Columbia Basin Research, University of Washington. (2023). SacPAS Cohort Juvenile Monitoring. "
122,1-May,4,167,"Columbia Basin Research, University of Washington. (2023). SacPAS Cohort Juvenile Monitoring. "
123,2-May,4,,"Columbia Basin Research, University of Washington. (2023). SacPAS Cohort Juvenile Monitoring. "
124,3-May,4,167,"Columbia Basin Research, University of Washington. (2023). SacPAS Cohort Juvenile Monitoring. "
125,4-May,4,167,"Columbia Basin Research, University of Washington. (2023). SacPAS Cohort Juvenile Monitoring. "
126,5-May,4,167,"Columbia Basin Research, University of Washington. (2023). SacPAS Cohort Juvenile Monitoring. "
127,6-May,4,,"Columbia Basin Research, University of Washington. (2023). SacPAS Cohort Juvenile Monitoring. "
128,7-May,4,167,"Columbia Basin Research, University of Washington. (2023). SacPAS Cohort Juvenile Monitoring. "
129,8-May,4,167,"Columbia Basin Research, University of Washington. (2023). SacPAS Cohort Juvenile Monitoring. "
130,9-May,4,,"Columbia Basin Research, University of Washington. (2023). SacPAS Cohort Juvenile Monitoring. "
131,10-May,4,167,"Columbia Basin Research, University of Washington. (2023). SacPAS Cohort Juvenile Monitoring. "
132,11-May,4,167,"Columbia Basin Research, University of Washington. (2023). SacPAS Cohort Juvenile Monitoring. "
133,12-May,4,167,"Columbia Basin Research, University of Washington. (2023). SacPAS Cohort Juvenile Monitoring. "
134,13-May,4,,"Columbia Basin Research, University of Washington. (2023). SacPAS Cohort Juvenile Monitoring. "
135,14-May,4,167,"Columbia Basin Research, University of Washington. (2023). SacPAS Cohort Juvenile Monitoring. "
136,15-May,4,167,"Columbia Basin Research, University of Washington. (2023). SacPAS Cohort Juvenile Monitoring. "
137,16-May,4,,"Columbia Basin Research, University of Washington. (2023). SacPAS Cohort Juvenile Monitoring. "
138,17-May,4,,"Columbia Basin Research, University of Washington. (2023). SacPAS Cohort Juvenile Monitoring. "
139,18-May,4,167,"Columbia Basin Research, University of Washington. (2023). SacPAS Cohort Juvenile Monitoring. "
140,19-May,4,,"Columbia Basin Research, University of Washington. (2023). SacPAS Cohort Juvenile Monitoring. "
141,20-May,4,167,"Columbia Basin Research, University of Washington. (2023). SacPAS Cohort Juvenile Monitoring. "
142,21-May,4,,"Columbia Basin Research, University of Washington. (2023). SacPAS Cohort Juvenile Monitoring. "
143,22-May,4,167,"Columbia Basin Research, University of Washington. (2023). SacPAS Cohort Juvenile Monitoring. "
144,23-May,4,,"Columbia Basin Research, University of Washington. (2023). SacPAS Cohort Juvenile Monitoring. "
145,24-May,4,,"Columbia Basin Research, University of Washington. (2023). SacPAS Cohort Juvenile Monitoring. "
146,25-May,4,,"Columbia Basin Research, University of Washington. (2023). SacPAS Cohort Juvenile Monitoring. "
147,26-May,4,167,"Columbia Basin Research, University of Washington. (2023). SacPAS Cohort Juvenile Monitoring. "
148,27-May,4,,"Columbia Basin Research, University of Washington. (2023). SacPAS Cohort Juvenile Monitoring. "
149,28-May,4,167,"Columbia Basin Research, University of Washington. (2023). SacPAS Cohort Juvenile Monitoring. "
150,29-May,4,167,"Columbia Basin Research, University of Washington. (2023). SacPAS Cohort Juvenile Monitoring. "
151,30-May,4,,"Columbia Basin Research, University of Washington. (2023). SacPAS Cohort Juvenile Monitoring. "
152,31-May,4,,"Columbia Basin Research, University of Washington. (2023). SacPAS Cohort Juvenile Monitoring. "
153,1-Jun,4,167,"Columbia Basin Research, University of Washington. (2023). SacPAS Cohort Juvenile Monitoring. "
154,2-Jun,4,,"Columbia Basin Research, University of Washington. (2023). SacPAS Cohort Juvenile Monitoring. "
155,3-Jun,4,167,"Columbia Basin Research, University of Washington. (2023). SacPAS Cohort Juvenile Monitoring. "
156,4-Jun,4,,"Columbia Basin Research, University of Washington. (2023). SacPAS Cohort Juvenile Monitoring. "
157,5-Jun,4,167,"Columbia Basin Research, University of Washington. (2023). SacPAS Cohort Juvenile Monitoring. "
158,6-Jun,4,,"Columbia Basin Research, University of Washington. (2023). SacPAS Cohort Juvenile Monitoring. "
159,7-Jun,4,,"Columbia Basin Research, University of Washington. (2023). SacPAS Cohort Juvenile Monitoring. "
160,8-Jun,4,167,"Columbia Basin Research, University of Washington. (2023). SacPAS Cohort Juvenile Monitoring. "
161,9-Jun,4,,"Columbia Basin Research, University of Washington. (2023). SacPAS Cohort Juvenile Monitoring. "
162,10-Jun,4,167,"Columbia Basin Research, University of Washington. (2023). SacPAS Cohort Juvenile Monitoring. "
163,11-Jun,4,,"Columbia Basin Research, University of Washington. (2023). SacPAS Cohort Juvenile Monitoring. "
164,12-Jun,4,167,"Columbia Basin Research, University of Washington. (2023). SacPAS Cohort Juvenile Monitoring. "
165,13-Jun,4,,"Columbia Basin Research, University of Washington. (2023). SacPAS Cohort Juvenile Monitoring. "
166,14-Jun,4,,"Columbia Basin Research, University of Washington. (2023). SacPAS Cohort Juvenile Monitoring. "
167,15-Jun,4,167,"Columbia Basin Research, University of Washington. (2023). SacPAS Cohort Juvenile Monitoring. "
168,16-Jun,4,,"Columbia Basin Research, University of Washington. (2023). SacPAS Cohort Juvenile Monitoring. "
169,17-Jun,4,167,"Columbia Basin Research, University of Washington. (2023). SacPAS Cohort Juvenile Monitoring. "
170,18-Jun,4,,"Columbia Basin Research, University of Washington. (2023). SacPAS Cohort Juvenile Monitoring. "
171,19-Jun,4,167,"Columbia Basin Research, University of Washington. (2023). SacPAS Cohort Juvenile Monitoring. "
172,20-Jun,4,,"Columbia Basin Research, University of Washington. (2023). SacPAS Cohort Juvenile Monitoring. "
173,21-Jun,4,,"Columbia Basin Research, University of Washington. (2023). SacPAS Cohort Juvenile Monitoring. "
174,22-Jun,4,167,"Columbia Basin Research, University of Washington. (2023). SacPAS Cohort Juvenile Monitoring. "
175,23-Jun,4,,"Columbia Basin Research, University of Washington. (2023). SacPAS Cohort Juvenile Monitoring. "
176,24-Jun,4,167,"Columbia Basin Research, University of Washington. (2023). SacPAS Cohort Juvenile Monitoring. "
177,25-Jun,4,,"Columbia Basin Research, University of Washington. (2023). SacPAS Cohort Juvenile Monitoring. "
178,26-Jun,4,167,"Columbia Basin Research, University of Washington. (2023). SacPAS Cohort Juvenile Monitoring. "
179,27-Jun,4,,"Columbia Basin Research, University of Washington. (2023). SacPAS Cohort Juvenile Monitoring. "
180,28-Jun,4,,"Columbia Basin Research, University of Washington. (2023). SacPAS Cohort Juvenile Monitoring. "
181,29-Jun,4,167,"Columbia Basin Research, University of Washington. (2023). SacPAS Cohort Juvenile Monitoring. "
182,30-Jun,4,167,"Columbia Basin Research, University of Washington. (2023). SacPAS Cohort Juvenile Monitoring. "
184,2-Jul,4,0,"Columbia Basin Research, University of Washington. (2023). SacPAS Cohort Juvenile Monitoring. "
185,3-Jul,4,,"Columbia Basin Research, University of Washington. (2023). SacPAS Cohort Juvenile Monitoring. "
186,4-Jul,4,,"Columbia Basin Research, University of Washington. (2023). SacPAS Cohort Juvenile Monitoring. "
187,5-Jul,4,,"Columbia Basin Research, University of Washington. (2023). SacPAS Cohort Juvenile Monitoring. "
188,6-Jul,4,0,"Columbia Basin Research, University of Washington. (2023). SacPAS Cohort Juvenile Monitoring. "
189,7-Jul,4,,"Columbia Basin Research, University of Washington. (2023). SacPAS Cohort Juvenile Monitoring. "
190,8-Jul,4,,"Columbia Basin Research, University of Washington. (2023). SacPAS Cohort Juvenile Monitoring. "
191,9-Jul,4,,"Columbia Basin Research, University of Washington. (2023). SacPAS Cohort Juvenile Monitoring. "
192,10-Jul,4,0,"Columbia Basin Research, University of Washington. (2023). SacPAS Cohort Juvenile Monitoring. "
193,11-Jul,4,,"Columbia Basin Research, University of Washington. (2023). SacPAS Cohort Juvenile Monitoring. "
194,12-Jul,4,,"Columbia Basin Research, University of Washington. (2023). SacPAS Cohort Juvenile Monitoring. "
195,13-Jul,4,,"Columbia Basin Research, University of Washington. (2023). SacPAS Cohort Juvenile Monitoring. "
196,14-Jul,4,0,"Columbia Basin Research, University of Washington. (2023). SacPAS Cohort Juvenile Monitoring. "
197,15-Jul,4,0,"Columbia Basin Research, University of Washington. (2023). SacPAS Cohort Juvenile Monitoring. "
198,16-Jul,4,,"Columbia Basin Research, University of Washington. (2023). SacPAS Cohort Juvenile Monitoring. "
199,17-Jul,4,0,"Columbia Basin Research, University of Washington. (2023). SacPAS Cohort Juvenile Monitoring. "
200,18-Jul,4,,"Columbia Basin Research, University of Washington. (2023). SacPAS Cohort Juvenile Monitoring. "
201,19-Jul,4,,"Columbia Basin Research, University of Washington. (2023). SacPAS Cohort Juvenile Monitoring. "
202,20-Jul,4,0,"Columbia Basin Research, University of Washington. (2023). SacPAS Cohort Juvenile Monitoring. "
203,21-Jul,4,,"Columbia Basin Research, University of Washington. (2023). SacPAS Cohort Juvenile Monitoring. "
204,22-Jul,4,,"Columbia Basin Research, University of Washington. (2023). SacPAS Cohort Juvenile Monitoring. "
205,23-Jul,4,,"Columbia Basin Research, University of Washington. (2023). SacPAS Cohort Juvenile Monitoring. "
206,24-Jul,4,,"Columbia Basin Research, University of Washington. (2023). SacPAS Cohort Juvenile Monitoring. "
207,25-Jul,4,,"Columbia Basin Research, University of Washington. (2023). SacPAS Cohort Juvenile Monitoring. "
208,26-Jul,4,,"Columbia Basin Research, University of Washington. (2023). SacPAS Cohort Juvenile Monitoring. "
209,27-Jul,4,,"Columbia Basin Research, University of Washington. (2023). SacPAS Cohort Juvenile Monitoring. "
210,28-Jul,4,,"Columbia Basin Research, University of Washington. (2023). SacPAS Cohort Juvenile Monitoring. "
211,29-Jul,4,,"Columbia Basin Research, University of Washington. (2023). SacPAS Cohort Juvenile Monitoring. "
212,30-Jul,4,,"Columbia Basin Research, University of Washington. (2023). SacPAS Cohort Juvenile Monitoring. "
213,31-Jul,4,,"Columbia Basin Research, University of Washington. (2023). SacPAS Cohort Juvenile Monitoring. "
214,1-Aug,4,,"Columbia Basin Research, University of Washington. (2023). SacPAS Cohort Juvenile Monitoring. "
215,2-Aug,4,,"Columbia Basin Research, University of Washington. (2023). SacPAS Cohort Juvenile Monitoring. "
216,3-Aug,4,,"Columbia Basin Research, University of Washington. (2023). SacPAS Cohort Juvenile Monitoring. "
217,4-Aug,4,,"Columbia Basin Research, University of Washington. (2023). SacPAS Cohort Juvenile Monitoring. "
218,5-Aug,4,,"Columbia Basin Research, University of Washington. (2023). SacPAS Cohort Juvenile Monitoring. "
219,6-Aug,4,,"Columbia Basin Research, University of Washington. (2023). SacPAS Cohort Juvenile Monitoring. "
220,7-Aug,4,,"Columbia Basin Research, University of Washington. (2023). SacPAS Cohort Juvenile Monitoring. "
221,8-Aug,4,,"Columbia Basin Research, University of Washington. (2023). SacPAS Cohort Juvenile Monitoring. "
222,9-Aug,4,,"Columbia Basin Research, University of Washington. (2023). SacPAS Cohort Juvenile Monitoring. "
223,10-Aug,4,,"Columbia Basin Research, University of Washington. (2023). SacPAS Cohort Juvenile Monitoring. "
224,11-Aug,4,,"Columbia Basin Research, University of Washington. (2023). SacPAS Cohort Juvenile Monitoring. "
225,12-Aug,4,,"Columbia Basin Research, University of Washington. (2023). SacPAS Cohort Juvenile Monitoring. "
226,13-Aug,4,,"Columbia Basin Research, University of Washington. (2023). SacPAS Cohort Juvenile Monitoring. "
227,14-Aug,4,,"Columbia Basin Research, University of Washington. (2023). SacPAS Cohort Juvenile Monitoring. "
228,15-Aug,4,,"Columbia Basin Research, University of Washington. (2023). SacPAS Cohort Juvenile Monitoring. "
229,16-Aug,4,,"Columbia Basin Research, University of Washington. (2023). SacPAS Cohort Juvenile Monitoring. "
230,17-Aug,4,,"Columbia Basin Research, University of Washington. (2023). SacPAS Cohort Juvenile Monitoring. "
231,18-Aug,4,,"Columbia Basin Research, University of Washington. (2023). SacPAS Cohort Juvenile Monitoring. "
232,19-Aug,4,,"Columbia Basin Research, University of Washington. (2023). SacPAS Cohort Juvenile Monitoring. "
233,20-Aug,4,,"Columbia Basin Research, University of Washington. (2023). SacPAS Cohort Juvenile Monitoring. "
234,21-Aug,4,,"Columbia Basin Research, University of Washington. (2023). SacPAS Cohort Juvenile Monitoring. "
235,22-Aug,4,,"Columbia Basin Research, University of Washington. (2023). SacPAS Cohort Juvenile Monitoring. "
236,23-Aug,4,,"Columbia Basin Research, University of Washington. (2023). SacPAS Cohort Juvenile Monitoring. "
237,24-Aug,4,,"Columbia Basin Research, University of Washington. (2023). SacPAS Cohort Juvenile Monitoring. "
238,25-Aug,4,,"Columbia Basin Research, University of Washington. (2023). SacPAS Cohort Juvenile Monitoring. "
239,26-Aug,4,,"Columbia Basin Research, University of Washington. (2023). SacPAS Cohort Juvenile Monitoring. "
240,27-Aug,4,,"Columbia Basin Research, University of Washington. (2023). SacPAS Cohort Juvenile Monitoring. "
241,28-Aug,4,,"Columbia Basin Research, University of Washington. (2023). SacPAS Cohort Juvenile Monitoring. "
242,29-Aug,4,,"Columbia Basin Research, University of Washington. (2023). SacPAS Cohort Juvenile Monitoring. "
243,30-Aug,4,,"Columbia Basin Research, University of Washington. (2023). SacPAS Cohort Juvenile Monitoring. "
244,31-Aug,4,,"Columbia Basin Research, University of Washington. (2023). SacPAS Cohort Juvenile Monitoring. "
245,1-Sep,4,,"Columbia Basin Research, University of Washington. (2023). SacPAS Cohort Juvenile Monitoring. "
246,2-Sep,4,,"Columbia Basin Research, University of Washington. (2023). SacPAS Cohort Juvenile Monitoring. "
247,3-Sep,4,,"Columbia Basin Research, University of Washington. (2023). SacPAS Cohort Juvenile Monitoring. "
248,4-Sep,4,,"Columbia Basin Research, University of Washington. (2023). SacPAS Cohort Juvenile Monitoring. "
249,5-Sep,4,,"Columbia Basin Research, University of Washington. (2023). SacPAS Cohort Juvenile Monitoring. "
250,6-Sep,4,,"Columbia Basin Research, University of Washington. (2023). SacPAS Cohort Juvenile Monitoring. "
251,7-Sep,4,,"Columbia Basin Research, University of Washington. (2023). SacPAS Cohort Juvenile Monitoring. "
252,8-Sep,4,,"Columbia Basin Research, University of Washington. (2023). SacPAS Cohort Juvenile Monitoring. "
253,9-Sep,4,,"Columbia Basin Research, University of Washington. (2023). SacPAS Cohort Juvenile Monitoring. "
254,10-Sep,4,,"Columbia Basin Research, University of Washington. (2023). SacPAS Cohort Juvenile Monitoring. "
255,11-Sep,4,,"Columbia Basin Research, University of Washington. (2023). SacPAS Cohort Juvenile Monitoring. "
256,12-Sep,4,,"Columbia Basin Research, University of Washington. (2023). SacPAS Cohort Juvenile Monitoring. "
257,13-Sep,4,,"Columbia Basin Research, University of Washington. (2023). SacPAS Cohort Juvenile Monitoring. "
258,14-Sep,4,,"Columbia Basin Research, University of Washington. (2023). SacPAS Cohort Juvenile Monitoring. "
259,15-Sep,4,,"Columbia Basin Research, University of Washington. (2023). SacPAS Cohort Juvenile Monitoring. "
260,16-Sep,4,0,"Columbia Basin Research, University of Washington. (2023). SacPAS Cohort Juvenile Monitoring. "
261,17-Sep,4,0,"Columbia Basin Research, University of Washington. (2023). SacPAS Cohort Juvenile Monitoring. "
262,18-Sep,4,,"Columbia Basin Research, University of Washington. (2023). SacPAS Cohort Juvenile Monitoring. "
263,19-Sep,4,,"Columbia Basin Research, University of Washington. (2023). SacPAS Cohort Juvenile Monitoring. "
264,20-Sep,4,,"Columbia Basin Research, University of Washington. (2023). SacPAS Cohort Juvenile Monitoring. "
265,21-Sep,4,0,"Columbia Basin Research, University of Washington. (2023). SacPAS Cohort Juvenile Monitoring. "
266,22-Sep,4,,"Columbia Basin Research, University of Washington. (2023). SacPAS Cohort Juvenile Monitoring. "
267,23-Sep,4,0,"Columbia Basin Research, University of Washington. (2023). SacPAS Cohort Juvenile Monitoring. "
268,24-Sep,4,,"Columbia Basin Research, University of Washington. (2023). SacPAS Cohort Juvenile Monitoring. "
269,25-Sep,4,0,"Columbia Basin Research, University of Washington. (2023). SacPAS Cohort Juvenile Monitoring. "
270,26-Sep,4,,"Columbia Basin Research, University of Washington. (2023). SacPAS Cohort Juvenile Monitoring. "
271,27-Sep,4,,"Columbia Basin Research, University of Washington. (2023). SacPAS Cohort Juvenile Monitoring. "
272,28-Sep,4,0,"Columbia Basin Research, University of Washington. (2023). SacPAS Cohort Juvenile Monitoring. "
273,29-Sep,4,,"Columbia Basin Research, University of Washington. (2023). SacPAS Cohort Juvenile Monitoring. "
274,30-Sep,4,0,"Columbia Basin Research, University of Washington. (2023). SacPAS Cohort Juvenile Monitoring. "
275,1-Oct,4,,"Columbia Basin Research, University of Washington. (2023). SacPAS Cohort Juvenile Monitoring. "
276,2-Oct,4,,"Columbia Basin Research, University of Washington. (2023). SacPAS Cohort Juvenile Monitoring. "
277,3-Oct,4,,"Columbia Basin Research, University of Washington. (2023). SacPAS Cohort Juvenile Monitoring. "
278,4-Oct,4,,"Columbia Basin Research, University of Washington. (2023). SacPAS Cohort Juvenile Monitoring. "
279,5-Oct,4,0,"Columbia Basin Research, University of Washington. (2023). SacPAS Cohort Juvenile Monitoring. "
280,6-Oct,4,,"Columbia Basin Research, University of Washington. (2023). SacPAS Cohort Juvenile Monitoring. "
281,7-Oct,4,0,"Columbia Basin Research, University of Washington. (2023). SacPAS Cohort Juvenile Monitoring. "
282,8-Oct,4,0,"Columbia Basin Research, University of Washington. (2023). SacPAS Cohort Juvenile Monitoring. "
283,9-Oct,4,,"Columbia Basin Research, University of Washington. (2023). SacPAS Cohort Juvenile Monitoring. "
284,10-Oct,4,,"Columbia Basin Research, University of Washington. (2023). SacPAS Cohort Juvenile Monitoring. "
285,11-Oct,4,,"Columbia Basin Research, University of Washington. (2023). SacPAS Cohort Juvenile Monitoring. "
286,12-Oct,4,,"Columbia Basin Research, University of Washington. (2023). SacPAS Cohort Juvenile Monitoring. "
287,13-Oct,4,0,"Columbia Basin Research, University of Washington. (2023). SacPAS Cohort Juvenile Monitoring. "
288,14-Oct,4,,"Columbia Basin Research, University of Washington. (2023). SacPAS Cohort Juvenile Monitoring. "
289,15-Oct,4,0,"Columbia Basin Research, University of Washington. (2023). SacPAS Cohort Juvenile Monitoring. "
290,16-Oct,4,0,"Columbia Basin Research, University of Washington. (2023). SacPAS Cohort Juvenile Monitoring. "
291,17-Oct,4,,"Columbia Basin Research, University of Washington. (2023). SacPAS Cohort Juvenile Monitoring. "
292,18-Oct,4,,"Columbia Basin Research, University of Washington. (2023). SacPAS Cohort Juvenile Monitoring. "
293,19-Oct,4,0,"Columbia Basin Research, University of Washington. (2023). SacPAS Cohort Juvenile Monitoring. "
294,20-Oct,4,,"Columbia Basin Research, University of Washington. (2023). SacPAS Cohort Juvenile Monitoring. "
295,21-Oct,4,0,"Columbia Basin Research, University of Washington. (2023). SacPAS Cohort Juvenile Monitoring. "
296,22-Oct,4,,"Columbia Basin Research, University of Washington. (2023). SacPAS Cohort Juvenile Monitoring. "
297,23-Oct,4,0,"Columbia Basin Research, University of Washington. (2023). SacPAS Cohort Juvenile Monitoring. "
298,24-Oct,4,,"Columbia Basin Research, University of Washington. (2023). SacPAS Cohort Juvenile Monitoring. "
299,25-Oct,4,,"Columbia Basin Research, University of Washington. (2023). SacPAS Cohort Juvenile Monitoring. "
300,26-Oct,4,,"Columbia Basin Research, University of Washington. (2023). SacPAS Cohort Juvenile Monitoring. "
301,27-Oct,4,,"Columbia Basin Research, University of Washington. (2023). SacPAS Cohort Juvenile Monitoring. "
302,28-Oct,4,0,"Columbia Basin Research, University of Washington. (2023). SacPAS Cohort Juvenile Monitoring. "
303,29-Oct,4,,"Columbia Basin Research, University of Washington. (2023). SacPAS Cohort Juvenile Monitoring. "
304,30-Oct,4,0,"Columbia Basin Research, University of Washington. (2023). SacPAS Cohort Juvenile Monitoring. "
305,31-Oct,4,,"Columbia Basin Research, University of Washington. (2023). SacPAS Cohort Juvenile Monitoring. "
306,1-Nov,4,,"Columbia Basin Research, University of Washington. (2023). SacPAS Cohort Juvenile Monitoring. "
307,2-Nov,4,0,"Columbia Basin Research, University of Washington. (2023). SacPAS Cohort Juvenile Monitoring. "
308,3-Nov,4,,"Columbia Basin Research, University of Washington. (2023). SacPAS Cohort Juvenile Monitoring. "
309,4-Nov,4,0,"Columbia Basin Research, University of Washington. (2023). SacPAS Cohort Juvenile Monitoring. "
310,5-Nov,4,,"Columbia Basin Research, University of Washington. (2023). SacPAS Cohort Juvenile Monitoring. "
311,6-Nov,4,,"Columbia Basin Research, University of Washington. (2023). SacPAS Cohort Juvenile Monitoring. "
312,7-Nov,4,,"Columbia Basin Research, University of Washington. (2023). SacPAS Cohort Juvenile Monitoring. "
313,8-Nov,4,,"Columbia Basin Research, University of Washington. (2023). SacPAS Cohort Juvenile Monitoring. "
314,9-Nov,4,0,"Columbia Basin Research, University of Washington. (2023). SacPAS Cohort Juvenile Monitoring. "
315,10-Nov,4,0,"Columbia Basin Research, University of Washington. (2023). SacPAS Cohort Juvenile Monitoring. "
316,11-Nov,4,,"Columbia Basin Research, University of Washington. (2023). SacPAS Cohort Juvenile Monitoring. "
317,12-Nov,4,,"Columbia Basin Research, University of Washington. (2023). SacPAS Cohort Juvenile Monitoring. "
318,13-Nov,4,0,"Columbia Basin Research, University of Washington. (2023). SacPAS Cohort Juvenile Monitoring. "
319,14-Nov,4,,"Columbia Basin Research, University of Washington. (2023). SacPAS Cohort Juvenile Monitoring. "
320,15-Nov,4,,"Columbia Basin Research, University of Washington. (2023). SacPAS Cohort Juvenile Monitoring. "
321,16-Nov,4,0,"Columbia Basin Research, University of Washington. (2023). SacPAS Cohort Juvenile Monitoring. "
322,17-Nov,4,,"Columbia Basin Research, University of Washington. (2023). SacPAS Cohort Juvenile Monitoring. "
323,18-Nov,4,0,"Columbia Basin Research, University of Washington. (2023). SacPAS Cohort Juvenile Monitoring. "
324,19-Nov,4,,"Columbia Basin Research, University of Washington. (2023). SacPAS Cohort Juvenile Monitoring. "
325,20-Nov,4,0,"Columbia Basin Research, University of Washington. (2023). SacPAS Cohort Juvenile Monitoring. "
326,21-Nov,4,,"Columbia Basin Research, University of Washington. (2023). SacPAS Cohort Juvenile Monitoring. "
327,22-Nov,4,,"Columbia Basin Research, University of Washington. (2023). SacPAS Cohort Juvenile Monitoring. "
328,23-Nov,4,0,"Columbia Basin Research, University of Washington. (2023). SacPAS Cohort Juvenile Monitoring. "
329,24-Nov,4,,"Columbia Basin Research, University of Washington. (2023). SacPAS Cohort Juvenile Monitoring. "
330,25-Nov,4,0,"Columbia Basin Research, University of Washington. (2023). SacPAS Cohort Juvenile Monitoring. "
331,26-Nov,4,,"Columbia Basin Research, University of Washington. (2023). SacPAS Cohort Juvenile Monitoring. "
332,27-Nov,4,0,"Columbia Basin Research, University of Washington. (2023). SacPAS Cohort Juvenile Monitoring. "
333,28-Nov,4,,"Columbia Basin Research, University of Washington. (2023). SacPAS Cohort Juvenile Monitoring. "
334,29-Nov,4,,"Columbia Basin Research, University of Washington. (2023). SacPAS Cohort Juvenile Monitoring. "
335,30-Nov,4,0,"Columbia Basin Research, University of Washington. (2023). SacPAS Cohort Juvenile Monitoring. "
336,1-Dec,4,,"Columbia Basin Research, University of Washington. (2023). SacPAS Cohort Juvenile Monitoring. "
337,2-Dec,4,,"Columbia Basin Research, University of Washington. (2023). SacPAS Cohort Juvenile Monitoring. "
338,3-Dec,4,0,"Columbia Basin Research, University of Washington. (2023). SacPAS Cohort Juvenile Monitoring. "
339,4-Dec,4,0,"Columbia Basin Research, University of Washington. (2023). SacPAS Cohort Juvenile Monitoring. "
340,5-Dec,4,,"Columbia Basin Research, University of Washington. (2023). SacPAS Cohort Juvenile Monitoring. "
341,6-Dec,4,,"Columbia Basin Research, University of Washington. (2023). SacPAS Cohort Juvenile Monitoring. "
342,7-Dec,4,,"Columbia Basin Research, University of Washington. (2023). SacPAS Cohort Juvenile Monitoring. "
343,8-Dec,4,0,"Columbia Basin Research, University of Washington. (2023). SacPAS Cohort Juvenile Monitoring. "
344,9-Dec,4,0,"Columbia Basin Research, University of Washington. (2023). SacPAS Cohort Juvenile Monitoring. "
345,10-Dec,4,,"Columbia Basin Research, University of Washington. (2023). SacPAS Cohort Juvenile Monitoring. "
346,11-Dec,4,,"Columbia Basin Research, University of Washington. (2023). SacPAS Cohort Juvenile Monitoring. "
347,12-Dec,4,,"Columbia Basin Research, University of Washington. (2023). SacPAS Cohort Juvenile Monitoring. "
348,13-Dec,4,,"Columbia Basin Research, University of Washington. (2023). SacPAS Cohort Juvenile Monitoring. "
349,14-Dec,4,,"Columbia Basin Research, University of Washington. (2023). SacPAS Cohort Juvenile Monitoring. "
350,15-Dec,4,,"Columbia Basin Research, University of Washington. (2023). SacPAS Cohort Juvenile Monitoring. "
351,16-Dec,4,,"Columbia Basin Research, University of Washington. (2023). SacPAS Cohort Juvenile Monitoring. "
352,17-Dec,4,,"Columbia Basin Research, University of Washington. (2023). SacPAS Cohort Juvenile Monitoring. "
353,18-Dec,4,,"Columbia Basin Research, University of Washington. (2023). SacPAS Cohort Juvenile Monitoring. "
354,19-Dec,4,,"Columbia Basin Research, University of Washington. (2023). SacPAS Cohort Juvenile Monitoring. "
355,20-Dec,4,,"Columbia Basin Research, University of Washington. (2023). SacPAS Cohort Juvenile Monitoring. "
356,21-Dec,4,,"Columbia Basin Research, University of Washington. (2023). SacPAS Cohort Juvenile Monitoring. "
357,22-Dec,4,,"Columbia Basin Research, University of Washington. (2023). SacPAS Cohort Juvenile Monitoring. "
358,23-Dec,4,,"Columbia Basin Research, University of Washington. (2023). SacPAS Cohort Juvenile Monitoring. "
359,24-Dec,4,,"Columbia Basin Research, University of Washington. (2023). SacPAS Cohort Juvenile Monitoring. "
360,25-Dec,4,,"Columbia Basin Research, University of Washington. (2023). SacPAS Cohort Juvenile Monitoring. "
361,26-Dec,4,,"Columbia Basin Research, University of Washington. (2023). SacPAS Cohort Juvenile Monitoring. "
362,27-Dec,4,0,"Columbia Basin Research, University of Washington. (2023). SacPAS Cohort Juvenile Monitoring. "
363,28-Dec,4,0,"Columbia Basin Research, University of Washington. (2023). SacPAS Cohort Juvenile Monitoring. "
364,29-Dec,4,0,"Columbia Basin Research, University of Washington. (2023). SacPAS Cohort Juvenile Monitoring. "
365,30-Dec,4,0,"Columbia Basin Research, University of Washington. (2023). SacPAS Cohort Juvenile Monitoring. "
366,31-Dec,4,0,"Columbia Basin Research, University of Washington. (2023). SacPAS Cohort Juvenile Monitoring. "
1,1-Jan,5,,"Columbia Basin Research, University of Washington. (2023). SacPAS Cohort Juvenile Monitoring. "
2,2-Jan,5,,"Columbia Basin Research, University of Washington. (2023). SacPAS Cohort Juvenile Monitoring. "
3,3-Jan,5,0,"Columbia Basin Research, University of Washington. (2023). SacPAS Cohort Juvenile Monitoring. "
4,4-Jan,5,0,"Columbia Basin Research, University of Washington. (2023). SacPAS Cohort Juvenile Monitoring. "
5,5-Jan,5,0,"Columbia Basin Research, University of Washington. (2023). SacPAS Cohort Juvenile Monitoring. "
6,6-Jan,5,,"Columbia Basin Research, University of Washington. (2023). SacPAS Cohort Juvenile Monitoring. "
7,7-Jan,5,0,"Columbia Basin Research, University of Washington. (2023). SacPAS Cohort Juvenile Monitoring. "
8,8-Jan,5,0,"Columbia Basin Research, University of Washington. (2023). SacPAS Cohort Juvenile Monitoring. "
9,9-Jan,5,,"Columbia Basin Research, University of Washington. (2023). SacPAS Cohort Juvenile Monitoring. "
10,10-Jan,5,0,"Columbia Basin Research, University of Washington. (2023). SacPAS Cohort Juvenile Monitoring. "
11,11-Jan,5,,"Columbia Basin Research, University of Washington. (2023). SacPAS Cohort Juvenile Monitoring. "
12,12-Jan,5,0,"Columbia Basin Research, University of Washington. (2023). SacPAS Cohort Juvenile Monitoring. "
13,13-Jan,5,0,"Columbia Basin Research, University of Washington. (2023). SacPAS Cohort Juvenile Monitoring. "
14,14-Jan,5,0,"Columbia Basin Research, University of Washington. (2023). SacPAS Cohort Juvenile Monitoring. "
15,15-Jan,5,0,"Columbia Basin Research, University of Washington. (2023). SacPAS Cohort Juvenile Monitoring. "
16,16-Jan,5,,"Columbia Basin Research, University of Washington. (2023). SacPAS Cohort Juvenile Monitoring. "
17,17-Jan,5,0,"Columbia Basin Research, University of Washington. (2023). SacPAS Cohort Juvenile Monitoring. "
18,18-Jan,5,,"Columbia Basin Research, University of Washington. (2023). SacPAS Cohort Juvenile Monitoring. "
19,19-Jan,5,,"Columbia Basin Research, University of Washington. (2023). SacPAS Cohort Juvenile Monitoring. "
20,20-Jan,5,0,"Columbia Basin Research, University of Washington. (2023). SacPAS Cohort Juvenile Monitoring. "
21,21-Jan,5,0,"Columbia Basin Research, University of Washington. (2023). SacPAS Cohort Juvenile Monitoring. "
22,22-Jan,5,0,"Columbia Basin Research, University of Washington. (2023). SacPAS Cohort Juvenile Monitoring. "
23,23-Jan,5,,"Columbia Basin Research, University of Washington. (2023). SacPAS Cohort Juvenile Monitoring. "
24,24-Jan,5,0,"Columbia Basin Research, University of Washington. (2023). SacPAS Cohort Juvenile Monitoring. "
25,25-Jan,5,0,"Columbia Basin Research, University of Washington. (2023). SacPAS Cohort Juvenile Monitoring. "
26,26-Jan,5,0,"Columbia Basin Research, University of Washington. (2023). SacPAS Cohort Juvenile Monitoring. "
27,27-Jan,5,,"Columbia Basin Research, University of Washington. (2023). SacPAS Cohort Juvenile Monitoring. "
28,28-Jan,5,0,"Columbia Basin Research, University of Washington. (2023). SacPAS Cohort Juvenile Monitoring. "
29,29-Jan,5,0,"Columbia Basin Research, University of Washington. (2023). SacPAS Cohort Juvenile Monitoring. "
30,30-Jan,5,,"Columbia Basin Research, University of Washington. (2023). SacPAS Cohort Juvenile Monitoring. "
31,31-Jan,5,0,"Columbia Basin Research, University of Washington. (2023). SacPAS Cohort Juvenile Monitoring. "
32,1-Feb,5,0,"Columbia Basin Research, University of Washington. (2023). SacPAS Cohort Juvenile Monitoring. "
33,2-Feb,5,0,"Columbia Basin Research, University of Washington. (2023). SacPAS Cohort Juvenile Monitoring. "
34,3-Feb,5,,"Columbia Basin Research, University of Washington. (2023). SacPAS Cohort Juvenile Monitoring. "
35,4-Feb,5,0,"Columbia Basin Research, University of Washington. (2023). SacPAS Cohort Juvenile Monitoring. "
36,5-Feb,5,,"Columbia Basin Research, University of Washington. (2023). SacPAS Cohort Juvenile Monitoring. "
37,6-Feb,5,,"Columbia Basin Research, University of Washington. (2023). SacPAS Cohort Juvenile Monitoring. "
38,7-Feb,5,,"Columbia Basin Research, University of Washington. (2023). SacPAS Cohort Juvenile Monitoring. "
39,8-Feb,5,1,"Columbia Basin Research, University of Washington. (2023). SacPAS Cohort Juvenile Monitoring. "
40,9-Feb,5,1,"Columbia Basin Research, University of Washington. (2023). SacPAS Cohort Juvenile Monitoring. "
41,10-Feb,5,1,"Columbia Basin Research, University of Washington. (2023). SacPAS Cohort Juvenile Monitoring. "
42,11-Feb,5,1,"Columbia Basin Research, University of Washington. (2023). SacPAS Cohort Juvenile Monitoring. "
43,12-Feb,5,1,"Columbia Basin Research, University of Washington. (2023). SacPAS Cohort Juvenile Monitoring. "
44,13-Feb,5,,"Columbia Basin Research, University of Washington. (2023). SacPAS Cohort Juvenile Monitoring. "
45,14-Feb,5,1,"Columbia Basin Research, University of Washington. (2023). SacPAS Cohort Juvenile Monitoring. "
46,15-Feb,5,,"Columbia Basin Research, University of Washington. (2023). SacPAS Cohort Juvenile Monitoring. "
47,16-Feb,5,1,"Columbia Basin Research, University of Washington. (2023). SacPAS Cohort Juvenile Monitoring. "
48,17-Feb,5,1,"Columbia Basin Research, University of Washington. (2023). SacPAS Cohort Juvenile Monitoring. "
49,18-Feb,5,,"Columbia Basin Research, University of Washington. (2023). SacPAS Cohort Juvenile Monitoring. "
50,19-Feb,5,1,"Columbia Basin Research, University of Washington. (2023). SacPAS Cohort Juvenile Monitoring. "
51,20-Feb,5,,"Columbia Basin Research, University of Washington. (2023). SacPAS Cohort Juvenile Monitoring. "
52,21-Feb,5,1,"Columbia Basin Research, University of Washington. (2023). SacPAS Cohort Juvenile Monitoring. "
53,22-Feb,5,,"Columbia Basin Research, University of Washington. (2023). SacPAS Cohort Juvenile Monitoring. "
54,23-Feb,5,1,"Columbia Basin Research, University of Washington. (2023). SacPAS Cohort Juvenile Monitoring. "
55,24-Feb,5,2,"Columbia Basin Research, University of Washington. (2023). SacPAS Cohort Juvenile Monitoring. "
56,25-Feb,5,3,"Columbia Basin Research, University of Washington. (2023). SacPAS Cohort Juvenile Monitoring. "
57,26-Feb,5,5,"Columbia Basin Research, University of Washington. (2023). SacPAS Cohort Juvenile Monitoring. "
58,27-Feb,5,,"Columbia Basin Research, University of Washington. (2023). SacPAS Cohort Juvenile Monitoring. "
59,28-Feb,5,5,"Columbia Basin Research, University of Washington. (2023). SacPAS Cohort Juvenile Monitoring. "
60,1-Mar,5,5,"Columbia Basin Research, University of Washington. (2023). SacPAS Cohort Juvenile Monitoring. "
61,2-Mar,5,6,"Columbia Basin Research, University of Washington. (2023). SacPAS Cohort Juvenile Monitoring. "
62,3-Mar,5,,"Columbia Basin Research, University of Washington. (2023). SacPAS Cohort Juvenile Monitoring. "
63,4-Mar,5,7,"Columbia Basin Research, University of Washington. (2023). SacPAS Cohort Juvenile Monitoring. "
64,5-Mar,5,,"Columbia Basin Research, University of Washington. (2023). SacPAS Cohort Juvenile Monitoring. "
65,6-Mar,5,,"Columbia Basin Research, University of Washington. (2023). SacPAS Cohort Juvenile Monitoring. "
66,7-Mar,5,8,"Columbia Basin Research, University of Washington. (2023). SacPAS Cohort Juvenile Monitoring. "
67,8-Mar,5,9,"Columbia Basin Research, University of Washington. (2023). SacPAS Cohort Juvenile Monitoring. "
68,9-Mar,5,11,"Columbia Basin Research, University of Washington. (2023). SacPAS Cohort Juvenile Monitoring. "
69,10-Mar,5,,"Columbia Basin Research, University of Washington. (2023). SacPAS Cohort Juvenile Monitoring. "
70,11-Mar,5,12,"Columbia Basin Research, University of Washington. (2023). SacPAS Cohort Juvenile Monitoring. "
71,12-Mar,5,,"Columbia Basin Research, University of Washington. (2023). SacPAS Cohort Juvenile Monitoring. "
72,13-Mar,5,,"Columbia Basin Research, University of Washington. (2023). SacPAS Cohort Juvenile Monitoring. "
73,14-Mar,5,14,"Columbia Basin Research, University of Washington. (2023). SacPAS Cohort Juvenile Monitoring. "
74,15-Mar,5,16,"Columbia Basin Research, University of Washington. (2023). SacPAS Cohort Juvenile Monitoring. "
75,16-Mar,5,,"Columbia Basin Research, University of Washington. (2023). SacPAS Cohort Juvenile Monitoring. "
76,17-Mar,5,16,"Columbia Basin Research, University of Washington. (2023). SacPAS Cohort Juvenile Monitoring. "
77,18-Mar,5,,"Columbia Basin Research, University of Washington. (2023). SacPAS Cohort Juvenile Monitoring. "
78,19-Mar,5,,"Columbia Basin Research, University of Washington. (2023). SacPAS Cohort Juvenile Monitoring. "
79,20-Mar,5,,"Columbia Basin Research, University of Washington. (2023). SacPAS Cohort Juvenile Monitoring. "
80,21-Mar,5,16,"Columbia Basin Research, University of Washington. (2023). SacPAS Cohort Juvenile Monitoring. "
81,22-Mar,5,17,"Columbia Basin Research, University of Washington. (2023). SacPAS Cohort Juvenile Monitoring. "
82,23-Mar,5,,"Columbia Basin Research, University of Washington. (2023). SacPAS Cohort Juvenile Monitoring. "
83,24-Mar,5,23,"Columbia Basin Research, University of Washington. (2023). SacPAS Cohort Juvenile Monitoring. "
84,25-Mar,5,23,"Columbia Basin Research, University of Washington. (2023). SacPAS Cohort Juvenile Monitoring. "
85,26-Mar,5,23,"Columbia Basin Research, University of Washington. (2023). SacPAS Cohort Juvenile Monitoring. "
86,27-Mar,5,,"Columbia Basin Research, University of Washington. (2023). SacPAS Cohort Juvenile Monitoring. "
87,28-Mar,5,26,"Columbia Basin Research, University of Washington. (2023). SacPAS Cohort Juvenile Monitoring. "
88,29-Mar,5,31,"Columbia Basin Research, University of Washington. (2023). SacPAS Cohort Juvenile Monitoring. "
89,30-Mar,5,31,"Columbia Basin Research, University of Washington. (2023). SacPAS Cohort Juvenile Monitoring. "
90,31-Mar,5,,"Columbia Basin Research, University of Washington. (2023). SacPAS Cohort Juvenile Monitoring. "
91,1-Apr,5,32,"Columbia Basin Research, University of Washington. (2023). SacPAS Cohort Juvenile Monitoring. "
92,2-Apr,5,33,"Columbia Basin Research, University of Washington. (2023). SacPAS Cohort Juvenile Monitoring. "
93,3-Apr,5,,"Columbia Basin Research, University of Washington. (2023). SacPAS Cohort Juvenile Monitoring. "
94,4-Apr,5,,"Columbia Basin Research, University of Washington. (2023). SacPAS Cohort Juvenile Monitoring. "
95,5-Apr,5,33,"Columbia Basin Research, University of Washington. (2023). SacPAS Cohort Juvenile Monitoring. "
96,6-Apr,5,,"Columbia Basin Research, University of Washington. (2023). SacPAS Cohort Juvenile Monitoring. "
97,7-Apr,5,33,"Columbia Basin Research, University of Washington. (2023). SacPAS Cohort Juvenile Monitoring. "
98,8-Apr,5,33,"Columbia Basin Research, University of Washington. (2023). SacPAS Cohort Juvenile Monitoring. "
99,9-Apr,5,33,"Columbia Basin Research, University of Washington. (2023). SacPAS Cohort Juvenile Monitoring. "
100,10-Apr,5,,"Columbia Basin Research, University of Washington. (2023). SacPAS Cohort Juvenile Monitoring. "
101,11-Apr,5,33,"Columbia Basin Research, University of Washington. (2023). SacPAS Cohort Juvenile Monitoring. "
102,12-Apr,5,33,"Columbia Basin Research, University of Washington. (2023). SacPAS Cohort Juvenile Monitoring. "
103,13-Apr,5,33,"Columbia Basin Research, University of Washington. (2023). SacPAS Cohort Juvenile Monitoring. "
104,14-Apr,5,,"Columbia Basin Research, University of Washington. (2023). SacPAS Cohort Juvenile Monitoring. "
105,15-Apr,5,33,"Columbia Basin Research, University of Washington. (2023). SacPAS Cohort Juvenile Monitoring. "
106,16-Apr,5,33,"Columbia Basin Research, University of Washington. (2023). SacPAS Cohort Juvenile Monitoring. "
107,17-Apr,5,,"Columbia Basin Research, University of Washington. (2023). SacPAS Cohort Juvenile Monitoring. "
108,18-Apr,5,33,"Columbia Basin Research, University of Washington. (2023). SacPAS Cohort Juvenile Monitoring. "
109,19-Apr,5,33,"Columbia Basin Research, University of Washington. (2023). SacPAS Cohort Juvenile Monitoring. "
110,20-Apr,5,33,"Columbia Basin Research, University of Washington. (2023). SacPAS Cohort Juvenile Monitoring. "
111,21-Apr,5,,"Columbia Basin Research, University of Washington. (2023). SacPAS Cohort Juvenile Monitoring. "
112,22-Apr,5,33,"Columbia Basin Research, University of Washington. (2023). SacPAS Cohort Juvenile Monitoring. "
113,23-Apr,5,33,"Columbia Basin Research, University of Washington. (2023). SacPAS Cohort Juvenile Monitoring. "
114,24-Apr,5,,"Columbia Basin Research, University of Washington. (2023). SacPAS Cohort Juvenile Monitoring. "
115,25-Apr,5,38,"Columbia Basin Research, University of Washington. (2023). SacPAS Cohort Juvenile Monitoring. "
116,26-Apr,5,38,"Columbia Basin Research, University of Washington. (2023). SacPAS Cohort Juvenile Monitoring. "
117,27-Apr,5,38,"Columbia Basin Research, University of Washington. (2023). SacPAS Cohort Juvenile Monitoring. "
118,28-Apr,5,,"Columbia Basin Research, University of Washington. (2023). SacPAS Cohort Juvenile Monitoring. "
119,29-Apr,5,38,"Columbia Basin Research, University of Washington. (2023). SacPAS Cohort Juvenile Monitoring. "
120,30-Apr,5,38,"Columbia Basin Research, University of Washington. (2023). SacPAS Cohort Juvenile Monitoring. "
121,1-May,5,,"Columbia Basin Research, University of Washington. (2023). SacPAS Cohort Juvenile Monitoring. "
122,2-May,5,38,"Columbia Basin Research, University of Washington. (2023). SacPAS Cohort Juvenile Monitoring. "
123,3-May,5,38,"Columbia Basin Research, University of Washington. (2023). SacPAS Cohort Juvenile Monitoring. "
124,4-May,5,38,"Columbia Basin Research, University of Washington. (2023). SacPAS Cohort Juvenile Monitoring. "
125,5-May,5,,"Columbia Basin Research, University of Washington. (2023). SacPAS Cohort Juvenile Monitoring. "
126,6-May,5,38,"Columbia Basin Research, University of Washington. (2023). SacPAS Cohort Juvenile Monitoring. "
127,7-May,5,38,"Columbia Basin Research, University of Washington. (2023). SacPAS Cohort Juvenile Monitoring. "
128,8-May,5,,"Columbia Basin Research, University of Washington. (2023). SacPAS Cohort Juvenile Monitoring. "
129,9-May,5,38,"Columbia Basin Research, University of Washington. (2023). SacPAS Cohort Juvenile Monitoring. "
130,10-May,5,38,"Columbia Basin Research, University of Washington. (2023). SacPAS Cohort Juvenile Monitoring. "
131,11-May,5,38,"Columbia Basin Research, University of Washington. (2023). SacPAS Cohort Juvenile Monitoring. "
132,12-May,5,,"Columbia Basin Research, University of Washington. (2023). SacPAS Cohort Juvenile Monitoring. "
133,13-May,5,38,"Columbia Basin Research, University of Washington. (2023). SacPAS Cohort Juvenile Monitoring. "
134,14-May,5,38,"Columbia Basin Research, University of Washington. (2023). SacPAS Cohort Juvenile Monitoring. "
135,15-May,5,,"Columbia Basin Research, University of Washington. (2023). SacPAS Cohort Juvenile Monitoring. "
136,16-May,5,,"Columbia Basin Research, University of Washington. (2023). SacPAS Cohort Juvenile Monitoring. "
137,17-May,5,,"Columbia Basin Research, University of Washington. (2023). SacPAS Cohort Juvenile Monitoring. "
138,18-May,5,38,"Columbia Basin Research, University of Washington. (2023). SacPAS Cohort Juvenile Monitoring. "
139,19-May,5,,"Columbia Basin Research, University of Washington. (2023). SacPAS Cohort Juvenile Monitoring. "
140,20-May,5,,"Columbia Basin Research, University of Washington. (2023). SacPAS Cohort Juvenile Monitoring. "
141,21-May,5,38,"Columbia Basin Research, University of Washington. (2023). SacPAS Cohort Juvenile Monitoring. "
142,22-May,5,,"Columbia Basin Research, University of Washington. (2023). SacPAS Cohort Juvenile Monitoring. "
143,23-May,5,,"Columbia Basin Research, University of Washington. (2023). SacPAS Cohort Juvenile Monitoring. "
144,24-May,5,38,"Columbia Basin Research, University of Washington. (2023). SacPAS Cohort Juvenile Monitoring. "
145,25-May,5,,"Columbia Basin Research, University of Washington. (2023). SacPAS Cohort Juvenile Monitoring. "
146,26-May,5,38,"Columbia Basin Research, University of Washington. (2023). SacPAS Cohort Juvenile Monitoring. "
147,27-May,5,,"Columbia Basin Research, University of Washington. (2023). SacPAS Cohort Juvenile Monitoring. "
148,28-May,5,38,"Columbia Basin Research, University of Washington. (2023). SacPAS Cohort Juvenile Monitoring. "
149,29-May,5,,"Columbia Basin Research, University of Washington. (2023). SacPAS Cohort Juvenile Monitoring. "
150,30-May,5,,"Columbia Basin Research, University of Washington. (2023). SacPAS Cohort Juvenile Monitoring. "
151,31-May,5,,"Columbia Basin Research, University of Washington. (2023). SacPAS Cohort Juvenile Monitoring. "
152,1-Jun,5,38,"Columbia Basin Research, University of Washington. (2023). SacPAS Cohort Juvenile Monitoring. "
153,2-Jun,5,,"Columbia Basin Research, University of Washington. (2023). SacPAS Cohort Juvenile Monitoring. "
154,3-Jun,5,38,"Columbia Basin Research, University of Washington. (2023). SacPAS Cohort Juvenile Monitoring. "
155,4-Jun,5,38,"Columbia Basin Research, University of Washington. (2023). SacPAS Cohort Juvenile Monitoring. "
156,5-Jun,5,,"Columbia Basin Research, University of Washington. (2023). SacPAS Cohort Juvenile Monitoring. "
157,6-Jun,5,,"Columbia Basin Research, University of Washington. (2023). SacPAS Cohort Juvenile Monitoring. "
158,7-Jun,5,38,"Columbia Basin Research, University of Washington. (2023). SacPAS Cohort Juvenile Monitoring. "
159,8-Jun,5,,"Columbia Basin Research, University of Washington. (2023). SacPAS Cohort Juvenile Monitoring. "
160,9-Jun,5,38,"Columbia Basin Research, University of Washington. (2023). SacPAS Cohort Juvenile Monitoring. "
161,10-Jun,5,,"Columbia Basin Research, University of Washington. (2023). SacPAS Cohort Juvenile Monitoring. "
162,11-Jun,5,38,"Columbia Basin Research, University of Washington. (2023). SacPAS Cohort Juvenile Monitoring. "
163,12-Jun,5,,"Columbia Basin Research, University of Washington. (2023). SacPAS Cohort Juvenile Monitoring. "
164,13-Jun,5,,"Columbia Basin Research, University of Washington. (2023). SacPAS Cohort Juvenile Monitoring. "
165,14-Jun,5,38,"Columbia Basin Research, University of Washington. (2023). SacPAS Cohort Juvenile Monitoring. "
166,15-Jun,5,,"Columbia Basin Research, University of Washington. (2023). SacPAS Cohort Juvenile Monitoring. "
167,16-Jun,5,38,"Columbia Basin Research, University of Washington. (2023). SacPAS Cohort Juvenile Monitoring. "
168,17-Jun,5,,"Columbia Basin Research, University of Washington. (2023). SacPAS Cohort Juvenile Monitoring. "
169,18-Jun,5,38,"Columbia Basin Research, University of Washington. (2023). SacPAS Cohort Juvenile Monitoring. "
170,19-Jun,5,,"Columbia Basin Research, University of Washington. (2023). SacPAS Cohort Juvenile Monitoring. "
171,20-Jun,5,,"Columbia Basin Research, University of Washington. (2023). SacPAS Cohort Juvenile Monitoring. "
172,21-Jun,5,38,"Columbia Basin Research, University of Washington. (2023). SacPAS Cohort Juvenile Monitoring. "
173,22-Jun,5,,"Columbia Basin Research, University of Washington. (2023). SacPAS Cohort Juvenile Monitoring. "
174,23-Jun,5,38,"Columbia Basin Research, University of Washington. (2023). SacPAS Cohort Juvenile Monitoring. "
175,24-Jun,5,,"Columbia Basin Research, University of Washington. (2023). SacPAS Cohort Juvenile Monitoring. "
176,25-Jun,5,38,"Columbia Basin Research, University of Washington. (2023). SacPAS Cohort Juvenile Monitoring. "
177,26-Jun,5,,"Columbia Basin Research, University of Washington. (2023). SacPAS Cohort Juvenile Monitoring. "
178,27-Jun,5,,"Columbia Basin Research, University of Washington. (2023). SacPAS Cohort Juvenile Monitoring. "
179,28-Jun,5,38,"Columbia Basin Research, University of Washington. (2023). SacPAS Cohort Juvenile Monitoring. "
180,29-Jun,5,,"Columbia Basin Research, University of Washington. (2023). SacPAS Cohort Juvenile Monitoring. "
181,30-Jun,5,38,"Columbia Basin Research, University of Washington. (2023). SacPAS Cohort Juvenile Monitoring. "
