year,parameter,parameter methods,author,journal,n,swimspeed_cm_persecond,sd_swimspeed_cm_persecond,se_swimspeed_cm_persecond,swimspeed_BL,sd_swimspeed_BL,se_swimspeed_BL,temperature_C,species,race,life stage,mass_g,sd_mass_g,se_mass_g,SL_cm,sd_SL,se_SL,TL_cm,sd_TL,se_TL,ration,data_quality,source,Sturgeon
2006,Ucrit,"from paper: ""A Brett-type swim chamber (Brett 1964) that generated
rectilinear flow was used to measure Ucrit. Fish were individually
netted, placed in a water-filled plastic container, and
transferred (3.3 m distance) to the cylindrical swimming chamber (65 cm length, 15 cm diameter). Each fish was acclimated
for 30–60 min at a low water velocity (5 cm·s–1) to
orient it to the current and chamber. Fish were shielded from
observers by black plastic or opaque plastic sheets, and
swimming was observed via a mirror oriented at an angle
over the top of the swimming chamber. After acclimation,
water velocity was increased in increments of 10 cm·s–1 at
20 min intervals. Ucrit, as a measure of the maximum aerobic
swimming ability (Beamish 1978), was calculated from
Brett (1964): Ucrit = Vf + Vi (Tf/Ti) where Vf is the final velocity at which the fish swam for the
entire 20 min period, Vi is the increment of water velocity
increase (10 cm·s–1), Tf is the time swum at the water velocity
of fatigue, and Ti is the time increment for each water velocity
(20 min). The swimming chamber was maintained at a
constant temperature by a thermostat-controlled water bath,
and its water was partially exchanged with fresh, airequilibrated
well water between experiments to ensure dissolved
oxygen levels near air saturation. No solid blocking
corrections were used, because the maximum cross-sectional
area of the fish was always <10% of the cross-sectional area
of the swimming chamber (Bell and Terhune 1970).
Ucrit swimming tests were concluded when fish impinged
three times at the same water velocity. Impingement was determined
as either impingement (one-third or greater of body
in contact with the rear screen) or fatigue (sustained contact
with the rear screen for 60 s). After the initial impingement,
the water velocity was decreased for <60 s until the fish
came off the rear screen. If the fish did not come off the rear
screen within 60 s, the experiment was ended. If the fish did
come off the rear screen, the water velocity was increased
until it was at the same velocity of impingement. Usually,
the second and third impingements occurred in rapid succession
at the water velocity of the first impingement. In contrast,
23% of fish were excluded from analyses because of
either tail propping (caudal fin supporting fish on rear screen
despite rapid increases and decreases in water velocity to
coax the fish into swimming) or rostrum wedging (rostrum
thrust into front screen holding nonswimming fish in the
current). Fish would occasionally use their pectoral fins to
help brace against the currents on the bottom of the swimming
chamber. This bracing was usually very temporary, because
fish were unable to hold their position without
swimming for more than a few seconds because of the cylindrical
shape of the swimming chamber. Fish were not
touched, prodded, or shocked during the experiment.",Allen,Can. J. Fish. Aquat. Sci.,1,25.52959502,NA,NA,1.476332641,NA,NA,19,Acipenser medirostris,NA,juvenile,NA,NA,NA,13.78993335,NA,NA,17.29257642,NA,NA,NA,1,Allen 2006,Green
2006,Ucrit,"from paper: ""A Brett-type swim chamber (Brett 1964) that generated
rectilinear flow was used to measure Ucrit. Fish were individually
netted, placed in a water-filled plastic container, and
transferred (3.3 m distance) to the cylindrical swimming chamber (65 cm length, 15 cm diameter). Each fish was acclimated
for 30–60 min at a low water velocity (5 cm·s–1) to
orient it to the current and chamber. Fish were shielded from
observers by black plastic or opaque plastic sheets, and
swimming was observed via a mirror oriented at an angle
over the top of the swimming chamber. After acclimation,
water velocity was increased in increments of 10 cm·s–1 at
20 min intervals. Ucrit, as a measure of the maximum aerobic
swimming ability (Beamish 1978), was calculated from
Brett (1964): Ucrit = Vf + Vi (Tf/Ti) where Vf is the final velocity at which the fish swam for the
entire 20 min period, Vi is the increment of water velocity
increase (10 cm·s–1), Tf is the time swum at the water velocity
of fatigue, and Ti is the time increment for each water velocity
(20 min). The swimming chamber was maintained at a
constant temperature by a thermostat-controlled water bath,
and its water was partially exchanged with fresh, airequilibrated
well water between experiments to ensure dissolved
oxygen levels near air saturation. No solid blocking
corrections were used, because the maximum cross-sectional
area of the fish was always <10% of the cross-sectional area
of the swimming chamber (Bell and Terhune 1970).
Ucrit swimming tests were concluded when fish impinged
three times at the same water velocity. Impingement was determined
as either impingement (one-third or greater of body
in contact with the rear screen) or fatigue (sustained contact
with the rear screen for 60 s). After the initial impingement,
the water velocity was decreased for <60 s until the fish
came off the rear screen. If the fish did not come off the rear
screen within 60 s, the experiment was ended. If the fish did
come off the rear screen, the water velocity was increased
until it was at the same velocity of impingement. Usually,
the second and third impingements occurred in rapid succession
at the water velocity of the first impingement. In contrast,
23% of fish were excluded from analyses because of
either tail propping (caudal fin supporting fish on rear screen
despite rapid increases and decreases in water velocity to
coax the fish into swimming) or rostrum wedging (rostrum
thrust into front screen holding nonswimming fish in the
current). Fish would occasionally use their pectoral fins to
help brace against the currents on the bottom of the swimming
chamber. This bracing was usually very temporary, because
fish were unable to hold their position without
swimming for more than a few seconds because of the cylindrical
shape of the swimming chamber. Fish were not
touched, prodded, or shocked during the experiment.",Allen,Can. J. Fish. Aquat. Sci.,1,30.59190031,NA,NA,1.584964971,NA,NA,19,Acipenser medirostris,NA,juvenile,NA,NA,NA,15.39179429,NA,NA,19.30131004,NA,NA,NA,1,Allen 2006,Green
2006,Ucrit,"from paper: ""A Brett-type swim chamber (Brett 1964) that generated
rectilinear flow was used to measure Ucrit. Fish were individually
netted, placed in a water-filled plastic container, and
transferred (3.3 m distance) to the cylindrical swimming chamber (65 cm length, 15 cm diameter). Each fish was acclimated
for 30–60 min at a low water velocity (5 cm·s–1) to
orient it to the current and chamber. Fish were shielded from
observers by black plastic or opaque plastic sheets, and
swimming was observed via a mirror oriented at an angle
over the top of the swimming chamber. After acclimation,
water velocity was increased in increments of 10 cm·s–1 at
20 min intervals. Ucrit, as a measure of the maximum aerobic
swimming ability (Beamish 1978), was calculated from
Brett (1964): Ucrit = Vf + Vi (Tf/Ti) where Vf is the final velocity at which the fish swam for the
entire 20 min period, Vi is the increment of water velocity
increase (10 cm·s–1), Tf is the time swum at the water velocity
of fatigue, and Ti is the time increment for each water velocity
(20 min). The swimming chamber was maintained at a
constant temperature by a thermostat-controlled water bath,
and its water was partially exchanged with fresh, airequilibrated
well water between experiments to ensure dissolved
oxygen levels near air saturation. No solid blocking
corrections were used, because the maximum cross-sectional
area of the fish was always <10% of the cross-sectional area
of the swimming chamber (Bell and Terhune 1970).
Ucrit swimming tests were concluded when fish impinged
three times at the same water velocity. Impingement was determined
as either impingement (one-third or greater of body
in contact with the rear screen) or fatigue (sustained contact
with the rear screen for 60 s). After the initial impingement,
the water velocity was decreased for <60 s until the fish
came off the rear screen. If the fish did not come off the rear
screen within 60 s, the experiment was ended. If the fish did
come off the rear screen, the water velocity was increased
until it was at the same velocity of impingement. Usually,
the second and third impingements occurred in rapid succession
at the water velocity of the first impingement. In contrast,
23% of fish were excluded from analyses because of
either tail propping (caudal fin supporting fish on rear screen
despite rapid increases and decreases in water velocity to
coax the fish into swimming) or rostrum wedging (rostrum
thrust into front screen holding nonswimming fish in the
current). Fish would occasionally use their pectoral fins to
help brace against the currents on the bottom of the swimming
chamber. This bracing was usually very temporary, because
fish were unable to hold their position without
swimming for more than a few seconds because of the cylindrical
shape of the swimming chamber. Fish were not
touched, prodded, or shocked during the experiment.",Allen,Can. J. Fish. Aquat. Sci.,1,35.03115265,NA,NA,2.072902831,NA,NA,19,Acipenser medirostris,NA,juvenile,NA,NA,NA,13.47652577,NA,NA,16.89956332,NA,NA,NA,1,Allen 2006,Green
2006,Ucrit,"from paper: ""A Brett-type swim chamber (Brett 1964) that generated
rectilinear flow was used to measure Ucrit. Fish were individually
netted, placed in a water-filled plastic container, and
transferred (3.3 m distance) to the cylindrical swimming chamber (65 cm length, 15 cm diameter). Each fish was acclimated
for 30–60 min at a low water velocity (5 cm·s–1) to
orient it to the current and chamber. Fish were shielded from
observers by black plastic or opaque plastic sheets, and
swimming was observed via a mirror oriented at an angle
over the top of the swimming chamber. After acclimation,
water velocity was increased in increments of 10 cm·s–1 at
20 min intervals. Ucrit, as a measure of the maximum aerobic
swimming ability (Beamish 1978), was calculated from
Brett (1964): Ucrit = Vf + Vi (Tf/Ti) where Vf is the final velocity at which the fish swam for the
entire 20 min period, Vi is the increment of water velocity
increase (10 cm·s–1), Tf is the time swum at the water velocity
of fatigue, and Ti is the time increment for each water velocity
(20 min). The swimming chamber was maintained at a
constant temperature by a thermostat-controlled water bath,
and its water was partially exchanged with fresh, airequilibrated
well water between experiments to ensure dissolved
oxygen levels near air saturation. No solid blocking
corrections were used, because the maximum cross-sectional
area of the fish was always <10% of the cross-sectional area
of the swimming chamber (Bell and Terhune 1970).
Ucrit swimming tests were concluded when fish impinged
three times at the same water velocity. Impingement was determined
as either impingement (one-third or greater of body
in contact with the rear screen) or fatigue (sustained contact
with the rear screen for 60 s). After the initial impingement,
the water velocity was decreased for <60 s until the fish
came off the rear screen. If the fish did not come off the rear
screen within 60 s, the experiment was ended. If the fish did
come off the rear screen, the water velocity was increased
until it was at the same velocity of impingement. Usually,
the second and third impingements occurred in rapid succession
at the water velocity of the first impingement. In contrast,
23% of fish were excluded from analyses because of
either tail propping (caudal fin supporting fish on rear screen
despite rapid increases and decreases in water velocity to
coax the fish into swimming) or rostrum wedging (rostrum
thrust into front screen holding nonswimming fish in the
current). Fish would occasionally use their pectoral fins to
help brace against the currents on the bottom of the swimming
chamber. This bracing was usually very temporary, because
fish were unable to hold their position without
swimming for more than a few seconds because of the cylindrical
shape of the swimming chamber. Fish were not
touched, prodded, or shocked during the experiment.",Allen,Can. J. Fish. Aquat. Sci.,1,36.04361371,NA,NA,2.305583111,NA,NA,19,Acipenser medirostris,NA,juvenile,NA,NA,NA,12.46665692,NA,NA,15.63318777,NA,NA,NA,1,Allen 2006,Green
2006,Ucrit,"from paper: ""A Brett-type swim chamber (Brett 1964) that generated
rectilinear flow was used to measure Ucrit. Fish were individually
netted, placed in a water-filled plastic container, and
transferred (3.3 m distance) to the cylindrical swimming chamber (65 cm length, 15 cm diameter). Each fish was acclimated
for 30–60 min at a low water velocity (5 cm·s–1) to
orient it to the current and chamber. Fish were shielded from
observers by black plastic or opaque plastic sheets, and
swimming was observed via a mirror oriented at an angle
over the top of the swimming chamber. After acclimation,
water velocity was increased in increments of 10 cm·s–1 at
20 min intervals. Ucrit, as a measure of the maximum aerobic
swimming ability (Beamish 1978), was calculated from
Brett (1964): Ucrit = Vf + Vi (Tf/Ti) where Vf is the final velocity at which the fish swam for the
entire 20 min period, Vi is the increment of water velocity
increase (10 cm·s–1), Tf is the time swum at the water velocity
of fatigue, and Ti is the time increment for each water velocity
(20 min). The swimming chamber was maintained at a
constant temperature by a thermostat-controlled water bath,
and its water was partially exchanged with fresh, airequilibrated
well water between experiments to ensure dissolved
oxygen levels near air saturation. No solid blocking
corrections were used, because the maximum cross-sectional
area of the fish was always <10% of the cross-sectional area
of the swimming chamber (Bell and Terhune 1970).
Ucrit swimming tests were concluded when fish impinged
three times at the same water velocity. Impingement was determined
as either impingement (one-third or greater of body
in contact with the rear screen) or fatigue (sustained contact
with the rear screen for 60 s). After the initial impingement,
the water velocity was decreased for <60 s until the fish
came off the rear screen. If the fish did not come off the rear
screen within 60 s, the experiment was ended. If the fish did
come off the rear screen, the water velocity was increased
until it was at the same velocity of impingement. Usually,
the second and third impingements occurred in rapid succession
at the water velocity of the first impingement. In contrast,
23% of fish were excluded from analyses because of
either tail propping (caudal fin supporting fish on rear screen
despite rapid increases and decreases in water velocity to
coax the fish into swimming) or rostrum wedging (rostrum
thrust into front screen holding nonswimming fish in the
current). Fish would occasionally use their pectoral fins to
help brace against the currents on the bottom of the swimming
chamber. This bracing was usually very temporary, because
fish were unable to hold their position without
swimming for more than a few seconds because of the cylindrical
shape of the swimming chamber. Fish were not
touched, prodded, or shocked during the experiment.",Allen,Can. J. Fish. Aquat. Sci.,1,37.60124611,NA,NA,2.385231401,NA,NA,19,Acipenser medirostris,NA,juvenile,NA,NA,NA,12.57112611,NA,NA,15.76419214,NA,NA,NA,1,Allen 2006,Green
2006,Ucrit,"from paper: ""A Brett-type swim chamber (Brett 1964) that generated
rectilinear flow was used to measure Ucrit. Fish were individually
netted, placed in a water-filled plastic container, and
transferred (3.3 m distance) to the cylindrical swimming chamber (65 cm length, 15 cm diameter). Each fish was acclimated
for 30–60 min at a low water velocity (5 cm·s–1) to
orient it to the current and chamber. Fish were shielded from
observers by black plastic or opaque plastic sheets, and
swimming was observed via a mirror oriented at an angle
over the top of the swimming chamber. After acclimation,
water velocity was increased in increments of 10 cm·s–1 at
20 min intervals. Ucrit, as a measure of the maximum aerobic
swimming ability (Beamish 1978), was calculated from
Brett (1964): Ucrit = Vf + Vi (Tf/Ti) where Vf is the final velocity at which the fish swam for the
entire 20 min period, Vi is the increment of water velocity
increase (10 cm·s–1), Tf is the time swum at the water velocity
of fatigue, and Ti is the time increment for each water velocity
(20 min). The swimming chamber was maintained at a
constant temperature by a thermostat-controlled water bath,
and its water was partially exchanged with fresh, airequilibrated
well water between experiments to ensure dissolved
oxygen levels near air saturation. No solid blocking
corrections were used, because the maximum cross-sectional
area of the fish was always <10% of the cross-sectional area
of the swimming chamber (Bell and Terhune 1970).
Ucrit swimming tests were concluded when fish impinged
three times at the same water velocity. Impingement was determined
as either impingement (one-third or greater of body
in contact with the rear screen) or fatigue (sustained contact
with the rear screen for 60 s). After the initial impingement,
the water velocity was decreased for <60 s until the fish
came off the rear screen. If the fish did not come off the rear
screen within 60 s, the experiment was ended. If the fish did
come off the rear screen, the water velocity was increased
until it was at the same velocity of impingement. Usually,
the second and third impingements occurred in rapid succession
at the water velocity of the first impingement. In contrast,
23% of fish were excluded from analyses because of
either tail propping (caudal fin supporting fish on rear screen
despite rapid increases and decreases in water velocity to
coax the fish into swimming) or rostrum wedging (rostrum
thrust into front screen holding nonswimming fish in the
current). Fish would occasionally use their pectoral fins to
help brace against the currents on the bottom of the swimming
chamber. This bracing was usually very temporary, because
fish were unable to hold their position without
swimming for more than a few seconds because of the cylindrical
shape of the swimming chamber. Fish were not
touched, prodded, or shocked during the experiment.",Allen,Can. J. Fish. Aquat. Sci.,1,37.52336449,NA,NA,2.208958989,NA,NA,19,Acipenser medirostris,NA,juvenile,NA,NA,NA,13.5461719,NA,NA,16.98689956,NA,NA,NA,1,Allen 2006,Green
2006,Ucrit,"from paper: ""A Brett-type swim chamber (Brett 1964) that generated
rectilinear flow was used to measure Ucrit. Fish were individually
netted, placed in a water-filled plastic container, and
transferred (3.3 m distance) to the cylindrical swimming chamber (65 cm length, 15 cm diameter). Each fish was acclimated
for 30–60 min at a low water velocity (5 cm·s–1) to
orient it to the current and chamber. Fish were shielded from
observers by black plastic or opaque plastic sheets, and
swimming was observed via a mirror oriented at an angle
over the top of the swimming chamber. After acclimation,
water velocity was increased in increments of 10 cm·s–1 at
20 min intervals. Ucrit, as a measure of the maximum aerobic
swimming ability (Beamish 1978), was calculated from
Brett (1964): Ucrit = Vf + Vi (Tf/Ti) where Vf is the final velocity at which the fish swam for the
entire 20 min period, Vi is the increment of water velocity
increase (10 cm·s–1), Tf is the time swum at the water velocity
of fatigue, and Ti is the time increment for each water velocity
(20 min). The swimming chamber was maintained at a
constant temperature by a thermostat-controlled water bath,
and its water was partially exchanged with fresh, airequilibrated
well water between experiments to ensure dissolved
oxygen levels near air saturation. No solid blocking
corrections were used, because the maximum cross-sectional
area of the fish was always <10% of the cross-sectional area
of the swimming chamber (Bell and Terhune 1970).
Ucrit swimming tests were concluded when fish impinged
three times at the same water velocity. Impingement was determined
as either impingement (one-third or greater of body
in contact with the rear screen) or fatigue (sustained contact
with the rear screen for 60 s). After the initial impingement,
the water velocity was decreased for <60 s until the fish
came off the rear screen. If the fish did not come off the rear
screen within 60 s, the experiment was ended. If the fish did
come off the rear screen, the water velocity was increased
until it was at the same velocity of impingement. Usually,
the second and third impingements occurred in rapid succession
at the water velocity of the first impingement. In contrast,
23% of fish were excluded from analyses because of
either tail propping (caudal fin supporting fish on rear screen
despite rapid increases and decreases in water velocity to
coax the fish into swimming) or rostrum wedging (rostrum
thrust into front screen holding nonswimming fish in the
current). Fish would occasionally use their pectoral fins to
help brace against the currents on the bottom of the swimming
chamber. This bracing was usually very temporary, because
fish were unable to hold their position without
swimming for more than a few seconds because of the cylindrical
shape of the swimming chamber. Fish were not
touched, prodded, or shocked during the experiment.",Allen,Can. J. Fish. Aquat. Sci.,1,38.53582555,NA,NA,2.280285284,NA,NA,19,Acipenser medirostris,NA,juvenile,NA,NA,NA,13.47652577,NA,NA,16.89956332,NA,NA,NA,1,Allen 2006,Green
2006,Ucrit,"from paper: ""A Brett-type swim chamber (Brett 1964) that generated
rectilinear flow was used to measure Ucrit. Fish were individually
netted, placed in a water-filled plastic container, and
transferred (3.3 m distance) to the cylindrical swimming chamber (65 cm length, 15 cm diameter). Each fish was acclimated
for 30–60 min at a low water velocity (5 cm·s–1) to
orient it to the current and chamber. Fish were shielded from
observers by black plastic or opaque plastic sheets, and
swimming was observed via a mirror oriented at an angle
over the top of the swimming chamber. After acclimation,
water velocity was increased in increments of 10 cm·s–1 at
20 min intervals. Ucrit, as a measure of the maximum aerobic
swimming ability (Beamish 1978), was calculated from
Brett (1964): Ucrit = Vf + Vi (Tf/Ti) where Vf is the final velocity at which the fish swam for the
entire 20 min period, Vi is the increment of water velocity
increase (10 cm·s–1), Tf is the time swum at the water velocity
of fatigue, and Ti is the time increment for each water velocity
(20 min). The swimming chamber was maintained at a
constant temperature by a thermostat-controlled water bath,
and its water was partially exchanged with fresh, airequilibrated
well water between experiments to ensure dissolved
oxygen levels near air saturation. No solid blocking
corrections were used, because the maximum cross-sectional
area of the fish was always <10% of the cross-sectional area
of the swimming chamber (Bell and Terhune 1970).
Ucrit swimming tests were concluded when fish impinged
three times at the same water velocity. Impingement was determined
as either impingement (one-third or greater of body
in contact with the rear screen) or fatigue (sustained contact
with the rear screen for 60 s). After the initial impingement,
the water velocity was decreased for <60 s until the fish
came off the rear screen. If the fish did not come off the rear
screen within 60 s, the experiment was ended. If the fish did
come off the rear screen, the water velocity was increased
until it was at the same velocity of impingement. Usually,
the second and third impingements occurred in rapid succession
at the water velocity of the first impingement. In contrast,
23% of fish were excluded from analyses because of
either tail propping (caudal fin supporting fish on rear screen
despite rapid increases and decreases in water velocity to
coax the fish into swimming) or rostrum wedging (rostrum
thrust into front screen holding nonswimming fish in the
current). Fish would occasionally use their pectoral fins to
help brace against the currents on the bottom of the swimming
chamber. This bracing was usually very temporary, because
fish were unable to hold their position without
swimming for more than a few seconds because of the cylindrical
shape of the swimming chamber. Fish were not
touched, prodded, or shocked during the experiment.",Allen,Can. J. Fish. Aquat. Sci.,1,36.04361371,NA,NA,1.748726174,NA,NA,19,Acipenser medirostris,NA,juvenile,NA,NA,NA,16.43648621,NA,NA,20.61135371,NA,NA,NA,1,Allen 2006,Green
2006,Ucrit,"from paper: ""A Brett-type swim chamber (Brett 1964) that generated
rectilinear flow was used to measure Ucrit. Fish were individually
netted, placed in a water-filled plastic container, and
transferred (3.3 m distance) to the cylindrical swimming chamber (65 cm length, 15 cm diameter). Each fish was acclimated
for 30–60 min at a low water velocity (5 cm·s–1) to
orient it to the current and chamber. Fish were shielded from
observers by black plastic or opaque plastic sheets, and
swimming was observed via a mirror oriented at an angle
over the top of the swimming chamber. After acclimation,
water velocity was increased in increments of 10 cm·s–1 at
20 min intervals. Ucrit, as a measure of the maximum aerobic
swimming ability (Beamish 1978), was calculated from
Brett (1964): Ucrit = Vf + Vi (Tf/Ti) where Vf is the final velocity at which the fish swam for the
entire 20 min period, Vi is the increment of water velocity
increase (10 cm·s–1), Tf is the time swum at the water velocity
of fatigue, and Ti is the time increment for each water velocity
(20 min). The swimming chamber was maintained at a
constant temperature by a thermostat-controlled water bath,
and its water was partially exchanged with fresh, airequilibrated
well water between experiments to ensure dissolved
oxygen levels near air saturation. No solid blocking
corrections were used, because the maximum cross-sectional
area of the fish was always <10% of the cross-sectional area
of the swimming chamber (Bell and Terhune 1970).
Ucrit swimming tests were concluded when fish impinged
three times at the same water velocity. Impingement was determined
as either impingement (one-third or greater of body
in contact with the rear screen) or fatigue (sustained contact
with the rear screen for 60 s). After the initial impingement,
the water velocity was decreased for <60 s until the fish
came off the rear screen. If the fish did not come off the rear
screen within 60 s, the experiment was ended. If the fish did
come off the rear screen, the water velocity was increased
until it was at the same velocity of impingement. Usually,
the second and third impingements occurred in rapid succession
at the water velocity of the first impingement. In contrast,
23% of fish were excluded from analyses because of
either tail propping (caudal fin supporting fish on rear screen
despite rapid increases and decreases in water velocity to
coax the fish into swimming) or rostrum wedging (rostrum
thrust into front screen holding nonswimming fish in the
current). Fish would occasionally use their pectoral fins to
help brace against the currents on the bottom of the swimming
chamber. This bracing was usually very temporary, because
fish were unable to hold their position without
swimming for more than a few seconds because of the cylindrical
shape of the swimming chamber. Fish were not
touched, prodded, or shocked during the experiment.",Allen,Can. J. Fish. Aquat. Sci.,1,39.5482866,NA,NA,1.939305703,NA,NA,19,Acipenser medirostris,NA,juvenile,NA,NA,NA,16.26237089,NA,NA,20.3930131,NA,NA,NA,1,Allen 2006,Green
2006,Ucrit,"from paper: ""A Brett-type swim chamber (Brett 1964) that generated
rectilinear flow was used to measure Ucrit. Fish were individually
netted, placed in a water-filled plastic container, and
transferred (3.3 m distance) to the cylindrical swimming chamber (65 cm length, 15 cm diameter). Each fish was acclimated
for 30–60 min at a low water velocity (5 cm·s–1) to
orient it to the current and chamber. Fish were shielded from
observers by black plastic or opaque plastic sheets, and
swimming was observed via a mirror oriented at an angle
over the top of the swimming chamber. After acclimation,
water velocity was increased in increments of 10 cm·s–1 at
20 min intervals. Ucrit, as a measure of the maximum aerobic
swimming ability (Beamish 1978), was calculated from
Brett (1964): Ucrit = Vf + Vi (Tf/Ti) where Vf is the final velocity at which the fish swam for the
entire 20 min period, Vi is the increment of water velocity
increase (10 cm·s–1), Tf is the time swum at the water velocity
of fatigue, and Ti is the time increment for each water velocity
(20 min). The swimming chamber was maintained at a
constant temperature by a thermostat-controlled water bath,
and its water was partially exchanged with fresh, airequilibrated
well water between experiments to ensure dissolved
oxygen levels near air saturation. No solid blocking
corrections were used, because the maximum cross-sectional
area of the fish was always <10% of the cross-sectional area
of the swimming chamber (Bell and Terhune 1970).
Ucrit swimming tests were concluded when fish impinged
three times at the same water velocity. Impingement was determined
as either impingement (one-third or greater of body
in contact with the rear screen) or fatigue (sustained contact
with the rear screen for 60 s). After the initial impingement,
the water velocity was decreased for <60 s until the fish
came off the rear screen. If the fish did not come off the rear
screen within 60 s, the experiment was ended. If the fish did
come off the rear screen, the water velocity was increased
until it was at the same velocity of impingement. Usually,
the second and third impingements occurred in rapid succession
at the water velocity of the first impingement. In contrast,
23% of fish were excluded from analyses because of
either tail propping (caudal fin supporting fish on rear screen
despite rapid increases and decreases in water velocity to
coax the fish into swimming) or rostrum wedging (rostrum
thrust into front screen holding nonswimming fish in the
current). Fish would occasionally use their pectoral fins to
help brace against the currents on the bottom of the swimming
chamber. This bracing was usually very temporary, because
fish were unable to hold their position without
swimming for more than a few seconds because of the cylindrical
shape of the swimming chamber. Fish were not
touched, prodded, or shocked during the experiment.",Allen,Can. J. Fish. Aquat. Sci.,1,41.02803738,NA,NA,1.890426672,NA,NA,19,Acipenser medirostris,NA,juvenile,NA,NA,NA,17.30706281,NA,NA,21.70305677,NA,NA,NA,1,Allen 2006,Green
2006,Ucrit,"from paper: ""A Brett-type swim chamber (Brett 1964) that generated
rectilinear flow was used to measure Ucrit. Fish were individually
netted, placed in a water-filled plastic container, and
transferred (3.3 m distance) to the cylindrical swimming chamber (65 cm length, 15 cm diameter). Each fish was acclimated
for 30–60 min at a low water velocity (5 cm·s–1) to
orient it to the current and chamber. Fish were shielded from
observers by black plastic or opaque plastic sheets, and
swimming was observed via a mirror oriented at an angle
over the top of the swimming chamber. After acclimation,
water velocity was increased in increments of 10 cm·s–1 at
20 min intervals. Ucrit, as a measure of the maximum aerobic
swimming ability (Beamish 1978), was calculated from
Brett (1964): Ucrit = Vf + Vi (Tf/Ti) where Vf is the final velocity at which the fish swam for the
entire 20 min period, Vi is the increment of water velocity
increase (10 cm·s–1), Tf is the time swum at the water velocity
of fatigue, and Ti is the time increment for each water velocity
(20 min). The swimming chamber was maintained at a
constant temperature by a thermostat-controlled water bath,
and its water was partially exchanged with fresh, airequilibrated
well water between experiments to ensure dissolved
oxygen levels near air saturation. No solid blocking
corrections were used, because the maximum cross-sectional
area of the fish was always <10% of the cross-sectional area
of the swimming chamber (Bell and Terhune 1970).
Ucrit swimming tests were concluded when fish impinged
three times at the same water velocity. Impingement was determined
as either impingement (one-third or greater of body
in contact with the rear screen) or fatigue (sustained contact
with the rear screen for 60 s). After the initial impingement,
the water velocity was decreased for <60 s until the fish
came off the rear screen. If the fish did not come off the rear
screen within 60 s, the experiment was ended. If the fish did
come off the rear screen, the water velocity was increased
until it was at the same velocity of impingement. Usually,
the second and third impingements occurred in rapid succession
at the water velocity of the first impingement. In contrast,
23% of fish were excluded from analyses because of
either tail propping (caudal fin supporting fish on rear screen
despite rapid increases and decreases in water velocity to
coax the fish into swimming) or rostrum wedging (rostrum
thrust into front screen holding nonswimming fish in the
current). Fish would occasionally use their pectoral fins to
help brace against the currents on the bottom of the swimming
chamber. This bracing was usually very temporary, because
fish were unable to hold their position without
swimming for more than a few seconds because of the cylindrical
shape of the swimming chamber. Fish were not
touched, prodded, or shocked during the experiment.",Allen,Can. J. Fish. Aquat. Sci.,1,41.57320872,NA,NA,2.993793961,NA,NA,19,Acipenser medirostris,NA,juvenile,NA,NA,NA,11.07373436,NA,NA,13.88646288,NA,NA,NA,1,Allen 2006,Green
2006,Ucrit,"from paper: ""A Brett-type swim chamber (Brett 1964) that generated
rectilinear flow was used to measure Ucrit. Fish were individually
netted, placed in a water-filled plastic container, and
transferred (3.3 m distance) to the cylindrical swimming chamber (65 cm length, 15 cm diameter). Each fish was acclimated
for 30–60 min at a low water velocity (5 cm·s–1) to
orient it to the current and chamber. Fish were shielded from
observers by black plastic or opaque plastic sheets, and
swimming was observed via a mirror oriented at an angle
over the top of the swimming chamber. After acclimation,
water velocity was increased in increments of 10 cm·s–1 at
20 min intervals. Ucrit, as a measure of the maximum aerobic
swimming ability (Beamish 1978), was calculated from
Brett (1964): Ucrit = Vf + Vi (Tf/Ti) where Vf is the final velocity at which the fish swam for the
entire 20 min period, Vi is the increment of water velocity
increase (10 cm·s–1), Tf is the time swum at the water velocity
of fatigue, and Ti is the time increment for each water velocity
(20 min). The swimming chamber was maintained at a
constant temperature by a thermostat-controlled water bath,
and its water was partially exchanged with fresh, airequilibrated
well water between experiments to ensure dissolved
oxygen levels near air saturation. No solid blocking
corrections were used, because the maximum cross-sectional
area of the fish was always <10% of the cross-sectional area
of the swimming chamber (Bell and Terhune 1970).
Ucrit swimming tests were concluded when fish impinged
three times at the same water velocity. Impingement was determined
as either impingement (one-third or greater of body
in contact with the rear screen) or fatigue (sustained contact
with the rear screen for 60 s). After the initial impingement,
the water velocity was decreased for <60 s until the fish
came off the rear screen. If the fish did not come off the rear
screen within 60 s, the experiment was ended. If the fish did
come off the rear screen, the water velocity was increased
until it was at the same velocity of impingement. Usually,
the second and third impingements occurred in rapid succession
at the water velocity of the first impingement. In contrast,
23% of fish were excluded from analyses because of
either tail propping (caudal fin supporting fish on rear screen
despite rapid increases and decreases in water velocity to
coax the fish into swimming) or rostrum wedging (rostrum
thrust into front screen holding nonswimming fish in the
current). Fish would occasionally use their pectoral fins to
help brace against the currents on the bottom of the swimming
chamber. This bracing was usually very temporary, because
fish were unable to hold their position without
swimming for more than a few seconds because of the cylindrical
shape of the swimming chamber. Fish were not
touched, prodded, or shocked during the experiment.",Allen,Can. J. Fish. Aquat. Sci.,1,42.58566978,NA,NA,2.724055413,NA,NA,19,Acipenser medirostris,NA,juvenile,NA,NA,NA,12.46665692,NA,NA,15.63318777,NA,NA,NA,1,Allen 2006,Green
2006,Ucrit,"from paper: ""A Brett-type swim chamber (Brett 1964) that generated
rectilinear flow was used to measure Ucrit. Fish were individually
netted, placed in a water-filled plastic container, and
transferred (3.3 m distance) to the cylindrical swimming chamber (65 cm length, 15 cm diameter). Each fish was acclimated
for 30–60 min at a low water velocity (5 cm·s–1) to
orient it to the current and chamber. Fish were shielded from
observers by black plastic or opaque plastic sheets, and
swimming was observed via a mirror oriented at an angle
over the top of the swimming chamber. After acclimation,
water velocity was increased in increments of 10 cm·s–1 at
20 min intervals. Ucrit, as a measure of the maximum aerobic
swimming ability (Beamish 1978), was calculated from
Brett (1964): Ucrit = Vf + Vi (Tf/Ti) where Vf is the final velocity at which the fish swam for the
entire 20 min period, Vi is the increment of water velocity
increase (10 cm·s–1), Tf is the time swum at the water velocity
of fatigue, and Ti is the time increment for each water velocity
(20 min). The swimming chamber was maintained at a
constant temperature by a thermostat-controlled water bath,
and its water was partially exchanged with fresh, airequilibrated
well water between experiments to ensure dissolved
oxygen levels near air saturation. No solid blocking
corrections were used, because the maximum cross-sectional
area of the fish was always <10% of the cross-sectional area
of the swimming chamber (Bell and Terhune 1970).
Ucrit swimming tests were concluded when fish impinged
three times at the same water velocity. Impingement was determined
as either impingement (one-third or greater of body
in contact with the rear screen) or fatigue (sustained contact
with the rear screen for 60 s). After the initial impingement,
the water velocity was decreased for <60 s until the fish
came off the rear screen. If the fish did not come off the rear
screen within 60 s, the experiment was ended. If the fish did
come off the rear screen, the water velocity was increased
until it was at the same velocity of impingement. Usually,
the second and third impingements occurred in rapid succession
at the water velocity of the first impingement. In contrast,
23% of fish were excluded from analyses because of
either tail propping (caudal fin supporting fish on rear screen
despite rapid increases and decreases in water velocity to
coax the fish into swimming) or rostrum wedging (rostrum
thrust into front screen holding nonswimming fish in the
current). Fish would occasionally use their pectoral fins to
help brace against the currents on the bottom of the swimming
chamber. This bracing was usually very temporary, because
fish were unable to hold their position without
swimming for more than a few seconds because of the cylindrical
shape of the swimming chamber. Fish were not
touched, prodded, or shocked during the experiment.",Allen,Can. J. Fish. Aquat. Sci.,1,43.59813084,NA,NA,2.655311692,NA,NA,19,Acipenser medirostris,NA,juvenile,NA,NA,NA,13.09347207,NA,NA,16.41921397,NA,NA,NA,1,Allen 2006,Green
2006,Ucrit,"from paper: ""A Brett-type swim chamber (Brett 1964) that generated
rectilinear flow was used to measure Ucrit. Fish were individually
netted, placed in a water-filled plastic container, and
transferred (3.3 m distance) to the cylindrical swimming chamber (65 cm length, 15 cm diameter). Each fish was acclimated
for 30–60 min at a low water velocity (5 cm·s–1) to
orient it to the current and chamber. Fish were shielded from
observers by black plastic or opaque plastic sheets, and
swimming was observed via a mirror oriented at an angle
over the top of the swimming chamber. After acclimation,
water velocity was increased in increments of 10 cm·s–1 at
20 min intervals. Ucrit, as a measure of the maximum aerobic
swimming ability (Beamish 1978), was calculated from
Brett (1964): Ucrit = Vf + Vi (Tf/Ti) where Vf is the final velocity at which the fish swam for the
entire 20 min period, Vi is the increment of water velocity
increase (10 cm·s–1), Tf is the time swum at the water velocity
of fatigue, and Ti is the time increment for each water velocity
(20 min). The swimming chamber was maintained at a
constant temperature by a thermostat-controlled water bath,
and its water was partially exchanged with fresh, airequilibrated
well water between experiments to ensure dissolved
oxygen levels near air saturation. No solid blocking
corrections were used, because the maximum cross-sectional
area of the fish was always <10% of the cross-sectional area
of the swimming chamber (Bell and Terhune 1970).
Ucrit swimming tests were concluded when fish impinged
three times at the same water velocity. Impingement was determined
as either impingement (one-third or greater of body
in contact with the rear screen) or fatigue (sustained contact
with the rear screen for 60 s). After the initial impingement,
the water velocity was decreased for <60 s until the fish
came off the rear screen. If the fish did not come off the rear
screen within 60 s, the experiment was ended. If the fish did
come off the rear screen, the water velocity was increased
until it was at the same velocity of impingement. Usually,
the second and third impingements occurred in rapid succession
at the water velocity of the first impingement. In contrast,
23% of fish were excluded from analyses because of
either tail propping (caudal fin supporting fish on rear screen
despite rapid increases and decreases in water velocity to
coax the fish into swimming) or rostrum wedging (rostrum
thrust into front screen holding nonswimming fish in the
current). Fish would occasionally use their pectoral fins to
help brace against the currents on the bottom of the swimming
chamber. This bracing was usually very temporary, because
fish were unable to hold their position without
swimming for more than a few seconds because of the cylindrical
shape of the swimming chamber. Fish were not
touched, prodded, or shocked during the experiment.",Allen,Can. J. Fish. Aquat. Sci.,1,45.07788162,NA,NA,2.695257152,NA,NA,19,Acipenser medirostris,NA,juvenile,NA,NA,NA,13.33723352,NA,NA,16.72489083,NA,NA,NA,1,Allen 2006,Green
2006,Ucrit,"from paper: ""A Brett-type swim chamber (Brett 1964) that generated
rectilinear flow was used to measure Ucrit. Fish were individually
netted, placed in a water-filled plastic container, and
transferred (3.3 m distance) to the cylindrical swimming chamber (65 cm length, 15 cm diameter). Each fish was acclimated
for 30–60 min at a low water velocity (5 cm·s–1) to
orient it to the current and chamber. Fish were shielded from
observers by black plastic or opaque plastic sheets, and
swimming was observed via a mirror oriented at an angle
over the top of the swimming chamber. After acclimation,
water velocity was increased in increments of 10 cm·s–1 at
20 min intervals. Ucrit, as a measure of the maximum aerobic
swimming ability (Beamish 1978), was calculated from
Brett (1964): Ucrit = Vf + Vi (Tf/Ti) where Vf is the final velocity at which the fish swam for the
entire 20 min period, Vi is the increment of water velocity
increase (10 cm·s–1), Tf is the time swum at the water velocity
of fatigue, and Ti is the time increment for each water velocity
(20 min). The swimming chamber was maintained at a
constant temperature by a thermostat-controlled water bath,
and its water was partially exchanged with fresh, airequilibrated
well water between experiments to ensure dissolved
oxygen levels near air saturation. No solid blocking
corrections were used, because the maximum cross-sectional
area of the fish was always <10% of the cross-sectional area
of the swimming chamber (Bell and Terhune 1970).
Ucrit swimming tests were concluded when fish impinged
three times at the same water velocity. Impingement was determined
as either impingement (one-third or greater of body
in contact with the rear screen) or fatigue (sustained contact
with the rear screen for 60 s). After the initial impingement,
the water velocity was decreased for <60 s until the fish
came off the rear screen. If the fish did not come off the rear
screen within 60 s, the experiment was ended. If the fish did
come off the rear screen, the water velocity was increased
until it was at the same velocity of impingement. Usually,
the second and third impingements occurred in rapid succession
at the water velocity of the first impingement. In contrast,
23% of fish were excluded from analyses because of
either tail propping (caudal fin supporting fish on rear screen
despite rapid increases and decreases in water velocity to
coax the fish into swimming) or rostrum wedging (rostrum
thrust into front screen holding nonswimming fish in the
current). Fish would occasionally use their pectoral fins to
help brace against the currents on the bottom of the swimming
chamber. This bracing was usually very temporary, because
fish were unable to hold their position without
swimming for more than a few seconds because of the cylindrical
shape of the swimming chamber. Fish were not
touched, prodded, or shocked during the experiment.",Allen,Can. J. Fish. Aquat. Sci.,1,46.5576324,NA,NA,2.672104717,NA,NA,19,Acipenser medirostris,NA,juvenile,NA,NA,NA,13.89440254,NA,NA,17.42358079,NA,NA,NA,1,Allen 2006,Green
2006,Ucrit,"from paper: ""A Brett-type swim chamber (Brett 1964) that generated
rectilinear flow was used to measure Ucrit. Fish were individually
netted, placed in a water-filled plastic container, and
transferred (3.3 m distance) to the cylindrical swimming chamber (65 cm length, 15 cm diameter). Each fish was acclimated
for 30–60 min at a low water velocity (5 cm·s–1) to
orient it to the current and chamber. Fish were shielded from
observers by black plastic or opaque plastic sheets, and
swimming was observed via a mirror oriented at an angle
over the top of the swimming chamber. After acclimation,
water velocity was increased in increments of 10 cm·s–1 at
20 min intervals. Ucrit, as a measure of the maximum aerobic
swimming ability (Beamish 1978), was calculated from
Brett (1964): Ucrit = Vf + Vi (Tf/Ti) where Vf is the final velocity at which the fish swam for the
entire 20 min period, Vi is the increment of water velocity
increase (10 cm·s–1), Tf is the time swum at the water velocity
of fatigue, and Ti is the time increment for each water velocity
(20 min). The swimming chamber was maintained at a
constant temperature by a thermostat-controlled water bath,
and its water was partially exchanged with fresh, airequilibrated
well water between experiments to ensure dissolved
oxygen levels near air saturation. No solid blocking
corrections were used, because the maximum cross-sectional
area of the fish was always <10% of the cross-sectional area
of the swimming chamber (Bell and Terhune 1970).
Ucrit swimming tests were concluded when fish impinged
three times at the same water velocity. Impingement was determined
as either impingement (one-third or greater of body
in contact with the rear screen) or fatigue (sustained contact
with the rear screen for 60 s). After the initial impingement,
the water velocity was decreased for <60 s until the fish
came off the rear screen. If the fish did not come off the rear
screen within 60 s, the experiment was ended. If the fish did
come off the rear screen, the water velocity was increased
until it was at the same velocity of impingement. Usually,
the second and third impingements occurred in rapid succession
at the water velocity of the first impingement. In contrast,
23% of fish were excluded from analyses because of
either tail propping (caudal fin supporting fish on rear screen
despite rapid increases and decreases in water velocity to
coax the fish into swimming) or rostrum wedging (rostrum
thrust into front screen holding nonswimming fish in the
current). Fish would occasionally use their pectoral fins to
help brace against the currents on the bottom of the swimming
chamber. This bracing was usually very temporary, because
fish were unable to hold their position without
swimming for more than a few seconds because of the cylindrical
shape of the swimming chamber. Fish were not
touched, prodded, or shocked during the experiment.",Allen,Can. J. Fish. Aquat. Sci.,1,48.1152648,NA,NA,3.00228764,NA,NA,19,Acipenser medirostris,NA,juvenile,NA,NA,NA,12.78006449,NA,NA,16.02620087,NA,NA,NA,1,Allen 2006,Green
2006,Ucrit,"from paper: ""A Brett-type swim chamber (Brett 1964) that generated
rectilinear flow was used to measure Ucrit. Fish were individually
netted, placed in a water-filled plastic container, and
transferred (3.3 m distance) to the cylindrical swimming chamber (65 cm length, 15 cm diameter). Each fish was acclimated
for 30–60 min at a low water velocity (5 cm·s–1) to
orient it to the current and chamber. Fish were shielded from
observers by black plastic or opaque plastic sheets, and
swimming was observed via a mirror oriented at an angle
over the top of the swimming chamber. After acclimation,
water velocity was increased in increments of 10 cm·s–1 at
20 min intervals. Ucrit, as a measure of the maximum aerobic
swimming ability (Beamish 1978), was calculated from
Brett (1964): Ucrit = Vf + Vi (Tf/Ti) where Vf is the final velocity at which the fish swam for the
entire 20 min period, Vi is the increment of water velocity
increase (10 cm·s–1), Tf is the time swum at the water velocity
of fatigue, and Ti is the time increment for each water velocity
(20 min). The swimming chamber was maintained at a
constant temperature by a thermostat-controlled water bath,
and its water was partially exchanged with fresh, airequilibrated
well water between experiments to ensure dissolved
oxygen levels near air saturation. No solid blocking
corrections were used, because the maximum cross-sectional
area of the fish was always <10% of the cross-sectional area
of the swimming chamber (Bell and Terhune 1970).
Ucrit swimming tests were concluded when fish impinged
three times at the same water velocity. Impingement was determined
as either impingement (one-third or greater of body
in contact with the rear screen) or fatigue (sustained contact
with the rear screen for 60 s). After the initial impingement,
the water velocity was decreased for <60 s until the fish
came off the rear screen. If the fish did not come off the rear
screen within 60 s, the experiment was ended. If the fish did
come off the rear screen, the water velocity was increased
until it was at the same velocity of impingement. Usually,
the second and third impingements occurred in rapid succession
at the water velocity of the first impingement. In contrast,
23% of fish were excluded from analyses because of
either tail propping (caudal fin supporting fish on rear screen
despite rapid increases and decreases in water velocity to
coax the fish into swimming) or rostrum wedging (rostrum
thrust into front screen holding nonswimming fish in the
current). Fish would occasionally use their pectoral fins to
help brace against the currents on the bottom of the swimming
chamber. This bracing was usually very temporary, because
fish were unable to hold their position without
swimming for more than a few seconds because of the cylindrical
shape of the swimming chamber. Fish were not
touched, prodded, or shocked during the experiment.",Allen,Can. J. Fish. Aquat. Sci.,1,47.02492212,NA,NA,3.112343111,NA,NA,19,Acipenser medirostris,NA,juvenile,NA,NA,NA,12.04878015,NA,NA,15.10917031,NA,NA,NA,1,Allen 2006,Green
2006,Ucrit,"from paper: ""A Brett-type swim chamber (Brett 1964) that generated
rectilinear flow was used to measure Ucrit. Fish were individually
netted, placed in a water-filled plastic container, and
transferred (3.3 m distance) to the cylindrical swimming chamber (65 cm length, 15 cm diameter). Each fish was acclimated
for 30–60 min at a low water velocity (5 cm·s–1) to
orient it to the current and chamber. Fish were shielded from
observers by black plastic or opaque plastic sheets, and
swimming was observed via a mirror oriented at an angle
over the top of the swimming chamber. After acclimation,
water velocity was increased in increments of 10 cm·s–1 at
20 min intervals. Ucrit, as a measure of the maximum aerobic
swimming ability (Beamish 1978), was calculated from
Brett (1964): Ucrit = Vf + Vi (Tf/Ti) where Vf is the final velocity at which the fish swam for the
entire 20 min period, Vi is the increment of water velocity
increase (10 cm·s–1), Tf is the time swum at the water velocity
of fatigue, and Ti is the time increment for each water velocity
(20 min). The swimming chamber was maintained at a
constant temperature by a thermostat-controlled water bath,
and its water was partially exchanged with fresh, airequilibrated
well water between experiments to ensure dissolved
oxygen levels near air saturation. No solid blocking
corrections were used, because the maximum cross-sectional
area of the fish was always <10% of the cross-sectional area
of the swimming chamber (Bell and Terhune 1970).
Ucrit swimming tests were concluded when fish impinged
three times at the same water velocity. Impingement was determined
as either impingement (one-third or greater of body
in contact with the rear screen) or fatigue (sustained contact
with the rear screen for 60 s). After the initial impingement,
the water velocity was decreased for <60 s until the fish
came off the rear screen. If the fish did not come off the rear
screen within 60 s, the experiment was ended. If the fish did
come off the rear screen, the water velocity was increased
until it was at the same velocity of impingement. Usually,
the second and third impingements occurred in rapid succession
at the water velocity of the first impingement. In contrast,
23% of fish were excluded from analyses because of
either tail propping (caudal fin supporting fish on rear screen
despite rapid increases and decreases in water velocity to
coax the fish into swimming) or rostrum wedging (rostrum
thrust into front screen holding nonswimming fish in the
current). Fish would occasionally use their pectoral fins to
help brace against the currents on the bottom of the swimming
chamber. This bracing was usually very temporary, because
fish were unable to hold their position without
swimming for more than a few seconds because of the cylindrical
shape of the swimming chamber. Fish were not
touched, prodded, or shocked during the experiment.",Allen,Can. J. Fish. Aquat. Sci.,1,45.54517134,NA,NA,3.031931464,NA,NA,19,Acipenser medirostris,NA,juvenile,NA,NA,NA,11.97913402,NA,NA,15.02183406,NA,NA,NA,1,Allen 2006,Green
2006,Ucrit,"from paper: ""A Brett-type swim chamber (Brett 1964) that generated
rectilinear flow was used to measure Ucrit. Fish were individually
netted, placed in a water-filled plastic container, and
transferred (3.3 m distance) to the cylindrical swimming chamber (65 cm length, 15 cm diameter). Each fish was acclimated
for 30–60 min at a low water velocity (5 cm·s–1) to
orient it to the current and chamber. Fish were shielded from
observers by black plastic or opaque plastic sheets, and
swimming was observed via a mirror oriented at an angle
over the top of the swimming chamber. After acclimation,
water velocity was increased in increments of 10 cm·s–1 at
20 min intervals. Ucrit, as a measure of the maximum aerobic
swimming ability (Beamish 1978), was calculated from
Brett (1964): Ucrit = Vf + Vi (Tf/Ti) where Vf is the final velocity at which the fish swam for the
entire 20 min period, Vi is the increment of water velocity
increase (10 cm·s–1), Tf is the time swum at the water velocity
of fatigue, and Ti is the time increment for each water velocity
(20 min). The swimming chamber was maintained at a
constant temperature by a thermostat-controlled water bath,
and its water was partially exchanged with fresh, airequilibrated
well water between experiments to ensure dissolved
oxygen levels near air saturation. No solid blocking
corrections were used, because the maximum cross-sectional
area of the fish was always <10% of the cross-sectional area
of the swimming chamber (Bell and Terhune 1970).
Ucrit swimming tests were concluded when fish impinged
three times at the same water velocity. Impingement was determined
as either impingement (one-third or greater of body
in contact with the rear screen) or fatigue (sustained contact
with the rear screen for 60 s). After the initial impingement,
the water velocity was decreased for <60 s until the fish
came off the rear screen. If the fish did not come off the rear
screen within 60 s, the experiment was ended. If the fish did
come off the rear screen, the water velocity was increased
until it was at the same velocity of impingement. Usually,
the second and third impingements occurred in rapid succession
at the water velocity of the first impingement. In contrast,
23% of fish were excluded from analyses because of
either tail propping (caudal fin supporting fish on rear screen
despite rapid increases and decreases in water velocity to
coax the fish into swimming) or rostrum wedging (rostrum
thrust into front screen holding nonswimming fish in the
current). Fish would occasionally use their pectoral fins to
help brace against the currents on the bottom of the swimming
chamber. This bracing was usually very temporary, because
fish were unable to hold their position without
swimming for more than a few seconds because of the cylindrical
shape of the swimming chamber. Fish were not
touched, prodded, or shocked during the experiment.",Allen,Can. J. Fish. Aquat. Sci.,1,45.54517134,NA,NA,2.937984292,NA,NA,19,Acipenser medirostris,NA,juvenile,NA,NA,NA,12.36218772,NA,NA,15.50218341,NA,NA,NA,1,Allen 2006,Green
2006,Ucrit,"from paper: ""A Brett-type swim chamber (Brett 1964) that generated
rectilinear flow was used to measure Ucrit. Fish were individually
netted, placed in a water-filled plastic container, and
transferred (3.3 m distance) to the cylindrical swimming chamber (65 cm length, 15 cm diameter). Each fish was acclimated
for 30–60 min at a low water velocity (5 cm·s–1) to
orient it to the current and chamber. Fish were shielded from
observers by black plastic or opaque plastic sheets, and
swimming was observed via a mirror oriented at an angle
over the top of the swimming chamber. After acclimation,
water velocity was increased in increments of 10 cm·s–1 at
20 min intervals. Ucrit, as a measure of the maximum aerobic
swimming ability (Beamish 1978), was calculated from
Brett (1964): Ucrit = Vf + Vi (Tf/Ti) where Vf is the final velocity at which the fish swam for the
entire 20 min period, Vi is the increment of water velocity
increase (10 cm·s–1), Tf is the time swum at the water velocity
of fatigue, and Ti is the time increment for each water velocity
(20 min). The swimming chamber was maintained at a
constant temperature by a thermostat-controlled water bath,
and its water was partially exchanged with fresh, airequilibrated
well water between experiments to ensure dissolved
oxygen levels near air saturation. No solid blocking
corrections were used, because the maximum cross-sectional
area of the fish was always <10% of the cross-sectional area
of the swimming chamber (Bell and Terhune 1970).
Ucrit swimming tests were concluded when fish impinged
three times at the same water velocity. Impingement was determined
as either impingement (one-third or greater of body
in contact with the rear screen) or fatigue (sustained contact
with the rear screen for 60 s). After the initial impingement,
the water velocity was decreased for <60 s until the fish
came off the rear screen. If the fish did not come off the rear
screen within 60 s, the experiment was ended. If the fish did
come off the rear screen, the water velocity was increased
until it was at the same velocity of impingement. Usually,
the second and third impingements occurred in rapid succession
at the water velocity of the first impingement. In contrast,
23% of fish were excluded from analyses because of
either tail propping (caudal fin supporting fish on rear screen
despite rapid increases and decreases in water velocity to
coax the fish into swimming) or rostrum wedging (rostrum
thrust into front screen holding nonswimming fish in the
current). Fish would occasionally use their pectoral fins to
help brace against the currents on the bottom of the swimming
chamber. This bracing was usually very temporary, because
fish were unable to hold their position without
swimming for more than a few seconds because of the cylindrical
shape of the swimming chamber. Fish were not
touched, prodded, or shocked during the experiment.",Allen,Can. J. Fish. Aquat. Sci.,1,45.07788162,NA,NA,2.940978601,NA,NA,19,Acipenser medirostris,NA,juvenile,NA,NA,NA,12.22289547,NA,NA,15.32751092,NA,NA,NA,1,Allen 2006,Green
2006,Ucrit,"from paper: ""A Brett-type swim chamber (Brett 1964) that generated
rectilinear flow was used to measure Ucrit. Fish were individually
netted, placed in a water-filled plastic container, and
transferred (3.3 m distance) to the cylindrical swimming chamber (65 cm length, 15 cm diameter). Each fish was acclimated
for 30–60 min at a low water velocity (5 cm·s–1) to
orient it to the current and chamber. Fish were shielded from
observers by black plastic or opaque plastic sheets, and
swimming was observed via a mirror oriented at an angle
over the top of the swimming chamber. After acclimation,
water velocity was increased in increments of 10 cm·s–1 at
20 min intervals. Ucrit, as a measure of the maximum aerobic
swimming ability (Beamish 1978), was calculated from
Brett (1964): Ucrit = Vf + Vi (Tf/Ti) where Vf is the final velocity at which the fish swam for the
entire 20 min period, Vi is the increment of water velocity
increase (10 cm·s–1), Tf is the time swum at the water velocity
of fatigue, and Ti is the time increment for each water velocity
(20 min). The swimming chamber was maintained at a
constant temperature by a thermostat-controlled water bath,
and its water was partially exchanged with fresh, airequilibrated
well water between experiments to ensure dissolved
oxygen levels near air saturation. No solid blocking
corrections were used, because the maximum cross-sectional
area of the fish was always <10% of the cross-sectional area
of the swimming chamber (Bell and Terhune 1970).
Ucrit swimming tests were concluded when fish impinged
three times at the same water velocity. Impingement was determined
as either impingement (one-third or greater of body
in contact with the rear screen) or fatigue (sustained contact
with the rear screen for 60 s). After the initial impingement,
the water velocity was decreased for <60 s until the fish
came off the rear screen. If the fish did not come off the rear
screen within 60 s, the experiment was ended. If the fish did
come off the rear screen, the water velocity was increased
until it was at the same velocity of impingement. Usually,
the second and third impingements occurred in rapid succession
at the water velocity of the first impingement. In contrast,
23% of fish were excluded from analyses because of
either tail propping (caudal fin supporting fish on rear screen
despite rapid increases and decreases in water velocity to
coax the fish into swimming) or rostrum wedging (rostrum
thrust into front screen holding nonswimming fish in the
current). Fish would occasionally use their pectoral fins to
help brace against the currents on the bottom of the swimming
chamber. This bracing was usually very temporary, because
fish were unable to hold their position without
swimming for more than a few seconds because of the cylindrical
shape of the swimming chamber. Fish were not
touched, prodded, or shocked during the experiment.",Allen,Can. J. Fish. Aquat. Sci.,1,45.07788162,NA,NA,3.464038554,NA,NA,19,Acipenser medirostris,NA,juvenile,NA,NA,NA,10.37727308,NA,NA,13.01310044,NA,NA,NA,1,Allen 2006,Green
2006,Ucrit,"from paper: ""A Brett-type swim chamber (Brett 1964) that generated
rectilinear flow was used to measure Ucrit. Fish were individually
netted, placed in a water-filled plastic container, and
transferred (3.3 m distance) to the cylindrical swimming chamber (65 cm length, 15 cm diameter). Each fish was acclimated
for 30–60 min at a low water velocity (5 cm·s–1) to
orient it to the current and chamber. Fish were shielded from
observers by black plastic or opaque plastic sheets, and
swimming was observed via a mirror oriented at an angle
over the top of the swimming chamber. After acclimation,
water velocity was increased in increments of 10 cm·s–1 at
20 min intervals. Ucrit, as a measure of the maximum aerobic
swimming ability (Beamish 1978), was calculated from
Brett (1964): Ucrit = Vf + Vi (Tf/Ti) where Vf is the final velocity at which the fish swam for the
entire 20 min period, Vi is the increment of water velocity
increase (10 cm·s–1), Tf is the time swum at the water velocity
of fatigue, and Ti is the time increment for each water velocity
(20 min). The swimming chamber was maintained at a
constant temperature by a thermostat-controlled water bath,
and its water was partially exchanged with fresh, airequilibrated
well water between experiments to ensure dissolved
oxygen levels near air saturation. No solid blocking
corrections were used, because the maximum cross-sectional
area of the fish was always <10% of the cross-sectional area
of the swimming chamber (Bell and Terhune 1970).
Ucrit swimming tests were concluded when fish impinged
three times at the same water velocity. Impingement was determined
as either impingement (one-third or greater of body
in contact with the rear screen) or fatigue (sustained contact
with the rear screen for 60 s). After the initial impingement,
the water velocity was decreased for <60 s until the fish
came off the rear screen. If the fish did not come off the rear
screen within 60 s, the experiment was ended. If the fish did
come off the rear screen, the water velocity was increased
until it was at the same velocity of impingement. Usually,
the second and third impingements occurred in rapid succession
at the water velocity of the first impingement. In contrast,
23% of fish were excluded from analyses because of
either tail propping (caudal fin supporting fish on rear screen
despite rapid increases and decreases in water velocity to
coax the fish into swimming) or rostrum wedging (rostrum
thrust into front screen holding nonswimming fish in the
current). Fish would occasionally use their pectoral fins to
help brace against the currents on the bottom of the swimming
chamber. This bracing was usually very temporary, because
fish were unable to hold their position without
swimming for more than a few seconds because of the cylindrical
shape of the swimming chamber. Fish were not
touched, prodded, or shocked during the experiment.",Allen,Can. J. Fish. Aquat. Sci.,1,45.54517134,NA,NA,3.792670632,NA,NA,19,Acipenser medirostris,NA,juvenile,NA,NA,NA,9.576342603,NA,NA,12.00873362,NA,NA,NA,1,Allen 2006,Green
2006,Ucrit,"from paper: ""A Brett-type swim chamber (Brett 1964) that generated
rectilinear flow was used to measure Ucrit. Fish were individually
netted, placed in a water-filled plastic container, and
transferred (3.3 m distance) to the cylindrical swimming chamber (65 cm length, 15 cm diameter). Each fish was acclimated
for 30–60 min at a low water velocity (5 cm·s–1) to
orient it to the current and chamber. Fish were shielded from
observers by black plastic or opaque plastic sheets, and
swimming was observed via a mirror oriented at an angle
over the top of the swimming chamber. After acclimation,
water velocity was increased in increments of 10 cm·s–1 at
20 min intervals. Ucrit, as a measure of the maximum aerobic
swimming ability (Beamish 1978), was calculated from
Brett (1964): Ucrit = Vf + Vi (Tf/Ti) where Vf is the final velocity at which the fish swam for the
entire 20 min period, Vi is the increment of water velocity
increase (10 cm·s–1), Tf is the time swum at the water velocity
of fatigue, and Ti is the time increment for each water velocity
(20 min). The swimming chamber was maintained at a
constant temperature by a thermostat-controlled water bath,
and its water was partially exchanged with fresh, airequilibrated
well water between experiments to ensure dissolved
oxygen levels near air saturation. No solid blocking
corrections were used, because the maximum cross-sectional
area of the fish was always <10% of the cross-sectional area
of the swimming chamber (Bell and Terhune 1970).
Ucrit swimming tests were concluded when fish impinged
three times at the same water velocity. Impingement was determined
as either impingement (one-third or greater of body
in contact with the rear screen) or fatigue (sustained contact
with the rear screen for 60 s). After the initial impingement,
the water velocity was decreased for <60 s until the fish
came off the rear screen. If the fish did not come off the rear
screen within 60 s, the experiment was ended. If the fish did
come off the rear screen, the water velocity was increased
until it was at the same velocity of impingement. Usually,
the second and third impingements occurred in rapid succession
at the water velocity of the first impingement. In contrast,
23% of fish were excluded from analyses because of
either tail propping (caudal fin supporting fish on rear screen
despite rapid increases and decreases in water velocity to
coax the fish into swimming) or rostrum wedging (rostrum
thrust into front screen holding nonswimming fish in the
current). Fish would occasionally use their pectoral fins to
help brace against the currents on the bottom of the swimming
chamber. This bracing was usually very temporary, because
fish were unable to hold their position without
swimming for more than a few seconds because of the cylindrical
shape of the swimming chamber. Fish were not
touched, prodded, or shocked during the experiment.",Allen,Can. J. Fish. Aquat. Sci.,1,46.01246106,NA,NA,3.831583121,NA,NA,19,Acipenser medirostris,NA,juvenile,NA,NA,NA,9.576342603,NA,NA,12.00873362,NA,NA,NA,1,Allen 2006,Green
2006,Ucrit,"from paper: ""A Brett-type swim chamber (Brett 1964) that generated
rectilinear flow was used to measure Ucrit. Fish were individually
netted, placed in a water-filled plastic container, and
transferred (3.3 m distance) to the cylindrical swimming chamber (65 cm length, 15 cm diameter). Each fish was acclimated
for 30–60 min at a low water velocity (5 cm·s–1) to
orient it to the current and chamber. Fish were shielded from
observers by black plastic or opaque plastic sheets, and
swimming was observed via a mirror oriented at an angle
over the top of the swimming chamber. After acclimation,
water velocity was increased in increments of 10 cm·s–1 at
20 min intervals. Ucrit, as a measure of the maximum aerobic
swimming ability (Beamish 1978), was calculated from
Brett (1964): Ucrit = Vf + Vi (Tf/Ti) where Vf is the final velocity at which the fish swam for the
entire 20 min period, Vi is the increment of water velocity
increase (10 cm·s–1), Tf is the time swum at the water velocity
of fatigue, and Ti is the time increment for each water velocity
(20 min). The swimming chamber was maintained at a
constant temperature by a thermostat-controlled water bath,
and its water was partially exchanged with fresh, airequilibrated
well water between experiments to ensure dissolved
oxygen levels near air saturation. No solid blocking
corrections were used, because the maximum cross-sectional
area of the fish was always <10% of the cross-sectional area
of the swimming chamber (Bell and Terhune 1970).
Ucrit swimming tests were concluded when fish impinged
three times at the same water velocity. Impingement was determined
as either impingement (one-third or greater of body
in contact with the rear screen) or fatigue (sustained contact
with the rear screen for 60 s). After the initial impingement,
the water velocity was decreased for <60 s until the fish
came off the rear screen. If the fish did not come off the rear
screen within 60 s, the experiment was ended. If the fish did
come off the rear screen, the water velocity was increased
until it was at the same velocity of impingement. Usually,
the second and third impingements occurred in rapid succession
at the water velocity of the first impingement. In contrast,
23% of fish were excluded from analyses because of
either tail propping (caudal fin supporting fish on rear screen
despite rapid increases and decreases in water velocity to
coax the fish into swimming) or rostrum wedging (rostrum
thrust into front screen holding nonswimming fish in the
current). Fish would occasionally use their pectoral fins to
help brace against the currents on the bottom of the swimming
chamber. This bracing was usually very temporary, because
fish were unable to hold their position without
swimming for more than a few seconds because of the cylindrical
shape of the swimming chamber. Fish were not
touched, prodded, or shocked during the experiment.",Allen,Can. J. Fish. Aquat. Sci.,1,50.0623053,NA,NA,3.651040737,NA,NA,19,Acipenser medirostris,NA,juvenile,NA,NA,NA,10.9344421,NA,NA,13.71179039,NA,NA,NA,1,Allen 2006,Green
2006,Ucrit,"from paper: ""A Brett-type swim chamber (Brett 1964) that generated
rectilinear flow was used to measure Ucrit. Fish were individually
netted, placed in a water-filled plastic container, and
transferred (3.3 m distance) to the cylindrical swimming chamber (65 cm length, 15 cm diameter). Each fish was acclimated
for 30–60 min at a low water velocity (5 cm·s–1) to
orient it to the current and chamber. Fish were shielded from
observers by black plastic or opaque plastic sheets, and
swimming was observed via a mirror oriented at an angle
over the top of the swimming chamber. After acclimation,
water velocity was increased in increments of 10 cm·s–1 at
20 min intervals. Ucrit, as a measure of the maximum aerobic
swimming ability (Beamish 1978), was calculated from
Brett (1964): Ucrit = Vf + Vi (Tf/Ti) where Vf is the final velocity at which the fish swam for the
entire 20 min period, Vi is the increment of water velocity
increase (10 cm·s–1), Tf is the time swum at the water velocity
of fatigue, and Ti is the time increment for each water velocity
(20 min). The swimming chamber was maintained at a
constant temperature by a thermostat-controlled water bath,
and its water was partially exchanged with fresh, airequilibrated
well water between experiments to ensure dissolved
oxygen levels near air saturation. No solid blocking
corrections were used, because the maximum cross-sectional
area of the fish was always <10% of the cross-sectional area
of the swimming chamber (Bell and Terhune 1970).
Ucrit swimming tests were concluded when fish impinged
three times at the same water velocity. Impingement was determined
as either impingement (one-third or greater of body
in contact with the rear screen) or fatigue (sustained contact
with the rear screen for 60 s). After the initial impingement,
the water velocity was decreased for <60 s until the fish
came off the rear screen. If the fish did not come off the rear
screen within 60 s, the experiment was ended. If the fish did
come off the rear screen, the water velocity was increased
until it was at the same velocity of impingement. Usually,
the second and third impingements occurred in rapid succession
at the water velocity of the first impingement. In contrast,
23% of fish were excluded from analyses because of
either tail propping (caudal fin supporting fish on rear screen
despite rapid increases and decreases in water velocity to
coax the fish into swimming) or rostrum wedging (rostrum
thrust into front screen holding nonswimming fish in the
current). Fish would occasionally use their pectoral fins to
help brace against the currents on the bottom of the swimming
chamber. This bracing was usually very temporary, because
fish were unable to hold their position without
swimming for more than a few seconds because of the cylindrical
shape of the swimming chamber. Fish were not
touched, prodded, or shocked during the experiment.",Allen,Can. J. Fish. Aquat. Sci.,1,51.54205607,NA,NA,3.324825589,NA,NA,19,Acipenser medirostris,NA,juvenile,NA,NA,NA,12.36218772,NA,NA,15.50218341,NA,NA,NA,1,Allen 2006,Green
2006,Ucrit,"from paper: ""A Brett-type swim chamber (Brett 1964) that generated
rectilinear flow was used to measure Ucrit. Fish were individually
netted, placed in a water-filled plastic container, and
transferred (3.3 m distance) to the cylindrical swimming chamber (65 cm length, 15 cm diameter). Each fish was acclimated
for 30–60 min at a low water velocity (5 cm·s–1) to
orient it to the current and chamber. Fish were shielded from
observers by black plastic or opaque plastic sheets, and
swimming was observed via a mirror oriented at an angle
over the top of the swimming chamber. After acclimation,
water velocity was increased in increments of 10 cm·s–1 at
20 min intervals. Ucrit, as a measure of the maximum aerobic
swimming ability (Beamish 1978), was calculated from
Brett (1964): Ucrit = Vf + Vi (Tf/Ti) where Vf is the final velocity at which the fish swam for the
entire 20 min period, Vi is the increment of water velocity
increase (10 cm·s–1), Tf is the time swum at the water velocity
of fatigue, and Ti is the time increment for each water velocity
(20 min). The swimming chamber was maintained at a
constant temperature by a thermostat-controlled water bath,
and its water was partially exchanged with fresh, airequilibrated
well water between experiments to ensure dissolved
oxygen levels near air saturation. No solid blocking
corrections were used, because the maximum cross-sectional
area of the fish was always <10% of the cross-sectional area
of the swimming chamber (Bell and Terhune 1970).
Ucrit swimming tests were concluded when fish impinged
three times at the same water velocity. Impingement was determined
as either impingement (one-third or greater of body
in contact with the rear screen) or fatigue (sustained contact
with the rear screen for 60 s). After the initial impingement,
the water velocity was decreased for <60 s until the fish
came off the rear screen. If the fish did not come off the rear
screen within 60 s, the experiment was ended. If the fish did
come off the rear screen, the water velocity was increased
until it was at the same velocity of impingement. Usually,
the second and third impingements occurred in rapid succession
at the water velocity of the first impingement. In contrast,
23% of fish were excluded from analyses because of
either tail propping (caudal fin supporting fish on rear screen
despite rapid increases and decreases in water velocity to
coax the fish into swimming) or rostrum wedging (rostrum
thrust into front screen holding nonswimming fish in the
current). Fish would occasionally use their pectoral fins to
help brace against the currents on the bottom of the swimming
chamber. This bracing was usually very temporary, because
fish were unable to hold their position without
swimming for more than a few seconds because of the cylindrical
shape of the swimming chamber. Fish were not
touched, prodded, or shocked during the experiment.",Allen,Can. J. Fish. Aquat. Sci.,1,50.0623053,NA,NA,3.032875109,NA,NA,19,Acipenser medirostris,NA,juvenile,NA,NA,NA,13.1631182,NA,NA,16.50655022,NA,NA,NA,1,Allen 2006,Green
2006,Ucrit,"from paper: ""A Brett-type swim chamber (Brett 1964) that generated
rectilinear flow was used to measure Ucrit. Fish were individually
netted, placed in a water-filled plastic container, and
transferred (3.3 m distance) to the cylindrical swimming chamber (65 cm length, 15 cm diameter). Each fish was acclimated
for 30–60 min at a low water velocity (5 cm·s–1) to
orient it to the current and chamber. Fish were shielded from
observers by black plastic or opaque plastic sheets, and
swimming was observed via a mirror oriented at an angle
over the top of the swimming chamber. After acclimation,
water velocity was increased in increments of 10 cm·s–1 at
20 min intervals. Ucrit, as a measure of the maximum aerobic
swimming ability (Beamish 1978), was calculated from
Brett (1964): Ucrit = Vf + Vi (Tf/Ti) where Vf is the final velocity at which the fish swam for the
entire 20 min period, Vi is the increment of water velocity
increase (10 cm·s–1), Tf is the time swum at the water velocity
of fatigue, and Ti is the time increment for each water velocity
(20 min). The swimming chamber was maintained at a
constant temperature by a thermostat-controlled water bath,
and its water was partially exchanged with fresh, airequilibrated
well water between experiments to ensure dissolved
oxygen levels near air saturation. No solid blocking
corrections were used, because the maximum cross-sectional
area of the fish was always <10% of the cross-sectional area
of the swimming chamber (Bell and Terhune 1970).
Ucrit swimming tests were concluded when fish impinged
three times at the same water velocity. Impingement was determined
as either impingement (one-third or greater of body
in contact with the rear screen) or fatigue (sustained contact
with the rear screen for 60 s). After the initial impingement,
the water velocity was decreased for <60 s until the fish
came off the rear screen. If the fish did not come off the rear
screen within 60 s, the experiment was ended. If the fish did
come off the rear screen, the water velocity was increased
until it was at the same velocity of impingement. Usually,
the second and third impingements occurred in rapid succession
at the water velocity of the first impingement. In contrast,
23% of fish were excluded from analyses because of
either tail propping (caudal fin supporting fish on rear screen
despite rapid increases and decreases in water velocity to
coax the fish into swimming) or rostrum wedging (rostrum
thrust into front screen holding nonswimming fish in the
current). Fish would occasionally use their pectoral fins to
help brace against the currents on the bottom of the swimming
chamber. This bracing was usually very temporary, because
fish were unable to hold their position without
swimming for more than a few seconds because of the cylindrical
shape of the swimming chamber. Fish were not
touched, prodded, or shocked during the experiment.",Allen,Can. J. Fish. Aquat. Sci.,1,56.05919003,NA,NA,4.024311761,NA,NA,19,Acipenser medirostris,NA,juvenile,NA,NA,NA,11.10855742,NA,NA,13.930131,NA,NA,NA,1,Allen 2006,Green
2006,Ucrit,"from paper: ""A Brett-type swim chamber (Brett 1964) that generated
rectilinear flow was used to measure Ucrit. Fish were individually
netted, placed in a water-filled plastic container, and
transferred (3.3 m distance) to the cylindrical swimming chamber (65 cm length, 15 cm diameter). Each fish was acclimated
for 30–60 min at a low water velocity (5 cm·s–1) to
orient it to the current and chamber. Fish were shielded from
observers by black plastic or opaque plastic sheets, and
swimming was observed via a mirror oriented at an angle
over the top of the swimming chamber. After acclimation,
water velocity was increased in increments of 10 cm·s–1 at
20 min intervals. Ucrit, as a measure of the maximum aerobic
swimming ability (Beamish 1978), was calculated from
Brett (1964): Ucrit = Vf + Vi (Tf/Ti) where Vf is the final velocity at which the fish swam for the
entire 20 min period, Vi is the increment of water velocity
increase (10 cm·s–1), Tf is the time swum at the water velocity
of fatigue, and Ti is the time increment for each water velocity
(20 min). The swimming chamber was maintained at a
constant temperature by a thermostat-controlled water bath,
and its water was partially exchanged with fresh, airequilibrated
well water between experiments to ensure dissolved
oxygen levels near air saturation. No solid blocking
corrections were used, because the maximum cross-sectional
area of the fish was always <10% of the cross-sectional area
of the swimming chamber (Bell and Terhune 1970).
Ucrit swimming tests were concluded when fish impinged
three times at the same water velocity. Impingement was determined
as either impingement (one-third or greater of body
in contact with the rear screen) or fatigue (sustained contact
with the rear screen for 60 s). After the initial impingement,
the water velocity was decreased for <60 s until the fish
came off the rear screen. If the fish did not come off the rear
screen within 60 s, the experiment was ended. If the fish did
come off the rear screen, the water velocity was increased
until it was at the same velocity of impingement. Usually,
the second and third impingements occurred in rapid succession
at the water velocity of the first impingement. In contrast,
23% of fish were excluded from analyses because of
either tail propping (caudal fin supporting fish on rear screen
despite rapid increases and decreases in water velocity to
coax the fish into swimming) or rostrum wedging (rostrum
thrust into front screen holding nonswimming fish in the
current). Fish would occasionally use their pectoral fins to
help brace against the currents on the bottom of the swimming
chamber. This bracing was usually very temporary, because
fish were unable to hold their position without
swimming for more than a few seconds because of the cylindrical
shape of the swimming chamber. Fish were not
touched, prodded, or shocked during the experiment.",Allen,Can. J. Fish. Aquat. Sci.,1,46.09034268,NA,NA,2.426365166,NA,NA,19,Acipenser medirostris,NA,juvenile,NA,NA,NA,15.14803285,NA,NA,18.99563319,NA,NA,NA,1,Allen 2006,Green
2006,Ucrit,"from paper: ""A Brett-type swim chamber (Brett 1964) that generated
rectilinear flow was used to measure Ucrit. Fish were individually
netted, placed in a water-filled plastic container, and
transferred (3.3 m distance) to the cylindrical swimming chamber (65 cm length, 15 cm diameter). Each fish was acclimated
for 30–60 min at a low water velocity (5 cm·s–1) to
orient it to the current and chamber. Fish were shielded from
observers by black plastic or opaque plastic sheets, and
swimming was observed via a mirror oriented at an angle
over the top of the swimming chamber. After acclimation,
water velocity was increased in increments of 10 cm·s–1 at
20 min intervals. Ucrit, as a measure of the maximum aerobic
swimming ability (Beamish 1978), was calculated from
Brett (1964): Ucrit = Vf + Vi (Tf/Ti) where Vf is the final velocity at which the fish swam for the
entire 20 min period, Vi is the increment of water velocity
increase (10 cm·s–1), Tf is the time swum at the water velocity
of fatigue, and Ti is the time increment for each water velocity
(20 min). The swimming chamber was maintained at a
constant temperature by a thermostat-controlled water bath,
and its water was partially exchanged with fresh, airequilibrated
well water between experiments to ensure dissolved
oxygen levels near air saturation. No solid blocking
corrections were used, because the maximum cross-sectional
area of the fish was always <10% of the cross-sectional area
of the swimming chamber (Bell and Terhune 1970).
Ucrit swimming tests were concluded when fish impinged
three times at the same water velocity. Impingement was determined
as either impingement (one-third or greater of body
in contact with the rear screen) or fatigue (sustained contact
with the rear screen for 60 s). After the initial impingement,
the water velocity was decreased for <60 s until the fish
came off the rear screen. If the fish did not come off the rear
screen within 60 s, the experiment was ended. If the fish did
come off the rear screen, the water velocity was increased
until it was at the same velocity of impingement. Usually,
the second and third impingements occurred in rapid succession
at the water velocity of the first impingement. In contrast,
23% of fish were excluded from analyses because of
either tail propping (caudal fin supporting fish on rear screen
despite rapid increases and decreases in water velocity to
coax the fish into swimming) or rostrum wedging (rostrum
thrust into front screen holding nonswimming fish in the
current). Fish would occasionally use their pectoral fins to
help brace against the currents on the bottom of the swimming
chamber. This bracing was usually very temporary, because
fish were unable to hold their position without
swimming for more than a few seconds because of the cylindrical
shape of the swimming chamber. Fish were not
touched, prodded, or shocked during the experiment.",Allen,Can. J. Fish. Aquat. Sci.,1,46.09034268,NA,NA,2.361227846,NA,NA,19,Acipenser medirostris,NA,juvenile,NA,NA,NA,15.56590961,NA,NA,19.51965066,NA,NA,NA,1,Allen 2006,Green
2006,Ucrit,"from paper: ""A Brett-type swim chamber (Brett 1964) that generated
rectilinear flow was used to measure Ucrit. Fish were individually
netted, placed in a water-filled plastic container, and
transferred (3.3 m distance) to the cylindrical swimming chamber (65 cm length, 15 cm diameter). Each fish was acclimated
for 30–60 min at a low water velocity (5 cm·s–1) to
orient it to the current and chamber. Fish were shielded from
observers by black plastic or opaque plastic sheets, and
swimming was observed via a mirror oriented at an angle
over the top of the swimming chamber. After acclimation,
water velocity was increased in increments of 10 cm·s–1 at
20 min intervals. Ucrit, as a measure of the maximum aerobic
swimming ability (Beamish 1978), was calculated from
Brett (1964): Ucrit = Vf + Vi (Tf/Ti) where Vf is the final velocity at which the fish swam for the
entire 20 min period, Vi is the increment of water velocity
increase (10 cm·s–1), Tf is the time swum at the water velocity
of fatigue, and Ti is the time increment for each water velocity
(20 min). The swimming chamber was maintained at a
constant temperature by a thermostat-controlled water bath,
and its water was partially exchanged with fresh, airequilibrated
well water between experiments to ensure dissolved
oxygen levels near air saturation. No solid blocking
corrections were used, because the maximum cross-sectional
area of the fish was always <10% of the cross-sectional area
of the swimming chamber (Bell and Terhune 1970).
Ucrit swimming tests were concluded when fish impinged
three times at the same water velocity. Impingement was determined
as either impingement (one-third or greater of body
in contact with the rear screen) or fatigue (sustained contact
with the rear screen for 60 s). After the initial impingement,
the water velocity was decreased for <60 s until the fish
came off the rear screen. If the fish did not come off the rear
screen within 60 s, the experiment was ended. If the fish did
come off the rear screen, the water velocity was increased
until it was at the same velocity of impingement. Usually,
the second and third impingements occurred in rapid succession
at the water velocity of the first impingement. In contrast,
23% of fish were excluded from analyses because of
either tail propping (caudal fin supporting fish on rear screen
despite rapid increases and decreases in water velocity to
coax the fish into swimming) or rostrum wedging (rostrum
thrust into front screen holding nonswimming fish in the
current). Fish would occasionally use their pectoral fins to
help brace against the currents on the bottom of the swimming
chamber. This bracing was usually very temporary, because
fish were unable to hold their position without
swimming for more than a few seconds because of the cylindrical
shape of the swimming chamber. Fish were not
touched, prodded, or shocked during the experiment.",Allen,Can. J. Fish. Aquat. Sci.,1,47.10280374,NA,NA,2.375890321,NA,NA,19,Acipenser medirostris,NA,juvenile,NA,NA,NA,15.80967106,NA,NA,19.82532751,NA,NA,NA,1,Allen 2006,Green
2006,Ucrit,"from paper: ""A Brett-type swim chamber (Brett 1964) that generated
rectilinear flow was used to measure Ucrit. Fish were individually
netted, placed in a water-filled plastic container, and
transferred (3.3 m distance) to the cylindrical swimming chamber (65 cm length, 15 cm diameter). Each fish was acclimated
for 30–60 min at a low water velocity (5 cm·s–1) to
orient it to the current and chamber. Fish were shielded from
observers by black plastic or opaque plastic sheets, and
swimming was observed via a mirror oriented at an angle
over the top of the swimming chamber. After acclimation,
water velocity was increased in increments of 10 cm·s–1 at
20 min intervals. Ucrit, as a measure of the maximum aerobic
swimming ability (Beamish 1978), was calculated from
Brett (1964): Ucrit = Vf + Vi (Tf/Ti) where Vf is the final velocity at which the fish swam for the
entire 20 min period, Vi is the increment of water velocity
increase (10 cm·s–1), Tf is the time swum at the water velocity
of fatigue, and Ti is the time increment for each water velocity
(20 min). The swimming chamber was maintained at a
constant temperature by a thermostat-controlled water bath,
and its water was partially exchanged with fresh, airequilibrated
well water between experiments to ensure dissolved
oxygen levels near air saturation. No solid blocking
corrections were used, because the maximum cross-sectional
area of the fish was always <10% of the cross-sectional area
of the swimming chamber (Bell and Terhune 1970).
Ucrit swimming tests were concluded when fish impinged
three times at the same water velocity. Impingement was determined
as either impingement (one-third or greater of body
in contact with the rear screen) or fatigue (sustained contact
with the rear screen for 60 s). After the initial impingement,
the water velocity was decreased for <60 s until the fish
came off the rear screen. If the fish did not come off the rear
screen within 60 s, the experiment was ended. If the fish did
come off the rear screen, the water velocity was increased
until it was at the same velocity of impingement. Usually,
the second and third impingements occurred in rapid succession
at the water velocity of the first impingement. In contrast,
23% of fish were excluded from analyses because of
either tail propping (caudal fin supporting fish on rear screen
despite rapid increases and decreases in water velocity to
coax the fish into swimming) or rostrum wedging (rostrum
thrust into front screen holding nonswimming fish in the
current). Fish would occasionally use their pectoral fins to
help brace against the currents on the bottom of the swimming
chamber. This bracing was usually very temporary, because
fish were unable to hold their position without
swimming for more than a few seconds because of the cylindrical
shape of the swimming chamber. Fish were not
touched, prodded, or shocked during the experiment.",Allen,Can. J. Fish. Aquat. Sci.,1,48.1152648,NA,NA,2.344339498,NA,NA,19,Acipenser medirostris,NA,juvenile,NA,NA,NA,16.36684009,NA,NA,20.52401747,NA,NA,NA,1,Allen 2006,Green
2006,Ucrit,"from paper: ""A Brett-type swim chamber (Brett 1964) that generated
rectilinear flow was used to measure Ucrit. Fish were individually
netted, placed in a water-filled plastic container, and
transferred (3.3 m distance) to the cylindrical swimming chamber (65 cm length, 15 cm diameter). Each fish was acclimated
for 30–60 min at a low water velocity (5 cm·s–1) to
orient it to the current and chamber. Fish were shielded from
observers by black plastic or opaque plastic sheets, and
swimming was observed via a mirror oriented at an angle
over the top of the swimming chamber. After acclimation,
water velocity was increased in increments of 10 cm·s–1 at
20 min intervals. Ucrit, as a measure of the maximum aerobic
swimming ability (Beamish 1978), was calculated from
Brett (1964): Ucrit = Vf + Vi (Tf/Ti) where Vf is the final velocity at which the fish swam for the
entire 20 min period, Vi is the increment of water velocity
increase (10 cm·s–1), Tf is the time swum at the water velocity
of fatigue, and Ti is the time increment for each water velocity
(20 min). The swimming chamber was maintained at a
constant temperature by a thermostat-controlled water bath,
and its water was partially exchanged with fresh, airequilibrated
well water between experiments to ensure dissolved
oxygen levels near air saturation. No solid blocking
corrections were used, because the maximum cross-sectional
area of the fish was always <10% of the cross-sectional area
of the swimming chamber (Bell and Terhune 1970).
Ucrit swimming tests were concluded when fish impinged
three times at the same water velocity. Impingement was determined
as either impingement (one-third or greater of body
in contact with the rear screen) or fatigue (sustained contact
with the rear screen for 60 s). After the initial impingement,
the water velocity was decreased for <60 s until the fish
came off the rear screen. If the fish did not come off the rear
screen within 60 s, the experiment was ended. If the fish did
come off the rear screen, the water velocity was increased
until it was at the same velocity of impingement. Usually,
the second and third impingements occurred in rapid succession
at the water velocity of the first impingement. In contrast,
23% of fish were excluded from analyses because of
either tail propping (caudal fin supporting fish on rear screen
despite rapid increases and decreases in water velocity to
coax the fish into swimming) or rostrum wedging (rostrum
thrust into front screen holding nonswimming fish in the
current). Fish would occasionally use their pectoral fins to
help brace against the currents on the bottom of the swimming
chamber. This bracing was usually very temporary, because
fish were unable to hold their position without
swimming for more than a few seconds because of the cylindrical
shape of the swimming chamber. Fish were not
touched, prodded, or shocked during the experiment.",Allen,Can. J. Fish. Aquat. Sci.,1,49.59501558,NA,NA,2.336884479,NA,NA,19,Acipenser medirostris,NA,juvenile,NA,NA,NA,16.92400911,NA,NA,21.22270742,NA,NA,NA,1,Allen 2006,Green
2006,Ucrit,"from paper: ""A Brett-type swim chamber (Brett 1964) that generated
rectilinear flow was used to measure Ucrit. Fish were individually
netted, placed in a water-filled plastic container, and
transferred (3.3 m distance) to the cylindrical swimming chamber (65 cm length, 15 cm diameter). Each fish was acclimated
for 30–60 min at a low water velocity (5 cm·s–1) to
orient it to the current and chamber. Fish were shielded from
observers by black plastic or opaque plastic sheets, and
swimming was observed via a mirror oriented at an angle
over the top of the swimming chamber. After acclimation,
water velocity was increased in increments of 10 cm·s–1 at
20 min intervals. Ucrit, as a measure of the maximum aerobic
swimming ability (Beamish 1978), was calculated from
Brett (1964): Ucrit = Vf + Vi (Tf/Ti) where Vf is the final velocity at which the fish swam for the
entire 20 min period, Vi is the increment of water velocity
increase (10 cm·s–1), Tf is the time swum at the water velocity
of fatigue, and Ti is the time increment for each water velocity
(20 min). The swimming chamber was maintained at a
constant temperature by a thermostat-controlled water bath,
and its water was partially exchanged with fresh, airequilibrated
well water between experiments to ensure dissolved
oxygen levels near air saturation. No solid blocking
corrections were used, because the maximum cross-sectional
area of the fish was always <10% of the cross-sectional area
of the swimming chamber (Bell and Terhune 1970).
Ucrit swimming tests were concluded when fish impinged
three times at the same water velocity. Impingement was determined
as either impingement (one-third or greater of body
in contact with the rear screen) or fatigue (sustained contact
with the rear screen for 60 s). After the initial impingement,
the water velocity was decreased for <60 s until the fish
came off the rear screen. If the fish did not come off the rear
screen within 60 s, the experiment was ended. If the fish did
come off the rear screen, the water velocity was increased
until it was at the same velocity of impingement. Usually,
the second and third impingements occurred in rapid succession
at the water velocity of the first impingement. In contrast,
23% of fish were excluded from analyses because of
either tail propping (caudal fin supporting fish on rear screen
despite rapid increases and decreases in water velocity to
coax the fish into swimming) or rostrum wedging (rostrum
thrust into front screen holding nonswimming fish in the
current). Fish would occasionally use their pectoral fins to
help brace against the currents on the bottom of the swimming
chamber. This bracing was usually very temporary, because
fish were unable to hold their position without
swimming for more than a few seconds because of the cylindrical
shape of the swimming chamber. Fish were not
touched, prodded, or shocked during the experiment.",Allen,Can. J. Fish. Aquat. Sci.,1,52.55451713,NA,NA,2.502075764,NA,NA,19,Acipenser medirostris,NA,juvenile,NA,NA,NA,16.74989379,NA,NA,21.00436681,NA,NA,NA,1,Allen 2006,Green
2006,Ucrit,"from paper: ""A Brett-type swim chamber (Brett 1964) that generated
rectilinear flow was used to measure Ucrit. Fish were individually
netted, placed in a water-filled plastic container, and
transferred (3.3 m distance) to the cylindrical swimming chamber (65 cm length, 15 cm diameter). Each fish was acclimated
for 30–60 min at a low water velocity (5 cm·s–1) to
orient it to the current and chamber. Fish were shielded from
observers by black plastic or opaque plastic sheets, and
swimming was observed via a mirror oriented at an angle
over the top of the swimming chamber. After acclimation,
water velocity was increased in increments of 10 cm·s–1 at
20 min intervals. Ucrit, as a measure of the maximum aerobic
swimming ability (Beamish 1978), was calculated from
Brett (1964): Ucrit = Vf + Vi (Tf/Ti) where Vf is the final velocity at which the fish swam for the
entire 20 min period, Vi is the increment of water velocity
increase (10 cm·s–1), Tf is the time swum at the water velocity
of fatigue, and Ti is the time increment for each water velocity
(20 min). The swimming chamber was maintained at a
constant temperature by a thermostat-controlled water bath,
and its water was partially exchanged with fresh, airequilibrated
well water between experiments to ensure dissolved
oxygen levels near air saturation. No solid blocking
corrections were used, because the maximum cross-sectional
area of the fish was always <10% of the cross-sectional area
of the swimming chamber (Bell and Terhune 1970).
Ucrit swimming tests were concluded when fish impinged
three times at the same water velocity. Impingement was determined
as either impingement (one-third or greater of body
in contact with the rear screen) or fatigue (sustained contact
with the rear screen for 60 s). After the initial impingement,
the water velocity was decreased for <60 s until the fish
came off the rear screen. If the fish did not come off the rear
screen within 60 s, the experiment was ended. If the fish did
come off the rear screen, the water velocity was increased
until it was at the same velocity of impingement. Usually,
the second and third impingements occurred in rapid succession
at the water velocity of the first impingement. In contrast,
23% of fish were excluded from analyses because of
either tail propping (caudal fin supporting fish on rear screen
despite rapid increases and decreases in water velocity to
coax the fish into swimming) or rostrum wedging (rostrum
thrust into front screen holding nonswimming fish in the
current). Fish would occasionally use their pectoral fins to
help brace against the currents on the bottom of the swimming
chamber. This bracing was usually very temporary, because
fish were unable to hold their position without
swimming for more than a few seconds because of the cylindrical
shape of the swimming chamber. Fish were not
touched, prodded, or shocked during the experiment.",Allen,Can. J. Fish. Aquat. Sci.,1,51.07476636,NA,NA,2.542635108,NA,NA,19,Acipenser medirostris,NA,juvenile,NA,NA,NA,16.01860945,NA,NA,20.08733624,NA,NA,NA,1,Allen 2006,Green
2006,Ucrit,"from paper: ""A Brett-type swim chamber (Brett 1964) that generated
rectilinear flow was used to measure Ucrit. Fish were individually
netted, placed in a water-filled plastic container, and
transferred (3.3 m distance) to the cylindrical swimming chamber (65 cm length, 15 cm diameter). Each fish was acclimated
for 30–60 min at a low water velocity (5 cm·s–1) to
orient it to the current and chamber. Fish were shielded from
observers by black plastic or opaque plastic sheets, and
swimming was observed via a mirror oriented at an angle
over the top of the swimming chamber. After acclimation,
water velocity was increased in increments of 10 cm·s–1 at
20 min intervals. Ucrit, as a measure of the maximum aerobic
swimming ability (Beamish 1978), was calculated from
Brett (1964): Ucrit = Vf + Vi (Tf/Ti) where Vf is the final velocity at which the fish swam for the
entire 20 min period, Vi is the increment of water velocity
increase (10 cm·s–1), Tf is the time swum at the water velocity
of fatigue, and Ti is the time increment for each water velocity
(20 min). The swimming chamber was maintained at a
constant temperature by a thermostat-controlled water bath,
and its water was partially exchanged with fresh, airequilibrated
well water between experiments to ensure dissolved
oxygen levels near air saturation. No solid blocking
corrections were used, because the maximum cross-sectional
area of the fish was always <10% of the cross-sectional area
of the swimming chamber (Bell and Terhune 1970).
Ucrit swimming tests were concluded when fish impinged
three times at the same water velocity. Impingement was determined
as either impingement (one-third or greater of body
in contact with the rear screen) or fatigue (sustained contact
with the rear screen for 60 s). After the initial impingement,
the water velocity was decreased for <60 s until the fish
came off the rear screen. If the fish did not come off the rear
screen within 60 s, the experiment was ended. If the fish did
come off the rear screen, the water velocity was increased
until it was at the same velocity of impingement. Usually,
the second and third impingements occurred in rapid succession
at the water velocity of the first impingement. In contrast,
23% of fish were excluded from analyses because of
either tail propping (caudal fin supporting fish on rear screen
despite rapid increases and decreases in water velocity to
coax the fish into swimming) or rostrum wedging (rostrum
thrust into front screen holding nonswimming fish in the
current). Fish would occasionally use their pectoral fins to
help brace against the currents on the bottom of the swimming
chamber. This bracing was usually very temporary, because
fish were unable to hold their position without
swimming for more than a few seconds because of the cylindrical
shape of the swimming chamber. Fish were not
touched, prodded, or shocked during the experiment.",Allen,Can. J. Fish. Aquat. Sci.,1,50.0623053,NA,NA,2.635463888,NA,NA,19,Acipenser medirostris,NA,juvenile,NA,NA,NA,15.14803285,NA,NA,18.99563319,NA,NA,NA,1,Allen 2006,Green
2006,Ucrit,"from paper: ""A Brett-type swim chamber (Brett 1964) that generated
rectilinear flow was used to measure Ucrit. Fish were individually
netted, placed in a water-filled plastic container, and
transferred (3.3 m distance) to the cylindrical swimming chamber (65 cm length, 15 cm diameter). Each fish was acclimated
for 30–60 min at a low water velocity (5 cm·s–1) to
orient it to the current and chamber. Fish were shielded from
observers by black plastic or opaque plastic sheets, and
swimming was observed via a mirror oriented at an angle
over the top of the swimming chamber. After acclimation,
water velocity was increased in increments of 10 cm·s–1 at
20 min intervals. Ucrit, as a measure of the maximum aerobic
swimming ability (Beamish 1978), was calculated from
Brett (1964): Ucrit = Vf + Vi (Tf/Ti) where Vf is the final velocity at which the fish swam for the
entire 20 min period, Vi is the increment of water velocity
increase (10 cm·s–1), Tf is the time swum at the water velocity
of fatigue, and Ti is the time increment for each water velocity
(20 min). The swimming chamber was maintained at a
constant temperature by a thermostat-controlled water bath,
and its water was partially exchanged with fresh, airequilibrated
well water between experiments to ensure dissolved
oxygen levels near air saturation. No solid blocking
corrections were used, because the maximum cross-sectional
area of the fish was always <10% of the cross-sectional area
of the swimming chamber (Bell and Terhune 1970).
Ucrit swimming tests were concluded when fish impinged
three times at the same water velocity. Impingement was determined
as either impingement (one-third or greater of body
in contact with the rear screen) or fatigue (sustained contact
with the rear screen for 60 s). After the initial impingement,
the water velocity was decreased for <60 s until the fish
came off the rear screen. If the fish did not come off the rear
screen within 60 s, the experiment was ended. If the fish did
come off the rear screen, the water velocity was increased
until it was at the same velocity of impingement. Usually,
the second and third impingements occurred in rapid succession
at the water velocity of the first impingement. In contrast,
23% of fish were excluded from analyses because of
either tail propping (caudal fin supporting fish on rear screen
despite rapid increases and decreases in water velocity to
coax the fish into swimming) or rostrum wedging (rostrum
thrust into front screen holding nonswimming fish in the
current). Fish would occasionally use their pectoral fins to
help brace against the currents on the bottom of the swimming
chamber. This bracing was usually very temporary, because
fish were unable to hold their position without
swimming for more than a few seconds because of the cylindrical
shape of the swimming chamber. Fish were not
touched, prodded, or shocked during the experiment.",Allen,Can. J. Fish. Aquat. Sci.,1,45.62305296,NA,NA,2.25651817,NA,NA,19,Acipenser medirostris,NA,juvenile,NA,NA,NA,16.12307864,NA,NA,20.21834061,NA,NA,NA,1,Allen 2006,Green
2006,Ucrit,"from paper: ""A Brett-type swim chamber (Brett 1964) that generated
rectilinear flow was used to measure Ucrit. Fish were individually
netted, placed in a water-filled plastic container, and
transferred (3.3 m distance) to the cylindrical swimming chamber (65 cm length, 15 cm diameter). Each fish was acclimated
for 30–60 min at a low water velocity (5 cm·s–1) to
orient it to the current and chamber. Fish were shielded from
observers by black plastic or opaque plastic sheets, and
swimming was observed via a mirror oriented at an angle
over the top of the swimming chamber. After acclimation,
water velocity was increased in increments of 10 cm·s–1 at
20 min intervals. Ucrit, as a measure of the maximum aerobic
swimming ability (Beamish 1978), was calculated from
Brett (1964): Ucrit = Vf + Vi (Tf/Ti) where Vf is the final velocity at which the fish swam for the
entire 20 min period, Vi is the increment of water velocity
increase (10 cm·s–1), Tf is the time swum at the water velocity
of fatigue, and Ti is the time increment for each water velocity
(20 min). The swimming chamber was maintained at a
constant temperature by a thermostat-controlled water bath,
and its water was partially exchanged with fresh, airequilibrated
well water between experiments to ensure dissolved
oxygen levels near air saturation. No solid blocking
corrections were used, because the maximum cross-sectional
area of the fish was always <10% of the cross-sectional area
of the swimming chamber (Bell and Terhune 1970).
Ucrit swimming tests were concluded when fish impinged
three times at the same water velocity. Impingement was determined
as either impingement (one-third or greater of body
in contact with the rear screen) or fatigue (sustained contact
with the rear screen for 60 s). After the initial impingement,
the water velocity was decreased for <60 s until the fish
came off the rear screen. If the fish did not come off the rear
screen within 60 s, the experiment was ended. If the fish did
come off the rear screen, the water velocity was increased
until it was at the same velocity of impingement. Usually,
the second and third impingements occurred in rapid succession
at the water velocity of the first impingement. In contrast,
23% of fish were excluded from analyses because of
either tail propping (caudal fin supporting fish on rear screen
despite rapid increases and decreases in water velocity to
coax the fish into swimming) or rostrum wedging (rostrum
thrust into front screen holding nonswimming fish in the
current). Fish would occasionally use their pectoral fins to
help brace against the currents on the bottom of the swimming
chamber. This bracing was usually very temporary, because
fish were unable to hold their position without
swimming for more than a few seconds because of the cylindrical
shape of the swimming chamber. Fish were not
touched, prodded, or shocked during the experiment.",Allen,Can. J. Fish. Aquat. Sci.,1,46.1682243,NA,NA,2.198029806,NA,NA,19,Acipenser medirostris,NA,juvenile,NA,NA,NA,16.74989379,NA,NA,21.00436681,NA,NA,NA,1,Allen 2006,Green
2006,Ucrit,"from paper: ""A Brett-type swim chamber (Brett 1964) that generated
rectilinear flow was used to measure Ucrit. Fish were individually
netted, placed in a water-filled plastic container, and
transferred (3.3 m distance) to the cylindrical swimming chamber (65 cm length, 15 cm diameter). Each fish was acclimated
for 30–60 min at a low water velocity (5 cm·s–1) to
orient it to the current and chamber. Fish were shielded from
observers by black plastic or opaque plastic sheets, and
swimming was observed via a mirror oriented at an angle
over the top of the swimming chamber. After acclimation,
water velocity was increased in increments of 10 cm·s–1 at
20 min intervals. Ucrit, as a measure of the maximum aerobic
swimming ability (Beamish 1978), was calculated from
Brett (1964): Ucrit = Vf + Vi (Tf/Ti) where Vf is the final velocity at which the fish swam for the
entire 20 min period, Vi is the increment of water velocity
increase (10 cm·s–1), Tf is the time swum at the water velocity
of fatigue, and Ti is the time increment for each water velocity
(20 min). The swimming chamber was maintained at a
constant temperature by a thermostat-controlled water bath,
and its water was partially exchanged with fresh, airequilibrated
well water between experiments to ensure dissolved
oxygen levels near air saturation. No solid blocking
corrections were used, because the maximum cross-sectional
area of the fish was always <10% of the cross-sectional area
of the swimming chamber (Bell and Terhune 1970).
Ucrit swimming tests were concluded when fish impinged
three times at the same water velocity. Impingement was determined
as either impingement (one-third or greater of body
in contact with the rear screen) or fatigue (sustained contact
with the rear screen for 60 s). After the initial impingement,
the water velocity was decreased for <60 s until the fish
came off the rear screen. If the fish did not come off the rear
screen within 60 s, the experiment was ended. If the fish did
come off the rear screen, the water velocity was increased
until it was at the same velocity of impingement. Usually,
the second and third impingements occurred in rapid succession
at the water velocity of the first impingement. In contrast,
23% of fish were excluded from analyses because of
either tail propping (caudal fin supporting fish on rear screen
despite rapid increases and decreases in water velocity to
coax the fish into swimming) or rostrum wedging (rostrum
thrust into front screen holding nonswimming fish in the
current). Fish would occasionally use their pectoral fins to
help brace against the currents on the bottom of the swimming
chamber. This bracing was usually very temporary, because
fish were unable to hold their position without
swimming for more than a few seconds because of the cylindrical
shape of the swimming chamber. Fish were not
touched, prodded, or shocked during the experiment.",Allen,Can. J. Fish. Aquat. Sci.,1,45.54517134,NA,NA,2.177420509,NA,NA,19,Acipenser medirostris,NA,juvenile,NA,NA,NA,16.68024766,NA,NA,20.91703057,NA,NA,NA,1,Allen 2006,Green
2006,Ucrit,"from paper: ""A Brett-type swim chamber (Brett 1964) that generated
rectilinear flow was used to measure Ucrit. Fish were individually
netted, placed in a water-filled plastic container, and
transferred (3.3 m distance) to the cylindrical swimming chamber (65 cm length, 15 cm diameter). Each fish was acclimated
for 30–60 min at a low water velocity (5 cm·s–1) to
orient it to the current and chamber. Fish were shielded from
observers by black plastic or opaque plastic sheets, and
swimming was observed via a mirror oriented at an angle
over the top of the swimming chamber. After acclimation,
water velocity was increased in increments of 10 cm·s–1 at
20 min intervals. Ucrit, as a measure of the maximum aerobic
swimming ability (Beamish 1978), was calculated from
Brett (1964): Ucrit = Vf + Vi (Tf/Ti) where Vf is the final velocity at which the fish swam for the
entire 20 min period, Vi is the increment of water velocity
increase (10 cm·s–1), Tf is the time swum at the water velocity
of fatigue, and Ti is the time increment for each water velocity
(20 min). The swimming chamber was maintained at a
constant temperature by a thermostat-controlled water bath,
and its water was partially exchanged with fresh, airequilibrated
well water between experiments to ensure dissolved
oxygen levels near air saturation. No solid blocking
corrections were used, because the maximum cross-sectional
area of the fish was always <10% of the cross-sectional area
of the swimming chamber (Bell and Terhune 1970).
Ucrit swimming tests were concluded when fish impinged
three times at the same water velocity. Impingement was determined
as either impingement (one-third or greater of body
in contact with the rear screen) or fatigue (sustained contact
with the rear screen for 60 s). After the initial impingement,
the water velocity was decreased for <60 s until the fish
came off the rear screen. If the fish did not come off the rear
screen within 60 s, the experiment was ended. If the fish did
come off the rear screen, the water velocity was increased
until it was at the same velocity of impingement. Usually,
the second and third impingements occurred in rapid succession
at the water velocity of the first impingement. In contrast,
23% of fish were excluded from analyses because of
either tail propping (caudal fin supporting fish on rear screen
despite rapid increases and decreases in water velocity to
coax the fish into swimming) or rostrum wedging (rostrum
thrust into front screen holding nonswimming fish in the
current). Fish would occasionally use their pectoral fins to
help brace against the currents on the bottom of the swimming
chamber. This bracing was usually very temporary, because
fish were unable to hold their position without
swimming for more than a few seconds because of the cylindrical
shape of the swimming chamber. Fish were not
touched, prodded, or shocked during the experiment.",Allen,Can. J. Fish. Aquat. Sci.,1,46.01246106,NA,NA,2.103164388,NA,NA,19,Acipenser medirostris,NA,juvenile,NA,NA,NA,17.44635507,NA,NA,21.87772926,NA,NA,NA,1,Allen 2006,Green
2006,Ucrit,"from paper: ""A Brett-type swim chamber (Brett 1964) that generated
rectilinear flow was used to measure Ucrit. Fish were individually
netted, placed in a water-filled plastic container, and
transferred (3.3 m distance) to the cylindrical swimming chamber (65 cm length, 15 cm diameter). Each fish was acclimated
for 30–60 min at a low water velocity (5 cm·s–1) to
orient it to the current and chamber. Fish were shielded from
observers by black plastic or opaque plastic sheets, and
swimming was observed via a mirror oriented at an angle
over the top of the swimming chamber. After acclimation,
water velocity was increased in increments of 10 cm·s–1 at
20 min intervals. Ucrit, as a measure of the maximum aerobic
swimming ability (Beamish 1978), was calculated from
Brett (1964): Ucrit = Vf + Vi (Tf/Ti) where Vf is the final velocity at which the fish swam for the
entire 20 min period, Vi is the increment of water velocity
increase (10 cm·s–1), Tf is the time swum at the water velocity
of fatigue, and Ti is the time increment for each water velocity
(20 min). The swimming chamber was maintained at a
constant temperature by a thermostat-controlled water bath,
and its water was partially exchanged with fresh, airequilibrated
well water between experiments to ensure dissolved
oxygen levels near air saturation. No solid blocking
corrections were used, because the maximum cross-sectional
area of the fish was always <10% of the cross-sectional area
of the swimming chamber (Bell and Terhune 1970).
Ucrit swimming tests were concluded when fish impinged
three times at the same water velocity. Impingement was determined
as either impingement (one-third or greater of body
in contact with the rear screen) or fatigue (sustained contact
with the rear screen for 60 s). After the initial impingement,
the water velocity was decreased for <60 s until the fish
came off the rear screen. If the fish did not come off the rear
screen within 60 s, the experiment was ended. If the fish did
come off the rear screen, the water velocity was increased
until it was at the same velocity of impingement. Usually,
the second and third impingements occurred in rapid succession
at the water velocity of the first impingement. In contrast,
23% of fish were excluded from analyses because of
either tail propping (caudal fin supporting fish on rear screen
despite rapid increases and decreases in water velocity to
coax the fish into swimming) or rostrum wedging (rostrum
thrust into front screen holding nonswimming fish in the
current). Fish would occasionally use their pectoral fins to
help brace against the currents on the bottom of the swimming
chamber. This bracing was usually very temporary, because
fish were unable to hold their position without
swimming for more than a few seconds because of the cylindrical
shape of the swimming chamber. Fish were not
touched, prodded, or shocked during the experiment.",Allen,Can. J. Fish. Aquat. Sci.,1,47.10280374,NA,NA,2.148713557,NA,NA,19,Acipenser medirostris,NA,juvenile,NA,NA,NA,17.48117813,NA,NA,21.92139738,NA,NA,NA,1,Allen 2006,Green
2006,Ucrit,"from paper: ""A Brett-type swim chamber (Brett 1964) that generated
rectilinear flow was used to measure Ucrit. Fish were individually
netted, placed in a water-filled plastic container, and
transferred (3.3 m distance) to the cylindrical swimming chamber (65 cm length, 15 cm diameter). Each fish was acclimated
for 30–60 min at a low water velocity (5 cm·s–1) to
orient it to the current and chamber. Fish were shielded from
observers by black plastic or opaque plastic sheets, and
swimming was observed via a mirror oriented at an angle
over the top of the swimming chamber. After acclimation,
water velocity was increased in increments of 10 cm·s–1 at
20 min intervals. Ucrit, as a measure of the maximum aerobic
swimming ability (Beamish 1978), was calculated from
Brett (1964): Ucrit = Vf + Vi (Tf/Ti) where Vf is the final velocity at which the fish swam for the
entire 20 min period, Vi is the increment of water velocity
increase (10 cm·s–1), Tf is the time swum at the water velocity
of fatigue, and Ti is the time increment for each water velocity
(20 min). The swimming chamber was maintained at a
constant temperature by a thermostat-controlled water bath,
and its water was partially exchanged with fresh, airequilibrated
well water between experiments to ensure dissolved
oxygen levels near air saturation. No solid blocking
corrections were used, because the maximum cross-sectional
area of the fish was always <10% of the cross-sectional area
of the swimming chamber (Bell and Terhune 1970).
Ucrit swimming tests were concluded when fish impinged
three times at the same water velocity. Impingement was determined
as either impingement (one-third or greater of body
in contact with the rear screen) or fatigue (sustained contact
with the rear screen for 60 s). After the initial impingement,
the water velocity was decreased for <60 s until the fish
came off the rear screen. If the fish did not come off the rear
screen within 60 s, the experiment was ended. If the fish did
come off the rear screen, the water velocity was increased
until it was at the same velocity of impingement. Usually,
the second and third impingements occurred in rapid succession
at the water velocity of the first impingement. In contrast,
23% of fish were excluded from analyses because of
either tail propping (caudal fin supporting fish on rear screen
despite rapid increases and decreases in water velocity to
coax the fish into swimming) or rostrum wedging (rostrum
thrust into front screen holding nonswimming fish in the
current). Fish would occasionally use their pectoral fins to
help brace against the currents on the bottom of the swimming
chamber. This bracing was usually very temporary, because
fish were unable to hold their position without
swimming for more than a few seconds because of the cylindrical
shape of the swimming chamber. Fish were not
touched, prodded, or shocked during the experiment.",Allen,Can. J. Fish. Aquat. Sci.,1,45.54517134,NA,NA,2.013483443,NA,NA,19,Acipenser medirostris,NA,juvenile,NA,NA,NA,18.03834716,NA,NA,22.62008734,NA,NA,NA,1,Allen 2006,Green
2006,Ucrit,"from paper: ""A Brett-type swim chamber (Brett 1964) that generated
rectilinear flow was used to measure Ucrit. Fish were individually
netted, placed in a water-filled plastic container, and
transferred (3.3 m distance) to the cylindrical swimming chamber (65 cm length, 15 cm diameter). Each fish was acclimated
for 30–60 min at a low water velocity (5 cm·s–1) to
orient it to the current and chamber. Fish were shielded from
observers by black plastic or opaque plastic sheets, and
swimming was observed via a mirror oriented at an angle
over the top of the swimming chamber. After acclimation,
water velocity was increased in increments of 10 cm·s–1 at
20 min intervals. Ucrit, as a measure of the maximum aerobic
swimming ability (Beamish 1978), was calculated from
Brett (1964): Ucrit = Vf + Vi (Tf/Ti) where Vf is the final velocity at which the fish swam for the
entire 20 min period, Vi is the increment of water velocity
increase (10 cm·s–1), Tf is the time swum at the water velocity
of fatigue, and Ti is the time increment for each water velocity
(20 min). The swimming chamber was maintained at a
constant temperature by a thermostat-controlled water bath,
and its water was partially exchanged with fresh, airequilibrated
well water between experiments to ensure dissolved
oxygen levels near air saturation. No solid blocking
corrections were used, because the maximum cross-sectional
area of the fish was always <10% of the cross-sectional area
of the swimming chamber (Bell and Terhune 1970).
Ucrit swimming tests were concluded when fish impinged
three times at the same water velocity. Impingement was determined
as either impingement (one-third or greater of body
in contact with the rear screen) or fatigue (sustained contact
with the rear screen for 60 s). After the initial impingement,
the water velocity was decreased for <60 s until the fish
came off the rear screen. If the fish did not come off the rear
screen within 60 s, the experiment was ended. If the fish did
come off the rear screen, the water velocity was increased
until it was at the same velocity of impingement. Usually,
the second and third impingements occurred in rapid succession
at the water velocity of the first impingement. In contrast,
23% of fish were excluded from analyses because of
either tail propping (caudal fin supporting fish on rear screen
despite rapid increases and decreases in water velocity to
coax the fish into swimming) or rostrum wedging (rostrum
thrust into front screen holding nonswimming fish in the
current). Fish would occasionally use their pectoral fins to
help brace against the currents on the bottom of the swimming
chamber. This bracing was usually very temporary, because
fish were unable to hold their position without
swimming for more than a few seconds because of the cylindrical
shape of the swimming chamber. Fish were not
touched, prodded, or shocked during the experiment.",Allen,Can. J. Fish. Aquat. Sci.,1,45.07788162,NA,NA,1.833540833,NA,NA,19,Acipenser medirostris,NA,juvenile,NA,NA,NA,19.60538504,NA,NA,24.58515284,NA,NA,NA,1,Allen 2006,Green
2006,Ucrit,"from paper: ""A Brett-type swim chamber (Brett 1964) that generated
rectilinear flow was used to measure Ucrit. Fish were individually
netted, placed in a water-filled plastic container, and
transferred (3.3 m distance) to the cylindrical swimming chamber (65 cm length, 15 cm diameter). Each fish was acclimated
for 30–60 min at a low water velocity (5 cm·s–1) to
orient it to the current and chamber. Fish were shielded from
observers by black plastic or opaque plastic sheets, and
swimming was observed via a mirror oriented at an angle
over the top of the swimming chamber. After acclimation,
water velocity was increased in increments of 10 cm·s–1 at
20 min intervals. Ucrit, as a measure of the maximum aerobic
swimming ability (Beamish 1978), was calculated from
Brett (1964): Ucrit = Vf + Vi (Tf/Ti) where Vf is the final velocity at which the fish swam for the
entire 20 min period, Vi is the increment of water velocity
increase (10 cm·s–1), Tf is the time swum at the water velocity
of fatigue, and Ti is the time increment for each water velocity
(20 min). The swimming chamber was maintained at a
constant temperature by a thermostat-controlled water bath,
and its water was partially exchanged with fresh, airequilibrated
well water between experiments to ensure dissolved
oxygen levels near air saturation. No solid blocking
corrections were used, because the maximum cross-sectional
area of the fish was always <10% of the cross-sectional area
of the swimming chamber (Bell and Terhune 1970).
Ucrit swimming tests were concluded when fish impinged
three times at the same water velocity. Impingement was determined
as either impingement (one-third or greater of body
in contact with the rear screen) or fatigue (sustained contact
with the rear screen for 60 s). After the initial impingement,
the water velocity was decreased for <60 s until the fish
came off the rear screen. If the fish did not come off the rear
screen within 60 s, the experiment was ended. If the fish did
come off the rear screen, the water velocity was increased
until it was at the same velocity of impingement. Usually,
the second and third impingements occurred in rapid succession
at the water velocity of the first impingement. In contrast,
23% of fish were excluded from analyses because of
either tail propping (caudal fin supporting fish on rear screen
despite rapid increases and decreases in water velocity to
coax the fish into swimming) or rostrum wedging (rostrum
thrust into front screen holding nonswimming fish in the
current). Fish would occasionally use their pectoral fins to
help brace against the currents on the bottom of the swimming
chamber. This bracing was usually very temporary, because
fish were unable to hold their position without
swimming for more than a few seconds because of the cylindrical
shape of the swimming chamber. Fish were not
touched, prodded, or shocked during the experiment.",Allen,Can. J. Fish. Aquat. Sci.,1,48.5046729,NA,NA,2.056957425,NA,NA,19,Acipenser medirostris,NA,juvenile,NA,NA,NA,18.80445457,NA,NA,23.58078603,NA,NA,NA,1,Allen 2006,Green
2006,Ucrit,"from paper: ""A Brett-type swim chamber (Brett 1964) that generated
rectilinear flow was used to measure Ucrit. Fish were individually
netted, placed in a water-filled plastic container, and
transferred (3.3 m distance) to the cylindrical swimming chamber (65 cm length, 15 cm diameter). Each fish was acclimated
for 30–60 min at a low water velocity (5 cm·s–1) to
orient it to the current and chamber. Fish were shielded from
observers by black plastic or opaque plastic sheets, and
swimming was observed via a mirror oriented at an angle
over the top of the swimming chamber. After acclimation,
water velocity was increased in increments of 10 cm·s–1 at
20 min intervals. Ucrit, as a measure of the maximum aerobic
swimming ability (Beamish 1978), was calculated from
Brett (1964): Ucrit = Vf + Vi (Tf/Ti) where Vf is the final velocity at which the fish swam for the
entire 20 min period, Vi is the increment of water velocity
increase (10 cm·s–1), Tf is the time swum at the water velocity
of fatigue, and Ti is the time increment for each water velocity
(20 min). The swimming chamber was maintained at a
constant temperature by a thermostat-controlled water bath,
and its water was partially exchanged with fresh, airequilibrated
well water between experiments to ensure dissolved
oxygen levels near air saturation. No solid blocking
corrections were used, because the maximum cross-sectional
area of the fish was always <10% of the cross-sectional area
of the swimming chamber (Bell and Terhune 1970).
Ucrit swimming tests were concluded when fish impinged
three times at the same water velocity. Impingement was determined
as either impingement (one-third or greater of body
in contact with the rear screen) or fatigue (sustained contact
with the rear screen for 60 s). After the initial impingement,
the water velocity was decreased for <60 s until the fish
came off the rear screen. If the fish did not come off the rear
screen within 60 s, the experiment was ended. If the fish did
come off the rear screen, the water velocity was increased
until it was at the same velocity of impingement. Usually,
the second and third impingements occurred in rapid succession
at the water velocity of the first impingement. In contrast,
23% of fish were excluded from analyses because of
either tail propping (caudal fin supporting fish on rear screen
despite rapid increases and decreases in water velocity to
coax the fish into swimming) or rostrum wedging (rostrum
thrust into front screen holding nonswimming fish in the
current). Fish would occasionally use their pectoral fins to
help brace against the currents on the bottom of the swimming
chamber. This bracing was usually very temporary, because
fish were unable to hold their position without
swimming for more than a few seconds because of the cylindrical
shape of the swimming chamber. Fish were not
touched, prodded, or shocked during the experiment.",Allen,Can. J. Fish. Aquat. Sci.,1,49.04984424,NA,NA,2.095599688,NA,NA,19,Acipenser medirostris,NA,juvenile,NA,NA,NA,18.66516231,NA,NA,23.40611354,NA,NA,NA,1,Allen 2006,Green
2006,Ucrit,"from paper: ""A Brett-type swim chamber (Brett 1964) that generated
rectilinear flow was used to measure Ucrit. Fish were individually
netted, placed in a water-filled plastic container, and
transferred (3.3 m distance) to the cylindrical swimming chamber (65 cm length, 15 cm diameter). Each fish was acclimated
for 30–60 min at a low water velocity (5 cm·s–1) to
orient it to the current and chamber. Fish were shielded from
observers by black plastic or opaque plastic sheets, and
swimming was observed via a mirror oriented at an angle
over the top of the swimming chamber. After acclimation,
water velocity was increased in increments of 10 cm·s–1 at
20 min intervals. Ucrit, as a measure of the maximum aerobic
swimming ability (Beamish 1978), was calculated from
Brett (1964): Ucrit = Vf + Vi (Tf/Ti) where Vf is the final velocity at which the fish swam for the
entire 20 min period, Vi is the increment of water velocity
increase (10 cm·s–1), Tf is the time swum at the water velocity
of fatigue, and Ti is the time increment for each water velocity
(20 min). The swimming chamber was maintained at a
constant temperature by a thermostat-controlled water bath,
and its water was partially exchanged with fresh, airequilibrated
well water between experiments to ensure dissolved
oxygen levels near air saturation. No solid blocking
corrections were used, because the maximum cross-sectional
area of the fish was always <10% of the cross-sectional area
of the swimming chamber (Bell and Terhune 1970).
Ucrit swimming tests were concluded when fish impinged
three times at the same water velocity. Impingement was determined
as either impingement (one-third or greater of body
in contact with the rear screen) or fatigue (sustained contact
with the rear screen for 60 s). After the initial impingement,
the water velocity was decreased for <60 s until the fish
came off the rear screen. If the fish did not come off the rear
screen within 60 s, the experiment was ended. If the fish did
come off the rear screen, the water velocity was increased
until it was at the same velocity of impingement. Usually,
the second and third impingements occurred in rapid succession
at the water velocity of the first impingement. In contrast,
23% of fish were excluded from analyses because of
either tail propping (caudal fin supporting fish on rear screen
despite rapid increases and decreases in water velocity to
coax the fish into swimming) or rostrum wedging (rostrum
thrust into front screen holding nonswimming fish in the
current). Fish would occasionally use their pectoral fins to
help brace against the currents on the bottom of the swimming
chamber. This bracing was usually very temporary, because
fish were unable to hold their position without
swimming for more than a few seconds because of the cylindrical
shape of the swimming chamber. Fish were not
touched, prodded, or shocked during the experiment.",Allen,Can. J. Fish. Aquat. Sci.,1,52.00934579,NA,NA,2.04641584,NA,NA,19,Acipenser medirostris,NA,juvenile,NA,NA,NA,20.26702325,NA,NA,25.41484716,NA,NA,NA,1,Allen 2006,Green
2006,Ucrit,"from paper: ""A Brett-type swim chamber (Brett 1964) that generated
rectilinear flow was used to measure Ucrit. Fish were individually
netted, placed in a water-filled plastic container, and
transferred (3.3 m distance) to the cylindrical swimming chamber (65 cm length, 15 cm diameter). Each fish was acclimated
for 30–60 min at a low water velocity (5 cm·s–1) to
orient it to the current and chamber. Fish were shielded from
observers by black plastic or opaque plastic sheets, and
swimming was observed via a mirror oriented at an angle
over the top of the swimming chamber. After acclimation,
water velocity was increased in increments of 10 cm·s–1 at
20 min intervals. Ucrit, as a measure of the maximum aerobic
swimming ability (Beamish 1978), was calculated from
Brett (1964): Ucrit = Vf + Vi (Tf/Ti) where Vf is the final velocity at which the fish swam for the
entire 20 min period, Vi is the increment of water velocity
increase (10 cm·s–1), Tf is the time swum at the water velocity
of fatigue, and Ti is the time increment for each water velocity
(20 min). The swimming chamber was maintained at a
constant temperature by a thermostat-controlled water bath,
and its water was partially exchanged with fresh, airequilibrated
well water between experiments to ensure dissolved
oxygen levels near air saturation. No solid blocking
corrections were used, because the maximum cross-sectional
area of the fish was always <10% of the cross-sectional area
of the swimming chamber (Bell and Terhune 1970).
Ucrit swimming tests were concluded when fish impinged
three times at the same water velocity. Impingement was determined
as either impingement (one-third or greater of body
in contact with the rear screen) or fatigue (sustained contact
with the rear screen for 60 s). After the initial impingement,
the water velocity was decreased for <60 s until the fish
came off the rear screen. If the fish did not come off the rear
screen within 60 s, the experiment was ended. If the fish did
come off the rear screen, the water velocity was increased
until it was at the same velocity of impingement. Usually,
the second and third impingements occurred in rapid succession
at the water velocity of the first impingement. In contrast,
23% of fish were excluded from analyses because of
either tail propping (caudal fin supporting fish on rear screen
despite rapid increases and decreases in water velocity to
coax the fish into swimming) or rostrum wedging (rostrum
thrust into front screen holding nonswimming fish in the
current). Fish would occasionally use their pectoral fins to
help brace against the currents on the bottom of the swimming
chamber. This bracing was usually very temporary, because
fish were unable to hold their position without
swimming for more than a few seconds because of the cylindrical
shape of the swimming chamber. Fish were not
touched, prodded, or shocked during the experiment.",Allen,Can. J. Fish. Aquat. Sci.,1,55.04672897,NA,NA,2.083586931,NA,NA,19,Acipenser medirostris,NA,juvenile,NA,NA,NA,21.06795373,NA,NA,26.41921397,NA,NA,NA,1,Allen 2006,Green
2006,Ucrit,"from paper: ""A Brett-type swim chamber (Brett 1964) that generated
rectilinear flow was used to measure Ucrit. Fish were individually
netted, placed in a water-filled plastic container, and
transferred (3.3 m distance) to the cylindrical swimming chamber (65 cm length, 15 cm diameter). Each fish was acclimated
for 30–60 min at a low water velocity (5 cm·s–1) to
orient it to the current and chamber. Fish were shielded from
observers by black plastic or opaque plastic sheets, and
swimming was observed via a mirror oriented at an angle
over the top of the swimming chamber. After acclimation,
water velocity was increased in increments of 10 cm·s–1 at
20 min intervals. Ucrit, as a measure of the maximum aerobic
swimming ability (Beamish 1978), was calculated from
Brett (1964): Ucrit = Vf + Vi (Tf/Ti) where Vf is the final velocity at which the fish swam for the
entire 20 min period, Vi is the increment of water velocity
increase (10 cm·s–1), Tf is the time swum at the water velocity
of fatigue, and Ti is the time increment for each water velocity
(20 min). The swimming chamber was maintained at a
constant temperature by a thermostat-controlled water bath,
and its water was partially exchanged with fresh, airequilibrated
well water between experiments to ensure dissolved
oxygen levels near air saturation. No solid blocking
corrections were used, because the maximum cross-sectional
area of the fish was always <10% of the cross-sectional area
of the swimming chamber (Bell and Terhune 1970).
Ucrit swimming tests were concluded when fish impinged
three times at the same water velocity. Impingement was determined
as either impingement (one-third or greater of body
in contact with the rear screen) or fatigue (sustained contact
with the rear screen for 60 s). After the initial impingement,
the water velocity was decreased for <60 s until the fish
came off the rear screen. If the fish did not come off the rear
screen within 60 s, the experiment was ended. If the fish did
come off the rear screen, the water velocity was increased
until it was at the same velocity of impingement. Usually,
the second and third impingements occurred in rapid succession
at the water velocity of the first impingement. In contrast,
23% of fish were excluded from analyses because of
either tail propping (caudal fin supporting fish on rear screen
despite rapid increases and decreases in water velocity to
coax the fish into swimming) or rostrum wedging (rostrum
thrust into front screen holding nonswimming fish in the
current). Fish would occasionally use their pectoral fins to
help brace against the currents on the bottom of the swimming
chamber. This bracing was usually very temporary, because
fish were unable to hold their position without
swimming for more than a few seconds because of the cylindrical
shape of the swimming chamber. Fish were not
touched, prodded, or shocked during the experiment.",Allen,Can. J. Fish. Aquat. Sci.,1,58.08411215,NA,NA,2.231755316,NA,NA,19,Acipenser medirostris,NA,juvenile,NA,NA,NA,20.75454615,NA,NA,26.02620087,NA,NA,NA,1,Allen 2006,Green
2006,Ucrit,"from paper: ""A Brett-type swim chamber (Brett 1964) that generated
rectilinear flow was used to measure Ucrit. Fish were individually
netted, placed in a water-filled plastic container, and
transferred (3.3 m distance) to the cylindrical swimming chamber (65 cm length, 15 cm diameter). Each fish was acclimated
for 30–60 min at a low water velocity (5 cm·s–1) to
orient it to the current and chamber. Fish were shielded from
observers by black plastic or opaque plastic sheets, and
swimming was observed via a mirror oriented at an angle
over the top of the swimming chamber. After acclimation,
water velocity was increased in increments of 10 cm·s–1 at
20 min intervals. Ucrit, as a measure of the maximum aerobic
swimming ability (Beamish 1978), was calculated from
Brett (1964): Ucrit = Vf + Vi (Tf/Ti) where Vf is the final velocity at which the fish swam for the
entire 20 min period, Vi is the increment of water velocity
increase (10 cm·s–1), Tf is the time swum at the water velocity
of fatigue, and Ti is the time increment for each water velocity
(20 min). The swimming chamber was maintained at a
constant temperature by a thermostat-controlled water bath,
and its water was partially exchanged with fresh, airequilibrated
well water between experiments to ensure dissolved
oxygen levels near air saturation. No solid blocking
corrections were used, because the maximum cross-sectional
area of the fish was always <10% of the cross-sectional area
of the swimming chamber (Bell and Terhune 1970).
Ucrit swimming tests were concluded when fish impinged
three times at the same water velocity. Impingement was determined
as either impingement (one-third or greater of body
in contact with the rear screen) or fatigue (sustained contact
with the rear screen for 60 s). After the initial impingement,
the water velocity was decreased for <60 s until the fish
came off the rear screen. If the fish did not come off the rear
screen within 60 s, the experiment was ended. If the fish did
come off the rear screen, the water velocity was increased
until it was at the same velocity of impingement. Usually,
the second and third impingements occurred in rapid succession
at the water velocity of the first impingement. In contrast,
23% of fish were excluded from analyses because of
either tail propping (caudal fin supporting fish on rear screen
despite rapid increases and decreases in water velocity to
coax the fish into swimming) or rostrum wedging (rostrum
thrust into front screen holding nonswimming fish in the
current). Fish would occasionally use their pectoral fins to
help brace against the currents on the bottom of the swimming
chamber. This bracing was usually very temporary, because
fish were unable to hold their position without
swimming for more than a few seconds because of the cylindrical
shape of the swimming chamber. Fish were not
touched, prodded, or shocked during the experiment.",Allen,Can. J. Fish. Aquat. Sci.,1,57.53894081,NA,NA,2.408851453,NA,NA,19,Acipenser medirostris,NA,juvenile,NA,NA,NA,19.04821601,NA,NA,23.88646288,NA,NA,NA,1,Allen 2006,Green
2006,Ucrit,"from paper: ""A Brett-type swim chamber (Brett 1964) that generated
rectilinear flow was used to measure Ucrit. Fish were individually
netted, placed in a water-filled plastic container, and
transferred (3.3 m distance) to the cylindrical swimming chamber (65 cm length, 15 cm diameter). Each fish was acclimated
for 30–60 min at a low water velocity (5 cm·s–1) to
orient it to the current and chamber. Fish were shielded from
observers by black plastic or opaque plastic sheets, and
swimming was observed via a mirror oriented at an angle
over the top of the swimming chamber. After acclimation,
water velocity was increased in increments of 10 cm·s–1 at
20 min intervals. Ucrit, as a measure of the maximum aerobic
swimming ability (Beamish 1978), was calculated from
Brett (1964): Ucrit = Vf + Vi (Tf/Ti) where Vf is the final velocity at which the fish swam for the
entire 20 min period, Vi is the increment of water velocity
increase (10 cm·s–1), Tf is the time swum at the water velocity
of fatigue, and Ti is the time increment for each water velocity
(20 min). The swimming chamber was maintained at a
constant temperature by a thermostat-controlled water bath,
and its water was partially exchanged with fresh, airequilibrated
well water between experiments to ensure dissolved
oxygen levels near air saturation. No solid blocking
corrections were used, because the maximum cross-sectional
area of the fish was always <10% of the cross-sectional area
of the swimming chamber (Bell and Terhune 1970).
Ucrit swimming tests were concluded when fish impinged
three times at the same water velocity. Impingement was determined
as either impingement (one-third or greater of body
in contact with the rear screen) or fatigue (sustained contact
with the rear screen for 60 s). After the initial impingement,
the water velocity was decreased for <60 s until the fish
came off the rear screen. If the fish did not come off the rear
screen within 60 s, the experiment was ended. If the fish did
come off the rear screen, the water velocity was increased
until it was at the same velocity of impingement. Usually,
the second and third impingements occurred in rapid succession
at the water velocity of the first impingement. In contrast,
23% of fish were excluded from analyses because of
either tail propping (caudal fin supporting fish on rear screen
despite rapid increases and decreases in water velocity to
coax the fish into swimming) or rostrum wedging (rostrum
thrust into front screen holding nonswimming fish in the
current). Fish would occasionally use their pectoral fins to
help brace against the currents on the bottom of the swimming
chamber. This bracing was usually very temporary, because
fish were unable to hold their position without
swimming for more than a few seconds because of the cylindrical
shape of the swimming chamber. Fish were not
touched, prodded, or shocked during the experiment.",Allen,Can. J. Fish. Aquat. Sci.,1,55.04672897,NA,NA,2.291945624,NA,NA,19,Acipenser medirostris,NA,juvenile,NA,NA,NA,19.15268521,NA,NA,24.01746725,NA,NA,NA,1,Allen 2006,Green
2006,Ucrit,"from paper: ""A Brett-type swim chamber (Brett 1964) that generated
rectilinear flow was used to measure Ucrit. Fish were individually
netted, placed in a water-filled plastic container, and
transferred (3.3 m distance) to the cylindrical swimming chamber (65 cm length, 15 cm diameter). Each fish was acclimated
for 30–60 min at a low water velocity (5 cm·s–1) to
orient it to the current and chamber. Fish were shielded from
observers by black plastic or opaque plastic sheets, and
swimming was observed via a mirror oriented at an angle
over the top of the swimming chamber. After acclimation,
water velocity was increased in increments of 10 cm·s–1 at
20 min intervals. Ucrit, as a measure of the maximum aerobic
swimming ability (Beamish 1978), was calculated from
Brett (1964): Ucrit = Vf + Vi (Tf/Ti) where Vf is the final velocity at which the fish swam for the
entire 20 min period, Vi is the increment of water velocity
increase (10 cm·s–1), Tf is the time swum at the water velocity
of fatigue, and Ti is the time increment for each water velocity
(20 min). The swimming chamber was maintained at a
constant temperature by a thermostat-controlled water bath,
and its water was partially exchanged with fresh, airequilibrated
well water between experiments to ensure dissolved
oxygen levels near air saturation. No solid blocking
corrections were used, because the maximum cross-sectional
area of the fish was always <10% of the cross-sectional area
of the swimming chamber (Bell and Terhune 1970).
Ucrit swimming tests were concluded when fish impinged
three times at the same water velocity. Impingement was determined
as either impingement (one-third or greater of body
in contact with the rear screen) or fatigue (sustained contact
with the rear screen for 60 s). After the initial impingement,
the water velocity was decreased for <60 s until the fish
came off the rear screen. If the fish did not come off the rear
screen within 60 s, the experiment was ended. If the fish did
come off the rear screen, the water velocity was increased
until it was at the same velocity of impingement. Usually,
the second and third impingements occurred in rapid succession
at the water velocity of the first impingement. In contrast,
23% of fish were excluded from analyses because of
either tail propping (caudal fin supporting fish on rear screen
despite rapid increases and decreases in water velocity to
coax the fish into swimming) or rostrum wedging (rostrum
thrust into front screen holding nonswimming fish in the
current). Fish would occasionally use their pectoral fins to
help brace against the currents on the bottom of the swimming
chamber. This bracing was usually very temporary, because
fish were unable to hold their position without
swimming for more than a few seconds because of the cylindrical
shape of the swimming chamber. Fish were not
touched, prodded, or shocked during the experiment.",Allen,Can. J. Fish. Aquat. Sci.,1,57.07165109,NA,NA,2.717132661,NA,NA,19,Acipenser medirostris,NA,juvenile,NA,NA,NA,16.74989379,NA,NA,21.00436681,NA,NA,NA,1,Allen 2006,Green
2006,Ucrit,"from paper: ""A Brett-type swim chamber (Brett 1964) that generated
rectilinear flow was used to measure Ucrit. Fish were individually
netted, placed in a water-filled plastic container, and
transferred (3.3 m distance) to the cylindrical swimming chamber (65 cm length, 15 cm diameter). Each fish was acclimated
for 30–60 min at a low water velocity (5 cm·s–1) to
orient it to the current and chamber. Fish were shielded from
observers by black plastic or opaque plastic sheets, and
swimming was observed via a mirror oriented at an angle
over the top of the swimming chamber. After acclimation,
water velocity was increased in increments of 10 cm·s–1 at
20 min intervals. Ucrit, as a measure of the maximum aerobic
swimming ability (Beamish 1978), was calculated from
Brett (1964): Ucrit = Vf + Vi (Tf/Ti) where Vf is the final velocity at which the fish swam for the
entire 20 min period, Vi is the increment of water velocity
increase (10 cm·s–1), Tf is the time swum at the water velocity
of fatigue, and Ti is the time increment for each water velocity
(20 min). The swimming chamber was maintained at a
constant temperature by a thermostat-controlled water bath,
and its water was partially exchanged with fresh, airequilibrated
well water between experiments to ensure dissolved
oxygen levels near air saturation. No solid blocking
corrections were used, because the maximum cross-sectional
area of the fish was always <10% of the cross-sectional area
of the swimming chamber (Bell and Terhune 1970).
Ucrit swimming tests were concluded when fish impinged
three times at the same water velocity. Impingement was determined
as either impingement (one-third or greater of body
in contact with the rear screen) or fatigue (sustained contact
with the rear screen for 60 s). After the initial impingement,
the water velocity was decreased for <60 s until the fish
came off the rear screen. If the fish did not come off the rear
screen within 60 s, the experiment was ended. If the fish did
come off the rear screen, the water velocity was increased
until it was at the same velocity of impingement. Usually,
the second and third impingements occurred in rapid succession
at the water velocity of the first impingement. In contrast,
23% of fish were excluded from analyses because of
either tail propping (caudal fin supporting fish on rear screen
despite rapid increases and decreases in water velocity to
coax the fish into swimming) or rostrum wedging (rostrum
thrust into front screen holding nonswimming fish in the
current). Fish would occasionally use their pectoral fins to
help brace against the currents on the bottom of the swimming
chamber. This bracing was usually very temporary, because
fish were unable to hold their position without
swimming for more than a few seconds because of the cylindrical
shape of the swimming chamber. Fish were not
touched, prodded, or shocked during the experiment.",Allen,Can. J. Fish. Aquat. Sci.,1,62.05607477,NA,NA,2.329646085,NA,NA,19,Acipenser medirostris,NA,juvenile,NA,NA,NA,21.24206905,NA,NA,26.63755459,NA,NA,NA,1,Allen 2006,Green
2006,Ucrit,"from paper: ""A Brett-type swim chamber (Brett 1964) that generated
rectilinear flow was used to measure Ucrit. Fish were individually
netted, placed in a water-filled plastic container, and
transferred (3.3 m distance) to the cylindrical swimming chamber (65 cm length, 15 cm diameter). Each fish was acclimated
for 30–60 min at a low water velocity (5 cm·s–1) to
orient it to the current and chamber. Fish were shielded from
observers by black plastic or opaque plastic sheets, and
swimming was observed via a mirror oriented at an angle
over the top of the swimming chamber. After acclimation,
water velocity was increased in increments of 10 cm·s–1 at
20 min intervals. Ucrit, as a measure of the maximum aerobic
swimming ability (Beamish 1978), was calculated from
Brett (1964): Ucrit = Vf + Vi (Tf/Ti) where Vf is the final velocity at which the fish swam for the
entire 20 min period, Vi is the increment of water velocity
increase (10 cm·s–1), Tf is the time swum at the water velocity
of fatigue, and Ti is the time increment for each water velocity
(20 min). The swimming chamber was maintained at a
constant temperature by a thermostat-controlled water bath,
and its water was partially exchanged with fresh, airequilibrated
well water between experiments to ensure dissolved
oxygen levels near air saturation. No solid blocking
corrections were used, because the maximum cross-sectional
area of the fish was always <10% of the cross-sectional area
of the swimming chamber (Bell and Terhune 1970).
Ucrit swimming tests were concluded when fish impinged
three times at the same water velocity. Impingement was determined
as either impingement (one-third or greater of body
in contact with the rear screen) or fatigue (sustained contact
with the rear screen for 60 s). After the initial impingement,
the water velocity was decreased for <60 s until the fish
came off the rear screen. If the fish did not come off the rear
screen within 60 s, the experiment was ended. If the fish did
come off the rear screen, the water velocity was increased
until it was at the same velocity of impingement. Usually,
the second and third impingements occurred in rapid succession
at the water velocity of the first impingement. In contrast,
23% of fish were excluded from analyses because of
either tail propping (caudal fin supporting fish on rear screen
despite rapid increases and decreases in water velocity to
coax the fish into swimming) or rostrum wedging (rostrum
thrust into front screen holding nonswimming fish in the
current). Fish would occasionally use their pectoral fins to
help brace against the currents on the bottom of the swimming
chamber. This bracing was usually very temporary, because
fish were unable to hold their position without
swimming for more than a few seconds because of the cylindrical
shape of the swimming chamber. Fish were not
touched, prodded, or shocked during the experiment.",Allen,Can. J. Fish. Aquat. Sci.,1,36.04361371,NA,NA,1.140053527,NA,NA,19,Acipenser medirostris,NA,juvenile,NA,NA,NA,25.21189834,NA,NA,31.61572052,NA,NA,NA,1,Allen 2006,Green
2006,Ucrit,"from paper: ""A Brett-type swim chamber (Brett 1964) that generated
rectilinear flow was used to measure Ucrit. Fish were individually
netted, placed in a water-filled plastic container, and
transferred (3.3 m distance) to the cylindrical swimming chamber (65 cm length, 15 cm diameter). Each fish was acclimated
for 30–60 min at a low water velocity (5 cm·s–1) to
orient it to the current and chamber. Fish were shielded from
observers by black plastic or opaque plastic sheets, and
swimming was observed via a mirror oriented at an angle
over the top of the swimming chamber. After acclimation,
water velocity was increased in increments of 10 cm·s–1 at
20 min intervals. Ucrit, as a measure of the maximum aerobic
swimming ability (Beamish 1978), was calculated from
Brett (1964): Ucrit = Vf + Vi (Tf/Ti) where Vf is the final velocity at which the fish swam for the
entire 20 min period, Vi is the increment of water velocity
increase (10 cm·s–1), Tf is the time swum at the water velocity
of fatigue, and Ti is the time increment for each water velocity
(20 min). The swimming chamber was maintained at a
constant temperature by a thermostat-controlled water bath,
and its water was partially exchanged with fresh, airequilibrated
well water between experiments to ensure dissolved
oxygen levels near air saturation. No solid blocking
corrections were used, because the maximum cross-sectional
area of the fish was always <10% of the cross-sectional area
of the swimming chamber (Bell and Terhune 1970).
Ucrit swimming tests were concluded when fish impinged
three times at the same water velocity. Impingement was determined
as either impingement (one-third or greater of body
in contact with the rear screen) or fatigue (sustained contact
with the rear screen for 60 s). After the initial impingement,
the water velocity was decreased for <60 s until the fish
came off the rear screen. If the fish did not come off the rear
screen within 60 s, the experiment was ended. If the fish did
come off the rear screen, the water velocity was increased
until it was at the same velocity of impingement. Usually,
the second and third impingements occurred in rapid succession
at the water velocity of the first impingement. In contrast,
23% of fish were excluded from analyses because of
either tail propping (caudal fin supporting fish on rear screen
despite rapid increases and decreases in water velocity to
coax the fish into swimming) or rostrum wedging (rostrum
thrust into front screen holding nonswimming fish in the
current). Fish would occasionally use their pectoral fins to
help brace against the currents on the bottom of the swimming
chamber. This bracing was usually very temporary, because
fish were unable to hold their position without
swimming for more than a few seconds because of the cylindrical
shape of the swimming chamber. Fish were not
touched, prodded, or shocked during the experiment.",Allen,Can. J. Fish. Aquat. Sci.,1,35.03115265,NA,NA,0.947123253,NA,NA,19,Acipenser medirostris,NA,juvenile,NA,NA,NA,29.49513522,NA,NA,36.98689956,NA,NA,NA,1,Allen 2006,Green
2006,Ucrit,"from paper: ""A Brett-type swim chamber (Brett 1964) that generated
rectilinear flow was used to measure Ucrit. Fish were individually
netted, placed in a water-filled plastic container, and
transferred (3.3 m distance) to the cylindrical swimming chamber (65 cm length, 15 cm diameter). Each fish was acclimated
for 30–60 min at a low water velocity (5 cm·s–1) to
orient it to the current and chamber. Fish were shielded from
observers by black plastic or opaque plastic sheets, and
swimming was observed via a mirror oriented at an angle
over the top of the swimming chamber. After acclimation,
water velocity was increased in increments of 10 cm·s–1 at
20 min intervals. Ucrit, as a measure of the maximum aerobic
swimming ability (Beamish 1978), was calculated from
Brett (1964): Ucrit = Vf + Vi (Tf/Ti) where Vf is the final velocity at which the fish swam for the
entire 20 min period, Vi is the increment of water velocity
increase (10 cm·s–1), Tf is the time swum at the water velocity
of fatigue, and Ti is the time increment for each water velocity
(20 min). The swimming chamber was maintained at a
constant temperature by a thermostat-controlled water bath,
and its water was partially exchanged with fresh, airequilibrated
well water between experiments to ensure dissolved
oxygen levels near air saturation. No solid blocking
corrections were used, because the maximum cross-sectional
area of the fish was always <10% of the cross-sectional area
of the swimming chamber (Bell and Terhune 1970).
Ucrit swimming tests were concluded when fish impinged
three times at the same water velocity. Impingement was determined
as either impingement (one-third or greater of body
in contact with the rear screen) or fatigue (sustained contact
with the rear screen for 60 s). After the initial impingement,
the water velocity was decreased for <60 s until the fish
came off the rear screen. If the fish did not come off the rear
screen within 60 s, the experiment was ended. If the fish did
come off the rear screen, the water velocity was increased
until it was at the same velocity of impingement. Usually,
the second and third impingements occurred in rapid succession
at the water velocity of the first impingement. In contrast,
23% of fish were excluded from analyses because of
either tail propping (caudal fin supporting fish on rear screen
despite rapid increases and decreases in water velocity to
coax the fish into swimming) or rostrum wedging (rostrum
thrust into front screen holding nonswimming fish in the
current). Fish would occasionally use their pectoral fins to
help brace against the currents on the bottom of the swimming
chamber. This bracing was usually very temporary, because
fish were unable to hold their position without
swimming for more than a few seconds because of the cylindrical
shape of the swimming chamber. Fish were not
touched, prodded, or shocked during the experiment.",Allen,Can. J. Fish. Aquat. Sci.,1,38.06853583,NA,NA,1.072287171,NA,NA,19,Acipenser medirostris,NA,juvenile,NA,NA,NA,28.31115104,NA,NA,35.50218341,NA,NA,NA,1,Allen 2006,Green
2006,Ucrit,"from paper: ""A Brett-type swim chamber (Brett 1964) that generated
rectilinear flow was used to measure Ucrit. Fish were individually
netted, placed in a water-filled plastic container, and
transferred (3.3 m distance) to the cylindrical swimming chamber (65 cm length, 15 cm diameter). Each fish was acclimated
for 30–60 min at a low water velocity (5 cm·s–1) to
orient it to the current and chamber. Fish were shielded from
observers by black plastic or opaque plastic sheets, and
swimming was observed via a mirror oriented at an angle
over the top of the swimming chamber. After acclimation,
water velocity was increased in increments of 10 cm·s–1 at
20 min intervals. Ucrit, as a measure of the maximum aerobic
swimming ability (Beamish 1978), was calculated from
Brett (1964): Ucrit = Vf + Vi (Tf/Ti) where Vf is the final velocity at which the fish swam for the
entire 20 min period, Vi is the increment of water velocity
increase (10 cm·s–1), Tf is the time swum at the water velocity
of fatigue, and Ti is the time increment for each water velocity
(20 min). The swimming chamber was maintained at a
constant temperature by a thermostat-controlled water bath,
and its water was partially exchanged with fresh, airequilibrated
well water between experiments to ensure dissolved
oxygen levels near air saturation. No solid blocking
corrections were used, because the maximum cross-sectional
area of the fish was always <10% of the cross-sectional area
of the swimming chamber (Bell and Terhune 1970).
Ucrit swimming tests were concluded when fish impinged
three times at the same water velocity. Impingement was determined
as either impingement (one-third or greater of body
in contact with the rear screen) or fatigue (sustained contact
with the rear screen for 60 s). After the initial impingement,
the water velocity was decreased for <60 s until the fish
came off the rear screen. If the fish did not come off the rear
screen within 60 s, the experiment was ended. If the fish did
come off the rear screen, the water velocity was increased
until it was at the same velocity of impingement. Usually,
the second and third impingements occurred in rapid succession
at the water velocity of the first impingement. In contrast,
23% of fish were excluded from analyses because of
either tail propping (caudal fin supporting fish on rear screen
despite rapid increases and decreases in water velocity to
coax the fish into swimming) or rostrum wedging (rostrum
thrust into front screen holding nonswimming fish in the
current). Fish would occasionally use their pectoral fins to
help brace against the currents on the bottom of the swimming
chamber. This bracing was usually very temporary, because
fish were unable to hold their position without
swimming for more than a few seconds because of the cylindrical
shape of the swimming chamber. Fish were not
touched, prodded, or shocked during the experiment.",Allen,Can. J. Fish. Aquat. Sci.,1,42.04049844,NA,NA,1.313407114,NA,NA,19,Acipenser medirostris,NA,juvenile,NA,NA,NA,25.52530592,NA,NA,32.00873362,NA,NA,NA,1,Allen 2006,Green
2006,Ucrit,"from paper: ""A Brett-type swim chamber (Brett 1964) that generated
rectilinear flow was used to measure Ucrit. Fish were individually
netted, placed in a water-filled plastic container, and
transferred (3.3 m distance) to the cylindrical swimming chamber (65 cm length, 15 cm diameter). Each fish was acclimated
for 30–60 min at a low water velocity (5 cm·s–1) to
orient it to the current and chamber. Fish were shielded from
observers by black plastic or opaque plastic sheets, and
swimming was observed via a mirror oriented at an angle
over the top of the swimming chamber. After acclimation,
water velocity was increased in increments of 10 cm·s–1 at
20 min intervals. Ucrit, as a measure of the maximum aerobic
swimming ability (Beamish 1978), was calculated from
Brett (1964): Ucrit = Vf + Vi (Tf/Ti) where Vf is the final velocity at which the fish swam for the
entire 20 min period, Vi is the increment of water velocity
increase (10 cm·s–1), Tf is the time swum at the water velocity
of fatigue, and Ti is the time increment for each water velocity
(20 min). The swimming chamber was maintained at a
constant temperature by a thermostat-controlled water bath,
and its water was partially exchanged with fresh, airequilibrated
well water between experiments to ensure dissolved
oxygen levels near air saturation. No solid blocking
corrections were used, because the maximum cross-sectional
area of the fish was always <10% of the cross-sectional area
of the swimming chamber (Bell and Terhune 1970).
Ucrit swimming tests were concluded when fish impinged
three times at the same water velocity. Impingement was determined
as either impingement (one-third or greater of body
in contact with the rear screen) or fatigue (sustained contact
with the rear screen for 60 s). After the initial impingement,
the water velocity was decreased for <60 s until the fish
came off the rear screen. If the fish did not come off the rear
screen within 60 s, the experiment was ended. If the fish did
come off the rear screen, the water velocity was increased
until it was at the same velocity of impingement. Usually,
the second and third impingements occurred in rapid succession
at the water velocity of the first impingement. In contrast,
23% of fish were excluded from analyses because of
either tail propping (caudal fin supporting fish on rear screen
despite rapid increases and decreases in water velocity to
coax the fish into swimming) or rostrum wedging (rostrum
thrust into front screen holding nonswimming fish in the
current). Fish would occasionally use their pectoral fins to
help brace against the currents on the bottom of the swimming
chamber. This bracing was usually very temporary, because
fish were unable to hold their position without
swimming for more than a few seconds because of the cylindrical
shape of the swimming chamber. Fish were not
touched, prodded, or shocked during the experiment.",Allen,Can. J. Fish. Aquat. Sci.,1,43.0529595,NA,NA,1.341377922,NA,NA,19,Acipenser medirostris,NA,juvenile,NA,NA,NA,25.59495205,NA,NA,32.09606987,NA,NA,NA,1,Allen 2006,Green
2006,Ucrit,"from paper: ""A Brett-type swim chamber (Brett 1964) that generated
rectilinear flow was used to measure Ucrit. Fish were individually
netted, placed in a water-filled plastic container, and
transferred (3.3 m distance) to the cylindrical swimming chamber (65 cm length, 15 cm diameter). Each fish was acclimated
for 30–60 min at a low water velocity (5 cm·s–1) to
orient it to the current and chamber. Fish were shielded from
observers by black plastic or opaque plastic sheets, and
swimming was observed via a mirror oriented at an angle
over the top of the swimming chamber. After acclimation,
water velocity was increased in increments of 10 cm·s–1 at
20 min intervals. Ucrit, as a measure of the maximum aerobic
swimming ability (Beamish 1978), was calculated from
Brett (1964): Ucrit = Vf + Vi (Tf/Ti) where Vf is the final velocity at which the fish swam for the
entire 20 min period, Vi is the increment of water velocity
increase (10 cm·s–1), Tf is the time swum at the water velocity
of fatigue, and Ti is the time increment for each water velocity
(20 min). The swimming chamber was maintained at a
constant temperature by a thermostat-controlled water bath,
and its water was partially exchanged with fresh, airequilibrated
well water between experiments to ensure dissolved
oxygen levels near air saturation. No solid blocking
corrections were used, because the maximum cross-sectional
area of the fish was always <10% of the cross-sectional area
of the swimming chamber (Bell and Terhune 1970).
Ucrit swimming tests were concluded when fish impinged
three times at the same water velocity. Impingement was determined
as either impingement (one-third or greater of body
in contact with the rear screen) or fatigue (sustained contact
with the rear screen for 60 s). After the initial impingement,
the water velocity was decreased for <60 s until the fish
came off the rear screen. If the fish did not come off the rear
screen within 60 s, the experiment was ended. If the fish did
come off the rear screen, the water velocity was increased
until it was at the same velocity of impingement. Usually,
the second and third impingements occurred in rapid succession
at the water velocity of the first impingement. In contrast,
23% of fish were excluded from analyses because of
either tail propping (caudal fin supporting fish on rear screen
despite rapid increases and decreases in water velocity to
coax the fish into swimming) or rostrum wedging (rostrum
thrust into front screen holding nonswimming fish in the
current). Fish would occasionally use their pectoral fins to
help brace against the currents on the bottom of the swimming
chamber. This bracing was usually very temporary, because
fish were unable to hold their position without
swimming for more than a few seconds because of the cylindrical
shape of the swimming chamber. Fish were not
touched, prodded, or shocked during the experiment.",Allen,Can. J. Fish. Aquat. Sci.,1,45.62305296,NA,NA,1.467370664,NA,NA,19,Acipenser medirostris,NA,juvenile,NA,NA,NA,24.79402158,NA,NA,31.09170306,NA,NA,NA,1,Allen 2006,Green
2006,Ucrit,"from paper: ""A Brett-type swim chamber (Brett 1964) that generated
rectilinear flow was used to measure Ucrit. Fish were individually
netted, placed in a water-filled plastic container, and
transferred (3.3 m distance) to the cylindrical swimming chamber (65 cm length, 15 cm diameter). Each fish was acclimated
for 30–60 min at a low water velocity (5 cm·s–1) to
orient it to the current and chamber. Fish were shielded from
observers by black plastic or opaque plastic sheets, and
swimming was observed via a mirror oriented at an angle
over the top of the swimming chamber. After acclimation,
water velocity was increased in increments of 10 cm·s–1 at
20 min intervals. Ucrit, as a measure of the maximum aerobic
swimming ability (Beamish 1978), was calculated from
Brett (1964): Ucrit = Vf + Vi (Tf/Ti) where Vf is the final velocity at which the fish swam for the
entire 20 min period, Vi is the increment of water velocity
increase (10 cm·s–1), Tf is the time swum at the water velocity
of fatigue, and Ti is the time increment for each water velocity
(20 min). The swimming chamber was maintained at a
constant temperature by a thermostat-controlled water bath,
and its water was partially exchanged with fresh, airequilibrated
well water between experiments to ensure dissolved
oxygen levels near air saturation. No solid blocking
corrections were used, because the maximum cross-sectional
area of the fish was always <10% of the cross-sectional area
of the swimming chamber (Bell and Terhune 1970).
Ucrit swimming tests were concluded when fish impinged
three times at the same water velocity. Impingement was determined
as either impingement (one-third or greater of body
in contact with the rear screen) or fatigue (sustained contact
with the rear screen for 60 s). After the initial impingement,
the water velocity was decreased for <60 s until the fish
came off the rear screen. If the fish did not come off the rear
screen within 60 s, the experiment was ended. If the fish did
come off the rear screen, the water velocity was increased
until it was at the same velocity of impingement. Usually,
the second and third impingements occurred in rapid succession
at the water velocity of the first impingement. In contrast,
23% of fish were excluded from analyses because of
either tail propping (caudal fin supporting fish on rear screen
despite rapid increases and decreases in water velocity to
coax the fish into swimming) or rostrum wedging (rostrum
thrust into front screen holding nonswimming fish in the
current). Fish would occasionally use their pectoral fins to
help brace against the currents on the bottom of the swimming
chamber. This bracing was usually very temporary, because
fish were unable to hold their position without
swimming for more than a few seconds because of the cylindrical
shape of the swimming chamber. Fish were not
touched, prodded, or shocked during the experiment.",Allen,Can. J. Fish. Aquat. Sci.,1,49.04984424,NA,NA,1.613852634,NA,NA,19,Acipenser medirostris,NA,juvenile,NA,NA,NA,24.23685255,NA,NA,30.3930131,NA,NA,NA,1,Allen 2006,Green
2006,Ucrit,"from paper: ""A Brett-type swim chamber (Brett 1964) that generated
rectilinear flow was used to measure Ucrit. Fish were individually
netted, placed in a water-filled plastic container, and
transferred (3.3 m distance) to the cylindrical swimming chamber (65 cm length, 15 cm diameter). Each fish was acclimated
for 30–60 min at a low water velocity (5 cm·s–1) to
orient it to the current and chamber. Fish were shielded from
observers by black plastic or opaque plastic sheets, and
swimming was observed via a mirror oriented at an angle
over the top of the swimming chamber. After acclimation,
water velocity was increased in increments of 10 cm·s–1 at
20 min intervals. Ucrit, as a measure of the maximum aerobic
swimming ability (Beamish 1978), was calculated from
Brett (1964): Ucrit = Vf + Vi (Tf/Ti) where Vf is the final velocity at which the fish swam for the
entire 20 min period, Vi is the increment of water velocity
increase (10 cm·s–1), Tf is the time swum at the water velocity
of fatigue, and Ti is the time increment for each water velocity
(20 min). The swimming chamber was maintained at a
constant temperature by a thermostat-controlled water bath,
and its water was partially exchanged with fresh, airequilibrated
well water between experiments to ensure dissolved
oxygen levels near air saturation. No solid blocking
corrections were used, because the maximum cross-sectional
area of the fish was always <10% of the cross-sectional area
of the swimming chamber (Bell and Terhune 1970).
Ucrit swimming tests were concluded when fish impinged
three times at the same water velocity. Impingement was determined
as either impingement (one-third or greater of body
in contact with the rear screen) or fatigue (sustained contact
with the rear screen for 60 s). After the initial impingement,
the water velocity was decreased for <60 s until the fish
came off the rear screen. If the fish did not come off the rear
screen within 60 s, the experiment was ended. If the fish did
come off the rear screen, the water velocity was increased
until it was at the same velocity of impingement. Usually,
the second and third impingements occurred in rapid succession
at the water velocity of the first impingement. In contrast,
23% of fish were excluded from analyses because of
either tail propping (caudal fin supporting fish on rear screen
despite rapid increases and decreases in water velocity to
coax the fish into swimming) or rostrum wedging (rostrum
thrust into front screen holding nonswimming fish in the
current). Fish would occasionally use their pectoral fins to
help brace against the currents on the bottom of the swimming
chamber. This bracing was usually very temporary, because
fish were unable to hold their position without
swimming for more than a few seconds because of the cylindrical
shape of the swimming chamber. Fish were not
touched, prodded, or shocked during the experiment.",Allen,Can. J. Fish. Aquat. Sci.,1,49.04984424,NA,NA,1.519947812,NA,NA,19,Acipenser medirostris,NA,juvenile,NA,NA,NA,25.7342443,NA,NA,32.27074236,NA,NA,NA,1,Allen 2006,Green
2006,Ucrit,"from paper: ""A Brett-type swim chamber (Brett 1964) that generated
rectilinear flow was used to measure Ucrit. Fish were individually
netted, placed in a water-filled plastic container, and
transferred (3.3 m distance) to the cylindrical swimming chamber (65 cm length, 15 cm diameter). Each fish was acclimated
for 30–60 min at a low water velocity (5 cm·s–1) to
orient it to the current and chamber. Fish were shielded from
observers by black plastic or opaque plastic sheets, and
swimming was observed via a mirror oriented at an angle
over the top of the swimming chamber. After acclimation,
water velocity was increased in increments of 10 cm·s–1 at
20 min intervals. Ucrit, as a measure of the maximum aerobic
swimming ability (Beamish 1978), was calculated from
Brett (1964): Ucrit = Vf + Vi (Tf/Ti) where Vf is the final velocity at which the fish swam for the
entire 20 min period, Vi is the increment of water velocity
increase (10 cm·s–1), Tf is the time swum at the water velocity
of fatigue, and Ti is the time increment for each water velocity
(20 min). The swimming chamber was maintained at a
constant temperature by a thermostat-controlled water bath,
and its water was partially exchanged with fresh, airequilibrated
well water between experiments to ensure dissolved
oxygen levels near air saturation. No solid blocking
corrections were used, because the maximum cross-sectional
area of the fish was always <10% of the cross-sectional area
of the swimming chamber (Bell and Terhune 1970).
Ucrit swimming tests were concluded when fish impinged
three times at the same water velocity. Impingement was determined
as either impingement (one-third or greater of body
in contact with the rear screen) or fatigue (sustained contact
with the rear screen for 60 s). After the initial impingement,
the water velocity was decreased for <60 s until the fish
came off the rear screen. If the fish did not come off the rear
screen within 60 s, the experiment was ended. If the fish did
come off the rear screen, the water velocity was increased
until it was at the same velocity of impingement. Usually,
the second and third impingements occurred in rapid succession
at the water velocity of the first impingement. In contrast,
23% of fish were excluded from analyses because of
either tail propping (caudal fin supporting fish on rear screen
despite rapid increases and decreases in water velocity to
coax the fish into swimming) or rostrum wedging (rostrum
thrust into front screen holding nonswimming fish in the
current). Fish would occasionally use their pectoral fins to
help brace against the currents on the bottom of the swimming
chamber. This bracing was usually very temporary, because
fish were unable to hold their position without
swimming for more than a few seconds because of the cylindrical
shape of the swimming chamber. Fish were not
touched, prodded, or shocked during the experiment.",Allen,Can. J. Fish. Aquat. Sci.,1,54.57943925,NA,NA,1.851658013,NA,NA,19,Acipenser medirostris,NA,juvenile,NA,NA,NA,23.50556821,NA,NA,29.47598253,NA,NA,NA,1,Allen 2006,Green
2006,Ucrit,"from paper: ""A Brett-type swim chamber (Brett 1964) that generated
rectilinear flow was used to measure Ucrit. Fish were individually
netted, placed in a water-filled plastic container, and
transferred (3.3 m distance) to the cylindrical swimming chamber (65 cm length, 15 cm diameter). Each fish was acclimated
for 30–60 min at a low water velocity (5 cm·s–1) to
orient it to the current and chamber. Fish were shielded from
observers by black plastic or opaque plastic sheets, and
swimming was observed via a mirror oriented at an angle
over the top of the swimming chamber. After acclimation,
water velocity was increased in increments of 10 cm·s–1 at
20 min intervals. Ucrit, as a measure of the maximum aerobic
swimming ability (Beamish 1978), was calculated from
Brett (1964): Ucrit = Vf + Vi (Tf/Ti) where Vf is the final velocity at which the fish swam for the
entire 20 min period, Vi is the increment of water velocity
increase (10 cm·s–1), Tf is the time swum at the water velocity
of fatigue, and Ti is the time increment for each water velocity
(20 min). The swimming chamber was maintained at a
constant temperature by a thermostat-controlled water bath,
and its water was partially exchanged with fresh, airequilibrated
well water between experiments to ensure dissolved
oxygen levels near air saturation. No solid blocking
corrections were used, because the maximum cross-sectional
area of the fish was always <10% of the cross-sectional area
of the swimming chamber (Bell and Terhune 1970).
Ucrit swimming tests were concluded when fish impinged
three times at the same water velocity. Impingement was determined
as either impingement (one-third or greater of body
in contact with the rear screen) or fatigue (sustained contact
with the rear screen for 60 s). After the initial impingement,
the water velocity was decreased for <60 s until the fish
came off the rear screen. If the fish did not come off the rear
screen within 60 s, the experiment was ended. If the fish did
come off the rear screen, the water velocity was increased
until it was at the same velocity of impingement. Usually,
the second and third impingements occurred in rapid succession
at the water velocity of the first impingement. In contrast,
23% of fish were excluded from analyses because of
either tail propping (caudal fin supporting fish on rear screen
despite rapid increases and decreases in water velocity to
coax the fish into swimming) or rostrum wedging (rostrum
thrust into front screen holding nonswimming fish in the
current). Fish would occasionally use their pectoral fins to
help brace against the currents on the bottom of the swimming
chamber. This bracing was usually very temporary, because
fish were unable to hold their position without
swimming for more than a few seconds because of the cylindrical
shape of the swimming chamber. Fish were not
touched, prodded, or shocked during the experiment.",Allen,Can. J. Fish. Aquat. Sci.,1,54.03426791,NA,NA,1.570285197,NA,NA,19,Acipenser medirostris,NA,juvenile,NA,NA,NA,27.44057444,NA,NA,34.41048035,NA,NA,NA,1,Allen 2006,Green
2006,Ucrit,"from paper: ""A Brett-type swim chamber (Brett 1964) that generated
rectilinear flow was used to measure Ucrit. Fish were individually
netted, placed in a water-filled plastic container, and
transferred (3.3 m distance) to the cylindrical swimming chamber (65 cm length, 15 cm diameter). Each fish was acclimated
for 30–60 min at a low water velocity (5 cm·s–1) to
orient it to the current and chamber. Fish were shielded from
observers by black plastic or opaque plastic sheets, and
swimming was observed via a mirror oriented at an angle
over the top of the swimming chamber. After acclimation,
water velocity was increased in increments of 10 cm·s–1 at
20 min intervals. Ucrit, as a measure of the maximum aerobic
swimming ability (Beamish 1978), was calculated from
Brett (1964): Ucrit = Vf + Vi (Tf/Ti) where Vf is the final velocity at which the fish swam for the
entire 20 min period, Vi is the increment of water velocity
increase (10 cm·s–1), Tf is the time swum at the water velocity
of fatigue, and Ti is the time increment for each water velocity
(20 min). The swimming chamber was maintained at a
constant temperature by a thermostat-controlled water bath,
and its water was partially exchanged with fresh, airequilibrated
well water between experiments to ensure dissolved
oxygen levels near air saturation. No solid blocking
corrections were used, because the maximum cross-sectional
area of the fish was always <10% of the cross-sectional area
of the swimming chamber (Bell and Terhune 1970).
Ucrit swimming tests were concluded when fish impinged
three times at the same water velocity. Impingement was determined
as either impingement (one-third or greater of body
in contact with the rear screen) or fatigue (sustained contact
with the rear screen for 60 s). After the initial impingement,
the water velocity was decreased for <60 s until the fish
came off the rear screen. If the fish did not come off the rear
screen within 60 s, the experiment was ended. If the fish did
come off the rear screen, the water velocity was increased
until it was at the same velocity of impingement. Usually,
the second and third impingements occurred in rapid succession
at the water velocity of the first impingement. In contrast,
23% of fish were excluded from analyses because of
either tail propping (caudal fin supporting fish on rear screen
despite rapid increases and decreases in water velocity to
coax the fish into swimming) or rostrum wedging (rostrum
thrust into front screen holding nonswimming fish in the
current). Fish would occasionally use their pectoral fins to
help brace against the currents on the bottom of the swimming
chamber. This bracing was usually very temporary, because
fish were unable to hold their position without
swimming for more than a few seconds because of the cylindrical
shape of the swimming chamber. Fish were not
touched, prodded, or shocked during the experiment.",Allen,Can. J. Fish. Aquat. Sci.,1,53.56697819,NA,NA,1.495955854,NA,NA,19,Acipenser medirostris,NA,juvenile,NA,NA,NA,28.55491249,NA,NA,35.80786026,NA,NA,NA,1,Allen 2006,Green
2006,Ucrit,"from paper: ""A Brett-type swim chamber (Brett 1964) that generated
rectilinear flow was used to measure Ucrit. Fish were individually
netted, placed in a water-filled plastic container, and
transferred (3.3 m distance) to the cylindrical swimming chamber (65 cm length, 15 cm diameter). Each fish was acclimated
for 30–60 min at a low water velocity (5 cm·s–1) to
orient it to the current and chamber. Fish were shielded from
observers by black plastic or opaque plastic sheets, and
swimming was observed via a mirror oriented at an angle
over the top of the swimming chamber. After acclimation,
water velocity was increased in increments of 10 cm·s–1 at
20 min intervals. Ucrit, as a measure of the maximum aerobic
swimming ability (Beamish 1978), was calculated from
Brett (1964): Ucrit = Vf + Vi (Tf/Ti) where Vf is the final velocity at which the fish swam for the
entire 20 min period, Vi is the increment of water velocity
increase (10 cm·s–1), Tf is the time swum at the water velocity
of fatigue, and Ti is the time increment for each water velocity
(20 min). The swimming chamber was maintained at a
constant temperature by a thermostat-controlled water bath,
and its water was partially exchanged with fresh, airequilibrated
well water between experiments to ensure dissolved
oxygen levels near air saturation. No solid blocking
corrections were used, because the maximum cross-sectional
area of the fish was always <10% of the cross-sectional area
of the swimming chamber (Bell and Terhune 1970).
Ucrit swimming tests were concluded when fish impinged
three times at the same water velocity. Impingement was determined
as either impingement (one-third or greater of body
in contact with the rear screen) or fatigue (sustained contact
with the rear screen for 60 s). After the initial impingement,
the water velocity was decreased for <60 s until the fish
came off the rear screen. If the fish did not come off the rear
screen within 60 s, the experiment was ended. If the fish did
come off the rear screen, the water velocity was increased
until it was at the same velocity of impingement. Usually,
the second and third impingements occurred in rapid succession
at the water velocity of the first impingement. In contrast,
23% of fish were excluded from analyses because of
either tail propping (caudal fin supporting fish on rear screen
despite rapid increases and decreases in water velocity to
coax the fish into swimming) or rostrum wedging (rostrum
thrust into front screen holding nonswimming fish in the
current). Fish would occasionally use their pectoral fins to
help brace against the currents on the bottom of the swimming
chamber. This bracing was usually very temporary, because
fish were unable to hold their position without
swimming for more than a few seconds because of the cylindrical
shape of the swimming chamber. Fish were not
touched, prodded, or shocked during the experiment.",Allen,Can. J. Fish. Aquat. Sci.,1,51.54205607,NA,NA,1.356681706,NA,NA,19,Acipenser medirostris,NA,juvenile,NA,NA,NA,30.29606569,NA,NA,37.99126638,NA,NA,NA,1,Allen 2006,Green
2006,Ucrit,"from paper: ""A Brett-type swim chamber (Brett 1964) that generated
rectilinear flow was used to measure Ucrit. Fish were individually
netted, placed in a water-filled plastic container, and
transferred (3.3 m distance) to the cylindrical swimming chamber (65 cm length, 15 cm diameter). Each fish was acclimated
for 30–60 min at a low water velocity (5 cm·s–1) to
orient it to the current and chamber. Fish were shielded from
observers by black plastic or opaque plastic sheets, and
swimming was observed via a mirror oriented at an angle
over the top of the swimming chamber. After acclimation,
water velocity was increased in increments of 10 cm·s–1 at
20 min intervals. Ucrit, as a measure of the maximum aerobic
swimming ability (Beamish 1978), was calculated from
Brett (1964): Ucrit = Vf + Vi (Tf/Ti) where Vf is the final velocity at which the fish swam for the
entire 20 min period, Vi is the increment of water velocity
increase (10 cm·s–1), Tf is the time swum at the water velocity
of fatigue, and Ti is the time increment for each water velocity
(20 min). The swimming chamber was maintained at a
constant temperature by a thermostat-controlled water bath,
and its water was partially exchanged with fresh, airequilibrated
well water between experiments to ensure dissolved
oxygen levels near air saturation. No solid blocking
corrections were used, because the maximum cross-sectional
area of the fish was always <10% of the cross-sectional area
of the swimming chamber (Bell and Terhune 1970).
Ucrit swimming tests were concluded when fish impinged
three times at the same water velocity. Impingement was determined
as either impingement (one-third or greater of body
in contact with the rear screen) or fatigue (sustained contact
with the rear screen for 60 s). After the initial impingement,
the water velocity was decreased for <60 s until the fish
came off the rear screen. If the fish did not come off the rear
screen within 60 s, the experiment was ended. If the fish did
come off the rear screen, the water velocity was increased
until it was at the same velocity of impingement. Usually,
the second and third impingements occurred in rapid succession
at the water velocity of the first impingement. In contrast,
23% of fish were excluded from analyses because of
either tail propping (caudal fin supporting fish on rear screen
despite rapid increases and decreases in water velocity to
coax the fish into swimming) or rostrum wedging (rostrum
thrust into front screen holding nonswimming fish in the
current). Fish would occasionally use their pectoral fins to
help brace against the currents on the bottom of the swimming
chamber. This bracing was usually very temporary, because
fish were unable to hold their position without
swimming for more than a few seconds because of the cylindrical
shape of the swimming chamber. Fish were not
touched, prodded, or shocked during the experiment.",Allen,Can. J. Fish. Aquat. Sci.,1,48.58255452,NA,NA,1.176047039,NA,NA,19,Acipenser medirostris,NA,juvenile,NA,NA,NA,32.94261856,NA,NA,41.31004367,NA,NA,NA,1,Allen 2006,Green
2006,Ucrit,"from paper: ""A Brett-type swim chamber (Brett 1964) that generated
rectilinear flow was used to measure Ucrit. Fish were individually
netted, placed in a water-filled plastic container, and
transferred (3.3 m distance) to the cylindrical swimming chamber (65 cm length, 15 cm diameter). Each fish was acclimated
for 30–60 min at a low water velocity (5 cm·s–1) to
orient it to the current and chamber. Fish were shielded from
observers by black plastic or opaque plastic sheets, and
swimming was observed via a mirror oriented at an angle
over the top of the swimming chamber. After acclimation,
water velocity was increased in increments of 10 cm·s–1 at
20 min intervals. Ucrit, as a measure of the maximum aerobic
swimming ability (Beamish 1978), was calculated from
Brett (1964): Ucrit = Vf + Vi (Tf/Ti) where Vf is the final velocity at which the fish swam for the
entire 20 min period, Vi is the increment of water velocity
increase (10 cm·s–1), Tf is the time swum at the water velocity
of fatigue, and Ti is the time increment for each water velocity
(20 min). The swimming chamber was maintained at a
constant temperature by a thermostat-controlled water bath,
and its water was partially exchanged with fresh, airequilibrated
well water between experiments to ensure dissolved
oxygen levels near air saturation. No solid blocking
corrections were used, because the maximum cross-sectional
area of the fish was always <10% of the cross-sectional area
of the swimming chamber (Bell and Terhune 1970).
Ucrit swimming tests were concluded when fish impinged
three times at the same water velocity. Impingement was determined
as either impingement (one-third or greater of body
in contact with the rear screen) or fatigue (sustained contact
with the rear screen for 60 s). After the initial impingement,
the water velocity was decreased for <60 s until the fish
came off the rear screen. If the fish did not come off the rear
screen within 60 s, the experiment was ended. If the fish did
come off the rear screen, the water velocity was increased
until it was at the same velocity of impingement. Usually,
the second and third impingements occurred in rapid succession
at the water velocity of the first impingement. In contrast,
23% of fish were excluded from analyses because of
either tail propping (caudal fin supporting fish on rear screen
despite rapid increases and decreases in water velocity to
coax the fish into swimming) or rostrum wedging (rostrum
thrust into front screen holding nonswimming fish in the
current). Fish would occasionally use their pectoral fins to
help brace against the currents on the bottom of the swimming
chamber. This bracing was usually very temporary, because
fish were unable to hold their position without
swimming for more than a few seconds because of the cylindrical
shape of the swimming chamber. Fish were not
touched, prodded, or shocked during the experiment.",Allen,Can. J. Fish. Aquat. Sci.,1,42.04049844,NA,NA,1.102780543,NA,NA,19,Acipenser medirostris,NA,juvenile,NA,NA,NA,30.40053488,NA,NA,38.12227074,NA,NA,NA,1,Allen 2006,Green
2006,Ucrit,"from paper: ""A Brett-type swim chamber (Brett 1964) that generated
rectilinear flow was used to measure Ucrit. Fish were individually
netted, placed in a water-filled plastic container, and
transferred (3.3 m distance) to the cylindrical swimming chamber (65 cm length, 15 cm diameter). Each fish was acclimated
for 30–60 min at a low water velocity (5 cm·s–1) to
orient it to the current and chamber. Fish were shielded from
observers by black plastic or opaque plastic sheets, and
swimming was observed via a mirror oriented at an angle
over the top of the swimming chamber. After acclimation,
water velocity was increased in increments of 10 cm·s–1 at
20 min intervals. Ucrit, as a measure of the maximum aerobic
swimming ability (Beamish 1978), was calculated from
Brett (1964): Ucrit = Vf + Vi (Tf/Ti) where Vf is the final velocity at which the fish swam for the
entire 20 min period, Vi is the increment of water velocity
increase (10 cm·s–1), Tf is the time swum at the water velocity
of fatigue, and Ti is the time increment for each water velocity
(20 min). The swimming chamber was maintained at a
constant temperature by a thermostat-controlled water bath,
and its water was partially exchanged with fresh, airequilibrated
well water between experiments to ensure dissolved
oxygen levels near air saturation. No solid blocking
corrections were used, because the maximum cross-sectional
area of the fish was always <10% of the cross-sectional area
of the swimming chamber (Bell and Terhune 1970).
Ucrit swimming tests were concluded when fish impinged
three times at the same water velocity. Impingement was determined
as either impingement (one-third or greater of body
in contact with the rear screen) or fatigue (sustained contact
with the rear screen for 60 s). After the initial impingement,
the water velocity was decreased for <60 s until the fish
came off the rear screen. If the fish did not come off the rear
screen within 60 s, the experiment was ended. If the fish did
come off the rear screen, the water velocity was increased
until it was at the same velocity of impingement. Usually,
the second and third impingements occurred in rapid succession
at the water velocity of the first impingement. In contrast,
23% of fish were excluded from analyses because of
either tail propping (caudal fin supporting fish on rear screen
despite rapid increases and decreases in water velocity to
coax the fish into swimming) or rostrum wedging (rostrum
thrust into front screen holding nonswimming fish in the
current). Fish would occasionally use their pectoral fins to
help brace against the currents on the bottom of the swimming
chamber. This bracing was usually very temporary, because
fish were unable to hold their position without
swimming for more than a few seconds because of the cylindrical
shape of the swimming chamber. Fish were not
touched, prodded, or shocked during the experiment.",Allen,Can. J. Fish. Aquat. Sci.,1,39.5482866,NA,NA,1.001831597,NA,NA,19,Acipenser medirostris,NA,juvenile,NA,NA,NA,31.48004987,NA,NA,39.47598253,NA,NA,NA,1,Allen 2006,Green
2006,Ucrit,"from paper: ""A Brett-type swim chamber (Brett 1964) that generated
rectilinear flow was used to measure Ucrit. Fish were individually
netted, placed in a water-filled plastic container, and
transferred (3.3 m distance) to the cylindrical swimming chamber (65 cm length, 15 cm diameter). Each fish was acclimated
for 30–60 min at a low water velocity (5 cm·s–1) to
orient it to the current and chamber. Fish were shielded from
observers by black plastic or opaque plastic sheets, and
swimming was observed via a mirror oriented at an angle
over the top of the swimming chamber. After acclimation,
water velocity was increased in increments of 10 cm·s–1 at
20 min intervals. Ucrit, as a measure of the maximum aerobic
swimming ability (Beamish 1978), was calculated from
Brett (1964): Ucrit = Vf + Vi (Tf/Ti) where Vf is the final velocity at which the fish swam for the
entire 20 min period, Vi is the increment of water velocity
increase (10 cm·s–1), Tf is the time swum at the water velocity
of fatigue, and Ti is the time increment for each water velocity
(20 min). The swimming chamber was maintained at a
constant temperature by a thermostat-controlled water bath,
and its water was partially exchanged with fresh, airequilibrated
well water between experiments to ensure dissolved
oxygen levels near air saturation. No solid blocking
corrections were used, because the maximum cross-sectional
area of the fish was always <10% of the cross-sectional area
of the swimming chamber (Bell and Terhune 1970).
Ucrit swimming tests were concluded when fish impinged
three times at the same water velocity. Impingement was determined
as either impingement (one-third or greater of body
in contact with the rear screen) or fatigue (sustained contact
with the rear screen for 60 s). After the initial impingement,
the water velocity was decreased for <60 s until the fish
came off the rear screen. If the fish did not come off the rear
screen within 60 s, the experiment was ended. If the fish did
come off the rear screen, the water velocity was increased
until it was at the same velocity of impingement. Usually,
the second and third impingements occurred in rapid succession
at the water velocity of the first impingement. In contrast,
23% of fish were excluded from analyses because of
either tail propping (caudal fin supporting fish on rear screen
despite rapid increases and decreases in water velocity to
coax the fish into swimming) or rostrum wedging (rostrum
thrust into front screen holding nonswimming fish in the
current). Fish would occasionally use their pectoral fins to
help brace against the currents on the bottom of the swimming
chamber. This bracing was usually very temporary, because
fish were unable to hold their position without
swimming for more than a few seconds because of the cylindrical
shape of the swimming chamber. Fish were not
touched, prodded, or shocked during the experiment.",Allen,Can. J. Fish. Aquat. Sci.,1,37.05607477,NA,NA,0.836867961,NA,NA,19,Acipenser medirostris,NA,juvenile,NA,NA,NA,35.31058691,NA,NA,44.27947598,NA,NA,NA,1,Allen 2006,Green
2006,Ucrit,"from paper: ""A Brett-type swim chamber (Brett 1964) that generated
rectilinear flow was used to measure Ucrit. Fish were individually
netted, placed in a water-filled plastic container, and
transferred (3.3 m distance) to the cylindrical swimming chamber (65 cm length, 15 cm diameter). Each fish was acclimated
for 30–60 min at a low water velocity (5 cm·s–1) to
orient it to the current and chamber. Fish were shielded from
observers by black plastic or opaque plastic sheets, and
swimming was observed via a mirror oriented at an angle
over the top of the swimming chamber. After acclimation,
water velocity was increased in increments of 10 cm·s–1 at
20 min intervals. Ucrit, as a measure of the maximum aerobic
swimming ability (Beamish 1978), was calculated from
Brett (1964): Ucrit = Vf + Vi (Tf/Ti) where Vf is the final velocity at which the fish swam for the
entire 20 min period, Vi is the increment of water velocity
increase (10 cm·s–1), Tf is the time swum at the water velocity
of fatigue, and Ti is the time increment for each water velocity
(20 min). The swimming chamber was maintained at a
constant temperature by a thermostat-controlled water bath,
and its water was partially exchanged with fresh, airequilibrated
well water between experiments to ensure dissolved
oxygen levels near air saturation. No solid blocking
corrections were used, because the maximum cross-sectional
area of the fish was always <10% of the cross-sectional area
of the swimming chamber (Bell and Terhune 1970).
Ucrit swimming tests were concluded when fish impinged
three times at the same water velocity. Impingement was determined
as either impingement (one-third or greater of body
in contact with the rear screen) or fatigue (sustained contact
with the rear screen for 60 s). After the initial impingement,
the water velocity was decreased for <60 s until the fish
came off the rear screen. If the fish did not come off the rear
screen within 60 s, the experiment was ended. If the fish did
come off the rear screen, the water velocity was increased
until it was at the same velocity of impingement. Usually,
the second and third impingements occurred in rapid succession
at the water velocity of the first impingement. In contrast,
23% of fish were excluded from analyses because of
either tail propping (caudal fin supporting fish on rear screen
despite rapid increases and decreases in water velocity to
coax the fish into swimming) or rostrum wedging (rostrum
thrust into front screen holding nonswimming fish in the
current). Fish would occasionally use their pectoral fins to
help brace against the currents on the bottom of the swimming
chamber. This bracing was usually very temporary, because
fish were unable to hold their position without
swimming for more than a few seconds because of the cylindrical
shape of the swimming chamber. Fish were not
touched, prodded, or shocked during the experiment.",Allen,Can. J. Fish. Aquat. Sci.,1,26.54205607,NA,NA,0.570716511,NA,NA,19,Acipenser medirostris,NA,juvenile,NA,NA,NA,37.08656317,NA,NA,46.50655022,NA,NA,NA,1,Allen 2006,Green
2006,Ucrit,"from paper: ""A Brett-type swim chamber (Brett 1964) that generated
rectilinear flow was used to measure Ucrit. Fish were individually
netted, placed in a water-filled plastic container, and
transferred (3.3 m distance) to the cylindrical swimming chamber (65 cm length, 15 cm diameter). Each fish was acclimated
for 30–60 min at a low water velocity (5 cm·s–1) to
orient it to the current and chamber. Fish were shielded from
observers by black plastic or opaque plastic sheets, and
swimming was observed via a mirror oriented at an angle
over the top of the swimming chamber. After acclimation,
water velocity was increased in increments of 10 cm·s–1 at
20 min intervals. Ucrit, as a measure of the maximum aerobic
swimming ability (Beamish 1978), was calculated from
Brett (1964): Ucrit = Vf + Vi (Tf/Ti) where Vf is the final velocity at which the fish swam for the
entire 20 min period, Vi is the increment of water velocity
increase (10 cm·s–1), Tf is the time swum at the water velocity
of fatigue, and Ti is the time increment for each water velocity
(20 min). The swimming chamber was maintained at a
constant temperature by a thermostat-controlled water bath,
and its water was partially exchanged with fresh, airequilibrated
well water between experiments to ensure dissolved
oxygen levels near air saturation. No solid blocking
corrections were used, because the maximum cross-sectional
area of the fish was always <10% of the cross-sectional area
of the swimming chamber (Bell and Terhune 1970).
Ucrit swimming tests were concluded when fish impinged
three times at the same water velocity. Impingement was determined
as either impingement (one-third or greater of body
in contact with the rear screen) or fatigue (sustained contact
with the rear screen for 60 s). After the initial impingement,
the water velocity was decreased for <60 s until the fish
came off the rear screen. If the fish did not come off the rear
screen within 60 s, the experiment was ended. If the fish did
come off the rear screen, the water velocity was increased
until it was at the same velocity of impingement. Usually,
the second and third impingements occurred in rapid succession
at the water velocity of the first impingement. In contrast,
23% of fish were excluded from analyses because of
either tail propping (caudal fin supporting fish on rear screen
despite rapid increases and decreases in water velocity to
coax the fish into swimming) or rostrum wedging (rostrum
thrust into front screen holding nonswimming fish in the
current). Fish would occasionally use their pectoral fins to
help brace against the currents on the bottom of the swimming
chamber. This bracing was usually very temporary, because
fish were unable to hold their position without
swimming for more than a few seconds because of the cylindrical
shape of the swimming chamber. Fish were not
touched, prodded, or shocked during the experiment.",Allen,Can. J. Fish. Aquat. Sci.,1,34.09657321,NA,NA,0.754407272,NA,NA,19,Acipenser medirostris,NA,juvenile,NA,NA,NA,36.04187125,NA,NA,45.19650655,NA,NA,NA,1,Allen 2006,Green
2006,Ucrit,"from paper: ""A Brett-type swim chamber (Brett 1964) that generated
rectilinear flow was used to measure Ucrit. Fish were individually
netted, placed in a water-filled plastic container, and
transferred (3.3 m distance) to the cylindrical swimming chamber (65 cm length, 15 cm diameter). Each fish was acclimated
for 30–60 min at a low water velocity (5 cm·s–1) to
orient it to the current and chamber. Fish were shielded from
observers by black plastic or opaque plastic sheets, and
swimming was observed via a mirror oriented at an angle
over the top of the swimming chamber. After acclimation,
water velocity was increased in increments of 10 cm·s–1 at
20 min intervals. Ucrit, as a measure of the maximum aerobic
swimming ability (Beamish 1978), was calculated from
Brett (1964): Ucrit = Vf + Vi (Tf/Ti) where Vf is the final velocity at which the fish swam for the
entire 20 min period, Vi is the increment of water velocity
increase (10 cm·s–1), Tf is the time swum at the water velocity
of fatigue, and Ti is the time increment for each water velocity
(20 min). The swimming chamber was maintained at a
constant temperature by a thermostat-controlled water bath,
and its water was partially exchanged with fresh, airequilibrated
well water between experiments to ensure dissolved
oxygen levels near air saturation. No solid blocking
corrections were used, because the maximum cross-sectional
area of the fish was always <10% of the cross-sectional area
of the swimming chamber (Bell and Terhune 1970).
Ucrit swimming tests were concluded when fish impinged
three times at the same water velocity. Impingement was determined
as either impingement (one-third or greater of body
in contact with the rear screen) or fatigue (sustained contact
with the rear screen for 60 s). After the initial impingement,
the water velocity was decreased for <60 s until the fish
came off the rear screen. If the fish did not come off the rear
screen within 60 s, the experiment was ended. If the fish did
come off the rear screen, the water velocity was increased
until it was at the same velocity of impingement. Usually,
the second and third impingements occurred in rapid succession
at the water velocity of the first impingement. In contrast,
23% of fish were excluded from analyses because of
either tail propping (caudal fin supporting fish on rear screen
despite rapid increases and decreases in water velocity to
coax the fish into swimming) or rostrum wedging (rostrum
thrust into front screen holding nonswimming fish in the
current). Fish would occasionally use their pectoral fins to
help brace against the currents on the bottom of the swimming
chamber. This bracing was usually very temporary, because
fish were unable to hold their position without
swimming for more than a few seconds because of the cylindrical
shape of the swimming chamber. Fish were not
touched, prodded, or shocked during the experiment.",Allen,Can. J. Fish. Aquat. Sci.,1,38.06853583,NA,NA,0.80495796,NA,NA,19,Acipenser medirostris,NA,juvenile,NA,NA,NA,37.71337832,NA,NA,47.29257642,NA,NA,NA,1,Allen 2006,Green
2006,Ucrit,"from paper: ""A Brett-type swim chamber (Brett 1964) that generated
rectilinear flow was used to measure Ucrit. Fish were individually
netted, placed in a water-filled plastic container, and
transferred (3.3 m distance) to the cylindrical swimming chamber (65 cm length, 15 cm diameter). Each fish was acclimated
for 30–60 min at a low water velocity (5 cm·s–1) to
orient it to the current and chamber. Fish were shielded from
observers by black plastic or opaque plastic sheets, and
swimming was observed via a mirror oriented at an angle
over the top of the swimming chamber. After acclimation,
water velocity was increased in increments of 10 cm·s–1 at
20 min intervals. Ucrit, as a measure of the maximum aerobic
swimming ability (Beamish 1978), was calculated from
Brett (1964): Ucrit = Vf + Vi (Tf/Ti) where Vf is the final velocity at which the fish swam for the
entire 20 min period, Vi is the increment of water velocity
increase (10 cm·s–1), Tf is the time swum at the water velocity
of fatigue, and Ti is the time increment for each water velocity
(20 min). The swimming chamber was maintained at a
constant temperature by a thermostat-controlled water bath,
and its water was partially exchanged with fresh, airequilibrated
well water between experiments to ensure dissolved
oxygen levels near air saturation. No solid blocking
corrections were used, because the maximum cross-sectional
area of the fish was always <10% of the cross-sectional area
of the swimming chamber (Bell and Terhune 1970).
Ucrit swimming tests were concluded when fish impinged
three times at the same water velocity. Impingement was determined
as either impingement (one-third or greater of body
in contact with the rear screen) or fatigue (sustained contact
with the rear screen for 60 s). After the initial impingement,
the water velocity was decreased for <60 s until the fish
came off the rear screen. If the fish did not come off the rear
screen within 60 s, the experiment was ended. If the fish did
come off the rear screen, the water velocity was increased
until it was at the same velocity of impingement. Usually,
the second and third impingements occurred in rapid succession
at the water velocity of the first impingement. In contrast,
23% of fish were excluded from analyses because of
either tail propping (caudal fin supporting fish on rear screen
despite rapid increases and decreases in water velocity to
coax the fish into swimming) or rostrum wedging (rostrum
thrust into front screen holding nonswimming fish in the
current). Fish would occasionally use their pectoral fins to
help brace against the currents on the bottom of the swimming
chamber. This bracing was usually very temporary, because
fish were unable to hold their position without
swimming for more than a few seconds because of the cylindrical
shape of the swimming chamber. Fish were not
touched, prodded, or shocked during the experiment.",Allen,Can. J. Fish. Aquat. Sci.,11,51.77,6.401085845,1.93,1.450140056,0.123644695,0.037280278,24,Acipenser medirostris,NA,juvenile,203.6,63.01587102,19,28.46889952,3.173803627,0.956937799,35.7,3.979949748,1.2,NA,1,Allen 2006,Green
2006,Ucrit,"from paper: ""A Brett-type swim chamber (Brett 1964) that generated
rectilinear flow was used to measure Ucrit. Fish were individually
netted, placed in a water-filled plastic container, and
transferred (3.3 m distance) to the cylindrical swimming chamber (65 cm length, 15 cm diameter). Each fish was acclimated
for 30–60 min at a low water velocity (5 cm·s–1) to
orient it to the current and chamber. Fish were shielded from
observers by black plastic or opaque plastic sheets, and
swimming was observed via a mirror oriented at an angle
over the top of the swimming chamber. After acclimation,
water velocity was increased in increments of 10 cm·s–1 at
20 min intervals. Ucrit, as a measure of the maximum aerobic
swimming ability (Beamish 1978), was calculated from
Brett (1964): Ucrit = Vf + Vi (Tf/Ti) where Vf is the final velocity at which the fish swam for the
entire 20 min period, Vi is the increment of water velocity
increase (10 cm·s–1), Tf is the time swum at the water velocity
of fatigue, and Ti is the time increment for each water velocity
(20 min). The swimming chamber was maintained at a
constant temperature by a thermostat-controlled water bath,
and its water was partially exchanged with fresh, airequilibrated
well water between experiments to ensure dissolved
oxygen levels near air saturation. No solid blocking
corrections were used, because the maximum cross-sectional
area of the fish was always <10% of the cross-sectional area
of the swimming chamber (Bell and Terhune 1970).
Ucrit swimming tests were concluded when fish impinged
three times at the same water velocity. Impingement was determined
as either impingement (one-third or greater of body
in contact with the rear screen) or fatigue (sustained contact
with the rear screen for 60 s). After the initial impingement,
the water velocity was decreased for <60 s until the fish
came off the rear screen. If the fish did not come off the rear
screen within 60 s, the experiment was ended. If the fish did
come off the rear screen, the water velocity was increased
until it was at the same velocity of impingement. Usually,
the second and third impingements occurred in rapid succession
at the water velocity of the first impingement. In contrast,
23% of fish were excluded from analyses because of
either tail propping (caudal fin supporting fish on rear screen
despite rapid increases and decreases in water velocity to
coax the fish into swimming) or rostrum wedging (rostrum
thrust into front screen holding nonswimming fish in the
current). Fish would occasionally use their pectoral fins to
help brace against the currents on the bottom of the swimming
chamber. This bracing was usually very temporary, because
fish were unable to hold their position without
swimming for more than a few seconds because of the cylindrical
shape of the swimming chamber. Fish were not
touched, prodded, or shocked during the experiment.",Allen,Can. J. Fish. Aquat. Sci.,11,45.14,6.732748324,2.03,1.271549296,0.149152599,0.044971201,19,Acipenser medirostris,NA,juvenile,197.2,58.37259631,17.6,28.30940989,2.909319992,0.877192982,35.5,3.648287269,1.1,NA,1,Allen 2006,Green
,Ucrit,Ucrit set at zero at critical thermal maximum of fish,CTM,CTM,1,,,,0,,,29.3,Acipenser medirostris,NA,juvenile,,,,,,,15,,,,1,CTM,Green
2009,Ucrit,"""These flows did not
induce swimming. The UCrit tests [temperature (T) ¼ 15° C] were performed on
individual fish by increasing the water velocity by increments of 10 cm s1
every 60 min until the fish became exhausted (Kieffer et al., 1998""",Kieffer et al. ,J. Fish. Bio.,8,34.4,4.808326112,1.7,2.18,0.254558441,0.09,15,"Acipenser brevirostrum,",NA,juvenile,NA,NA,NA,NA,NA,NA,16,NA,NA,NA,1,Kieffer et al.  2009,Green
2004,Ucrit,"Individual fish were placed in the swimming
chamber, and after 1 h of acclimation at 10 cm/s,
the Ucrit was measured by 10-cm/s increases in
water velocity every 20 min until the fish became
fatigued (Beamish 1978). A fish was considered
fatigued when it impinged three times at the downstream
end of the chamber",Mayfield and Cech,Trans. Am. Fish. Soc.,19,68.3,11.9,NA,1.186109611,NA,NA,11,Acipenser medirostris,NA,juvenile,1132.25,NA,NA,NA,NA,NA,57.583211,NA,NA,NA,1,Mayfield and Cech 2004,Green
2004,Ucrit,"Individual fish were placed in the swimming
chamber, and after 1 h of acclimation at 10 cm/s,
the Ucrit was measured by 10-cm/s increases in
water velocity every 20 min until the fish became
fatigued (Beamish 1978). A fish was considered
fatigued when it impinged three times at the downstream
end of the chamber",Mayfield and Cech,Trans. Am. Fish. Soc.,11,80.4,16.1,NA,1.396240304,NA,NA,19,Acipenser medirostris,NA,juvenile,1132.25,NA,NA,NA,NA,NA,57.583211,NA,NA,NA,1,Mayfield and Cech 2004,Green
2004,Ucrit,"Individual fish were placed in the swimming
chamber, and after 1 h of acclimation at 10 cm/s,
the Ucrit was measured by 10-cm/s increases in
water velocity every 20 min until the fish became
fatigued (Beamish 1978). A fish was considered
fatigued when it impinged three times at the downstream
end of the chamber",Mayfield and Cech,Trans. Am. Fish. Soc.,8,56.4,20.8,NA,0.979452153,NA,NA,24,Acipenser medirostris,NA,juvenile,1132.25,NA,NA,NA,NA,NA,57.583211,NA,NA,NA,1,Mayfield and Cech 2004,Green
1997,Ucrit,NA,Peake et al.,Can. Tech. Rep. Fish. Aq. Sci,1,23.98258116,NA,NA,1.999370527,NA,NA,14,Acipenser fulvescens,NA,juvenile,NA,NA,NA,NA,NA,NA,11.99506586,NA,NA,NA,2,Peake et al. 1995,Lake
1997,Ucrit,NA,Peake et al.,Can. Tech. Rep. Fish. Aq. Sci,1,27.37925574,NA,NA,1.822905114,NA,NA,14,Acipenser fulvescens,NA,juvenile,NA,NA,NA,NA,NA,NA,15.01957262,NA,NA,NA,2,Peake et al. 1995,Lake
1997,Ucrit,NA,Peake et al.,Can. Tech. Rep. Fish. Aq. Sci,1,28.92319873,NA,NA,2.063921969,NA,NA,14,Acipenser fulvescens,NA,juvenile,NA,NA,NA,NA,NA,NA,14.01370748,NA,NA,NA,2,Peake et al. 1995,Lake
1997,Ucrit,NA,Peake et al.,Can. Tech. Rep. Fish. Aq. Sci,1,30.98178939,NA,NA,2.557730149,NA,NA,14,Acipenser fulvescens,NA,juvenile,NA,NA,NA,NA,NA,NA,12.1130016,NA,NA,NA,2,Peake et al. 1995,Lake
1997,Ucrit,NA,Peake et al.,Can. Tech. Rep. Fish. Aq. Sci,1,32.42280285,NA,NA,2.241564671,NA,NA,14,Acipenser fulvescens,NA,juvenile,NA,NA,NA,NA,NA,NA,14.464362,NA,NA,NA,2,Peake et al. 1995,Lake
1997,Ucrit,NA,Peake et al.,Can. Tech. Rep. Fish. Aq. Sci,1,28.40855107,NA,NA,1.236977474,NA,NA,14,Acipenser fulvescens,NA,juvenile,NA,NA,NA,NA,NA,NA,22.96610218,NA,NA,NA,2,Peake et al. 1995,Lake
1997,Ucrit,NA,Peake et al.,Can. Tech. Rep. Fish. Aq. Sci,1,27.79097387,NA,NA,0.958020848,NA,NA,14,Acipenser fulvescens,NA,juvenile,NA,NA,NA,NA,NA,NA,29.008736,NA,NA,NA,2,Peake et al. 1995,Lake
1997,Ucrit,NA,Peake et al.,Can. Tech. Rep. Fish. Aq. Sci,1,35.4077593,NA,NA,1.071531425,NA,NA,14,Acipenser fulvescens,NA,juvenile,NA,NA,NA,NA,NA,NA,33.04406989,NA,NA,NA,2,Peake et al. 1995,Lake
1997,Ucrit,NA,Peake et al.,Can. Tech. Rep. Fish. Aq. Sci,1,38.90736342,NA,NA,1.446800308,NA,NA,14,Acipenser fulvescens,NA,juvenile,NA,NA,NA,NA,NA,NA,26.89200658,NA,NA,NA,2,Peake et al. 1995,Lake
1997,Ucrit,NA,Peake et al.,Can. Tech. Rep. Fish. Aq. Sci,1,38.90736342,NA,NA,1.052575941,NA,NA,14,Acipenser fulvescens,NA,juvenile,NA,NA,NA,NA,NA,NA,36.96394903,NA,NA,NA,2,Peake et al. 1995,Lake
1997,Ucrit,NA,Peake et al.,Can. Tech. Rep. Fish. Aq. Sci,1,39.42201108,NA,NA,1.011371072,NA,NA,14,Acipenser fulvescens,NA,juvenile,NA,NA,NA,NA,NA,NA,38.97878055,NA,NA,NA,2,Peake et al. 1995,Lake
1997,Ucrit,NA,Peake et al.,Can. Tech. Rep. Fish. Aq. Sci,1,39.93665875,NA,NA,0.953394878,NA,NA,14,Acipenser fulvescens,NA,juvenile,NA,NA,NA,NA,NA,NA,41.88889585,NA,NA,NA,2,Peake et al. 1995,Lake
1997,Ucrit,NA,Peake et al.,Can. Tech. Rep. Fish. Aq. Sci,1,33.45209818,NA,NA,0.796569108,NA,NA,14,Acipenser fulvescens,NA,juvenile,NA,NA,NA,NA,NA,NA,41.99522409,NA,NA,NA,2,Peake et al. 1995,Lake
1997,Ucrit,NA,Peake et al.,Can. Tech. Rep. Fish. Aq. Sci,1,41.37767221,NA,NA,0.919021248,NA,NA,14,Acipenser fulvescens,NA,juvenile,NA,NA,NA,NA,NA,NA,45.02362955,NA,NA,NA,2,Peake et al. 1995,Lake
1997,Ucrit,NA,Peake et al.,Can. Tech. Rep. Fish. Aq. Sci,1,44.98020586,NA,NA,0.916924682,NA,NA,14,Acipenser fulvescens,NA,juvenile,NA,NA,NA,NA,NA,NA,49.05550777,NA,NA,NA,2,Peake et al. 1995,Lake
1997,Ucrit,NA,Peake et al.,Can. Tech. Rep. Fish. Aq. Sci,1,46.00950119,NA,NA,1.047849242,NA,NA,14,Acipenser fulvescens,NA,juvenile,NA,NA,NA,NA,NA,NA,43.90851215,NA,NA,NA,2,Peake et al. 1995,Lake
1997,Ucrit,NA,Peake et al.,Can. Tech. Rep. Fish. Aq. Sci,1,47.45051465,NA,NA,0.913083971,NA,NA,14,Acipenser fulvescens,NA,juvenile,NA,NA,NA,NA,NA,NA,51.9673066,NA,NA,NA,2,Peake et al. 1995,Lake
1997,Ucrit,NA,Peake et al.,Can. Tech. Rep. Fish. Aq. Sci,1,97.57719715,NA,NA,0.92193646,NA,NA,14,Acipenser fulvescens,NA,adult,NA,NA,NA,NA,NA,NA,105.839395,NA,NA,NA,1,Peake et al. 1995,Lake
1997,Ucrit,NA,Peake et al.,Can. Tech. Rep. Fish. Aq. Sci,1,104.6793349,NA,NA,0.858304407,NA,NA,14,Acipenser fulvescens,NA,adult,NA,NA,NA,NA,NA,NA,121.9606168,NA,NA,NA,1,Peake et al. 1995,Lake
1997,Ucrit,NA,Peake et al.,Can. Tech. Rep. Fish. Aq. Sci,1,121.2509897,NA,NA,1.037867863,NA,NA,14,Acipenser fulvescens,NA,adult,NA,NA,NA,NA,NA,NA,116.8270008,NA,NA,NA,1,Peake et al. 1995,Lake
2018,Ucrit,uses equation from Brett 1964,Rodgers,J. Therm. Biol.,1,NA,NA,NA,2.783007772,NA,NA,11,Acipenser medirostris,NA,juvenile,3.7,1.2,1.2,NA,NA,NA,8.545071026,NA,NA,NA,1,Rodgers 2018,Green
2018,Ucrit,uses equation from Brett 1964,Rodgers,J. Therm. Biol.,1,NA,NA,NA,2.991116759,NA,NA,13,Acipenser medirostris,NA,juvenile,3.7,1.2,1.2,NA,NA,NA,8.545071026,NA,NA,NA,1,Rodgers 2018,Green
2018,Ucrit,uses equation from Brett 1964,Rodgers,J. Therm. Biol.,1,NA,NA,NA,4.632406395,NA,NA,15,Acipenser medirostris,NA,juvenile,3.7,1.2,1.2,NA,NA,NA,8.545071026,NA,NA,NA,1,Rodgers 2018,Green
2018,Ucrit,uses equation from Brett 1964,Rodgers,J. Therm. Biol.,1,NA,NA,NA,4.221064452,NA,NA,17,Acipenser medirostris,NA,juvenile,3.7,1.2,1.2,NA,NA,NA,8.545071026,NA,NA,NA,1,Rodgers 2018,Green
2018,Ucrit,uses equation from Brett 1964,Rodgers,J. Therm. Biol.,1,NA,NA,NA,3.787062265,NA,NA,21,Acipenser medirostris,NA,juvenile,3.7,1.2,1.2,NA,NA,NA,8.545071026,NA,NA,NA,1,Rodgers 2018,Green
2018,Ucrit,uses equation from Brett 1964,Rodgers,J. Therm. Biol.,1,NA,NA,NA,3.268837732,NA,NA,11,Acipenser medirostris,NA,juvenile,3.7,1.2,1.2,NA,NA,NA,8.545071026,NA,NA,NA,1,Rodgers 2018,Green
2018,Ucrit,uses equation from Brett 1964,Rodgers,J. Therm. Biol.,1,NA,NA,NA,3.148993765,NA,NA,13,Acipenser medirostris,NA,juvenile,3.7,1.2,1.2,NA,NA,NA,8.545071026,NA,NA,NA,1,Rodgers 2018,Green
2018,Ucrit,uses equation from Brett 1964,Rodgers,J. Therm. Biol.,1,NA,NA,NA,3.247773279,NA,NA,15,Acipenser medirostris,NA,juvenile,3.7,1.2,1.2,NA,NA,NA,8.545071026,NA,NA,NA,1,Rodgers 2018,Green
2018,Ucrit,uses equation from Brett 1964,Rodgers,J. Therm. Biol.,1,NA,NA,NA,3.565194007,NA,NA,17,Acipenser medirostris,NA,juvenile,3.7,1.2,1.2,NA,NA,NA,8.545071026,NA,NA,NA,1,Rodgers 2018,Green
2018,Ucrit,uses equation from Brett 1964,Rodgers,J. Therm. Biol.,1,NA,NA,NA,4.527952954,NA,NA,21,Acipenser medirostris,NA,juvenile,3.7,1.2,1.2,NA,NA,NA,8.545071026,NA,NA,NA,1,Rodgers 2018,Green
2018,Ucrit,uses equation from Brett 1964,Rodgers,J. Therm. Biol.,1,NA,NA,NA,3.900416679,NA,NA,11,Acipenser medirostris,NA,juvenile,3.7,1.2,1.2,NA,NA,NA,8.545071026,NA,NA,NA,1,Rodgers 2018,Green
2018,Ucrit,uses equation from Brett 1964,Rodgers,J. Therm. Biol.,1,NA,NA,NA,3.792718461,NA,NA,13,Acipenser medirostris,NA,juvenile,3.7,1.2,1.2,NA,NA,NA,8.545071026,NA,NA,NA,1,Rodgers 2018,Green
2018,Ucrit,uses equation from Brett 1964,Rodgers,J. Therm. Biol.,1,NA,NA,NA,3.114187772,NA,NA,15,Acipenser medirostris,NA,juvenile,3.7,1.2,1.2,NA,NA,NA,8.545071026,NA,NA,NA,1,Rodgers 2018,Green
2018,Ucrit,uses equation from Brett 1964,Rodgers,J. Therm. Biol.,1,NA,NA,NA,3.65021425,NA,NA,17,Acipenser medirostris,NA,juvenile,3.7,1.2,1.2,NA,NA,NA,8.545071026,NA,NA,NA,1,Rodgers 2018,Green
2018,Ucrit,uses equation from Brett 1964,Rodgers,J. Therm. Biol.,1,NA,NA,NA,3.872082508,NA,NA,21,Acipenser medirostris,NA,juvenile,3.7,1.2,1.2,NA,NA,NA,8.545071026,NA,NA,NA,1,Rodgers 2018,Green
2014,Ucrit,NA,Verhille et al.,Cons. Phys.,32,35.7,9.616652224,1.7,8.5,2.2627417,0.4,18.5,Acipenser medirostris,NA,juvenile,NA,NA,NA,NA,NA,NA,4.3,1.13137085,0.2,NA,1,Verhille et al. 2014,Green
2014,Ucrit,NA,Verhille et al.,Cons. Phys.,40,45.3,9.486832981,1.5,7.1,1.264911064,0.2,18.5,Acipenser medirostris,NA,juvenile,NA,NA,NA,NA,NA,NA,6.5,1.264911064,0.2,NA,1,Verhille et al. 2014,Green
