year,author,journal,mass_g,se_mass_g,temperature_c,swimspeed_cm_per_s,se_swimspeed_cm_per_s,swimspeed_bodylengths_per_second,se_swimSpeed_bodylengths_per_second,mr_mgo2_per_h,se_mr_mgo2_per_h,ln_mr_mgo2_per_h,ln_mass_g,species,run,life_stage,author_notes,notes,author_fishid,acclimation_temperature_c,indiv_or_mean,n,fork_length_cm,data_quality,age_dph,exogenous_or_endogenous,wetmass_or_dry,salinity_ppt,salinity_factor,smolt_factor,tag,my_id,mass_kg,condition_factor_K,population
2021,Del Rio,Conserv. Physiol.,0.1572,NA,10,0,NA,0,NA,0.011965005,NA,NA,-1.850236399,Onchorhynchus tshawytscha,fall,alevin,Late.hypoxia,hypoxia and warming treatments in this experiment at different stages of egg development (see author notes column). Giving hypoxia treatments DQ of 3 as O2 is not considered in our model at this time and the study found  significant effects of O2 on MR except for the early warm hypoxia treatment,LH_14_2,10,individual,1,NA,3,5,endogenous,wet,0,fresh,pre-smolt,Del Rio2021_219,219,,,
2021,Del Rio,Conserv. Physiol.,0.1609,NA,10,0,NA,0,NA,0.009211434,NA,NA,-1.826972225,Onchorhynchus tshawytscha,fall,alevin,Late.hypoxia,hypoxia and warming treatments in this experiment at different stages of egg development (see author notes column). Giving hypoxia treatments DQ of 3 as O2 is not considered in our model at this time and the study found  significant effects of O2 on MR except for the early warm hypoxia treatment,LH_8_1,10,individual,1,NA,3,5,endogenous,wet,0,fresh,pre-smolt,Del Rio2021_237,237,,,
2021,Del Rio,Conserv. Physiol.,0.1613,NA,10,0,NA,0,NA,0.004433673,NA,NA,-1.824489294,Onchorhynchus tshawytscha,fall,alevin,Early.warming,hypoxia and warming treatments in this experiment at different stages of egg development (see author notes column). Giving hypoxia treatments DQ of 3 as O2 is not considered in our model at this time and the study found  significant effects of O2 on MR except for the early warm hypoxia treatment,EW_12_2,14,individual,1,NA,3,5,endogenous,wet,0,fresh,pre-smolt,Del Rio2021_125,125,,,
2021,Del Rio,Conserv. Physiol.,0.1623,NA,10,0,NA,0,NA,0.015335374,NA,NA,-1.818308804,Onchorhynchus tshawytscha,fall,alevin,Early.hypoxia,hypoxia and warming treatments in this experiment at different stages of egg development (see author notes column). Giving hypoxia treatments DQ of 3 as O2 is not considered in our model at this time and the study found  significant effects of O2 on MR except for the early warm hypoxia treatment,EH_9_2,10,individual,1,NA,3,5,endogenous,wet,0,fresh,pre-smolt,Del Rio2021_117,117,,,
2021,Del Rio,Conserv. Physiol.,0.1638,NA,10,0,NA,0,NA,0.01258921,NA,NA,-1.809109108,Onchorhynchus tshawytscha,fall,alevin,Late.hypoxia,hypoxia and warming treatments in this experiment at different stages of egg development (see author notes column). Giving hypoxia treatments DQ of 3 as O2 is not considered in our model at this time and the study found  significant effects of O2 on MR except for the early warm hypoxia treatment,LH_3_1,10,individual,1,NA,3,5,endogenous,wet,0,fresh,pre-smolt,Del Rio2021_227,227,,,
2021,Del Rio,Conserv. Physiol.,0.1649,NA,10,0,NA,0,NA,0.011537692,NA,NA,-1.802416049,Onchorhynchus tshawytscha,fall,alevin,Early.warm.hypoxia,hypoxia and warming treatments in this experiment at different stages of egg development (see author notes column). Giving hypoxia treatments DQ of 3 as O2 is not considered in our model at this time and the study found  significant effects of O2 on MR except for the early warm hypoxia treatment,EWH_3_1,14,individual,1,NA,1,5,endogenous,wet,0,fresh,pre-smolt,Del Rio2021_168,168,,,
2021,Del Rio,Conserv. Physiol.,0.1668,NA,10,0,NA,0,NA,0.001200289,NA,NA,-1.790959789,Onchorhynchus tshawytscha,fall,alevin,Early.warming,hypoxia and warming treatments in this experiment at different stages of egg development (see author notes column). Giving hypoxia treatments DQ of 3 as O2 is not considered in our model at this time and the study found  significant effects of O2 on MR except for the early warm hypoxia treatment,EW_11_2,14,individual,1,NA,3,5,endogenous,wet,0,fresh,pre-smolt,Del Rio2021_123,123,,,
2021,Del Rio,Conserv. Physiol.,0.1687,NA,10,0,NA,0,NA,0.014481428,NA,NA,-1.779633289,Onchorhynchus tshawytscha,fall,alevin,Late.hypoxia,hypoxia and warming treatments in this experiment at different stages of egg development (see author notes column). Giving hypoxia treatments DQ of 3 as O2 is not considered in our model at this time and the study found  significant effects of O2 on MR except for the early warm hypoxia treatment,LH_10_2,10,individual,1,NA,3,5,endogenous,wet,0,fresh,pre-smolt,Del Rio2021_212,212,,,
2021,Del Rio,Conserv. Physiol.,0.1696,NA,10,0,NA,0,NA,0.010759328,NA,NA,-1.774312556,Onchorhynchus tshawytscha,fall,alevin,Early.warming,hypoxia and warming treatments in this experiment at different stages of egg development (see author notes column). Giving hypoxia treatments DQ of 3 as O2 is not considered in our model at this time and the study found  significant effects of O2 on MR except for the early warm hypoxia treatment,EW_1_1,14,individual,1,NA,3,5,endogenous,wet,0,fresh,pre-smolt,Del Rio2021_119,119,,,
2021,Del Rio,Conserv. Physiol.,0.1697,NA,10,0,NA,0,NA,0.011458151,NA,NA,-1.773723107,Onchorhynchus tshawytscha,fall,alevin,Late.warming,hypoxia and warming treatments in this experiment at different stages of egg development (see author notes column). Giving hypoxia treatments DQ of 3 as O2 is not considered in our model at this time and the study found  significant effects of O2 on MR except for the early warm hypoxia treatment,LW_14_2,14,individual,1,NA,3,5,endogenous,wet,0,fresh,pre-smolt,Del Rio2021_251,251,,,
2021,Del Rio,Conserv. Physiol.,0.171,NA,10,0,NA,0,NA,0.011679615,NA,NA,-1.766091722,Onchorhynchus tshawytscha,fall,alevin,Early.warming,hypoxia and warming treatments in this experiment at different stages of egg development (see author notes column). Giving hypoxia treatments DQ of 3 as O2 is not considered in our model at this time and the study found  significant effects of O2 on MR except for the early warm hypoxia treatment,EW_4_1,14,individual,1,NA,3,5,endogenous,wet,0,fresh,pre-smolt,Del Rio2021_138,138,,,
2021,Del Rio,Conserv. Physiol.,0.1716,NA,10,0,NA,0,NA,0.008502292,NA,NA,-1.762589092,Onchorhynchus tshawytscha,fall,alevin,Early.warming,hypoxia and warming treatments in this experiment at different stages of egg development (see author notes column). Giving hypoxia treatments DQ of 3 as O2 is not considered in our model at this time and the study found  significant effects of O2 on MR except for the early warm hypoxia treatment,EW_13_2,14,individual,1,NA,3,5,endogenous,wet,0,fresh,pre-smolt,Del Rio2021_127,127,,,
2021,Del Rio,Conserv. Physiol.,0.174,NA,10,0,NA,0,NA,0.030378375,NA,NA,-1.74869998,Onchorhynchus tshawytscha,fall,alevin,Control,hypoxia and warming treatments in this experiment at different stages of egg development (see author notes column). Giving hypoxia treatments DQ of 3 as O2 is not considered in our model at this time and the study found  significant effects of O2 on MR except for the early warm hypoxia treatment,C_1_1,10,individual,1,NA,1,5,endogenous,wet,0,fresh,pre-smolt,Del Rio2021_5,5,,,
2021,Del Rio,Conserv. Physiol.,0.1741,NA,10,0,NA,0,NA,0.01421185,NA,NA,-1.748125432,Onchorhynchus tshawytscha,fall,alevin,Late.hypoxia,hypoxia and warming treatments in this experiment at different stages of egg development (see author notes column). Giving hypoxia treatments DQ of 3 as O2 is not considered in our model at this time and the study found  significant effects of O2 on MR except for the early warm hypoxia treatment,LH_1_1,10,individual,1,NA,3,5,endogenous,wet,0,fresh,pre-smolt,Del Rio2021_210,210,,,
2021,Del Rio,Conserv. Physiol.,0.1742,NA,10,0,NA,0,NA,0.025377285,NA,NA,-1.747551215,Onchorhynchus tshawytscha,fall,alevin,Control,hypoxia and warming treatments in this experiment at different stages of egg development (see author notes column). Giving hypoxia treatments DQ of 3 as O2 is not considered in our model at this time and the study found  significant effects of O2 on MR except for the early warm hypoxia treatment,C_6_1,10,individual,1,NA,1,5,endogenous,wet,0,fresh,pre-smolt,Del Rio2021_26,26,,,
2021,Del Rio,Conserv. Physiol.,0.1745,NA,10,0,NA,0,NA,0.006544513,NA,NA,-1.745830537,Onchorhynchus tshawytscha,fall,alevin,Late.warming,hypoxia and warming treatments in this experiment at different stages of egg development (see author notes column). Giving hypoxia treatments DQ of 3 as O2 is not considered in our model at this time and the study found  significant effects of O2 on MR except for the early warm hypoxia treatment,LW_10_2,14,individual,1,NA,3,5,endogenous,wet,0,fresh,pre-smolt,Del Rio2021_243,243,,,
2021,Del Rio,Conserv. Physiol.,0.1775,NA,10,0,NA,0,NA,0.012358108,NA,NA,-1.72878467,Onchorhynchus tshawytscha,fall,alevin,Control,hypoxia and warming treatments in this experiment at different stages of egg development (see author notes column). Giving hypoxia treatments DQ of 3 as O2 is not considered in our model at this time and the study found  significant effects of O2 on MR except for the early warm hypoxia treatment,C_3_1,10,individual,1,NA,1,5,endogenous,wet,0,fresh,pre-smolt,Del Rio2021_20,20,,,
2021,Del Rio,Conserv. Physiol.,0.1779,NA,10,0,NA,0,NA,0.009105891,NA,NA,-1.726533684,Onchorhynchus tshawytscha,fall,alevin,Chronic.warm.normoxia,hypoxia and warming treatments in this experiment at different stages of egg development (see author notes column). Giving hypoxia treatments DQ of 3 as O2 is not considered in our model at this time and the study found  significant effects of O2 on MR except for the early warm hypoxia treatment,CWN_3_1,14,individual,1,NA,3,5,endogenous,wet,0,fresh,pre-smolt,Del Rio2021_77,77,,,
2021,Del Rio,Conserv. Physiol.,0.1793,NA,10,0,NA,0,NA,0.014640271,NA,NA,-1.718694898,Onchorhynchus tshawytscha,fall,alevin,Early.warm.hypoxia,hypoxia and warming treatments in this experiment at different stages of egg development (see author notes column). Giving hypoxia treatments DQ of 3 as O2 is not considered in our model at this time and the study found  significant effects of O2 on MR except for the early warm hypoxia treatment,EWH_2_1,14,individual,1,NA,1,5,endogenous,wet,0,fresh,pre-smolt,Del Rio2021_166,166,,,
2021,Del Rio,Conserv. Physiol.,0.181,NA,10,0,NA,0,NA,0.006746217,NA,NA,-1.709258248,Onchorhynchus tshawytscha,fall,alevin,Late.warming,hypoxia and warming treatments in this experiment at different stages of egg development (see author notes column). Giving hypoxia treatments DQ of 3 as O2 is not considered in our model at this time and the study found  significant effects of O2 on MR except for the early warm hypoxia treatment,LW_12_2,14,individual,1,NA,3,5,endogenous,wet,0,fresh,pre-smolt,Del Rio2021_247,247,,,
2021,Del Rio,Conserv. Physiol.,0.1812,NA,10,0,NA,0,NA,0.024884594,NA,NA,-1.708153885,Onchorhynchus tshawytscha,fall,alevin,Control,hypoxia and warming treatments in this experiment at different stages of egg development (see author notes column). Giving hypoxia treatments DQ of 3 as O2 is not considered in our model at this time and the study found  significant effects of O2 on MR except for the early warm hypoxia treatment,C_5_1,10,individual,1,NA,1,5,endogenous,wet,0,fresh,pre-smolt,Del Rio2021_24,24,,,
2021,Del Rio,Conserv. Physiol.,0.1813,NA,10,0,NA,0,NA,0.015847887,NA,NA,-1.707602161,Onchorhynchus tshawytscha,fall,alevin,Control,hypoxia and warming treatments in this experiment at different stages of egg development (see author notes column). Giving hypoxia treatments DQ of 3 as O2 is not considered in our model at this time and the study found  significant effects of O2 on MR except for the early warm hypoxia treatment,C_4_1,10,individual,1,NA,1,5,endogenous,wet,0,fresh,pre-smolt,Del Rio2021_22,22,,,
2021,Del Rio,Conserv. Physiol.,0.182,NA,10,0,NA,0,NA,0.01506871,NA,NA,-1.703748592,Onchorhynchus tshawytscha,fall,alevin,Late.hypoxia,hypoxia and warming treatments in this experiment at different stages of egg development (see author notes column). Giving hypoxia treatments DQ of 3 as O2 is not considered in our model at this time and the study found  significant effects of O2 on MR except for the early warm hypoxia treatment,LH_2_1,10,individual,1,NA,3,5,endogenous,wet,0,fresh,pre-smolt,Del Rio2021_225,225,,,
2021,Del Rio,Conserv. Physiol.,0.182,NA,10,0,NA,0,NA,0.010390326,NA,NA,-1.703748592,Onchorhynchus tshawytscha,fall,alevin,Late.hypoxia,hypoxia and warming treatments in this experiment at different stages of egg development (see author notes column). Giving hypoxia treatments DQ of 3 as O2 is not considered in our model at this time and the study found  significant effects of O2 on MR except for the early warm hypoxia treatment,LH_7_1,10,individual,1,NA,3,5,endogenous,wet,0,fresh,pre-smolt,Del Rio2021_235,235,,,
2021,Del Rio,Conserv. Physiol.,0.1826,NA,10,0,NA,0,NA,0.009845219,NA,NA,-1.700457311,Onchorhynchus tshawytscha,fall,alevin,Late.warming,hypoxia and warming treatments in this experiment at different stages of egg development (see author notes column). Giving hypoxia treatments DQ of 3 as O2 is not considered in our model at this time and the study found  significant effects of O2 on MR except for the early warm hypoxia treatment,LW_5_1,14,individual,1,NA,3,5,endogenous,wet,0,fresh,pre-smolt,Del Rio2021_263,263,,,
2021,Del Rio,Conserv. Physiol.,0.1836,NA,10,0,NA,0,NA,0.018702159,NA,NA,-1.694995801,Onchorhynchus tshawytscha,fall,alevin,Early.warm.hypoxia,hypoxia and warming treatments in this experiment at different stages of egg development (see author notes column). Giving hypoxia treatments DQ of 3 as O2 is not considered in our model at this time and the study found  significant effects of O2 on MR except for the early warm hypoxia treatment,EWH_11_2,14,individual,1,NA,1,5,endogenous,wet,0,fresh,pre-smolt,Del Rio2021_154,154,,,
2021,Del Rio,Conserv. Physiol.,0.1845,NA,10,0,NA,0,NA,0.001245179,NA,NA,-1.690105816,Onchorhynchus tshawytscha,fall,alevin,Chronic.warm.normoxia,hypoxia and warming treatments in this experiment at different stages of egg development (see author notes column). Giving hypoxia treatments DQ of 3 as O2 is not considered in our model at this time and the study found  significant effects of O2 on MR except for the early warm hypoxia treatment,CWN_12_2,14,individual,1,NA,3,5,endogenous,wet,0,fresh,pre-smolt,Del Rio2021_69,69,,,
2021,Del Rio,Conserv. Physiol.,0.1853,NA,10,0,NA,0,NA,0.012391368,NA,NA,-1.685779146,Onchorhynchus tshawytscha,fall,alevin,Early.hypoxia,hypoxia and warming treatments in this experiment at different stages of egg development (see author notes column). Giving hypoxia treatments DQ of 3 as O2 is not considered in our model at this time and the study found  significant effects of O2 on MR except for the early warm hypoxia treatment,EH_16_2,10,individual,1,NA,3,5,endogenous,wet,0,fresh,pre-smolt,Del Rio2021_101,101,,,
2021,Del Rio,Conserv. Physiol.,0.1858,NA,10,0,NA,0,NA,0.009138981,NA,NA,-1.683084453,Onchorhynchus tshawytscha,fall,alevin,Late.warming,hypoxia and warming treatments in this experiment at different stages of egg development (see author notes column). Giving hypoxia treatments DQ of 3 as O2 is not considered in our model at this time and the study found  significant effects of O2 on MR except for the early warm hypoxia treatment,LW_11_2,14,individual,1,NA,3,5,endogenous,wet,0,fresh,pre-smolt,Del Rio2021_245,245,,,
2021,Del Rio,Conserv. Physiol.,0.1859,NA,10,0,NA,0,NA,0.009721988,NA,NA,-1.682546384,Onchorhynchus tshawytscha,fall,alevin,Late.warm.hypoxia,hypoxia and warming treatments in this experiment at different stages of egg development (see author notes column). Giving hypoxia treatments DQ of 3 as O2 is not considered in our model at this time and the study found  significant effects of O2 on MR except for the early warm hypoxia treatment,LWH_8_1,14,individual,1,NA,3,5,endogenous,wet,0,fresh,pre-smolt,Del Rio2021_296,296,,,
2021,Del Rio,Conserv. Physiol.,0.1884,NA,10,0,NA,0,NA,0.015350587,NA,NA,-1.669187917,Onchorhynchus tshawytscha,fall,alevin,Early.warm.hypoxia,hypoxia and warming treatments in this experiment at different stages of egg development (see author notes column). Giving hypoxia treatments DQ of 3 as O2 is not considered in our model at this time and the study found  significant effects of O2 on MR except for the early warm hypoxia treatment,EWH_4_1,14,individual,1,NA,1,5,endogenous,wet,0,fresh,pre-smolt,Del Rio2021_170,170,,,
2021,Del Rio,Conserv. Physiol.,0.1887,NA,10,0,NA,0,NA,0.010427006,NA,NA,-1.667596827,Onchorhynchus tshawytscha,fall,alevin,Chronic.warm.normoxia,hypoxia and warming treatments in this experiment at different stages of egg development (see author notes column). Giving hypoxia treatments DQ of 3 as O2 is not considered in our model at this time and the study found  significant effects of O2 on MR except for the early warm hypoxia treatment,CWN_8_1,14,individual,1,NA,3,5,endogenous,wet,0,fresh,pre-smolt,Del Rio2021_84,84,,,
2021,Del Rio,Conserv. Physiol.,0.1905,NA,10,0,NA,0,NA,0.003351353,NA,NA,-1.658103084,Onchorhynchus tshawytscha,fall,alevin,Early.warming,hypoxia and warming treatments in this experiment at different stages of egg development (see author notes column). Giving hypoxia treatments DQ of 3 as O2 is not considered in our model at this time and the study found  significant effects of O2 on MR except for the early warm hypoxia treatment,EW_14_2,14,individual,1,NA,3,5,endogenous,wet,0,fresh,pre-smolt,Del Rio2021_129,129,,,
2021,Del Rio,Conserv. Physiol.,0.1912,NA,10,0,NA,0,NA,0.011057617,NA,NA,-1.654435278,Onchorhynchus tshawytscha,fall,alevin,Late.hypoxia,hypoxia and warming treatments in this experiment at different stages of egg development (see author notes column). Giving hypoxia treatments DQ of 3 as O2 is not considered in our model at this time and the study found  significant effects of O2 on MR except for the early warm hypoxia treatment,LH_15_2,10,individual,1,NA,3,5,endogenous,wet,0,fresh,pre-smolt,Del Rio2021_221,221,,,
2021,Del Rio,Conserv. Physiol.,0.1924,NA,10,0,NA,0,NA,0.011636381,NA,NA,-1.648178741,Onchorhynchus tshawytscha,fall,alevin,Late.hypoxia,hypoxia and warming treatments in this experiment at different stages of egg development (see author notes column). Giving hypoxia treatments DQ of 3 as O2 is not considered in our model at this time and the study found  significant effects of O2 on MR except for the early warm hypoxia treatment,LH_4_1,10,individual,1,NA,3,5,endogenous,wet,0,fresh,pre-smolt,Del Rio2021_229,229,,,
2021,Del Rio,Conserv. Physiol.,0.1937,NA,10,0,NA,0,NA,0.007758405,NA,NA,-1.641444709,Onchorhynchus tshawytscha,fall,alevin,Early.warming,hypoxia and warming treatments in this experiment at different stages of egg development (see author notes column). Giving hypoxia treatments DQ of 3 as O2 is not considered in our model at this time and the study found  significant effects of O2 on MR except for the early warm hypoxia treatment,EW_9_2,14,individual,1,NA,3,5,endogenous,wet,0,fresh,pre-smolt,Del Rio2021_148,148,,,
2021,Del Rio,Conserv. Physiol.,0.1939,NA,10,0,NA,0,NA,0.011667189,NA,NA,-1.640412717,Onchorhynchus tshawytscha,fall,alevin,Late.warming,hypoxia and warming treatments in this experiment at different stages of egg development (see author notes column). Giving hypoxia treatments DQ of 3 as O2 is not considered in our model at this time and the study found  significant effects of O2 on MR except for the early warm hypoxia treatment,LW_4_1,14,individual,1,NA,3,5,endogenous,wet,0,fresh,pre-smolt,Del Rio2021_261,261,,,
2021,Del Rio,Conserv. Physiol.,0.195,NA,10,0,NA,0,NA,0.034483739,NA,NA,-1.63475572,Onchorhynchus tshawytscha,fall,alevin,Early.warm.hypoxia,hypoxia and warming treatments in this experiment at different stages of egg development (see author notes column). Giving hypoxia treatments DQ of 3 as O2 is not considered in our model at this time and the study found  significant effects of O2 on MR except for the early warm hypoxia treatment,EWH_10_2,14,individual,1,NA,1,5,endogenous,wet,0,fresh,pre-smolt,Del Rio2021_152,152,,,
2021,Del Rio,Conserv. Physiol.,0.1954,NA,10,0,NA,0,NA,0.020534385,NA,NA,-1.632706539,Onchorhynchus tshawytscha,fall,alevin,Early.warm.hypoxia,hypoxia and warming treatments in this experiment at different stages of egg development (see author notes column). Giving hypoxia treatments DQ of 3 as O2 is not considered in our model at this time and the study found  significant effects of O2 on MR except for the early warm hypoxia treatment,EWH_8_1,14,individual,1,NA,1,5,endogenous,wet,0,fresh,pre-smolt,Del Rio2021_178,178,,,
2021,Del Rio,Conserv. Physiol.,0.1955,NA,10,0,NA,0,NA,0.008625426,NA,NA,-1.6321949,Onchorhynchus tshawytscha,fall,alevin,Late.warming,hypoxia and warming treatments in this experiment at different stages of egg development (see author notes column). Giving hypoxia treatments DQ of 3 as O2 is not considered in our model at this time and the study found  significant effects of O2 on MR except for the early warm hypoxia treatment,LW_1_1,14,individual,1,NA,3,5,endogenous,wet,0,fresh,pre-smolt,Del Rio2021_241,241,,,
2021,Del Rio,Conserv. Physiol.,0.1974,NA,10,0,NA,0,NA,0.020221392,NA,NA,-1.622523152,Onchorhynchus tshawytscha,fall,alevin,Early.warm.hypoxia,hypoxia and warming treatments in this experiment at different stages of egg development (see author notes column). Giving hypoxia treatments DQ of 3 as O2 is not considered in our model at this time and the study found  significant effects of O2 on MR except for the early warm hypoxia treatment,EWH_1_1,14,individual,1,NA,1,5,endogenous,wet,0,fresh,pre-smolt,Del Rio2021_150,150,,,
2021,Del Rio,Conserv. Physiol.,0.1982,NA,10,0,NA,0,NA,0.005697413,NA,NA,-1.618478657,Onchorhynchus tshawytscha,fall,alevin,Late.warming,hypoxia and warming treatments in this experiment at different stages of egg development (see author notes column). Giving hypoxia treatments DQ of 3 as O2 is not considered in our model at this time and the study found  significant effects of O2 on MR except for the early warm hypoxia treatment,LW_2_1,14,individual,1,NA,3,5,endogenous,wet,0,fresh,pre-smolt,Del Rio2021_257,257,,,
2021,Del Rio,Conserv. Physiol.,0.2012,NA,10,0,NA,0,NA,0.0137101,NA,NA,-1.603455841,Onchorhynchus tshawytscha,fall,alevin,Early.hypoxia,hypoxia and warming treatments in this experiment at different stages of egg development (see author notes column). Giving hypoxia treatments DQ of 3 as O2 is not considered in our model at this time and the study found  significant effects of O2 on MR except for the early warm hypoxia treatment,EH_4_1,10,individual,1,NA,3,5,endogenous,wet,0,fresh,pre-smolt,Del Rio2021_107,107,,,
2021,Del Rio,Conserv. Physiol.,0.2018,NA,10,0,NA,0,NA,0.020746837,NA,NA,-1.600478171,Onchorhynchus tshawytscha,fall,alevin,Control,hypoxia and warming treatments in this experiment at different stages of egg development (see author notes column). Giving hypoxia treatments DQ of 3 as O2 is not considered in our model at this time and the study found  significant effects of O2 on MR except for the early warm hypoxia treatment,C_2_1,10,individual,1,NA,1,5,endogenous,wet,0,fresh,pre-smolt,Del Rio2021_18,18,,,
2021,Del Rio,Conserv. Physiol.,0.2029,NA,10,0,NA,0,NA,0.008248556,NA,NA,-1.595042032,Onchorhynchus tshawytscha,fall,alevin,Chronic.warm.normoxia,hypoxia and warming treatments in this experiment at different stages of egg development (see author notes column). Giving hypoxia treatments DQ of 3 as O2 is not considered in our model at this time and the study found  significant effects of O2 on MR except for the early warm hypoxia treatment,CWN_5_1,14,individual,1,NA,3,5,endogenous,wet,0,fresh,pre-smolt,Del Rio2021_80,80,,,
2021,Del Rio,Conserv. Physiol.,0.2036,NA,10,0,NA,0,NA,0.002097703,NA,NA,-1.591597994,Onchorhynchus tshawytscha,fall,alevin,Early.warming,hypoxia and warming treatments in this experiment at different stages of egg development (see author notes column). Giving hypoxia treatments DQ of 3 as O2 is not considered in our model at this time and the study found  significant effects of O2 on MR except for the early warm hypoxia treatment,EW_10_2,14,individual,1,NA,3,5,endogenous,wet,0,fresh,pre-smolt,Del Rio2021_121,121,,,
2021,Del Rio,Conserv. Physiol.,0.204,NA,10,0,NA,0,NA,0.011601016,NA,NA,-1.589635285,Onchorhynchus tshawytscha,fall,alevin,Late.warming,hypoxia and warming treatments in this experiment at different stages of egg development (see author notes column). Giving hypoxia treatments DQ of 3 as O2 is not considered in our model at this time and the study found  significant effects of O2 on MR except for the early warm hypoxia treatment,LW_7_1,14,individual,1,NA,3,5,endogenous,wet,0,fresh,pre-smolt,Del Rio2021_267,267,,,
2021,Del Rio,Conserv. Physiol.,0.2074,NA,10,0,NA,0,NA,0.015514774,NA,NA,-1.573105983,Onchorhynchus tshawytscha,fall,alevin,Early.warming,hypoxia and warming treatments in this experiment at different stages of egg development (see author notes column). Giving hypoxia treatments DQ of 3 as O2 is not considered in our model at this time and the study found  significant effects of O2 on MR except for the early warm hypoxia treatment,EW_7_1,14,individual,1,NA,3,5,endogenous,wet,0,fresh,pre-smolt,Del Rio2021_144,144,,,
2021,Del Rio,Conserv. Physiol.,0.2082,NA,10,0,NA,0,NA,0.019397011,NA,NA,-1.569256123,Onchorhynchus tshawytscha,fall,alevin,Early.warm.hypoxia,hypoxia and warming treatments in this experiment at different stages of egg development (see author notes column). Giving hypoxia treatments DQ of 3 as O2 is not considered in our model at this time and the study found  significant effects of O2 on MR except for the early warm hypoxia treatment,EWH_7_1,14,individual,1,NA,1,5,endogenous,wet,0,fresh,pre-smolt,Del Rio2021_176,176,,,
2021,Del Rio,Conserv. Physiol.,0.2086,NA,10,0,NA,0,NA,0.011231154,NA,NA,-1.567336736,Onchorhynchus tshawytscha,fall,alevin,Early.warming,hypoxia and warming treatments in this experiment at different stages of egg development (see author notes column). Giving hypoxia treatments DQ of 3 as O2 is not considered in our model at this time and the study found  significant effects of O2 on MR except for the early warm hypoxia treatment,EW_8_1,14,individual,1,NA,3,5,endogenous,wet,0,fresh,pre-smolt,Del Rio2021_146,146,,,
2021,Del Rio,Conserv. Physiol.,0.2106,NA,10,0,NA,0,NA,0.013608172,NA,NA,-1.557794679,Onchorhynchus tshawytscha,fall,alevin,Late.hypoxia,hypoxia and warming treatments in this experiment at different stages of egg development (see author notes column). Giving hypoxia treatments DQ of 3 as O2 is not considered in our model at this time and the study found  significant effects of O2 on MR except for the early warm hypoxia treatment,LH_16_2,10,individual,1,NA,3,5,endogenous,wet,0,fresh,pre-smolt,Del Rio2021_223,223,,,
2021,Del Rio,Conserv. Physiol.,0.2107,NA,10,0,NA,0,NA,0.016353566,NA,NA,-1.557319958,Onchorhynchus tshawytscha,fall,alevin,Late.hypoxia,hypoxia and warming treatments in this experiment at different stages of egg development (see author notes column). Giving hypoxia treatments DQ of 3 as O2 is not considered in our model at this time and the study found  significant effects of O2 on MR except for the early warm hypoxia treatment,LH_13_2,10,individual,1,NA,3,5,endogenous,wet,0,fresh,pre-smolt,Del Rio2021_217,217,,,
2021,Del Rio,Conserv. Physiol.,0.2122,NA,10,0,NA,0,NA,0.015410168,NA,NA,-1.550226053,Onchorhynchus tshawytscha,fall,alevin,Early.hypoxia,hypoxia and warming treatments in this experiment at different stages of egg development (see author notes column). Giving hypoxia treatments DQ of 3 as O2 is not considered in our model at this time and the study found  significant effects of O2 on MR except for the early warm hypoxia treatment,EH_10_2,10,individual,1,NA,3,5,endogenous,wet,0,fresh,pre-smolt,Del Rio2021_89,89,,,
2021,Del Rio,Conserv. Physiol.,0.2136,NA,10,0,NA,0,NA,0.008470998,NA,NA,-1.543650172,Onchorhynchus tshawytscha,fall,alevin,Chronic.warm.normoxia,hypoxia and warming treatments in this experiment at different stages of egg development (see author notes column). Giving hypoxia treatments DQ of 3 as O2 is not considered in our model at this time and the study found  significant effects of O2 on MR except for the early warm hypoxia treatment,CWN_6_1,14,individual,1,NA,3,5,endogenous,wet,0,fresh,pre-smolt,Del Rio2021_82,82,,,
2021,Del Rio,Conserv. Physiol.,0.215,NA,10,0,NA,0,NA,0.010638756,NA,NA,-1.537117251,Onchorhynchus tshawytscha,fall,alevin,Early.warming,hypoxia and warming treatments in this experiment at different stages of egg development (see author notes column). Giving hypoxia treatments DQ of 3 as O2 is not considered in our model at this time and the study found  significant effects of O2 on MR except for the early warm hypoxia treatment,EW_5_1,14,individual,1,NA,3,5,endogenous,wet,0,fresh,pre-smolt,Del Rio2021_140,140,,,
2021,Del Rio,Conserv. Physiol.,0.2152,NA,10,0,NA,0,NA,0.013726391,NA,NA,-1.536187451,Onchorhynchus tshawytscha,fall,alevin,Early.hypoxia,hypoxia and warming treatments in this experiment at different stages of egg development (see author notes column). Giving hypoxia treatments DQ of 3 as O2 is not considered in our model at this time and the study found  significant effects of O2 on MR except for the early warm hypoxia treatment,EH_5_1,10,individual,1,NA,3,5,endogenous,wet,0,fresh,pre-smolt,Del Rio2021_109,109,,,
2021,Del Rio,Conserv. Physiol.,0.2188,NA,10,0,NA,0,NA,0.010818428,NA,NA,-1.519597208,Onchorhynchus tshawytscha,fall,alevin,Early.warming,hypoxia and warming treatments in this experiment at different stages of egg development (see author notes column). Giving hypoxia treatments DQ of 3 as O2 is not considered in our model at this time and the study found  significant effects of O2 on MR except for the early warm hypoxia treatment,EW_2_1,14,individual,1,NA,3,5,endogenous,wet,0,fresh,pre-smolt,Del Rio2021_134,134,,,
2021,Del Rio,Conserv. Physiol.,0.2196,NA,10,0,NA,0,NA,0.016239496,NA,NA,-1.515947569,Onchorhynchus tshawytscha,fall,alevin,Late.hypoxia,hypoxia and warming treatments in this experiment at different stages of egg development (see author notes column). Giving hypoxia treatments DQ of 3 as O2 is not considered in our model at this time and the study found  significant effects of O2 on MR except for the early warm hypoxia treatment,LH_6_1,10,individual,1,NA,3,5,endogenous,wet,0,fresh,pre-smolt,Del Rio2021_233,233,,,
2021,Del Rio,Conserv. Physiol.,0.2208,NA,10,0,NA,0,NA,0.048217567,NA,NA,-1.510497965,Onchorhynchus tshawytscha,fall,alevin,Control,hypoxia and warming treatments in this experiment at different stages of egg development (see author notes column). Giving hypoxia treatments DQ of 3 as O2 is not considered in our model at this time and the study found  significant effects of O2 on MR except for the early warm hypoxia treatment,C_7_1,10,individual,1,NA,1,5,endogenous,wet,0,fresh,pre-smolt,Del Rio2021_28,28,,,
2021,Del Rio,Conserv. Physiol.,0.2211,NA,10,0,NA,0,NA,0.019344044,NA,NA,-1.509140191,Onchorhynchus tshawytscha,fall,alevin,Early.hypoxia,hypoxia and warming treatments in this experiment at different stages of egg development (see author notes column). Giving hypoxia treatments DQ of 3 as O2 is not considered in our model at this time and the study found  significant effects of O2 on MR except for the early warm hypoxia treatment,EH_15_2,10,individual,1,NA,3,5,endogenous,wet,0,fresh,pre-smolt,Del Rio2021_99,99,,,
2021,Del Rio,Conserv. Physiol.,0.2214,NA,10,0,NA,0,NA,0.012761491,NA,NA,-1.507784259,Onchorhynchus tshawytscha,fall,alevin,Early.hypoxia,hypoxia and warming treatments in this experiment at different stages of egg development (see author notes column). Giving hypoxia treatments DQ of 3 as O2 is not considered in our model at this time and the study found  significant effects of O2 on MR except for the early warm hypoxia treatment,EH_1_1,10,individual,1,NA,3,5,endogenous,wet,0,fresh,pre-smolt,Del Rio2021_87,87,,,
2021,Del Rio,Conserv. Physiol.,0.2216,NA,10,0,NA,0,NA,0.007666885,NA,NA,-1.506881324,Onchorhynchus tshawytscha,fall,alevin,Early.warming,hypoxia and warming treatments in this experiment at different stages of egg development (see author notes column). Giving hypoxia treatments DQ of 3 as O2 is not considered in our model at this time and the study found  significant effects of O2 on MR except for the early warm hypoxia treatment,EW_16_2,14,individual,1,NA,3,5,endogenous,wet,0,fresh,pre-smolt,Del Rio2021_132,132,,,
2021,Del Rio,Conserv. Physiol.,0.2224,NA,10,0,NA,0,NA,0.025689991,NA,NA,-1.503277717,Onchorhynchus tshawytscha,fall,alevin,Early.warm.hypoxia,hypoxia and warming treatments in this experiment at different stages of egg development (see author notes column). Giving hypoxia treatments DQ of 3 as O2 is not considered in our model at this time and the study found  significant effects of O2 on MR except for the early warm hypoxia treatment,EWH_13_2,14,individual,1,NA,1,5,endogenous,wet,0,fresh,pre-smolt,Del Rio2021_158,158,,,
2021,Del Rio,Conserv. Physiol.,0.2225,NA,10,0,NA,0,NA,0.01004992,NA,NA,-1.502828177,Onchorhynchus tshawytscha,fall,alevin,Late.warm.hypoxia,hypoxia and warming treatments in this experiment at different stages of egg development (see author notes column). Giving hypoxia treatments DQ of 3 as O2 is not considered in our model at this time and the study found  significant effects of O2 on MR except for the early warm hypoxia treatment,LWH_3_1,14,individual,1,NA,3,5,endogenous,wet,0,fresh,pre-smolt,Del Rio2021_286,286,,,
2021,Del Rio,Conserv. Physiol.,0.2253,NA,10,0,NA,0,NA,0.023168103,NA,NA,-1.490322432,Onchorhynchus tshawytscha,fall,alevin,Chronic.warm.normoxia,hypoxia and warming treatments in this experiment at different stages of egg development (see author notes column). Giving hypoxia treatments DQ of 3 as O2 is not considered in our model at this time and the study found  significant effects of O2 on MR except for the early warm hypoxia treatment,CWN_15_2,14,individual,1,NA,3,5,endogenous,wet,0,fresh,pre-smolt,Del Rio2021_73,73,,,
2021,Del Rio,Conserv. Physiol.,0.2265,NA,10,0,NA,0,NA,0.01810598,NA,NA,-1.485010334,Onchorhynchus tshawytscha,fall,alevin,Early.warm.hypoxia,hypoxia and warming treatments in this experiment at different stages of egg development (see author notes column). Giving hypoxia treatments DQ of 3 as O2 is not considered in our model at this time and the study found  significant effects of O2 on MR except for the early warm hypoxia treatment,EWH_6_1,14,individual,1,NA,1,5,endogenous,wet,0,fresh,pre-smolt,Del Rio2021_174,174,,,
2021,Del Rio,Conserv. Physiol.,0.2268,NA,10,0,NA,0,NA,0.006479719,NA,NA,-1.483686707,Onchorhynchus tshawytscha,fall,alevin,Late.warming,hypoxia and warming treatments in this experiment at different stages of egg development (see author notes column). Giving hypoxia treatments DQ of 3 as O2 is not considered in our model at this time and the study found  significant effects of O2 on MR except for the early warm hypoxia treatment,LW_9_2,14,individual,1,NA,3,5,endogenous,wet,0,fresh,pre-smolt,Del Rio2021_271,271,,,
2021,Del Rio,Conserv. Physiol.,0.227,NA,10,0,NA,0,NA,0.015178656,NA,NA,-1.482805262,Onchorhynchus tshawytscha,fall,alevin,Late.warming,hypoxia and warming treatments in this experiment at different stages of egg development (see author notes column). Giving hypoxia treatments DQ of 3 as O2 is not considered in our model at this time and the study found  significant effects of O2 on MR except for the early warm hypoxia treatment,LW_15_2,14,individual,1,NA,3,5,endogenous,wet,0,fresh,pre-smolt,Del Rio2021_253,253,,,
2021,Del Rio,Conserv. Physiol.,0.2271,NA,10,0,NA,0,NA,0.01265983,NA,NA,-1.48236483,Onchorhynchus tshawytscha,fall,alevin,Early.warming,hypoxia and warming treatments in this experiment at different stages of egg development (see author notes column). Giving hypoxia treatments DQ of 3 as O2 is not considered in our model at this time and the study found  significant effects of O2 on MR except for the early warm hypoxia treatment,EW_6_1,14,individual,1,NA,3,5,endogenous,wet,0,fresh,pre-smolt,Del Rio2021_142,142,,,
2021,Del Rio,Conserv. Physiol.,0.2278,NA,10,0,NA,0,NA,0.01720783,NA,NA,-1.479287228,Onchorhynchus tshawytscha,fall,alevin,Late.hypoxia,hypoxia and warming treatments in this experiment at different stages of egg development (see author notes column). Giving hypoxia treatments DQ of 3 as O2 is not considered in our model at this time and the study found  significant effects of O2 on MR except for the early warm hypoxia treatment,LH_11_2,10,individual,1,NA,3,5,endogenous,wet,0,fresh,pre-smolt,Del Rio2021_213,213,,,
2021,Del Rio,Conserv. Physiol.,0.2285,NA,10,0,NA,0,NA,0.027485635,NA,NA,-1.476219069,Onchorhynchus tshawytscha,fall,alevin,Control,hypoxia and warming treatments in this experiment at different stages of egg development (see author notes column). Giving hypoxia treatments DQ of 3 as O2 is not considered in our model at this time and the study found  significant effects of O2 on MR except for the early warm hypoxia treatment,C_16_2,10,individual,1,NA,1,5,endogenous,wet,0,fresh,pre-smolt,Del Rio2021_16,16,,,
2021,Del Rio,Conserv. Physiol.,0.2297,NA,10,0,NA,0,NA,0.02560322,NA,NA,-1.470981169,Onchorhynchus tshawytscha,fall,alevin,Early.warm.hypoxia,hypoxia and warming treatments in this experiment at different stages of egg development (see author notes column). Giving hypoxia treatments DQ of 3 as O2 is not considered in our model at this time and the study found  significant effects of O2 on MR except for the early warm hypoxia treatment,EWH_5_1,14,individual,1,NA,1,5,endogenous,wet,0,fresh,pre-smolt,Del Rio2021_172,172,,,
2021,Del Rio,Conserv. Physiol.,0.2301,NA,10,0,NA,0,NA,0.020485311,NA,NA,-1.469241282,Onchorhynchus tshawytscha,fall,alevin,Control,hypoxia and warming treatments in this experiment at different stages of egg development (see author notes column). Giving hypoxia treatments DQ of 3 as O2 is not considered in our model at this time and the study found  significant effects of O2 on MR except for the early warm hypoxia treatment,C_13_2,10,individual,1,NA,1,5,endogenous,wet,0,fresh,pre-smolt,Del Rio2021_10,10,,,
2021,Del Rio,Conserv. Physiol.,0.2305,NA,10,0,NA,0,NA,0.005248256,NA,NA,-1.467504417,Onchorhynchus tshawytscha,fall,alevin,Late.warm.hypoxia,hypoxia and warming treatments in this experiment at different stages of egg development (see author notes column). Giving hypoxia treatments DQ of 3 as O2 is not considered in our model at this time and the study found  significant effects of O2 on MR except for the early warm hypoxia treatment,LWH_15_2,14,individual,1,NA,3,5,endogenous,wet,0,fresh,pre-smolt,Del Rio2021_280,280,,,
2021,Del Rio,Conserv. Physiol.,0.2307,NA,10,0,NA,0,NA,0.016479115,NA,NA,-1.466637114,Onchorhynchus tshawytscha,fall,alevin,Early.hypoxia,hypoxia and warming treatments in this experiment at different stages of egg development (see author notes column). Giving hypoxia treatments DQ of 3 as O2 is not considered in our model at this time and the study found  significant effects of O2 on MR except for the early warm hypoxia treatment,EH_6_1,10,individual,1,NA,3,5,endogenous,wet,0,fresh,pre-smolt,Del Rio2021_111,111,,,
2021,Del Rio,Conserv. Physiol.,0.2312,NA,10,0,NA,0,NA,0.014742004,NA,NA,-1.464472142,Onchorhynchus tshawytscha,fall,alevin,Control,hypoxia and warming treatments in this experiment at different stages of egg development (see author notes column). Giving hypoxia treatments DQ of 3 as O2 is not considered in our model at this time and the study found  significant effects of O2 on MR except for the early warm hypoxia treatment,C_14_2,10,individual,1,NA,1,5,endogenous,wet,0,fresh,pre-smolt,Del Rio2021_12,12,,,
2021,Del Rio,Conserv. Physiol.,0.2313,NA,10,0,NA,0,NA,0.01843187,NA,NA,-1.46403971,Onchorhynchus tshawytscha,fall,alevin,Late.hypoxia,hypoxia and warming treatments in this experiment at different stages of egg development (see author notes column). Giving hypoxia treatments DQ of 3 as O2 is not considered in our model at this time and the study found  significant effects of O2 on MR except for the early warm hypoxia treatment,LH_9_2,10,individual,1,NA,3,5,endogenous,wet,0,fresh,pre-smolt,Del Rio2021_239,239,,,
2021,Del Rio,Conserv. Physiol.,0.2364,NA,10,0,NA,0,NA,0.008396037,NA,NA,-1.442229993,Onchorhynchus tshawytscha,fall,alevin,Chronic.warm.hypoxia,hypoxia and warming treatments in this experiment at different stages of egg development (see author notes column). Giving hypoxia treatments DQ of 3 as O2 is not considered in our model at this time and the study found  significant effects of O2 on MR except for the early warm hypoxia treatment,CWH_9_2,14,individual,1,NA,3,5,endogenous,wet,0,fresh,pre-smolt,Del Rio2021_64,64,,,
2021,Del Rio,Conserv. Physiol.,0.2385,NA,10,0,NA,0,NA,0.022106388,NA,NA,-1.433385969,Onchorhynchus tshawytscha,fall,alevin,Early.warm.hypoxia,hypoxia and warming treatments in this experiment at different stages of egg development (see author notes column). Giving hypoxia treatments DQ of 3 as O2 is not considered in our model at this time and the study found  significant effects of O2 on MR except for the early warm hypoxia treatment,EWH_14_2,14,individual,1,NA,1,5,endogenous,wet,0,fresh,pre-smolt,Del Rio2021_160,160,,,
2021,Del Rio,Conserv. Physiol.,0.2391,NA,10,0,NA,0,NA,0.013391614,NA,NA,-1.430873405,Onchorhynchus tshawytscha,fall,alevin,Late.warming,hypoxia and warming treatments in this experiment at different stages of egg development (see author notes column). Giving hypoxia treatments DQ of 3 as O2 is not considered in our model at this time and the study found  significant effects of O2 on MR except for the early warm hypoxia treatment,LW_6_1,14,individual,1,NA,3,5,endogenous,wet,0,fresh,pre-smolt,Del Rio2021_265,265,,,
2021,Del Rio,Conserv. Physiol.,0.2392,NA,10,0,NA,0,NA,0.013722674,NA,NA,-1.430455257,Onchorhynchus tshawytscha,fall,alevin,Late.warming,hypoxia and warming treatments in this experiment at different stages of egg development (see author notes column). Giving hypoxia treatments DQ of 3 as O2 is not considered in our model at this time and the study found  significant effects of O2 on MR except for the early warm hypoxia treatment,LW_16_2,14,individual,1,NA,3,5,endogenous,wet,0,fresh,pre-smolt,Del Rio2021_255,255,,,
2021,Del Rio,Conserv. Physiol.,0.2407,NA,10,0,NA,0,NA,0.014182433,NA,NA,-1.424203934,Onchorhynchus tshawytscha,fall,alevin,Early.hypoxia,hypoxia and warming treatments in this experiment at different stages of egg development (see author notes column). Giving hypoxia treatments DQ of 3 as O2 is not considered in our model at this time and the study found  significant effects of O2 on MR except for the early warm hypoxia treatment,EH_7_1,10,individual,1,NA,3,5,endogenous,wet,0,fresh,pre-smolt,Del Rio2021_113,113,,,
2021,Del Rio,Conserv. Physiol.,0.2408,NA,10,0,NA,0,NA,0.016379102,NA,NA,-1.423788566,Onchorhynchus tshawytscha,fall,alevin,Early.hypoxia,hypoxia and warming treatments in this experiment at different stages of egg development (see author notes column). Giving hypoxia treatments DQ of 3 as O2 is not considered in our model at this time and the study found  significant effects of O2 on MR except for the early warm hypoxia treatment,EH_12_2,10,individual,1,NA,3,5,endogenous,wet,0,fresh,pre-smolt,Del Rio2021_93,93,,,
2021,Del Rio,Conserv. Physiol.,0.241,NA,10,0,NA,0,NA,0.005206319,NA,NA,-1.422958345,Onchorhynchus tshawytscha,fall,alevin,Late.warm.hypoxia,hypoxia and warming treatments in this experiment at different stages of egg development (see author notes column). Giving hypoxia treatments DQ of 3 as O2 is not considered in our model at this time and the study found  significant effects of O2 on MR except for the early warm hypoxia treatment,LWH_4_1,14,individual,1,NA,3,5,endogenous,wet,0,fresh,pre-smolt,Del Rio2021_288,288,,,
2021,Del Rio,Conserv. Physiol.,0.2441,NA,10,0,NA,0,NA,0.009175849,NA,NA,-1.410177302,Onchorhynchus tshawytscha,fall,alevin,Late.warm.hypoxia,hypoxia and warming treatments in this experiment at different stages of egg development (see author notes column). Giving hypoxia treatments DQ of 3 as O2 is not considered in our model at this time and the study found  significant effects of O2 on MR except for the early warm hypoxia treatment,LWH_6_1,14,individual,1,NA,3,5,endogenous,wet,0,fresh,pre-smolt,Del Rio2021_292,292,,,
2021,Del Rio,Conserv. Physiol.,0.2449,NA,10,0,NA,0,NA,0.011529239,NA,NA,-1.406905315,Onchorhynchus tshawytscha,fall,alevin,Early.warming,hypoxia and warming treatments in this experiment at different stages of egg development (see author notes column). Giving hypoxia treatments DQ of 3 as O2 is not considered in our model at this time and the study found  significant effects of O2 on MR except for the early warm hypoxia treatment,EW_3_1,14,individual,1,NA,3,5,endogenous,wet,0,fresh,pre-smolt,Del Rio2021_136,136,,,
2021,Del Rio,Conserv. Physiol.,0.2461,NA,10,0,NA,0,NA,0.01661251,NA,NA,-1.402017322,Onchorhynchus tshawytscha,fall,alevin,Late.hypoxia,hypoxia and warming treatments in this experiment at different stages of egg development (see author notes column). Giving hypoxia treatments DQ of 3 as O2 is not considered in our model at this time and the study found  significant effects of O2 on MR except for the early warm hypoxia treatment,LH_5_1,10,individual,1,NA,3,5,endogenous,wet,0,fresh,pre-smolt,Del Rio2021_231,231,,,
2021,Del Rio,Conserv. Physiol.,0.2467,NA,10,0,NA,0,NA,0.001551822,NA,NA,-1.399582255,Onchorhynchus tshawytscha,fall,alevin,Late.warming,hypoxia and warming treatments in this experiment at different stages of egg development (see author notes column). Giving hypoxia treatments DQ of 3 as O2 is not considered in our model at this time and the study found  significant effects of O2 on MR except for the early warm hypoxia treatment,LW_13_2,14,individual,1,NA,3,5,endogenous,wet,0,fresh,pre-smolt,Del Rio2021_249,249,,,
2021,Del Rio,Conserv. Physiol.,0.2478,NA,10,0,NA,0,NA,0.014069267,NA,NA,-1.39513331,Onchorhynchus tshawytscha,fall,alevin,Late.hypoxia,hypoxia and warming treatments in this experiment at different stages of egg development (see author notes column). Giving hypoxia treatments DQ of 3 as O2 is not considered in our model at this time and the study found  significant effects of O2 on MR except for the early warm hypoxia treatment,LH_12_2,10,individual,1,NA,3,5,endogenous,wet,0,fresh,pre-smolt,Del Rio2021_215,215,,,
2021,Del Rio,Conserv. Physiol.,0.2488,NA,10,0,NA,0,NA,0.013511553,NA,NA,-1.391105918,Onchorhynchus tshawytscha,fall,alevin,Late.warming,hypoxia and warming treatments in this experiment at different stages of egg development (see author notes column). Giving hypoxia treatments DQ of 3 as O2 is not considered in our model at this time and the study found  significant effects of O2 on MR except for the early warm hypoxia treatment,LW_8_1,14,individual,1,NA,3,5,endogenous,wet,0,fresh,pre-smolt,Del Rio2021_269,269,,,
2021,Del Rio,Conserv. Physiol.,0.2501,NA,10,0,NA,0,NA,0.008832044,NA,NA,-1.385894441,Onchorhynchus tshawytscha,fall,alevin,Late.warm.hypoxia,hypoxia and warming treatments in this experiment at different stages of egg development (see author notes column). Giving hypoxia treatments DQ of 3 as O2 is not considered in our model at this time and the study found  significant effects of O2 on MR except for the early warm hypoxia treatment,LWH_2_1,14,individual,1,NA,3,5,endogenous,wet,0,fresh,pre-smolt,Del Rio2021_284,284,,,
2021,Del Rio,Conserv. Physiol.,0.252,NA,10,0,NA,0,NA,0.008944686,NA,NA,-1.378326191,Onchorhynchus tshawytscha,fall,alevin,Early.warm.hypoxia,hypoxia and warming treatments in this experiment at different stages of egg development (see author notes column). Giving hypoxia treatments DQ of 3 as O2 is not considered in our model at this time and the study found  significant effects of O2 on MR except for the early warm hypoxia treatment,EWH_9_2,14,individual,1,NA,1,5,endogenous,wet,0,fresh,pre-smolt,Del Rio2021_180,180,,,
2021,Del Rio,Conserv. Physiol.,0.252,NA,10,0,NA,0,NA,0.008991608,NA,NA,-1.378326191,Onchorhynchus tshawytscha,fall,alevin,Late.warm.hypoxia,hypoxia and warming treatments in this experiment at different stages of egg development (see author notes column). Giving hypoxia treatments DQ of 3 as O2 is not considered in our model at this time and the study found  significant effects of O2 on MR except for the early warm hypoxia treatment,LWH_1_1,14,individual,1,NA,3,5,endogenous,wet,0,fresh,pre-smolt,Del Rio2021_273,273,,,
2021,Del Rio,Conserv. Physiol.,0.2525,NA,10,0,NA,0,NA,0.016353318,NA,NA,-1.37634403,Onchorhynchus tshawytscha,fall,alevin,Early.hypoxia,hypoxia and warming treatments in this experiment at different stages of egg development (see author notes column). Giving hypoxia treatments DQ of 3 as O2 is not considered in our model at this time and the study found  significant effects of O2 on MR except for the early warm hypoxia treatment,EH_13_2,10,individual,1,NA,3,5,endogenous,wet,0,fresh,pre-smolt,Del Rio2021_95,95,,,
2021,Del Rio,Conserv. Physiol.,0.2535,NA,10,0,NA,0,NA,0.003592859,NA,NA,-1.372391456,Onchorhynchus tshawytscha,fall,alevin,Late.warm.hypoxia,hypoxia and warming treatments in this experiment at different stages of egg development (see author notes column). Giving hypoxia treatments DQ of 3 as O2 is not considered in our model at this time and the study found  significant effects of O2 on MR except for the early warm hypoxia treatment,LWH_16_2,14,individual,1,NA,3,5,endogenous,wet,0,fresh,pre-smolt,Del Rio2021_282,282,,,
2021,Del Rio,Conserv. Physiol.,0.2537,NA,10,0,NA,0,NA,0.016821535,NA,NA,-1.371602812,Onchorhynchus tshawytscha,fall,alevin,Early.warm.hypoxia,hypoxia and warming treatments in this experiment at different stages of egg development (see author notes column). Giving hypoxia treatments DQ of 3 as O2 is not considered in our model at this time and the study found  significant effects of O2 on MR except for the early warm hypoxia treatment,EWH_16_2,14,individual,1,NA,1,5,endogenous,wet,0,fresh,pre-smolt,Del Rio2021_164,164,,,
2021,Del Rio,Conserv. Physiol.,0.2538,NA,10,0,NA,0,NA,0.011544435,NA,NA,-1.371208724,Onchorhynchus tshawytscha,fall,alevin,Late.warm.hypoxia,hypoxia and warming treatments in this experiment at different stages of egg development (see author notes column). Giving hypoxia treatments DQ of 3 as O2 is not considered in our model at this time and the study found  significant effects of O2 on MR except for the early warm hypoxia treatment,LWH_5_1,14,individual,1,NA,3,5,endogenous,wet,0,fresh,pre-smolt,Del Rio2021_290,290,,,
2021,Del Rio,Conserv. Physiol.,0.2539,NA,10,0,NA,0,NA,0.007059733,NA,NA,-1.37081479,Onchorhynchus tshawytscha,fall,alevin,Early.hypoxia,hypoxia and warming treatments in this experiment at different stages of egg development (see author notes column). Giving hypoxia treatments DQ of 3 as O2 is not considered in our model at this time and the study found  significant effects of O2 on MR except for the early warm hypoxia treatment,EH_2_1,10,individual,1,NA,3,5,endogenous,wet,0,fresh,pre-smolt,Del Rio2021_103,103,,,
2021,Del Rio,Conserv. Physiol.,0.2543,NA,10,0,NA,0,NA,0.020651207,NA,NA,-1.369240607,Onchorhynchus tshawytscha,fall,alevin,Control,hypoxia and warming treatments in this experiment at different stages of egg development (see author notes column). Giving hypoxia treatments DQ of 3 as O2 is not considered in our model at this time and the study found  significant effects of O2 on MR except for the early warm hypoxia treatment,C_8_1,10,individual,1,NA,1,5,endogenous,wet,0,fresh,pre-smolt,Del Rio2021_30,30,,,
2021,Del Rio,Conserv. Physiol.,0.255,NA,10,0,NA,0,NA,0.021651759,NA,NA,-1.366491734,Onchorhynchus tshawytscha,fall,alevin,Early.warm.hypoxia,hypoxia and warming treatments in this experiment at different stages of egg development (see author notes column). Giving hypoxia treatments DQ of 3 as O2 is not considered in our model at this time and the study found  significant effects of O2 on MR except for the early warm hypoxia treatment,EWH_12_2,14,individual,1,NA,1,5,endogenous,wet,0,fresh,pre-smolt,Del Rio2021_156,156,,,
2021,Del Rio,Conserv. Physiol.,0.2561,NA,10,0,NA,0,NA,0.016107376,NA,NA,-1.362187286,Onchorhynchus tshawytscha,fall,alevin,Early.hypoxia,hypoxia and warming treatments in this experiment at different stages of egg development (see author notes column). Giving hypoxia treatments DQ of 3 as O2 is not considered in our model at this time and the study found  significant effects of O2 on MR except for the early warm hypoxia treatment,EH_8_1,10,individual,1,NA,3,5,endogenous,wet,0,fresh,pre-smolt,Del Rio2021_115,115,,,
2021,Del Rio,Conserv. Physiol.,0.2562,NA,10,0,NA,0,NA,0.01574195,NA,NA,-1.36179689,Onchorhynchus tshawytscha,fall,alevin,Early.warm.hypoxia,hypoxia and warming treatments in this experiment at different stages of egg development (see author notes column). Giving hypoxia treatments DQ of 3 as O2 is not considered in our model at this time and the study found  significant effects of O2 on MR except for the early warm hypoxia treatment,EWH_15_2,14,individual,1,NA,1,5,endogenous,wet,0,fresh,pre-smolt,Del Rio2021_162,162,,,
2021,Del Rio,Conserv. Physiol.,0.257,NA,10,0,NA,0,NA,0.010242821,NA,NA,-1.358679194,Onchorhynchus tshawytscha,fall,alevin,Late.warm.hypoxia,hypoxia and warming treatments in this experiment at different stages of egg development (see author notes column). Giving hypoxia treatments DQ of 3 as O2 is not considered in our model at this time and the study found  significant effects of O2 on MR except for the early warm hypoxia treatment,LWH_7_1,14,individual,1,NA,3,5,endogenous,wet,0,fresh,pre-smolt,Del Rio2021_294,294,,,
2021,Del Rio,Conserv. Physiol.,0.2577,NA,10,0,NA,0,NA,0.049439325,NA,NA,-1.355959161,Onchorhynchus tshawytscha,fall,alevin,Control,hypoxia and warming treatments in this experiment at different stages of egg development (see author notes column). Giving hypoxia treatments DQ of 3 as O2 is not considered in our model at this time and the study found  significant effects of O2 on MR except for the early warm hypoxia treatment,C_15_2,10,individual,1,NA,1,5,endogenous,wet,0,fresh,pre-smolt,Del Rio2021_14,14,,,
2021,Del Rio,Conserv. Physiol.,0.2581,NA,10,0,NA,0,NA,0.013460515,NA,NA,-1.354408172,Onchorhynchus tshawytscha,fall,alevin,Early.hypoxia,hypoxia and warming treatments in this experiment at different stages of egg development (see author notes column). Giving hypoxia treatments DQ of 3 as O2 is not considered in our model at this time and the study found  significant effects of O2 on MR except for the early warm hypoxia treatment,EH_3_1,10,individual,1,NA,3,5,endogenous,wet,0,fresh,pre-smolt,Del Rio2021_105,105,,,
2021,Del Rio,Conserv. Physiol.,0.2609,NA,10,0,NA,0,NA,0.02009314,NA,NA,-1.343618087,Onchorhynchus tshawytscha,fall,alevin,Early.hypoxia,hypoxia and warming treatments in this experiment at different stages of egg development (see author notes column). Giving hypoxia treatments DQ of 3 as O2 is not considered in our model at this time and the study found  significant effects of O2 on MR except for the early warm hypoxia treatment,EH_14_2,10,individual,1,NA,3,5,endogenous,wet,0,fresh,pre-smolt,Del Rio2021_97,97,,,
2021,Del Rio,Conserv. Physiol.,0.2623,NA,10,0,NA,0,NA,0.011859907,NA,NA,-1.338266392,Onchorhynchus tshawytscha,fall,alevin,Late.warming,hypoxia and warming treatments in this experiment at different stages of egg development (see author notes column). Giving hypoxia treatments DQ of 3 as O2 is not considered in our model at this time and the study found  significant effects of O2 on MR except for the early warm hypoxia treatment,LW_3_1,14,individual,1,NA,3,5,endogenous,wet,0,fresh,pre-smolt,Del Rio2021_259,259,,,
2021,Del Rio,Conserv. Physiol.,0.2639,NA,10,0,NA,0,NA,0.017379043,NA,NA,-1.332185035,Onchorhynchus tshawytscha,fall,alevin,Early.hypoxia,hypoxia and warming treatments in this experiment at different stages of egg development (see author notes column). Giving hypoxia treatments DQ of 3 as O2 is not considered in our model at this time and the study found  significant effects of O2 on MR except for the early warm hypoxia treatment,EH_11_2,10,individual,1,NA,3,5,endogenous,wet,0,fresh,pre-smolt,Del Rio2021_91,91,,,
2021,Del Rio,Conserv. Physiol.,0.2038,NA,10,0,NA,0,NA,0.066077341,NA,NA,-1.590616158,Onchorhynchus tshawytscha,fall,fry,Control,hypoxia and warming treatments in this experiment at different stages of egg development (see author notes column). Giving hypoxia treatments DQ of 3 as O2 is not considered in our model at this time and the study found  significant effects of O2 on MR except for the early warm hypoxia treatment,C_11_2,10,individual,1,NA,1,34,endogenous,wet,0,fresh,pre-smolt,Del Rio2021_8,8,,,
2021,Del Rio,Conserv. Physiol.,0.2105,NA,10,0,NA,0,NA,0.012705993,NA,NA,-1.558269626,Onchorhynchus tshawytscha,fall,fry,Chronic.warm.normoxia,hypoxia and warming treatments in this experiment at different stages of egg development (see author notes column). Giving hypoxia treatments DQ of 3 as O2 is not considered in our model at this time and the study found  significant effects of O2 on MR except for the early warm hypoxia treatment,CWN_16_2,14,individual,1,NA,1,39,endogenous,wet,0,fresh,pre-smolt,Del Rio2021_75,75,,,
2021,Del Rio,Conserv. Physiol.,0.2106,NA,10,0,NA,0,NA,0.045472383,NA,NA,-1.557794679,Onchorhynchus tshawytscha,fall,fry,Chronic.warm.normoxia,hypoxia and warming treatments in this experiment at different stages of egg development (see author notes column). Giving hypoxia treatments DQ of 3 as O2 is not considered in our model at this time and the study found  significant effects of O2 on MR except for the early warm hypoxia treatment,CWN_9_2,14,individual,1,NA,1,39,endogenous,wet,0,fresh,pre-smolt,Del Rio2021_86,86,,,
2021,Del Rio,Conserv. Physiol.,0.2184,NA,10,0,NA,0,NA,0.063319141,NA,NA,-1.521427035,Onchorhynchus tshawytscha,fall,fry,Chronic.warm.normoxia,hypoxia and warming treatments in this experiment at different stages of egg development (see author notes column). Giving hypoxia treatments DQ of 3 as O2 is not considered in our model at this time and the study found  significant effects of O2 on MR except for the early warm hypoxia treatment,CWN_13_2,14,individual,1,NA,1,39,endogenous,wet,0,fresh,pre-smolt,Del Rio2021_71,71,,,
2021,Del Rio,Conserv. Physiol.,0.2225,NA,10,0,NA,0,NA,0.018722571,NA,NA,-1.502828177,Onchorhynchus tshawytscha,fall,fry,Chronic.cold.hypoxia,hypoxia and warming treatments in this experiment at different stages of egg development (see author notes column). Giving hypoxia treatments DQ of 3 as O2 is not considered in our model at this time and the study found  significant effects of O2 on MR except for the early warm hypoxia treatment,CH_6_1,10,individual,1,NA,1,41,endogenous,wet,0,fresh,pre-smolt,Del Rio2021_45,45,,,
2021,Del Rio,Conserv. Physiol.,0.2238,NA,10,0,NA,0,NA,0.090072319,NA,NA,-1.497002483,Onchorhynchus tshawytscha,fall,fry,Early.warming,hypoxia and warming treatments in this experiment at different stages of egg development (see author notes column). Giving hypoxia treatments DQ of 3 as O2 is not considered in our model at this time and the study found  significant effects of O2 on MR except for the early warm hypoxia treatment,EW_10_2,14,individual,1,NA,1,35,endogenous,wet,0,fresh,pre-smolt,Del Rio2021_122,122,,,
2021,Del Rio,Conserv. Physiol.,0.2303,NA,10,0,NA,0,NA,0.076330409,NA,NA,-1.468372472,Onchorhynchus tshawytscha,fall,fry,Control,hypoxia and warming treatments in this experiment at different stages of egg development (see author notes column). Giving hypoxia treatments DQ of 3 as O2 is not considered in our model at this time and the study found  significant effects of O2 on MR except for the early warm hypoxia treatment,C_8_1,10,individual,1,NA,1,34,endogenous,wet,0,fresh,pre-smolt,Del Rio2021_31,31,,,
2021,Del Rio,Conserv. Physiol.,0.2307,NA,10,0,NA,0,NA,0.064474559,NA,NA,-1.466637114,Onchorhynchus tshawytscha,fall,fry,Late. hypoxia,hypoxia and warming treatments in this experiment at different stages of egg development (see author notes column). Giving hypoxia treatments DQ of 3 as O2 is not considered in our model at this time and the study found  significant effects of O2 on MR except for the early warm hypoxia treatment,LH_16_2,10,individual,1,NA,1,36,endogenous,wet,0,fresh,pre-smolt,Del Rio2021_224,224,,,
2021,Del Rio,Conserv. Physiol.,0.2342,NA,10,0,NA,0,NA,0.041324066,NA,NA,-1.451579828,Onchorhynchus tshawytscha,fall,fry,Chronic.cold.hypoxia,hypoxia and warming treatments in this experiment at different stages of egg development (see author notes column). Giving hypoxia treatments DQ of 3 as O2 is not considered in our model at this time and the study found  significant effects of O2 on MR except for the early warm hypoxia treatment,CH_7_1,10,individual,1,NA,1,41,endogenous,wet,0,fresh,pre-smolt,Del Rio2021_46,46,,,
2021,Del Rio,Conserv. Physiol.,0.235,NA,10,0,NA,0,NA,0.046341355,NA,NA,-1.448169765,Onchorhynchus tshawytscha,fall,fry,Chronic.warm.hypoxia,hypoxia and warming treatments in this experiment at different stages of egg development (see author notes column). Giving hypoxia treatments DQ of 3 as O2 is not considered in our model at this time and the study found  significant effects of O2 on MR except for the early warm hypoxia treatment,CWH_13_2,14,individual,1,NA,1,44,endogenous,wet,0,fresh,pre-smolt,Del Rio2021_53,53,,,
2021,Del Rio,Conserv. Physiol.,0.2354,NA,10,0,NA,0,NA,0.035915487,NA,NA,-1.446469084,Onchorhynchus tshawytscha,fall,fry,Early.hypoxia,hypoxia and warming treatments in this experiment at different stages of egg development (see author notes column). Giving hypoxia treatments DQ of 3 as O2 is not considered in our model at this time and the study found  significant effects of O2 on MR except for the early warm hypoxia treatment,EH_3_1,10,individual,1,NA,1,35,endogenous,wet,0,fresh,pre-smolt,Del Rio2021_106,106,,,
2021,Del Rio,Conserv. Physiol.,0.2366,NA,10,0,NA,0,NA,0.047513622,NA,NA,-1.441384327,Onchorhynchus tshawytscha,fall,fry,Early.hypoxia,hypoxia and warming treatments in this experiment at different stages of egg development (see author notes column). Giving hypoxia treatments DQ of 3 as O2 is not considered in our model at this time and the study found  significant effects of O2 on MR except for the early warm hypoxia treatment,EH_15_2,10,individual,1,NA,1,35,endogenous,wet,0,fresh,pre-smolt,Del Rio2021_100,100,,,
2021,Del Rio,Conserv. Physiol.,0.2366,NA,10,0,NA,0,NA,0.051010378,NA,NA,-1.441384327,Onchorhynchus tshawytscha,fall,fry,Late.warm.hypoxia,hypoxia and warming treatments in this experiment at different stages of egg development (see author notes column). Giving hypoxia treatments DQ of 3 as O2 is not considered in our model at this time and the study found  significant effects of O2 on MR except for the early warm hypoxia treatment,LWH_4_1,14,individual,1,NA,1,32,endogenous,wet,0,fresh,pre-smolt,Del Rio2021_289,289,,,
2021,Del Rio,Conserv. Physiol.,0.2382,NA,10,0,NA,0,NA,0.058634832,NA,NA,-1.434644622,Onchorhynchus tshawytscha,fall,fry,Control,hypoxia and warming treatments in this experiment at different stages of egg development (see author notes column). Giving hypoxia treatments DQ of 3 as O2 is not considered in our model at this time and the study found  significant effects of O2 on MR except for the early warm hypoxia treatment,C_4_1,10,individual,1,NA,1,34,endogenous,wet,0,fresh,pre-smolt,Del Rio2021_23,23,,,
2021,Del Rio,Conserv. Physiol.,0.2412,NA,10,0,NA,0,NA,0.018158304,NA,NA,-1.422128814,Onchorhynchus tshawytscha,fall,fry,Chronic.warm.normoxia,hypoxia and warming treatments in this experiment at different stages of egg development (see author notes column). Giving hypoxia treatments DQ of 3 as O2 is not considered in our model at this time and the study found  significant effects of O2 on MR except for the early warm hypoxia treatment,CWN_5_1,14,individual,1,NA,1,39,endogenous,wet,0,fresh,pre-smolt,Del Rio2021_81,81,,,
2021,Del Rio,Conserv. Physiol.,0.2412,NA,10,0,NA,0,NA,0.005401727,NA,NA,-1.422128814,Onchorhynchus tshawytscha,fall,fry,Early.hypoxia,hypoxia and warming treatments in this experiment at different stages of egg development (see author notes column). Giving hypoxia treatments DQ of 3 as O2 is not considered in our model at this time and the study found  significant effects of O2 on MR except for the early warm hypoxia treatment,EH_11_2,10,individual,1,NA,1,35,endogenous,wet,0,fresh,pre-smolt,Del Rio2021_92,92,,,
2021,Del Rio,Conserv. Physiol.,0.2417,NA,10,0,NA,0,NA,0.041599346,NA,NA,-1.420057991,Onchorhynchus tshawytscha,fall,fry,Control,hypoxia and warming treatments in this experiment at different stages of egg development (see author notes column). Giving hypoxia treatments DQ of 3 as O2 is not considered in our model at this time and the study found  significant effects of O2 on MR except for the early warm hypoxia treatment,C_9_2,10,individual,1,NA,1,34,endogenous,wet,0,fresh,pre-smolt,Del Rio2021_32,32,,,
2021,Del Rio,Conserv. Physiol.,0.2424,NA,10,0,NA,0,NA,0.043257205,NA,NA,-1.417166025,Onchorhynchus tshawytscha,fall,fry,Early.hypoxia,hypoxia and warming treatments in this experiment at different stages of egg development (see author notes column). Giving hypoxia treatments DQ of 3 as O2 is not considered in our model at this time and the study found  significant effects of O2 on MR except for the early warm hypoxia treatment,EH_2_1,10,individual,1,NA,1,35,endogenous,wet,0,fresh,pre-smolt,Del Rio2021_104,104,,,
2021,Del Rio,Conserv. Physiol.,0.2444,NA,10,0,NA,0,NA,0.048233256,NA,NA,-1.408949052,Onchorhynchus tshawytscha,fall,fry,Chronic.warm.normoxia,hypoxia and warming treatments in this experiment at different stages of egg development (see author notes column). Giving hypoxia treatments DQ of 3 as O2 is not considered in our model at this time and the study found  significant effects of O2 on MR except for the early warm hypoxia treatment,CWN_14_2,14,individual,1,NA,1,39,endogenous,wet,0,fresh,pre-smolt,Del Rio2021_72,72,,,
2021,Del Rio,Conserv. Physiol.,0.2446,NA,10,0,NA,0,NA,0.024956013,NA,NA,-1.408131056,Onchorhynchus tshawytscha,fall,fry,Early.hypoxia,hypoxia and warming treatments in this experiment at different stages of egg development (see author notes column). Giving hypoxia treatments DQ of 3 as O2 is not considered in our model at this time and the study found  significant effects of O2 on MR except for the early warm hypoxia treatment,EH_8_1,10,individual,1,NA,1,35,endogenous,wet,0,fresh,pre-smolt,Del Rio2021_116,116,,,
2021,Del Rio,Conserv. Physiol.,0.245,NA,10,0,NA,0,NA,0.044892641,NA,NA,-1.406497068,Onchorhynchus tshawytscha,fall,fry,Chronic.warm.hypoxia,hypoxia and warming treatments in this experiment at different stages of egg development (see author notes column). Giving hypoxia treatments DQ of 3 as O2 is not considered in our model at this time and the study found  significant effects of O2 on MR except for the early warm hypoxia treatment,CWH_9_2,14,individual,1,NA,1,44,endogenous,wet,0,fresh,pre-smolt,Del Rio2021_65,65,,,
2021,Del Rio,Conserv. Physiol.,0.245,NA,10,0,NA,0,NA,0.079768821,NA,NA,-1.406497068,Onchorhynchus tshawytscha,fall,fry,Late.warm.hypoxia,hypoxia and warming treatments in this experiment at different stages of egg development (see author notes column). Giving hypoxia treatments DQ of 3 as O2 is not considered in our model at this time and the study found  significant effects of O2 on MR except for the early warm hypoxia treatment,LWH_15_2,14,individual,1,NA,1,32,endogenous,wet,0,fresh,pre-smolt,Del Rio2021_281,281,,,
2021,Del Rio,Conserv. Physiol.,0.2454,NA,10,0,NA,0,NA,0.059056657,NA,NA,-1.404865747,Onchorhynchus tshawytscha,fall,fry,Chronic.cold.hypoxia,hypoxia and warming treatments in this experiment at different stages of egg development (see author notes column). Giving hypoxia treatments DQ of 3 as O2 is not considered in our model at this time and the study found  significant effects of O2 on MR except for the early warm hypoxia treatment,CH_10_2,10,individual,1,NA,1,41,endogenous,wet,0,fresh,pre-smolt,Del Rio2021_34,34,,,
2021,Del Rio,Conserv. Physiol.,0.246,NA,10,0,NA,0,NA,0.041775692,NA,NA,-1.402423743,Onchorhynchus tshawytscha,fall,fry,Chronic.warm.normoxia,hypoxia and warming treatments in this experiment at different stages of egg development (see author notes column). Giving hypoxia treatments DQ of 3 as O2 is not considered in our model at this time and the study found  significant effects of O2 on MR except for the early warm hypoxia treatment,CWN_6_1,14,individual,1,NA,1,39,endogenous,wet,0,fresh,pre-smolt,Del Rio2021_83,83,,,
2021,Del Rio,Conserv. Physiol.,0.2466,NA,10,0,NA,0,NA,0.023226515,NA,NA,-1.399987688,Onchorhynchus tshawytscha,fall,fry,Control,hypoxia and warming treatments in this experiment at different stages of egg development (see author notes column). Giving hypoxia treatments DQ of 3 as O2 is not considered in our model at this time and the study found  significant effects of O2 on MR except for the early warm hypoxia treatment,C_3_1,10,individual,1,NA,1,34,endogenous,wet,0,fresh,pre-smolt,Del Rio2021_21,21,,,
2021,Del Rio,Conserv. Physiol.,0.2468,NA,10,0,NA,0,NA,0.041518181,NA,NA,-1.399176987,Onchorhynchus tshawytscha,fall,fry,Chronic.warm.normoxia,hypoxia and warming treatments in this experiment at different stages of egg development (see author notes column). Giving hypoxia treatments DQ of 3 as O2 is not considered in our model at this time and the study found  significant effects of O2 on MR except for the early warm hypoxia treatment,CWN_12_2,14,individual,1,NA,1,39,endogenous,wet,0,fresh,pre-smolt,Del Rio2021_70,70,,,
2021,Del Rio,Conserv. Physiol.,0.2468,NA,10,0,NA,0,NA,0.039289058,NA,NA,-1.399176987,Onchorhynchus tshawytscha,fall,fry,Late.warming,hypoxia and warming treatments in this experiment at different stages of egg development (see author notes column). Giving hypoxia treatments DQ of 3 as O2 is not considered in our model at this time and the study found  significant effects of O2 on MR except for the early warm hypoxia treatment,LW_5_1,14,individual,1,NA,1,33,endogenous,wet,0,fresh,pre-smolt,Del Rio2021_264,264,,,
2021,Del Rio,Conserv. Physiol.,0.247,NA,10,0,NA,0,NA,0.068057785,NA,NA,-1.398366942,Onchorhynchus tshawytscha,fall,fry,Late.warming,hypoxia and warming treatments in this experiment at different stages of egg development (see author notes column). Giving hypoxia treatments DQ of 3 as O2 is not considered in our model at this time and the study found  significant effects of O2 on MR except for the early warm hypoxia treatment,LW_8_1,14,individual,1,NA,1,33,endogenous,wet,0,fresh,pre-smolt,Del Rio2021_270,270,,,
2021,Del Rio,Conserv. Physiol.,0.248,NA,10,0,NA,0,NA,0.050314274,NA,NA,-1.394326533,Onchorhynchus tshawytscha,fall,fry,Early.hypoxia,hypoxia and warming treatments in this experiment at different stages of egg development (see author notes column). Giving hypoxia treatments DQ of 3 as O2 is not considered in our model at this time and the study found  significant effects of O2 on MR except for the early warm hypoxia treatment,EH_16_2,10,individual,1,NA,1,35,endogenous,wet,0,fresh,pre-smolt,Del Rio2021_102,102,,,
2021,Del Rio,Conserv. Physiol.,0.248,NA,10,0,NA,0,NA,0.011198,NA,NA,-1.394326533,Onchorhynchus tshawytscha,fall,fry,Late.warm.hypoxia,hypoxia and warming treatments in this experiment at different stages of egg development (see author notes column). Giving hypoxia treatments DQ of 3 as O2 is not considered in our model at this time and the study found  significant effects of O2 on MR except for the early warm hypoxia treatment,LWH_10_2,14,individual,1,NA,1,32,endogenous,wet,0,fresh,pre-smolt,Del Rio2021_275,275,,,
2021,Del Rio,Conserv. Physiol.,0.249,NA,10,0,NA,0,NA,0.102500874,NA,NA,-1.390302383,Onchorhynchus tshawytscha,fall,fry,Control,hypoxia and warming treatments in this experiment at different stages of egg development (see author notes column). Giving hypoxia treatments DQ of 3 as O2 is not considered in our model at this time and the study found  significant effects of O2 on MR except for the early warm hypoxia treatment,C_15_2,10,individual,1,NA,1,34,endogenous,wet,0,fresh,pre-smolt,Del Rio2021_15,15,,,
2021,Del Rio,Conserv. Physiol.,0.249,NA,10,0,NA,0,NA,0.051103386,NA,NA,-1.390302383,Onchorhynchus tshawytscha,fall,fry,Early.warming,hypoxia and warming treatments in this experiment at different stages of egg development (see author notes column). Giving hypoxia treatments DQ of 3 as O2 is not considered in our model at this time and the study found  significant effects of O2 on MR except for the early warm hypoxia treatment,EW_7_1,14,individual,1,NA,1,35,endogenous,wet,0,fresh,pre-smolt,Del Rio2021_145,145,,,
2021,Del Rio,Conserv. Physiol.,0.2501,NA,10,0,NA,0,NA,0.05977074,NA,NA,-1.385894441,Onchorhynchus tshawytscha,fall,fry,Late.warm.hypoxia,hypoxia and warming treatments in this experiment at different stages of egg development (see author notes column). Giving hypoxia treatments DQ of 3 as O2 is not considered in our model at this time and the study found  significant effects of O2 on MR except for the early warm hypoxia treatment,LWH_14_2,14,individual,1,NA,1,32,endogenous,wet,0,fresh,pre-smolt,Del Rio2021_279,279,,,
2021,Del Rio,Conserv. Physiol.,0.2506,NA,10,0,NA,0,NA,0.052045753,NA,NA,-1.383897237,Onchorhynchus tshawytscha,fall,fry,Early.warm.hypoxia,hypoxia and warming treatments in this experiment at different stages of egg development (see author notes column). Giving hypoxia treatments DQ of 3 as O2 is not considered in our model at this time and the study found  significant effects of O2 on MR except for the early warm hypoxia treatment,EWH_9_2,14,individual,1,NA,1,34,endogenous,wet,0,fresh,pre-smolt,Del Rio2021_181,181,,,
2021,Del Rio,Conserv. Physiol.,0.2511,NA,10,0,NA,0,NA,0.033422558,NA,NA,-1.381904013,Onchorhynchus tshawytscha,fall,fry,Early.warm.hypoxia,hypoxia and warming treatments in this experiment at different stages of egg development (see author notes column). Giving hypoxia treatments DQ of 3 as O2 is not considered in our model at this time and the study found  significant effects of O2 on MR except for the early warm hypoxia treatment,EWH_1_1,14,individual,1,NA,1,34,endogenous,wet,0,fresh,pre-smolt,Del Rio2021_151,151,,,
2021,Del Rio,Conserv. Physiol.,0.2511,NA,10,0,NA,0,NA,0.072771364,NA,NA,-1.381904013,Onchorhynchus tshawytscha,fall,fry,Early.warm.hypoxia,hypoxia and warming treatments in this experiment at different stages of egg development (see author notes column). Giving hypoxia treatments DQ of 3 as O2 is not considered in our model at this time and the study found  significant effects of O2 on MR except for the early warm hypoxia treatment,EWH_5_1,14,individual,1,NA,1,34,endogenous,wet,0,fresh,pre-smolt,Del Rio2021_173,173,,,
2021,Del Rio,Conserv. Physiol.,0.2523,NA,10,0,NA,0,NA,0.076946884,NA,NA,-1.377136423,Onchorhynchus tshawytscha,fall,fry,Chronic.cold.hypoxia,hypoxia and warming treatments in this experiment at different stages of egg development (see author notes column). Giving hypoxia treatments DQ of 3 as O2 is not considered in our model at this time and the study found  significant effects of O2 on MR except for the early warm hypoxia treatment,CH_16_2,10,individual,1,NA,1,41,endogenous,wet,0,fresh,pre-smolt,Del Rio2021_40,40,,,
2021,Del Rio,Conserv. Physiol.,0.2539,NA,10,0,NA,0,NA,0.037371685,NA,NA,-1.37081479,Onchorhynchus tshawytscha,fall,fry,Late.warming,hypoxia and warming treatments in this experiment at different stages of egg development (see author notes column). Giving hypoxia treatments DQ of 3 as O2 is not considered in our model at this time and the study found  significant effects of O2 on MR except for the early warm hypoxia treatment,LW_10_2,14,individual,1,NA,1,33,endogenous,wet,0,fresh,pre-smolt,Del Rio2021_244,244,,,
2021,Del Rio,Conserv. Physiol.,0.2547,NA,10,0,NA,0,NA,0.046009777,NA,NA,-1.367668897,Onchorhynchus tshawytscha,fall,fry,Late. hypoxia,hypoxia and warming treatments in this experiment at different stages of egg development (see author notes column). Giving hypoxia treatments DQ of 3 as O2 is not considered in our model at this time and the study found  significant effects of O2 on MR except for the early warm hypoxia treatment,LH_2_1,10,individual,1,NA,1,36,endogenous,wet,0,fresh,pre-smolt,Del Rio2021_226,226,,,
2021,Del Rio,Conserv. Physiol.,0.2551,NA,10,0,NA,0,NA,0.073051334,NA,NA,-1.366099654,Onchorhynchus tshawytscha,fall,fry,Late. hypoxia,hypoxia and warming treatments in this experiment at different stages of egg development (see author notes column). Giving hypoxia treatments DQ of 3 as O2 is not considered in our model at this time and the study found  significant effects of O2 on MR except for the early warm hypoxia treatment,LH_5_1,10,individual,1,NA,1,36,endogenous,wet,0,fresh,pre-smolt,Del Rio2021_232,232,,,
2021,Del Rio,Conserv. Physiol.,0.2553,NA,10,0,NA,0,NA,0.126904565,NA,NA,-1.365315955,Onchorhynchus tshawytscha,fall,fry,Early.warming,hypoxia and warming treatments in this experiment at different stages of egg development (see author notes column). Giving hypoxia treatments DQ of 3 as O2 is not considered in our model at this time and the study found  significant effects of O2 on MR except for the early warm hypoxia treatment,EW_12_2,14,individual,1,NA,1,35,endogenous,wet,0,fresh,pre-smolt,Del Rio2021_126,126,,,
2021,Del Rio,Conserv. Physiol.,0.2554,NA,10,0,NA,0,NA,0.032389577,NA,NA,-1.364924335,Onchorhynchus tshawytscha,fall,fry,Chronic.cold.hypoxia,hypoxia and warming treatments in this experiment at different stages of egg development (see author notes column). Giving hypoxia treatments DQ of 3 as O2 is not considered in our model at this time and the study found  significant effects of O2 on MR except for the early warm hypoxia treatment,CH_15_2,10,individual,1,NA,1,41,endogenous,wet,0,fresh,pre-smolt,Del Rio2021_39,39,,,
2021,Del Rio,Conserv. Physiol.,0.2559,NA,10,0,NA,0,NA,0.050110598,NA,NA,-1.362968536,Onchorhynchus tshawytscha,fall,fry,Chronic.cold.hypoxia,hypoxia and warming treatments in this experiment at different stages of egg development (see author notes column). Giving hypoxia treatments DQ of 3 as O2 is not considered in our model at this time and the study found  significant effects of O2 on MR except for the early warm hypoxia treatment,CH_8_1,10,individual,1,NA,1,41,endogenous,wet,0,fresh,pre-smolt,Del Rio2021_47,47,,,
2021,Del Rio,Conserv. Physiol.,0.2565,NA,10,0,NA,0,NA,0.083727912,NA,NA,-1.360626614,Onchorhynchus tshawytscha,fall,fry,Early.warm.hypoxia,hypoxia and warming treatments in this experiment at different stages of egg development (see author notes column). Giving hypoxia treatments DQ of 3 as O2 is not considered in our model at this time and the study found  significant effects of O2 on MR except for the early warm hypoxia treatment,EWH_16_2,14,individual,1,NA,1,34,endogenous,wet,0,fresh,pre-smolt,Del Rio2021_165,165,,,
2021,Del Rio,Conserv. Physiol.,0.2574,NA,10,0,NA,0,NA,0.02721668,NA,NA,-1.357123984,Onchorhynchus tshawytscha,fall,fry,Early.warm.hypoxia,hypoxia and warming treatments in this experiment at different stages of egg development (see author notes column). Giving hypoxia treatments DQ of 3 as O2 is not considered in our model at this time and the study found  significant effects of O2 on MR except for the early warm hypoxia treatment,EWH_3_1,14,individual,1,NA,1,34,endogenous,wet,0,fresh,pre-smolt,Del Rio2021_169,169,,,
2021,Del Rio,Conserv. Physiol.,0.2599,NA,10,0,NA,0,NA,0.059061182,NA,NA,-1.347458337,Onchorhynchus tshawytscha,fall,fry,Early.warming,hypoxia and warming treatments in this experiment at different stages of egg development (see author notes column). Giving hypoxia treatments DQ of 3 as O2 is not considered in our model at this time and the study found  significant effects of O2 on MR except for the early warm hypoxia treatment,EW_3_1,14,individual,1,NA,1,35,endogenous,wet,0,fresh,pre-smolt,Del Rio2021_137,137,,,
2021,Del Rio,Conserv. Physiol.,0.2609,NA,10,0,NA,0,NA,0.064188522,NA,NA,-1.343618087,Onchorhynchus tshawytscha,fall,fry,Early.hypoxia,hypoxia and warming treatments in this experiment at different stages of egg development (see author notes column). Giving hypoxia treatments DQ of 3 as O2 is not considered in our model at this time and the study found  significant effects of O2 on MR except for the early warm hypoxia treatment,EH_7_1,10,individual,1,NA,1,35,endogenous,wet,0,fresh,pre-smolt,Del Rio2021_114,114,,,
2021,Del Rio,Conserv. Physiol.,0.261,NA,10,0,NA,0,NA,0.044455484,NA,NA,-1.343234872,Onchorhynchus tshawytscha,fall,fry,Early.hypoxia,hypoxia and warming treatments in this experiment at different stages of egg development (see author notes column). Giving hypoxia treatments DQ of 3 as O2 is not considered in our model at this time and the study found  significant effects of O2 on MR except for the early warm hypoxia treatment,EH_6_1,10,individual,1,NA,1,35,endogenous,wet,0,fresh,pre-smolt,Del Rio2021_112,112,,,
2021,Del Rio,Conserv. Physiol.,0.2618,NA,10,0,NA,0,NA,0.042324076,NA,NA,-1.340174426,Onchorhynchus tshawytscha,fall,fry,Late. hypoxia,hypoxia and warming treatments in this experiment at different stages of egg development (see author notes column). Giving hypoxia treatments DQ of 3 as O2 is not considered in our model at this time and the study found  significant effects of O2 on MR except for the early warm hypoxia treatment,LH_7_1,10,individual,1,NA,1,36,endogenous,wet,0,fresh,pre-smolt,Del Rio2021_236,236,,,
2021,Del Rio,Conserv. Physiol.,0.262,NA,10,0,NA,0,NA,0.055180367,NA,NA,-1.339410775,Onchorhynchus tshawytscha,fall,fry,Late.warm.hypoxia,hypoxia and warming treatments in this experiment at different stages of egg development (see author notes column). Giving hypoxia treatments DQ of 3 as O2 is not considered in our model at this time and the study found  significant effects of O2 on MR except for the early warm hypoxia treatment,LWH_7_1,14,individual,1,NA,1,32,endogenous,wet,0,fresh,pre-smolt,Del Rio2021_295,295,,,
2021,Del Rio,Conserv. Physiol.,0.2631,NA,10,0,NA,0,NA,0.049984607,NA,NA,-1.335221091,Onchorhynchus tshawytscha,fall,fry,Late. hypoxia,hypoxia and warming treatments in this experiment at different stages of egg development (see author notes column). Giving hypoxia treatments DQ of 3 as O2 is not considered in our model at this time and the study found  significant effects of O2 on MR except for the early warm hypoxia treatment,LH_8_1,10,individual,1,NA,1,36,endogenous,wet,0,fresh,pre-smolt,Del Rio2021_238,238,,,
2021,Del Rio,Conserv. Physiol.,0.2632,NA,10,0,NA,0,NA,0.07717415,NA,NA,-1.33484108,Onchorhynchus tshawytscha,fall,fry,Chronic.warm.normoxia,hypoxia and warming treatments in this experiment at different stages of egg development (see author notes column). Giving hypoxia treatments DQ of 3 as O2 is not considered in our model at this time and the study found  significant effects of O2 on MR except for the early warm hypoxia treatment,CWN_4_1,14,individual,1,NA,1,39,endogenous,wet,0,fresh,pre-smolt,Del Rio2021_79,79,,,
2021,Del Rio,Conserv. Physiol.,0.2642,NA,10,0,NA,0,NA,0.031853221,NA,NA,-1.331048887,Onchorhynchus tshawytscha,fall,fry,Chronic.cold.hypoxia,hypoxia and warming treatments in this experiment at different stages of egg development (see author notes column). Giving hypoxia treatments DQ of 3 as O2 is not considered in our model at this time and the study found  significant effects of O2 on MR except for the early warm hypoxia treatment,CH_13_2,10,individual,1,NA,1,41,endogenous,wet,0,fresh,pre-smolt,Del Rio2021_37,37,,,
2021,Del Rio,Conserv. Physiol.,0.2647,NA,10,0,NA,0,NA,0.056583787,NA,NA,-1.32915817,Onchorhynchus tshawytscha,fall,fry,Late.warm.hypoxia,hypoxia and warming treatments in this experiment at different stages of egg development (see author notes column). Giving hypoxia treatments DQ of 3 as O2 is not considered in our model at this time and the study found  significant effects of O2 on MR except for the early warm hypoxia treatment,LWH_8_1,14,individual,1,NA,1,32,endogenous,wet,0,fresh,pre-smolt,Del Rio2021_297,297,,,
2021,Del Rio,Conserv. Physiol.,0.2653,NA,10,0,NA,0,NA,0.069635298,NA,NA,-1.326894018,Onchorhynchus tshawytscha,fall,fry,Early.hypoxia,hypoxia and warming treatments in this experiment at different stages of egg development (see author notes column). Giving hypoxia treatments DQ of 3 as O2 is not considered in our model at this time and the study found  significant effects of O2 on MR except for the early warm hypoxia treatment,EH_4_1,10,individual,1,NA,1,35,endogenous,wet,0,fresh,pre-smolt,Del Rio2021_108,108,,,
2021,Del Rio,Conserv. Physiol.,0.266,NA,10,0,NA,0,NA,0.045629353,NA,NA,-1.32425897,Onchorhynchus tshawytscha,fall,fry,Late.warm.hypoxia,hypoxia and warming treatments in this experiment at different stages of egg development (see author notes column). Giving hypoxia treatments DQ of 3 as O2 is not considered in our model at this time and the study found  significant effects of O2 on MR except for the early warm hypoxia treatment,LWH_12_2,14,individual,1,NA,1,32,endogenous,wet,0,fresh,pre-smolt,Del Rio2021_277,277,,,
2021,Del Rio,Conserv. Physiol.,0.2665,NA,10,0,NA,0,NA,0.148505105,NA,NA,-1.322381035,Onchorhynchus tshawytscha,fall,fry,Control,hypoxia and warming treatments in this experiment at different stages of egg development (see author notes column). Giving hypoxia treatments DQ of 3 as O2 is not considered in our model at this time and the study found  significant effects of O2 on MR except for the early warm hypoxia treatment,C_13_2,10,individual,1,NA,1,34,endogenous,wet,0,fresh,pre-smolt,Del Rio2021_11,11,,,
2021,Del Rio,Conserv. Physiol.,0.2671,NA,10,0,NA,0,NA,0.078079824,NA,NA,-1.320132159,Onchorhynchus tshawytscha,fall,fry,Early.warm.hypoxia,hypoxia and warming treatments in this experiment at different stages of egg development (see author notes column). Giving hypoxia treatments DQ of 3 as O2 is not considered in our model at this time and the study found  significant effects of O2 on MR except for the early warm hypoxia treatment,EWH_8_1,14,individual,1,NA,1,34,endogenous,wet,0,fresh,pre-smolt,Del Rio2021_179,179,,,
2021,Del Rio,Conserv. Physiol.,0.2674,NA,10,0,NA,0,NA,0.045207684,NA,NA,-1.319009614,Onchorhynchus tshawytscha,fall,fry,Late.warm.hypoxia,hypoxia and warming treatments in this experiment at different stages of egg development (see author notes column). Giving hypoxia treatments DQ of 3 as O2 is not considered in our model at this time and the study found  significant effects of O2 on MR except for the early warm hypoxia treatment,LWH_6_1,14,individual,1,NA,1,32,endogenous,wet,0,fresh,pre-smolt,Del Rio2021_293,293,,,
2021,Del Rio,Conserv. Physiol.,0.2692,NA,10,0,NA,0,NA,0.074028976,NA,NA,-1.312300681,Onchorhynchus tshawytscha,fall,fry,Late. hypoxia,hypoxia and warming treatments in this experiment at different stages of egg development (see author notes column). Giving hypoxia treatments DQ of 3 as O2 is not considered in our model at this time and the study found  significant effects of O2 on MR except for the early warm hypoxia treatment,LH_13_2,10,individual,1,NA,1,36,endogenous,wet,0,fresh,pre-smolt,Del Rio2021_218,218,,,
2021,Del Rio,Conserv. Physiol.,0.2692,NA,10,0,NA,0,NA,0.021424802,NA,NA,-1.312300681,Onchorhynchus tshawytscha,fall,fry,Late.warming,hypoxia and warming treatments in this experiment at different stages of egg development (see author notes column). Giving hypoxia treatments DQ of 3 as O2 is not considered in our model at this time and the study found  significant effects of O2 on MR except for the early warm hypoxia treatment,LW_13_2,14,individual,1,NA,1,33,endogenous,wet,0,fresh,pre-smolt,Del Rio2021_250,250,,,
2021,Del Rio,Conserv. Physiol.,0.2694,NA,10,0,NA,0,NA,0.052735876,NA,NA,-1.311558015,Onchorhynchus tshawytscha,fall,fry,Chronic.warm.normoxia,hypoxia and warming treatments in this experiment at different stages of egg development (see author notes column). Giving hypoxia treatments DQ of 3 as O2 is not considered in our model at this time and the study found  significant effects of O2 on MR except for the early warm hypoxia treatment,CWN_3_1,14,individual,1,NA,1,39,endogenous,wet,0,fresh,pre-smolt,Del Rio2021_78,78,,,
2021,Del Rio,Conserv. Physiol.,0.2694,NA,10,0,NA,0,NA,0.042360261,NA,NA,-1.311558015,Onchorhynchus tshawytscha,fall,fry,Late. hypoxia,hypoxia and warming treatments in this experiment at different stages of egg development (see author notes column). Giving hypoxia treatments DQ of 3 as O2 is not considered in our model at this time and the study found  significant effects of O2 on MR except for the early warm hypoxia treatment,LH_14_2,10,individual,1,NA,1,36,endogenous,wet,0,fresh,pre-smolt,Del Rio2021_220,220,,,
2021,Del Rio,Conserv. Physiol.,0.27,NA,10,0,NA,0,NA,0.093030332,NA,NA,-1.30933332,Onchorhynchus tshawytscha,fall,fry,Early.warming,hypoxia and warming treatments in this experiment at different stages of egg development (see author notes column). Giving hypoxia treatments DQ of 3 as O2 is not considered in our model at this time and the study found  significant effects of O2 on MR except for the early warm hypoxia treatment,EW_14_2,14,individual,1,NA,1,35,endogenous,wet,0,fresh,pre-smolt,Del Rio2021_130,130,,,
2021,Del Rio,Conserv. Physiol.,0.2706,NA,10,0,NA,0,NA,0.007286563,NA,NA,-1.307113563,Onchorhynchus tshawytscha,fall,fry,Late.warming,hypoxia and warming treatments in this experiment at different stages of egg development (see author notes column). Giving hypoxia treatments DQ of 3 as O2 is not considered in our model at this time and the study found  significant effects of O2 on MR except for the early warm hypoxia treatment,LW_15_2,14,individual,1,NA,1,33,endogenous,wet,0,fresh,pre-smolt,Del Rio2021_254,254,,,
2021,Del Rio,Conserv. Physiol.,0.2717,NA,10,0,NA,0,NA,0.038266797,NA,NA,-1.303056763,Onchorhynchus tshawytscha,fall,fry,Late. hypoxia,hypoxia and warming treatments in this experiment at different stages of egg development (see author notes column). Giving hypoxia treatments DQ of 3 as O2 is not considered in our model at this time and the study found  significant effects of O2 on MR except for the early warm hypoxia treatment,LH_3_1,10,individual,1,NA,1,36,endogenous,wet,0,fresh,pre-smolt,Del Rio2021_228,228,,,
2021,Del Rio,Conserv. Physiol.,0.272,NA,10,0,NA,0,NA,0.107420874,NA,NA,-1.301953213,Onchorhynchus tshawytscha,fall,fry,Early.warm.hypoxia,hypoxia and warming treatments in this experiment at different stages of egg development (see author notes column). Giving hypoxia treatments DQ of 3 as O2 is not considered in our model at this time and the study found  significant effects of O2 on MR except for the early warm hypoxia treatment,EWH_15_2,14,individual,1,NA,1,34,endogenous,wet,0,fresh,pre-smolt,Del Rio2021_163,163,,,
2021,Del Rio,Conserv. Physiol.,0.2721,NA,10,0,NA,0,NA,0.05000286,NA,NA,-1.301585633,Onchorhynchus tshawytscha,fall,fry,Chronic.warm.normoxia,hypoxia and warming treatments in this experiment at different stages of egg development (see author notes column). Giving hypoxia treatments DQ of 3 as O2 is not considered in our model at this time and the study found  significant effects of O2 on MR except for the early warm hypoxia treatment,CWN_1_1,14,individual,1,NA,1,39,endogenous,wet,0,fresh,pre-smolt,Del Rio2021_66,66,,,
2021,Del Rio,Conserv. Physiol.,0.2722,NA,10,0,NA,0,NA,0.085730367,NA,NA,-1.301218189,Onchorhynchus tshawytscha,fall,fry,Late. hypoxia,hypoxia and warming treatments in this experiment at different stages of egg development (see author notes column). Giving hypoxia treatments DQ of 3 as O2 is not considered in our model at this time and the study found  significant effects of O2 on MR except for the early warm hypoxia treatment,LH_4_1,10,individual,1,NA,1,36,endogenous,wet,0,fresh,pre-smolt,Del Rio2021_230,230,,,
2021,Del Rio,Conserv. Physiol.,0.2723,NA,10,0,NA,0,NA,0.061463164,NA,NA,-1.300850879,Onchorhynchus tshawytscha,fall,fry,Late.warm.hypoxia,hypoxia and warming treatments in this experiment at different stages of egg development (see author notes column). Giving hypoxia treatments DQ of 3 as O2 is not considered in our model at this time and the study found  significant effects of O2 on MR except for the early warm hypoxia treatment,LWH_13_2,14,individual,1,NA,1,32,endogenous,wet,0,fresh,pre-smolt,Del Rio2021_278,278,,,
2021,Del Rio,Conserv. Physiol.,0.2729,NA,10,0,NA,0,NA,0.080860161,NA,NA,-1.298649851,Onchorhynchus tshawytscha,fall,fry,Early.warm.hypoxia,hypoxia and warming treatments in this experiment at different stages of egg development (see author notes column). Giving hypoxia treatments DQ of 3 as O2 is not considered in our model at this time and the study found  significant effects of O2 on MR except for the early warm hypoxia treatment,EWH_2_1,14,individual,1,NA,1,34,endogenous,wet,0,fresh,pre-smolt,Del Rio2021_167,167,,,
2021,Del Rio,Conserv. Physiol.,0.2737,NA,10,0,NA,0,NA,0.053306283,NA,NA,-1.295722663,Onchorhynchus tshawytscha,fall,fry,Late.warming,hypoxia and warming treatments in this experiment at different stages of egg development (see author notes column). Giving hypoxia treatments DQ of 3 as O2 is not considered in our model at this time and the study found  significant effects of O2 on MR except for the early warm hypoxia treatment,LW_11_2,14,individual,1,NA,1,33,endogenous,wet,0,fresh,pre-smolt,Del Rio2021_246,246,,,
2021,Del Rio,Conserv. Physiol.,0.2746,NA,10,0,NA,0,NA,0.050611488,NA,NA,-1.292439786,Onchorhynchus tshawytscha,fall,fry,Early.warming,hypoxia and warming treatments in this experiment at different stages of egg development (see author notes column). Giving hypoxia treatments DQ of 3 as O2 is not considered in our model at this time and the study found  significant effects of O2 on MR except for the early warm hypoxia treatment,EW_5_1,14,individual,1,NA,1,35,endogenous,wet,0,fresh,pre-smolt,Del Rio2021_141,141,,,
2021,Del Rio,Conserv. Physiol.,0.276,NA,10,0,NA,0,NA,0.064555286,NA,NA,-1.287354413,Onchorhynchus tshawytscha,fall,fry,Late.warming,hypoxia and warming treatments in this experiment at different stages of egg development (see author notes column). Giving hypoxia treatments DQ of 3 as O2 is not considered in our model at this time and the study found  significant effects of O2 on MR except for the early warm hypoxia treatment,LW_9_2,14,individual,1,NA,1,33,endogenous,wet,0,fresh,pre-smolt,Del Rio2021_272,272,,,
2021,Del Rio,Conserv. Physiol.,0.2761,NA,10,0,NA,0,NA,0.129492267,NA,NA,-1.28699216,Onchorhynchus tshawytscha,fall,fry,Early.warm.hypoxia,hypoxia and warming treatments in this experiment at different stages of egg development (see author notes column). Giving hypoxia treatments DQ of 3 as O2 is not considered in our model at this time and the study found  significant effects of O2 on MR except for the early warm hypoxia treatment,EWH_4_1,14,individual,1,NA,1,34,endogenous,wet,0,fresh,pre-smolt,Del Rio2021_171,171,,,
2021,Del Rio,Conserv. Physiol.,0.2781,NA,10,0,NA,0,NA,0.064066106,NA,NA,-1.279774518,Onchorhynchus tshawytscha,fall,fry,Control,hypoxia and warming treatments in this experiment at different stages of egg development (see author notes column). Giving hypoxia treatments DQ of 3 as O2 is not considered in our model at this time and the study found  significant effects of O2 on MR except for the early warm hypoxia treatment,C_14_2,10,individual,1,NA,1,34,endogenous,wet,0,fresh,pre-smolt,Del Rio2021_13,13,,,
2021,Del Rio,Conserv. Physiol.,0.2799,NA,10,0,NA,0,NA,0.026181463,NA,NA,-1.273322882,Onchorhynchus tshawytscha,fall,fry,Late.warming,hypoxia and warming treatments in this experiment at different stages of egg development (see author notes column). Giving hypoxia treatments DQ of 3 as O2 is not considered in our model at this time and the study found  significant effects of O2 on MR except for the early warm hypoxia treatment,LW_3_1,14,individual,1,NA,1,33,endogenous,wet,0,fresh,pre-smolt,Del Rio2021_260,260,,,
2021,Del Rio,Conserv. Physiol.,0.2805,NA,10,0,NA,0,NA,0.033456154,NA,NA,-1.271181554,Onchorhynchus tshawytscha,fall,fry,Late.warm.hypoxia,hypoxia and warming treatments in this experiment at different stages of egg development (see author notes column). Giving hypoxia treatments DQ of 3 as O2 is not considered in our model at this time and the study found  significant effects of O2 on MR except for the early warm hypoxia treatment,LWH_3_1,14,individual,1,NA,1,32,endogenous,wet,0,fresh,pre-smolt,Del Rio2021_287,287,,,
2021,Del Rio,Conserv. Physiol.,0.2827,NA,10,0,NA,0,NA,0.064988064,NA,NA,-1.263369014,Onchorhynchus tshawytscha,fall,fry,Early.warming,hypoxia and warming treatments in this experiment at different stages of egg development (see author notes column). Giving hypoxia treatments DQ of 3 as O2 is not considered in our model at this time and the study found  significant effects of O2 on MR except for the early warm hypoxia treatment,EW_16_2,14,individual,1,NA,1,35,endogenous,wet,0,fresh,pre-smolt,Del Rio2021_133,133,,,
2021,Del Rio,Conserv. Physiol.,0.2828,NA,10,0,NA,0,NA,0.069264446,NA,NA,-1.263015345,Onchorhynchus tshawytscha,fall,fry,Early.warming,hypoxia and warming treatments in this experiment at different stages of egg development (see author notes column). Giving hypoxia treatments DQ of 3 as O2 is not considered in our model at this time and the study found  significant effects of O2 on MR except for the early warm hypoxia treatment,EW_15_2,14,individual,1,NA,1,35,endogenous,wet,0,fresh,pre-smolt,Del Rio2021_131,131,,,
2021,Del Rio,Conserv. Physiol.,0.283,NA,10,0,NA,0,NA,0.025487441,NA,NA,-1.262308381,Onchorhynchus tshawytscha,fall,fry,Chronic.warm.hypoxia,hypoxia and warming treatments in this experiment at different stages of egg development (see author notes column). Giving hypoxia treatments DQ of 3 as O2 is not considered in our model at this time and the study found  significant effects of O2 on MR except for the early warm hypoxia treatment,CWH_14_2,14,individual,1,NA,1,44,endogenous,wet,0,fresh,pre-smolt,Del Rio2021_54,54,,,
2021,Del Rio,Conserv. Physiol.,0.2831,NA,10,0,NA,0,NA,0.075808838,NA,NA,-1.261955087,Onchorhynchus tshawytscha,fall,fry,Late.warm.hypoxia,hypoxia and warming treatments in this experiment at different stages of egg development (see author notes column). Giving hypoxia treatments DQ of 3 as O2 is not considered in our model at this time and the study found  significant effects of O2 on MR except for the early warm hypoxia treatment,LWH_1_1,14,individual,1,NA,1,32,endogenous,wet,0,fresh,pre-smolt,Del Rio2021_274,274,,,
2021,Del Rio,Conserv. Physiol.,0.2832,NA,10,0,NA,0,NA,0.009652745,NA,NA,-1.261601917,Onchorhynchus tshawytscha,fall,fry,Early.warming,hypoxia and warming treatments in this experiment at different stages of egg development (see author notes column). Giving hypoxia treatments DQ of 3 as O2 is not considered in our model at this time and the study found  significant effects of O2 on MR except for the early warm hypoxia treatment,EW_2_1,14,individual,1,NA,1,35,endogenous,wet,0,fresh,pre-smolt,Del Rio2021_135,135,,,
2021,Del Rio,Conserv. Physiol.,0.28355,NA,10,0,NA,0,NA,0.039820116,NA,NA,-1.260366805,Onchorhynchus tshawytscha,fall,fry,Late. hypoxia,hypoxia and warming treatments in this experiment at different stages of egg development (see author notes column). Giving hypoxia treatments DQ of 3 as O2 is not considered in our model at this time and the study found  significant effects of O2 on MR except for the early warm hypoxia treatment,LH_1_1,10,individual,1,NA,1,36,endogenous,wet,0,fresh,pre-smolt,Del Rio2021_211,211,,,
2021,Del Rio,Conserv. Physiol.,0.2845,NA,10,0,NA,0,NA,0.10854561,NA,NA,-1.257022025,Onchorhynchus tshawytscha,fall,fry,Chronic.warm.hypoxia,hypoxia and warming treatments in this experiment at different stages of egg development (see author notes column). Giving hypoxia treatments DQ of 3 as O2 is not considered in our model at this time and the study found  significant effects of O2 on MR except for the early warm hypoxia treatment,CWH_12_2,14,individual,1,NA,1,44,endogenous,wet,0,fresh,pre-smolt,Del Rio2021_52,52,,,
2021,Del Rio,Conserv. Physiol.,0.2863,NA,10,0,NA,0,NA,0.057088203,NA,NA,-1.250715067,Onchorhynchus tshawytscha,fall,fry,Chronic.cold.hypoxia,hypoxia and warming treatments in this experiment at different stages of egg development (see author notes column). Giving hypoxia treatments DQ of 3 as O2 is not considered in our model at this time and the study found  significant effects of O2 on MR except for the early warm hypoxia treatment,CH_11_2,10,individual,1,NA,1,41,endogenous,wet,0,fresh,pre-smolt,Del Rio2021_35,35,,,
2021,Del Rio,Conserv. Physiol.,0.2879,NA,10,0,NA,0,NA,0.093164915,NA,NA,-1.245142081,Onchorhynchus tshawytscha,fall,fry,Chronic.cold.hypoxia,hypoxia and warming treatments in this experiment at different stages of egg development (see author notes column). Giving hypoxia treatments DQ of 3 as O2 is not considered in our model at this time and the study found  significant effects of O2 on MR except for the early warm hypoxia treatment,CH_1_1,10,individual,1,NA,1,41,endogenous,wet,0,fresh,pre-smolt,Del Rio2021_33,33,,,
2021,Del Rio,Conserv. Physiol.,0.2883,NA,10,0,NA,0,NA,0.036756132,NA,NA,-1.243753674,Onchorhynchus tshawytscha,fall,fry,Early.warm.hypoxia,hypoxia and warming treatments in this experiment at different stages of egg development (see author notes column). Giving hypoxia treatments DQ of 3 as O2 is not considered in our model at this time and the study found  significant effects of O2 on MR except for the early warm hypoxia treatment,EWH_11_2,14,individual,1,NA,1,34,endogenous,wet,0,fresh,pre-smolt,Del Rio2021_155,155,,,
2021,Del Rio,Conserv. Physiol.,0.2885,NA,10,0,NA,0,NA,0.037445636,NA,NA,-1.243060193,Onchorhynchus tshawytscha,fall,fry,Late.warming,hypoxia and warming treatments in this experiment at different stages of egg development (see author notes column). Giving hypoxia treatments DQ of 3 as O2 is not considered in our model at this time and the study found  significant effects of O2 on MR except for the early warm hypoxia treatment,LW_2_1,14,individual,1,NA,1,33,endogenous,wet,0,fresh,pre-smolt,Del Rio2021_258,258,,,
2021,Del Rio,Conserv. Physiol.,0.2895,NA,10,0,NA,0,NA,0.039814399,NA,NA,-1.239599982,Onchorhynchus tshawytscha,fall,fry,Early.warming,hypoxia and warming treatments in this experiment at different stages of egg development (see author notes column). Giving hypoxia treatments DQ of 3 as O2 is not considered in our model at this time and the study found  significant effects of O2 on MR except for the early warm hypoxia treatment,EW_6_1,14,individual,1,NA,1,35,endogenous,wet,0,fresh,pre-smolt,Del Rio2021_143,143,,,
2021,Del Rio,Conserv. Physiol.,0.2924,NA,10,0,NA,0,NA,0.047735483,NA,NA,-1.229632551,Onchorhynchus tshawytscha,fall,fry,Late.warm.hypoxia,hypoxia and warming treatments in this experiment at different stages of egg development (see author notes column). Giving hypoxia treatments DQ of 3 as O2 is not considered in our model at this time and the study found  significant effects of O2 on MR except for the early warm hypoxia treatment,LWH_2_1,14,individual,1,NA,1,32,endogenous,wet,0,fresh,pre-smolt,Del Rio2021_285,285,,,
2021,Del Rio,Conserv. Physiol.,0.2944,NA,10,0,NA,0,NA,0.088927231,NA,NA,-1.222815892,Onchorhynchus tshawytscha,fall,fry,Late.warm.hypoxia,hypoxia and warming treatments in this experiment at different stages of egg development (see author notes column). Giving hypoxia treatments DQ of 3 as O2 is not considered in our model at this time and the study found  significant effects of O2 on MR except for the early warm hypoxia treatment,LWH_9_2,14,individual,1,NA,1,32,endogenous,wet,0,fresh,pre-smolt,Del Rio2021_298,298,,,
2021,Del Rio,Conserv. Physiol.,0.2946,NA,10,0,NA,0,NA,0.054761551,NA,NA,-1.222136775,Onchorhynchus tshawytscha,fall,fry,Chronic.cold.hypoxia,hypoxia and warming treatments in this experiment at different stages of egg development (see author notes column). Giving hypoxia treatments DQ of 3 as O2 is not considered in our model at this time and the study found  significant effects of O2 on MR except for the early warm hypoxia treatment,CH_2_1,10,individual,1,NA,1,41,endogenous,wet,0,fresh,pre-smolt,Del Rio2021_41,41,,,
2021,Del Rio,Conserv. Physiol.,0.2956,NA,10,0,NA,0,NA,0.038071195,NA,NA,-1.21874809,Onchorhynchus tshawytscha,fall,fry,Chronic.warm.hypoxia,hypoxia and warming treatments in this experiment at different stages of egg development (see author notes column). Giving hypoxia treatments DQ of 3 as O2 is not considered in our model at this time and the study found  significant effects of O2 on MR except for the early warm hypoxia treatment,CWH_7_1,14,individual,1,NA,1,44,endogenous,wet,0,fresh,pre-smolt,Del Rio2021_62,62,,,
2021,Del Rio,Conserv. Physiol.,0.2996,NA,10,0,NA,0,NA,0.055505732,NA,NA,-1.205307027,Onchorhynchus tshawytscha,fall,fry,Chronic.warm.normoxia,hypoxia and warming treatments in this experiment at different stages of egg development (see author notes column). Giving hypoxia treatments DQ of 3 as O2 is not considered in our model at this time and the study found  significant effects of O2 on MR except for the early warm hypoxia treatment,CWN_8_1,14,individual,1,NA,1,39,endogenous,wet,0,fresh,pre-smolt,Del Rio2021_85,85,,,
2021,Del Rio,Conserv. Physiol.,0.3004,NA,10,0,NA,0,NA,0.048335644,NA,NA,-1.202640359,Onchorhynchus tshawytscha,fall,fry,Late. hypoxia,hypoxia and warming treatments in this experiment at different stages of egg development (see author notes column). Giving hypoxia treatments DQ of 3 as O2 is not considered in our model at this time and the study found  significant effects of O2 on MR except for the early warm hypoxia treatment,LH_6_1,10,individual,1,NA,1,36,endogenous,wet,0,fresh,pre-smolt,Del Rio2021_234,234,,,
2021,Del Rio,Conserv. Physiol.,0.3026,NA,10,0,NA,0,NA,0.075068618,NA,NA,-1.195343478,Onchorhynchus tshawytscha,fall,fry,Control,hypoxia and warming treatments in this experiment at different stages of egg development (see author notes column). Giving hypoxia treatments DQ of 3 as O2 is not considered in our model at this time and the study found  significant effects of O2 on MR except for the early warm hypoxia treatment,C_1_1,10,individual,1,NA,1,34,endogenous,wet,0,fresh,pre-smolt,Del Rio2021_6,6,,,
2021,Del Rio,Conserv. Physiol.,0.3046,NA,10,0,NA,0,NA,0.024646495,NA,NA,-1.188755839,Onchorhynchus tshawytscha,fall,fry,Control,hypoxia and warming treatments in this experiment at different stages of egg development (see author notes column). Giving hypoxia treatments DQ of 3 as O2 is not considered in our model at this time and the study found  significant effects of O2 on MR except for the early warm hypoxia treatment,C_2_1,10,individual,1,NA,1,34,endogenous,wet,0,fresh,pre-smolt,Del Rio2021_19,19,,,
2021,Del Rio,Conserv. Physiol.,0.3056,NA,10,0,NA,0,NA,0.108093688,NA,NA,-1.185478222,Onchorhynchus tshawytscha,fall,fry,Control,hypoxia and warming treatments in this experiment at different stages of egg development (see author notes column). Giving hypoxia treatments DQ of 3 as O2 is not considered in our model at this time and the study found  significant effects of O2 on MR except for the early warm hypoxia treatment,C_7_1,10,individual,1,NA,1,34,endogenous,wet,0,fresh,pre-smolt,Del Rio2021_29,29,,,
2021,Del Rio,Conserv. Physiol.,0.3071,NA,10,0,NA,0,NA,0.027672052,NA,NA,-1.180581852,Onchorhynchus tshawytscha,fall,fry,Chronic.warm.normoxia,hypoxia and warming treatments in this experiment at different stages of egg development (see author notes column). Giving hypoxia treatments DQ of 3 as O2 is not considered in our model at this time and the study found  significant effects of O2 on MR except for the early warm hypoxia treatment,CWN_2_1,14,individual,1,NA,1,39,endogenous,wet,0,fresh,pre-smolt,Del Rio2021_76,76,,,
2021,Del Rio,Conserv. Physiol.,0.3072,NA,10,0,NA,0,NA,0.032735195,NA,NA,-1.180256278,Onchorhynchus tshawytscha,fall,fry,Chronic.warm.hypoxia,hypoxia and warming treatments in this experiment at different stages of egg development (see author notes column). Giving hypoxia treatments DQ of 3 as O2 is not considered in our model at this time and the study found  significant effects of O2 on MR except for the early warm hypoxia treatment,CWH_4_1,14,individual,1,NA,1,44,endogenous,wet,0,fresh,pre-smolt,Del Rio2021_59,59,,,
2021,Del Rio,Conserv. Physiol.,0.3076,NA,10,0,NA,0,NA,0.060256493,NA,NA,-1.178955041,Onchorhynchus tshawytscha,fall,fry,Late. hypoxia,hypoxia and warming treatments in this experiment at different stages of egg development (see author notes column). Giving hypoxia treatments DQ of 3 as O2 is not considered in our model at this time and the study found  significant effects of O2 on MR except for the early warm hypoxia treatment,LH_11_2,10,individual,1,NA,1,36,endogenous,wet,0,fresh,pre-smolt,Del Rio2021_214,214,,,
2021,Del Rio,Conserv. Physiol.,0.3077,NA,10,0,NA,0,NA,0.117877128,NA,NA,-1.178629997,Onchorhynchus tshawytscha,fall,fry,Chronic.warm.hypoxia,hypoxia and warming treatments in this experiment at different stages of egg development (see author notes column). Giving hypoxia treatments DQ of 3 as O2 is not considered in our model at this time and the study found  significant effects of O2 on MR except for the early warm hypoxia treatment,CWH_10_2,14,individual,1,NA,1,44,endogenous,wet,0,fresh,pre-smolt,Del Rio2021_50,50,,,
2021,Del Rio,Conserv. Physiol.,0.31,NA,10,0,NA,0,NA,0.122742941,NA,NA,-1.171182982,Onchorhynchus tshawytscha,fall,fry,Early.warming,hypoxia and warming treatments in this experiment at different stages of egg development (see author notes column). Giving hypoxia treatments DQ of 3 as O2 is not considered in our model at this time and the study found  significant effects of O2 on MR except for the early warm hypoxia treatment,EW_9_2,14,individual,1,NA,1,35,endogenous,wet,0,fresh,pre-smolt,Del Rio2021_149,149,,,
2021,Del Rio,Conserv. Physiol.,0.3101,NA,10,0,NA,0,NA,0.064818588,NA,NA,-1.170860453,Onchorhynchus tshawytscha,fall,fry,Chronic.warm.hypoxia,hypoxia and warming treatments in this experiment at different stages of egg development (see author notes column). Giving hypoxia treatments DQ of 3 as O2 is not considered in our model at this time and the study found  significant effects of O2 on MR except for the early warm hypoxia treatment,CWH_15_2,14,individual,1,NA,1,44,endogenous,wet,0,fresh,pre-smolt,Del Rio2021_55,55,,,
2021,Del Rio,Conserv. Physiol.,0.3113,NA,10,0,NA,0,NA,0.072017389,NA,NA,-1.166998202,Onchorhynchus tshawytscha,fall,fry,Chronic.warm.hypoxia,hypoxia and warming treatments in this experiment at different stages of egg development (see author notes column). Giving hypoxia treatments DQ of 3 as O2 is not considered in our model at this time and the study found  significant effects of O2 on MR except for the early warm hypoxia treatment,CWH_1_1,14,individual,1,NA,1,44,endogenous,wet,0,fresh,pre-smolt,Del Rio2021_49,49,,,
2021,Del Rio,Conserv. Physiol.,0.3114,NA,10,0,NA,0,NA,0.108693361,NA,NA,-1.16667702,Onchorhynchus tshawytscha,fall,fry,Late. hypoxia,hypoxia and warming treatments in this experiment at different stages of egg development (see author notes column). Giving hypoxia treatments DQ of 3 as O2 is not considered in our model at this time and the study found  significant effects of O2 on MR except for the early warm hypoxia treatment,LH_15_2,10,individual,1,NA,1,36,endogenous,wet,0,fresh,pre-smolt,Del Rio2021_222,222,,,
2021,Del Rio,Conserv. Physiol.,0.3115,NA,10,0,NA,0,NA,0.104488331,NA,NA,-1.166355941,Onchorhynchus tshawytscha,fall,fry,Early.warm.hypoxia,hypoxia and warming treatments in this experiment at different stages of egg development (see author notes column). Giving hypoxia treatments DQ of 3 as O2 is not considered in our model at this time and the study found  significant effects of O2 on MR except for the early warm hypoxia treatment,EWH_7_1,14,individual,1,NA,1,34,endogenous,wet,0,fresh,pre-smolt,Del Rio2021_177,177,,,
2021,Del Rio,Conserv. Physiol.,0.3117,NA,10,0,NA,0,NA,0.035403118,NA,NA,-1.165714092,Onchorhynchus tshawytscha,fall,fry,Early.hypoxia,hypoxia and warming treatments in this experiment at different stages of egg development (see author notes column). Giving hypoxia treatments DQ of 3 as O2 is not considered in our model at this time and the study found  significant effects of O2 on MR except for the early warm hypoxia treatment,EH_14_2,10,individual,1,NA,1,35,endogenous,wet,0,fresh,pre-smolt,Del Rio2021_98,98,,,
2021,Del Rio,Conserv. Physiol.,0.3125,NA,10,0,NA,0,NA,0.039514358,NA,NA,-1.16315081,Onchorhynchus tshawytscha,fall,fry,Chronic.warm.hypoxia,hypoxia and warming treatments in this experiment at different stages of egg development (see author notes column). Giving hypoxia treatments DQ of 3 as O2 is not considered in our model at this time and the study found  significant effects of O2 on MR except for the early warm hypoxia treatment,CWH_11_2,14,individual,1,NA,1,44,endogenous,wet,0,fresh,pre-smolt,Del Rio2021_51,51,,,
2021,Del Rio,Conserv. Physiol.,0.313,NA,10,0,NA,0,NA,0.092600416,NA,NA,-1.161552088,Onchorhynchus tshawytscha,fall,fry,Early.hypoxia,hypoxia and warming treatments in this experiment at different stages of egg development (see author notes column). Giving hypoxia treatments DQ of 3 as O2 is not considered in our model at this time and the study found  significant effects of O2 on MR except for the early warm hypoxia treatment,EH_5_1,10,individual,1,NA,1,35,endogenous,wet,0,fresh,pre-smolt,Del Rio2021_110,110,,,
2021,Del Rio,Conserv. Physiol.,0.3132,NA,10,0,NA,0,NA,0.108357119,NA,NA,-1.160913315,Onchorhynchus tshawytscha,fall,fry,Control,hypoxia and warming treatments in this experiment at different stages of egg development (see author notes column). Giving hypoxia treatments DQ of 3 as O2 is not considered in our model at this time and the study found  significant effects of O2 on MR except for the early warm hypoxia treatment,C_5_1,10,individual,1,NA,1,34,endogenous,wet,0,fresh,pre-smolt,Del Rio2021_25,25,,,
2021,Del Rio,Conserv. Physiol.,0.3136,NA,10,0,NA,0,NA,0.075427249,NA,NA,-1.159636991,Onchorhynchus tshawytscha,fall,fry,Early.warming,hypoxia and warming treatments in this experiment at different stages of egg development (see author notes column). Giving hypoxia treatments DQ of 3 as O2 is not considered in our model at this time and the study found  significant effects of O2 on MR except for the early warm hypoxia treatment,EW_1_1,14,individual,1,NA,1,35,endogenous,wet,0,fresh,pre-smolt,Del Rio2021_120,120,,,
2021,Del Rio,Conserv. Physiol.,0.3143,NA,10,0,NA,0,NA,0.088812517,NA,NA,-1.157407335,Onchorhynchus tshawytscha,fall,fry,Early.hypoxia,hypoxia and warming treatments in this experiment at different stages of egg development (see author notes column). Giving hypoxia treatments DQ of 3 as O2 is not considered in our model at this time and the study found  significant effects of O2 on MR except for the early warm hypoxia treatment,EH_9_2,10,individual,1,NA,1,35,endogenous,wet,0,fresh,pre-smolt,Del Rio2021_118,118,,,
2021,Del Rio,Conserv. Physiol.,0.3151,NA,10,0,NA,0,NA,0.082513087,NA,NA,-1.15486523,Onchorhynchus tshawytscha,fall,fry,Chronic.cold.hypoxia,hypoxia and warming treatments in this experiment at different stages of egg development (see author notes column). Giving hypoxia treatments DQ of 3 as O2 is not considered in our model at this time and the study found  significant effects of O2 on MR except for the early warm hypoxia treatment,CH_14_2,10,individual,1,NA,1,41,endogenous,wet,0,fresh,pre-smolt,Del Rio2021_38,38,,,
2021,Del Rio,Conserv. Physiol.,0.3163,NA,10,0,NA,0,NA,0.04976009,NA,NA,-1.151064149,Onchorhynchus tshawytscha,fall,fry,Chronic.warm.hypoxia,hypoxia and warming treatments in this experiment at different stages of egg development (see author notes column). Giving hypoxia treatments DQ of 3 as O2 is not considered in our model at this time and the study found  significant effects of O2 on MR except for the early warm hypoxia treatment,CWH_16_2,14,individual,1,NA,1,44,endogenous,wet,0,fresh,pre-smolt,Del Rio2021_56,56,,,
2021,Del Rio,Conserv. Physiol.,0.3171,NA,10,0,NA,0,NA,0.06739493,NA,NA,-1.148538097,Onchorhynchus tshawytscha,fall,fry,Chronic.warm.normoxia,hypoxia and warming treatments in this experiment at different stages of egg development (see author notes column). Giving hypoxia treatments DQ of 3 as O2 is not considered in our model at this time and the study found  significant effects of O2 on MR except for the early warm hypoxia treatment,CWN_11_2,14,individual,1,NA,1,39,endogenous,wet,0,fresh,pre-smolt,Del Rio2021_68,68,,,
2021,Del Rio,Conserv. Physiol.,0.3175,NA,10,0,NA,0,NA,0.068990039,NA,NA,-1.147277461,Onchorhynchus tshawytscha,fall,fry,Chronic.warm.hypoxia,hypoxia and warming treatments in this experiment at different stages of egg development (see author notes column). Giving hypoxia treatments DQ of 3 as O2 is not considered in our model at this time and the study found  significant effects of O2 on MR except for the early warm hypoxia treatment,CWH_6_1,14,individual,1,NA,1,44,endogenous,wet,0,fresh,pre-smolt,Del Rio2021_61,61,,,
2021,Del Rio,Conserv. Physiol.,0.3188,NA,10,0,NA,0,NA,0.139520253,NA,NA,-1.143191332,Onchorhynchus tshawytscha,fall,fry,Early.warm.hypoxia,hypoxia and warming treatments in this experiment at different stages of egg development (see author notes column). Giving hypoxia treatments DQ of 3 as O2 is not considered in our model at this time and the study found  significant effects of O2 on MR except for the early warm hypoxia treatment,EWH_13_2,14,individual,1,NA,1,34,endogenous,wet,0,fresh,pre-smolt,Del Rio2021_159,159,,,
2021,Del Rio,Conserv. Physiol.,0.3192,NA,10,0,NA,0,NA,0.054028553,NA,NA,-1.141937413,Onchorhynchus tshawytscha,fall,fry,Early.warm.hypoxia,hypoxia and warming treatments in this experiment at different stages of egg development (see author notes column). Giving hypoxia treatments DQ of 3 as O2 is not considered in our model at this time and the study found  significant effects of O2 on MR except for the early warm hypoxia treatment,EWH_6_1,14,individual,1,NA,1,34,endogenous,wet,0,fresh,pre-smolt,Del Rio2021_175,175,,,
2021,Del Rio,Conserv. Physiol.,0.3192,NA,10,0,NA,0,NA,0.091780013,NA,NA,-1.141937413,Onchorhynchus tshawytscha,fall,fry,Late.warm.hypoxia,hypoxia and warming treatments in this experiment at different stages of egg development (see author notes column). Giving hypoxia treatments DQ of 3 as O2 is not considered in our model at this time and the study found  significant effects of O2 on MR except for the early warm hypoxia treatment,LWH_5_1,14,individual,1,NA,1,32,endogenous,wet,0,fresh,pre-smolt,Del Rio2021_291,291,,,
2021,Del Rio,Conserv. Physiol.,0.3194,NA,10,0,NA,0,NA,0.04121574,NA,NA,-1.141311043,Onchorhynchus tshawytscha,fall,fry,Control,hypoxia and warming treatments in this experiment at different stages of egg development (see author notes column). Giving hypoxia treatments DQ of 3 as O2 is not considered in our model at this time and the study found  significant effects of O2 on MR except for the early warm hypoxia treatment,C_6_1,10,individual,1,NA,1,34,endogenous,wet,0,fresh,pre-smolt,Del Rio2021_27,27,,,
2021,Del Rio,Conserv. Physiol.,0.3207,NA,10,0,NA,0,NA,0.095430549,NA,NA,-1.137249172,Onchorhynchus tshawytscha,fall,fry,Late.warming,hypoxia and warming treatments in this experiment at different stages of egg development (see author notes column). Giving hypoxia treatments DQ of 3 as O2 is not considered in our model at this time and the study found  significant effects of O2 on MR except for the early warm hypoxia treatment,LW_4_1,14,individual,1,NA,1,33,endogenous,wet,0,fresh,pre-smolt,Del Rio2021_262,262,,,
2021,Del Rio,Conserv. Physiol.,0.3208,NA,10,0,NA,0,NA,0.060960923,NA,NA,-1.136937403,Onchorhynchus tshawytscha,fall,fry,Control,hypoxia and warming treatments in this experiment at different stages of egg development (see author notes column). Giving hypoxia treatments DQ of 3 as O2 is not considered in our model at this time and the study found  significant effects of O2 on MR except for the early warm hypoxia treatment,C_10_2,10,individual,1,NA,1,34,endogenous,wet,0,fresh,pre-smolt,Del Rio2021_7,7,,,
2021,Del Rio,Conserv. Physiol.,0.3209,NA,10,0,NA,0,NA,0.106796445,NA,NA,-1.136625731,Onchorhynchus tshawytscha,fall,fry,Late.warming,hypoxia and warming treatments in this experiment at different stages of egg development (see author notes column). Giving hypoxia treatments DQ of 3 as O2 is not considered in our model at this time and the study found  significant effects of O2 on MR except for the early warm hypoxia treatment,LW_12_2,14,individual,1,NA,1,33,endogenous,wet,0,fresh,pre-smolt,Del Rio2021_248,248,,,
2021,Del Rio,Conserv. Physiol.,0.3264,NA,10,0,NA,0,NA,0.110996711,NA,NA,-1.119631656,Onchorhynchus tshawytscha,fall,fry,Early.warm.hypoxia,hypoxia and warming treatments in this experiment at different stages of egg development (see author notes column). Giving hypoxia treatments DQ of 3 as O2 is not considered in our model at this time and the study found  significant effects of O2 on MR except for the early warm hypoxia treatment,EWH_12_2,14,individual,1,NA,1,34,endogenous,wet,0,fresh,pre-smolt,Del Rio2021_157,157,,,
2021,Del Rio,Conserv. Physiol.,0.3311,NA,10,0,NA,0,NA,0.05215143,NA,NA,-1.105334834,Onchorhynchus tshawytscha,fall,fry,Chronic.warm.normoxia,hypoxia and warming treatments in this experiment at different stages of egg development (see author notes column). Giving hypoxia treatments DQ of 3 as O2 is not considered in our model at this time and the study found  significant effects of O2 on MR except for the early warm hypoxia treatment,CWN_10_2,14,individual,1,NA,1,39,endogenous,wet,0,fresh,pre-smolt,Del Rio2021_67,67,,,
2021,Del Rio,Conserv. Physiol.,0.333,NA,10,0,NA,0,NA,0.091296455,NA,NA,-1.099612789,Onchorhynchus tshawytscha,fall,fry,Chronic.warm.hypoxia,hypoxia and warming treatments in this experiment at different stages of egg development (see author notes column). Giving hypoxia treatments DQ of 3 as O2 is not considered in our model at this time and the study found  significant effects of O2 on MR except for the early warm hypoxia treatment,CWH_8_1,14,individual,1,NA,1,44,endogenous,wet,0,fresh,pre-smolt,Del Rio2021_63,63,,,
2021,Del Rio,Conserv. Physiol.,0.3333,NA,10,0,NA,0,NA,0.100824456,NA,NA,-1.098712294,Onchorhynchus tshawytscha,fall,fry,Late.warm.hypoxia,hypoxia and warming treatments in this experiment at different stages of egg development (see author notes column). Giving hypoxia treatments DQ of 3 as O2 is not considered in our model at this time and the study found  significant effects of O2 on MR except for the early warm hypoxia treatment,LWH_11_2,14,individual,1,NA,1,32,endogenous,wet,0,fresh,pre-smolt,Del Rio2021_276,276,,,
2021,Del Rio,Conserv. Physiol.,0.3349,NA,10,0,NA,0,NA,0.113950745,NA,NA,-1.093923299,Onchorhynchus tshawytscha,fall,fry,Early.hypoxia,hypoxia and warming treatments in this experiment at different stages of egg development (see author notes column). Giving hypoxia treatments DQ of 3 as O2 is not considered in our model at this time and the study found  significant effects of O2 on MR except for the early warm hypoxia treatment,EH_1_1,10,individual,1,NA,1,35,endogenous,wet,0,fresh,pre-smolt,Del Rio2021_88,88,,,
2021,Del Rio,Conserv. Physiol.,0.3351,NA,10,0,NA,0,NA,0.032528453,NA,NA,-1.093326284,Onchorhynchus tshawytscha,fall,fry,Chronic.warm.normoxia,hypoxia and warming treatments in this experiment at different stages of egg development (see author notes column). Giving hypoxia treatments DQ of 3 as O2 is not considered in our model at this time and the study found  significant effects of O2 on MR except for the early warm hypoxia treatment,CWN_15_2,14,individual,1,NA,1,39,endogenous,wet,0,fresh,pre-smolt,Del Rio2021_74,74,,,
2021,Del Rio,Conserv. Physiol.,0.3372,NA,10,0,NA,0,NA,0.049839547,NA,NA,-1.087079053,Onchorhynchus tshawytscha,fall,fry,Late.warming,hypoxia and warming treatments in this experiment at different stages of egg development (see author notes column). Giving hypoxia treatments DQ of 3 as O2 is not considered in our model at this time and the study found  significant effects of O2 on MR except for the early warm hypoxia treatment,LW_1_1,14,individual,1,NA,1,33,endogenous,wet,0,fresh,pre-smolt,Del Rio2021_242,242,,,
2021,Del Rio,Conserv. Physiol.,0.3373,NA,10,0,NA,0,NA,0.099147836,NA,NA,-1.086782537,Onchorhynchus tshawytscha,fall,fry,Chronic.warm.hypoxia,hypoxia and warming treatments in this experiment at different stages of egg development (see author notes column). Giving hypoxia treatments DQ of 3 as O2 is not considered in our model at this time and the study found  significant effects of O2 on MR except for the early warm hypoxia treatment,CWH_2_1,14,individual,1,NA,1,44,endogenous,wet,0,fresh,pre-smolt,Del Rio2021_57,57,,,
2021,Del Rio,Conserv. Physiol.,0.3383,NA,10,0,NA,0,NA,0.097779186,NA,NA,-1.083822203,Onchorhynchus tshawytscha,fall,fry,Early.warming,hypoxia and warming treatments in this experiment at different stages of egg development (see author notes column). Giving hypoxia treatments DQ of 3 as O2 is not considered in our model at this time and the study found  significant effects of O2 on MR except for the early warm hypoxia treatment,EW_4_1,14,individual,1,NA,1,35,endogenous,wet,0,fresh,pre-smolt,Del Rio2021_139,139,,,
2021,Del Rio,Conserv. Physiol.,0.3404,NA,10,0,NA,0,NA,0.080829055,NA,NA,-1.077633882,Onchorhynchus tshawytscha,fall,fry,Control,hypoxia and warming treatments in this experiment at different stages of egg development (see author notes column). Giving hypoxia treatments DQ of 3 as O2 is not considered in our model at this time and the study found  significant effects of O2 on MR except for the early warm hypoxia treatment,C_16_2,10,individual,1,NA,1,34,endogenous,wet,0,fresh,pre-smolt,Del Rio2021_17,17,,,
2021,Del Rio,Conserv. Physiol.,0.3406,NA,10,0,NA,0,NA,0.059152249,NA,NA,-1.077046511,Onchorhynchus tshawytscha,fall,fry,Late.warming,hypoxia and warming treatments in this experiment at different stages of egg development (see author notes column). Giving hypoxia treatments DQ of 3 as O2 is not considered in our model at this time and the study found  significant effects of O2 on MR except for the early warm hypoxia treatment,LW_6_1,14,individual,1,NA,1,33,endogenous,wet,0,fresh,pre-smolt,Del Rio2021_266,266,,,
2021,Del Rio,Conserv. Physiol.,0.3408,NA,10,0,NA,0,NA,0.107529607,NA,NA,-1.076459484,Onchorhynchus tshawytscha,fall,fry,Late.warm.hypoxia,hypoxia and warming treatments in this experiment at different stages of egg development (see author notes column). Giving hypoxia treatments DQ of 3 as O2 is not considered in our model at this time and the study found  significant effects of O2 on MR except for the early warm hypoxia treatment,LWH_16_2,14,individual,1,NA,1,32,endogenous,wet,0,fresh,pre-smolt,Del Rio2021_283,283,,,
2021,Del Rio,Conserv. Physiol.,0.3427,NA,10,0,NA,0,NA,0.060317998,NA,NA,-1.07089985,Onchorhynchus tshawytscha,fall,fry,Early.hypoxia,hypoxia and warming treatments in this experiment at different stages of egg development (see author notes column). Giving hypoxia treatments DQ of 3 as O2 is not considered in our model at this time and the study found  significant effects of O2 on MR except for the early warm hypoxia treatment,EH_10_2,10,individual,1,NA,1,35,endogenous,wet,0,fresh,pre-smolt,Del Rio2021_90,90,,,
2021,Del Rio,Conserv. Physiol.,0.3441,NA,10,0,NA,0,NA,0.057610182,NA,NA,-1.066822966,Onchorhynchus tshawytscha,fall,fry,Early.warming,hypoxia and warming treatments in this experiment at different stages of egg development (see author notes column). Giving hypoxia treatments DQ of 3 as O2 is not considered in our model at this time and the study found  significant effects of O2 on MR except for the early warm hypoxia treatment,EW_8_1,14,individual,1,NA,1,35,endogenous,wet,0,fresh,pre-smolt,Del Rio2021_147,147,,,
2021,Del Rio,Conserv. Physiol.,0.3441,NA,10,0,NA,0,NA,0.032375182,NA,NA,-1.066822966,Onchorhynchus tshawytscha,fall,fry,Late.warming,hypoxia and warming treatments in this experiment at different stages of egg development (see author notes column). Giving hypoxia treatments DQ of 3 as O2 is not considered in our model at this time and the study found  significant effects of O2 on MR except for the early warm hypoxia treatment,LW_16_2,14,individual,1,NA,1,33,endogenous,wet,0,fresh,pre-smolt,Del Rio2021_256,256,,,
2021,Del Rio,Conserv. Physiol.,0.3443,NA,10,0,NA,0,NA,0.12906585,NA,NA,-1.066241909,Onchorhynchus tshawytscha,fall,fry,Control,hypoxia and warming treatments in this experiment at different stages of egg development (see author notes column). Giving hypoxia treatments DQ of 3 as O2 is not considered in our model at this time and the study found  significant effects of O2 on MR except for the early warm hypoxia treatment,C_12_2,10,individual,1,NA,1,34,endogenous,wet,0,fresh,pre-smolt,Del Rio2021_9,9,,,
2021,Del Rio,Conserv. Physiol.,0.345,NA,10,0,NA,0,NA,0.114771318,NA,NA,-1.064210862,Onchorhynchus tshawytscha,fall,fry,Early.warm.hypoxia,hypoxia and warming treatments in this experiment at different stages of egg development (see author notes column). Giving hypoxia treatments DQ of 3 as O2 is not considered in our model at this time and the study found  significant effects of O2 on MR except for the early warm hypoxia treatment,EWH_10_2,14,individual,1,NA,1,34,endogenous,wet,0,fresh,pre-smolt,Del Rio2021_153,153,,,
2021,Del Rio,Conserv. Physiol.,0.3454,NA,10,0,NA,0,NA,0.099696928,NA,NA,-1.063052113,Onchorhynchus tshawytscha,fall,fry,Chronic.warm.hypoxia,hypoxia and warming treatments in this experiment at different stages of egg development (see author notes column). Giving hypoxia treatments DQ of 3 as O2 is not considered in our model at this time and the study found  significant effects of O2 on MR except for the early warm hypoxia treatment,CWH_3_1,14,individual,1,NA,1,44,endogenous,wet,0,fresh,pre-smolt,Del Rio2021_58,58,,,
2021,Del Rio,Conserv. Physiol.,0.3467,NA,10,0,NA,0,NA,0.067273481,NA,NA,-1.059295426,Onchorhynchus tshawytscha,fall,fry,Chronic.cold.hypoxia,hypoxia and warming treatments in this experiment at different stages of egg development (see author notes column). Giving hypoxia treatments DQ of 3 as O2 is not considered in our model at this time and the study found  significant effects of O2 on MR except for the early warm hypoxia treatment,CH_12_2,10,individual,1,NA,1,41,endogenous,wet,0,fresh,pre-smolt,Del Rio2021_36,36,,,
2021,Del Rio,Conserv. Physiol.,0.3471,NA,10,0,NA,0,NA,0.073603987,NA,NA,-1.058142356,Onchorhynchus tshawytscha,fall,fry,Chronic.warm.hypoxia,hypoxia and warming treatments in this experiment at different stages of egg development (see author notes column). Giving hypoxia treatments DQ of 3 as O2 is not considered in our model at this time and the study found  significant effects of O2 on MR except for the early warm hypoxia treatment,CWH_5_1,14,individual,1,NA,1,44,endogenous,wet,0,fresh,pre-smolt,Del Rio2021_60,60,,,
2021,Del Rio,Conserv. Physiol.,0.3473,NA,10,0,NA,0,NA,0.063954021,NA,NA,-1.057566319,Onchorhynchus tshawytscha,fall,fry,Early.warming,hypoxia and warming treatments in this experiment at different stages of egg development (see author notes column). Giving hypoxia treatments DQ of 3 as O2 is not considered in our model at this time and the study found  significant effects of O2 on MR except for the early warm hypoxia treatment,EW_13_2,14,individual,1,NA,1,35,endogenous,wet,0,fresh,pre-smolt,Del Rio2021_128,128,,,
2021,Del Rio,Conserv. Physiol.,0.3474,NA,10,0,NA,0,NA,0.13255209,NA,NA,-1.057278425,Onchorhynchus tshawytscha,fall,fry,Early.hypoxia,hypoxia and warming treatments in this experiment at different stages of egg development (see author notes column). Giving hypoxia treatments DQ of 3 as O2 is not considered in our model at this time and the study found  significant effects of O2 on MR except for the early warm hypoxia treatment,EH_12_2,10,individual,1,NA,1,35,endogenous,wet,0,fresh,pre-smolt,Del Rio2021_94,94,,,
2021,Del Rio,Conserv. Physiol.,0.3475,NA,10,0,NA,0,NA,0.041820191,NA,NA,-1.056990614,Onchorhynchus tshawytscha,fall,fry,Chronic.cold.hypoxia,hypoxia and warming treatments in this experiment at different stages of egg development (see author notes column). Giving hypoxia treatments DQ of 3 as O2 is not considered in our model at this time and the study found  significant effects of O2 on MR except for the early warm hypoxia treatment,CH_3_1,10,individual,1,NA,1,41,endogenous,wet,0,fresh,pre-smolt,Del Rio2021_42,42,,,
2021,Del Rio,Conserv. Physiol.,0.3486,NA,10,0,NA,0,NA,0.082824561,NA,NA,-1.053830146,Onchorhynchus tshawytscha,fall,fry,Late. hypoxia,hypoxia and warming treatments in this experiment at different stages of egg development (see author notes column). Giving hypoxia treatments DQ of 3 as O2 is not considered in our model at this time and the study found  significant effects of O2 on MR except for the early warm hypoxia treatment,LH_12_2,10,individual,1,NA,1,36,endogenous,wet,0,fresh,pre-smolt,Del Rio2021_216,216,,,
2021,Del Rio,Conserv. Physiol.,0.3512,NA,10,0,NA,0,NA,0.092677739,NA,NA,-1.046399417,Onchorhynchus tshawytscha,fall,fry,Early.hypoxia,hypoxia and warming treatments in this experiment at different stages of egg development (see author notes column). Giving hypoxia treatments DQ of 3 as O2 is not considered in our model at this time and the study found  significant effects of O2 on MR except for the early warm hypoxia treatment,EH_13_2,10,individual,1,NA,1,35,endogenous,wet,0,fresh,pre-smolt,Del Rio2021_96,96,,,
2021,Del Rio,Conserv. Physiol.,0.3526,NA,10,0,NA,0,NA,0.10952652,NA,NA,-1.042421009,Onchorhynchus tshawytscha,fall,fry,Chronic.cold.hypoxia,hypoxia and warming treatments in this experiment at different stages of egg development (see author notes column). Giving hypoxia treatments DQ of 3 as O2 is not considered in our model at this time and the study found  significant effects of O2 on MR except for the early warm hypoxia treatment,CH_9_2,10,individual,1,NA,1,41,endogenous,wet,0,fresh,pre-smolt,Del Rio2021_48,48,,,
2021,Del Rio,Conserv. Physiol.,0.3533,NA,10,0,NA,0,NA,0.057960845,NA,NA,-1.040437725,Onchorhynchus tshawytscha,fall,fry,Late.warming,hypoxia and warming treatments in this experiment at different stages of egg development (see author notes column). Giving hypoxia treatments DQ of 3 as O2 is not considered in our model at this time and the study found  significant effects of O2 on MR except for the early warm hypoxia treatment,LW_14_2,14,individual,1,NA,1,33,endogenous,wet,0,fresh,pre-smolt,Del Rio2021_252,252,,,
2021,Del Rio,Conserv. Physiol.,0.3536,NA,10,0,NA,0,NA,0.031906328,NA,NA,-1.039588948,Onchorhynchus tshawytscha,fall,fry,Chronic.cold.hypoxia,hypoxia and warming treatments in this experiment at different stages of egg development (see author notes column). Giving hypoxia treatments DQ of 3 as O2 is not considered in our model at this time and the study found  significant effects of O2 on MR except for the early warm hypoxia treatment,CH_5_1,10,individual,1,NA,1,41,endogenous,wet,0,fresh,pre-smolt,Del Rio2021_44,44,,,
2021,Del Rio,Conserv. Physiol.,0.3538,NA,10,0,NA,0,NA,0.12407007,NA,NA,-1.039023497,Onchorhynchus tshawytscha,fall,fry,Late. hypoxia,hypoxia and warming treatments in this experiment at different stages of egg development (see author notes column). Giving hypoxia treatments DQ of 3 as O2 is not considered in our model at this time and the study found  significant effects of O2 on MR except for the early warm hypoxia treatment,LH_9_2,10,individual,1,NA,1,36,endogenous,wet,0,fresh,pre-smolt,Del Rio2021_240,240,,,
2021,Del Rio,Conserv. Physiol.,0.3587,NA,10,0,NA,0,NA,0.046179263,NA,NA,-1.025268894,Onchorhynchus tshawytscha,fall,fry,Late.warming,hypoxia and warming treatments in this experiment at different stages of egg development (see author notes column). Giving hypoxia treatments DQ of 3 as O2 is not considered in our model at this time and the study found  significant effects of O2 on MR except for the early warm hypoxia treatment,LW_7_1,14,individual,1,NA,1,33,endogenous,wet,0,fresh,pre-smolt,Del Rio2021_268,268,,,
2021,Del Rio,Conserv. Physiol.,0.3596,NA,10,0,NA,0,NA,0.03856632,NA,NA,-1.022762976,Onchorhynchus tshawytscha,fall,fry,Early.warm.hypoxia,hypoxia and warming treatments in this experiment at different stages of egg development (see author notes column). Giving hypoxia treatments DQ of 3 as O2 is not considered in our model at this time and the study found  significant effects of O2 on MR except for the early warm hypoxia treatment,EWH_14_2,14,individual,1,NA,1,34,endogenous,wet,0,fresh,pre-smolt,Del Rio2021_161,161,,,
2021,Del Rio,Conserv. Physiol.,0.3669,NA,10,0,NA,0,NA,0.087791601,NA,NA,-1.002665948,Onchorhynchus tshawytscha,fall,fry,Early.warming,hypoxia and warming treatments in this experiment at different stages of egg development (see author notes column). Giving hypoxia treatments DQ of 3 as O2 is not considered in our model at this time and the study found  significant effects of O2 on MR except for the early warm hypoxia treatment,EW_11_2,14,individual,1,NA,1,35,endogenous,wet,0,fresh,pre-smolt,Del Rio2021_124,124,,,
2021,Del Rio,Conserv. Physiol.,0.3722,NA,10,0,NA,0,NA,0.038483802,NA,NA,-0.988323935,Onchorhynchus tshawytscha,fall,fry,Chronic.cold.hypoxia,hypoxia and warming treatments in this experiment at different stages of egg development (see author notes column). Giving hypoxia treatments DQ of 3 as O2 is not considered in our model at this time and the study found  significant effects of O2 on MR except for the early warm hypoxia treatment,CH_4_1,10,individual,1,NA,1,41,endogenous,wet,0,fresh,pre-smolt,Del Rio2021_43,43,,,
1973,Brocksen and Bailey,International oil spill conference,4.32,NA,16,7,NA,NA,NA,1,NA,0,1.463255402,Oncorhynchus tshawytscha,hatchery,juvenile,NA,excluding for now since we do not have fish length,NA,NA,individual,1,NA,3,NA,exogenous,wet,NA,NA,pre-smolt,Brocksen and Bailey1973_672,672,,,
1973,Brocksen and Bailey,International oil spill conference,4.75,NA,16,14,NA,NA,NA,1.11,NA,0.104360015,1.558144618,Oncorhynchus tshawytscha,hatchery,juvenile,NA,excluding for now since we do not have fish length,NA,NA,individual,1,NA,3,NA,exogenous,wet,NA,NA,pre-smolt,Brocksen and Bailey1973_673,673,,,
2008,Clark et al.,Am J Physiol Regul Integr Comp Physiol.,2120,NA,13,0,NA,0,NA,688.5,NA,6.534515318,7.659171368,Oncorhynchus tshawytscha,"unclear, caught spawning in August",adult,NA,"""Keep in mind that these fish were instrumented with cannulas and a blood flow cuff, so the oxygen consumption rate data may be elevated compared with what you’d expect in free-swimming Chinook in the natural environment.""",Fish 10,,individual,1,NA,2,NA,exogenous,wet,NA,NA,post-smolt,Clark et al.2008_182,182,,,
2008,Clark et al.,Am J Physiol Regul Integr Comp Physiol.,2120,NA,17,0,NA,0,NA,NA,NA,NA,7.659171368,Oncorhynchus tshawytscha,"unclear, caught spawning in August",adult,NA,"""Keep in mind that these fish were instrumented with cannulas and a blood flow cuff, so the oxygen consumption rate data may be elevated compared with what you’d expect in free-swimming Chinook in the natural environment.""",Fish 10,,individual,1,NA,3,NA,exogenous,wet,NA,NA,post-smolt,Clark et al.2008_183,183,,,
2008,Clark et al.,Am J Physiol Regul Integr Comp Physiol.,2120,NA,21,0,NA,0,NA,1249.5,NA,7.13049875,7.659171368,Oncorhynchus tshawytscha,"unclear, caught spawning in August",adult,NA,"""Keep in mind that these fish were instrumented with cannulas and a blood flow cuff, so the oxygen consumption rate data may be elevated compared with what you’d expect in free-swimming Chinook in the natural environment.""",Fish 10,,individual,1,NA,2,NA,exogenous,wet,NA,NA,post-smolt,Clark et al.2008_184,184,,,
2008,Clark et al.,Am J Physiol Regul Integr Comp Physiol.,2120,NA,25,0,NA,0,NA,867,NA,6.765038977,7.659171368,Oncorhynchus tshawytscha,"unclear, caught spawning in August",adult,NA,"""Keep in mind that these fish were instrumented with cannulas and a blood flow cuff, so the oxygen consumption rate data may be elevated compared with what you’d expect in free-swimming Chinook in the natural environment.""",Fish 10,,individual,1,NA,2,NA,exogenous,wet,NA,NA,post-smolt,Clark et al.2008_185,185,,,
2008,Clark et al.,Am J Physiol Regul Integr Comp Physiol.,2120,NA,13,0,NA,0,NA,255,NA,5.541263545,7.659171368,Oncorhynchus tshawytscha,"unclear, caught spawning in August",adult,rec 1 h,"measurement taken 1 hour after recovering from heat stress ""Keep in mind that these fish were instrumented with cannulas and a blood flow cuff, so the oxygen consumption rate data may be elevated compared with what you’d expect in free-swimming Chinook in the natural environment.""",Fish 10,,individual,1,NA,2,NA,exogenous,wet,NA,NA,post-smolt,Clark et al.2008_186,186,,,
2008,Clark et al.,Am J Physiol Regul Integr Comp Physiol.,2120,NA,13,0,NA,0,NA,204,NA,5.318119994,7.659171368,Oncorhynchus tshawytscha,"unclear, caught spawning in August",adult,rec 2 h,"measurement taken 2 hours after recovering from heat stress ""Keep in mind that these fish were instrumented with cannulas and a blood flow cuff, so the oxygen consumption rate data may be elevated compared with what you’d expect in free-swimming Chinook in the natural environment.""",Fish 10,,individual,1,NA,2,NA,exogenous,wet,NA,NA,post-smolt,Clark et al.2008_187,187,,,
2008,Clark et al.,Am J Physiol Regul Integr Comp Physiol.,2120,NA,13,0,NA,0,NA,NA,NA,NA,7.659171368,Oncorhynchus tshawytscha,"unclear, caught spawning in August",adult,rec o/n,"measurement taken overnight after recovering from heat stress ""Keep in mind that these fish were instrumented with cannulas and a blood flow cuff, so the oxygen consumption rate data may be elevated compared with what you’d expect in free-swimming Chinook in the natural environment.""",Fish 10,,individual,1,NA,3,NA,exogenous,wet,NA,NA,post-smolt,Clark et al.2008_188,188,,,
2008,Clark et al.,Am J Physiol Regul Integr Comp Physiol.,2290,NA,13,0,NA,0,NA,686.4,NA,6.531460548,7.736307097,Oncorhynchus tshawytscha,"unclear, caught spawning in August",adult,NA,"""Keep in mind that these fish were instrumented with cannulas and a blood flow cuff, so the oxygen consumption rate data may be elevated compared with what you’d expect in free-swimming Chinook in the natural environment.""",Fish 9,,individual,1,NA,2,NA,exogenous,wet,NA,NA,post-smolt,Clark et al.2008_203,203,,,
2008,Clark et al.,Am J Physiol Regul Integr Comp Physiol.,2290,NA,17,0,NA,0,NA,752.4,NA,6.623268097,7.736307097,Oncorhynchus tshawytscha,"unclear, caught spawning in August",adult,NA,"""Keep in mind that these fish were instrumented with cannulas and a blood flow cuff, so the oxygen consumption rate data may be elevated compared with what you’d expect in free-swimming Chinook in the natural environment.""",Fish 9,,individual,1,NA,2,NA,exogenous,wet,NA,NA,post-smolt,Clark et al.2008_204,204,,,
2008,Clark et al.,Am J Physiol Regul Integr Comp Physiol.,2290,NA,21,0,NA,0,NA,924,NA,6.828712072,7.736307097,Oncorhynchus tshawytscha,"unclear, caught spawning in August",adult,NA,"""Keep in mind that these fish were instrumented with cannulas and a blood flow cuff, so the oxygen consumption rate data may be elevated compared with what you’d expect in free-swimming Chinook in the natural environment.""",Fish 9,,individual,1,NA,2,NA,exogenous,wet,NA,NA,post-smolt,Clark et al.2008_205,205,,,
2008,Clark et al.,Am J Physiol Regul Integr Comp Physiol.,2290,NA,25,0,NA,0,NA,1610.4,NA,7.384237874,7.736307097,Oncorhynchus tshawytscha,"unclear, caught spawning in August",adult,NA,"""Keep in mind that these fish were instrumented with cannulas and a blood flow cuff, so the oxygen consumption rate data may be elevated compared with what you’d expect in free-swimming Chinook in the natural environment.""",Fish 9,,individual,1,NA,2,NA,exogenous,wet,NA,NA,post-smolt,Clark et al.2008_206,206,,,
2008,Clark et al.,Am J Physiol Regul Integr Comp Physiol.,2290,NA,13,0,NA,0,NA,303.6,NA,5.715711046,7.736307097,Oncorhynchus tshawytscha,"unclear, caught spawning in August",adult,rec 1 h,"measurement taken 1 hour after recovering from heat stress ""Keep in mind that these fish were instrumented with cannulas and a blood flow cuff, so the oxygen consumption rate data may be elevated compared with what you’d expect in free-swimming Chinook in the natural environment.""",Fish 9,,individual,1,NA,2,NA,exogenous,wet,NA,NA,post-smolt,Clark et al.2008_207,207,,,
2008,Clark et al.,Am J Physiol Regul Integr Comp Physiol.,2290,NA,13,0,NA,0,NA,277.2,NA,5.624739267,7.736307097,Oncorhynchus tshawytscha,"unclear, caught spawning in August",adult,rec 2 h,"measurement taken 2 hours after recovering from heat stress ""Keep in mind that these fish were instrumented with cannulas and a blood flow cuff, so the oxygen consumption rate data may be elevated compared with what you’d expect in free-swimming Chinook in the natural environment.""",Fish 9,,individual,1,NA,2,NA,exogenous,wet,NA,NA,post-smolt,Clark et al.2008_208,208,,,
2008,Clark et al.,Am J Physiol Regul Integr Comp Physiol.,2290,NA,13,0,NA,0,NA,NA,NA,NA,7.736307097,Oncorhynchus tshawytscha,"unclear, caught spawning in August",adult,rec o/n,"measurement taken overnight after recovering from heat stress ""Keep in mind that these fish were instrumented with cannulas and a blood flow cuff, so the oxygen consumption rate data may be elevated compared with what you’d expect in free-swimming Chinook in the natural environment.""",Fish 9,,individual,1,NA,3,NA,exogenous,wet,NA,NA,post-smolt,Clark et al.2008_209,209,,,
2008,Clark et al.,Am J Physiol Regul Integr Comp Physiol.,4220,NA,13,0,NA,0,NA,488.4,NA,6.191134742,8.347590407,Oncorhynchus tshawytscha,"unclear, caught spawning in August",adult,NA,"""Keep in mind that these fish were instrumented with cannulas and a blood flow cuff, so the oxygen consumption rate data may be elevated compared with what you’d expect in free-swimming Chinook in the natural environment.""",Fish 12,,individual,1,NA,2,NA,exogenous,wet,NA,NA,post-smolt,Clark et al.2008_196,196,,,
2008,Clark et al.,Am J Physiol Regul Integr Comp Physiol.,4220,NA,17,0,NA,0,NA,NA,NA,NA,8.347590407,Oncorhynchus tshawytscha,"unclear, caught spawning in August",adult,NA,"""Keep in mind that these fish were instrumented with cannulas and a blood flow cuff, so the oxygen consumption rate data may be elevated compared with what you’d expect in free-swimming Chinook in the natural environment.""",Fish 12,,individual,1,NA,3,NA,exogenous,wet,NA,NA,post-smolt,Clark et al.2008_197,197,,,
2008,Clark et al.,Am J Physiol Regul Integr Comp Physiol.,4220,NA,21,0,NA,0,NA,1056,NA,6.962243464,8.347590407,Oncorhynchus tshawytscha,"unclear, caught spawning in August",adult,NA,"""Keep in mind that these fish were instrumented with cannulas and a blood flow cuff, so the oxygen consumption rate data may be elevated compared with what you’d expect in free-swimming Chinook in the natural environment.""",Fish 12,,individual,1,NA,2,NA,exogenous,wet,NA,NA,post-smolt,Clark et al.2008_198,198,,,
2008,Clark et al.,Am J Physiol Regul Integr Comp Physiol.,4220,NA,25,0,NA,0,NA,1927.2,NA,7.563823451,8.347590407,Oncorhynchus tshawytscha,"unclear, caught spawning in August",adult,NA,"""Keep in mind that these fish were instrumented with cannulas and a blood flow cuff, so the oxygen consumption rate data may be elevated compared with what you’d expect in free-swimming Chinook in the natural environment.""",Fish 12,,individual,1,NA,2,NA,exogenous,wet,NA,NA,post-smolt,Clark et al.2008_199,199,,,
2008,Clark et al.,Am J Physiol Regul Integr Comp Physiol.,4220,NA,13,0,NA,0,NA,646.8,NA,6.472037128,8.347590407,Oncorhynchus tshawytscha,"unclear, caught spawning in August",adult,rec 1 h,"""Keep in mind that these fish were instrumented with cannulas and a blood flow cuff, so the oxygen consumption rate data may be elevated compared with what you’d expect in free-swimming Chinook in the natural environment.""",Fish 12,,individual,1,NA,2,NA,exogenous,wet,NA,NA,post-smolt,Clark et al.2008_200,200,,,
2008,Clark et al.,Am J Physiol Regul Integr Comp Physiol.,4220,NA,13,0,NA,0,NA,541.2,NA,6.293788896,8.347590407,Oncorhynchus tshawytscha,"unclear, caught spawning in August",adult,rec 2 h,"""Keep in mind that these fish were instrumented with cannulas and a blood flow cuff, so the oxygen consumption rate data may be elevated compared with what you’d expect in free-swimming Chinook in the natural environment.""",Fish 12,,individual,1,NA,2,NA,exogenous,wet,NA,NA,post-smolt,Clark et al.2008_201,201,,,
2008,Clark et al.,Am J Physiol Regul Integr Comp Physiol.,4220,NA,13,0,NA,0,NA,554.4,NA,6.317886448,8.347590407,Oncorhynchus tshawytscha,"unclear, caught spawning in August",adult,rec o/n,"""Keep in mind that these fish were instrumented with cannulas and a blood flow cuff, so the oxygen consumption rate data may be elevated compared with what you’d expect in free-swimming Chinook in the natural environment.""",Fish 12,,individual,1,NA,2,NA,exogenous,wet,NA,NA,post-smolt,Clark et al.2008_202,202,,,
2008,Clark et al.,Am J Physiol Regul Integr Comp Physiol.,4390,NA,13,0,NA,0,NA,382.5,NA,5.946728653,8.387084506,Oncorhynchus tshawytscha,"unclear, caught spawning in August",adult,NA,"""Keep in mind that these fish were instrumented with cannulas and a blood flow cuff, so the oxygen consumption rate data may be elevated compared with what you’d expect in free-swimming Chinook in the natural environment.""",Fish 11,,individual,1,NA,2,NA,exogenous,wet,NA,NA,post-smolt,Clark et al.2008_189,189,,,
2008,Clark et al.,Am J Physiol Regul Integr Comp Physiol.,4390,NA,17,0,NA,0,NA,663,NA,6.49677499,8.387084506,Oncorhynchus tshawytscha,"unclear, caught spawning in August",adult,NA,"""Keep in mind that these fish were instrumented with cannulas and a blood flow cuff, so the oxygen consumption rate data may be elevated compared with what you’d expect in free-swimming Chinook in the natural environment.""",Fish 11,,individual,1,NA,2,NA,exogenous,wet,NA,NA,post-smolt,Clark et al.2008_190,190,,,
2008,Clark et al.,Am J Physiol Regul Integr Comp Physiol.,4390,NA,21,0,NA,0,NA,1045.5,NA,6.952250519,8.387084506,Oncorhynchus tshawytscha,"unclear, caught spawning in August",adult,NA,"""Keep in mind that these fish were instrumented with cannulas and a blood flow cuff, so the oxygen consumption rate data may be elevated compared with what you’d expect in free-swimming Chinook in the natural environment.""",Fish 11,,individual,1,NA,2,NA,exogenous,wet,NA,NA,post-smolt,Clark et al.2008_191,191,,,
2008,Clark et al.,Am J Physiol Regul Integr Comp Physiol.,4390,NA,25,0,NA,0,NA,2269.5,NA,7.727314822,8.387084506,Oncorhynchus tshawytscha,"unclear, caught spawning in August",adult,NA,"""Keep in mind that these fish were instrumented with cannulas and a blood flow cuff, so the oxygen consumption rate data may be elevated compared with what you’d expect in free-swimming Chinook in the natural environment.""",Fish 11,,individual,1,NA,2,NA,exogenous,wet,NA,NA,post-smolt,Clark et al.2008_192,192,,,
2008,Clark et al.,Am J Physiol Regul Integr Comp Physiol.,4390,NA,13,0,NA,0,NA,510,NA,6.234410726,8.387084506,Oncorhynchus tshawytscha,"unclear, caught spawning in August",adult,rec 1 h,"measurement taken 1 hour after recovering from heat stress ""Keep in mind that these fish were instrumented with cannulas and a blood flow cuff, so the oxygen consumption rate data may be elevated compared with what you’d expect in free-swimming Chinook in the natural environment.""",Fish 11,,individual,1,NA,2,NA,exogenous,wet,NA,NA,post-smolt,Clark et al.2008_193,193,,,
2008,Clark et al.,Am J Physiol Regul Integr Comp Physiol.,4390,NA,13,0,NA,0,NA,484.5,NA,6.183117431,8.387084506,Oncorhynchus tshawytscha,"unclear, caught spawning in August",adult,rec 2 h,"measurement taken 2 hours after recovering from heat stress ""Keep in mind that these fish were instrumented with cannulas and a blood flow cuff, so the oxygen consumption rate data may be elevated compared with what you’d expect in free-swimming Chinook in the natural environment.""",Fish 11,,individual,1,NA,2,NA,exogenous,wet,NA,NA,post-smolt,Clark et al.2008_194,194,,,
2008,Clark et al.,Am J Physiol Regul Integr Comp Physiol.,4390,NA,13,0,NA,0,NA,484.5,NA,6.183117431,8.387084506,Oncorhynchus tshawytscha,"unclear, caught spawning in August",adult,rec o/n,"measurement taken overnight after recovering from heat stress ""Keep in mind that these fish were instrumented with cannulas and a blood flow cuff, so the oxygen consumption rate data may be elevated compared with what you’d expect in free-swimming Chinook in the natural environment.""",Fish 11,,individual,1,NA,2,NA,exogenous,wet,NA,NA,post-smolt,Clark et al.2008_195,195,,,
2021,Fangue et al.,Environ.  Biol. Fish.,9.4,0.2,16,12.2,,1.311827957,,1.07254,0.20116,0.070029667,2.240709689,Oncorhynchus tshawytscha,hatchery,juvenile,,,normal rheotaxis,16,mean,3,9.3,1,,exogenous,wet,,,post-smolt,Fangue et al.2021_1051,1051,,,
2021,Fangue et al.,Environ.  Biol. Fish.,9.4,0.2,16,16.8,,1.806451613,,1.1468,0.29328,0.136975455,2.240709689,Oncorhynchus tshawytscha,hatchery,juvenile,,,normal rheotaxis,16,mean,3,9.3,1,,exogenous,wet,,,post-smolt,Fangue et al.2021_1052,1052,,,
2021,Fangue et al.,Environ.  Biol. Fish.,9.4,0.2,16,21.3,,2.290322581,,1.62056,0.4465,0.482771769,2.240709689,Oncorhynchus tshawytscha,hatchery,juvenile,,,normal rheotaxis,16,mean,3,9.3,1,,exogenous,wet,,,post-smolt,Fangue et al.2021_1053,1053,,,
2021,Fangue et al.,Environ.  Biol. Fish.,9.4,0.2,16,32.6,,3.505376344,,0.76892,0.08836,-0.262768346,2.240709689,Oncorhynchus tshawytscha,hatchery,juvenile,,outlier pts,highly rheotactic swimming noted,16,mean,4,9.3,2,,exogenous,wet,,,post-smolt,Fangue et al.2021_1054,1054,,,
2021,Fangue et al.,Environ.  Biol. Fish.,9.4,0.2,16,37.5,,4.032258065,,0.92496,0.09588,-0.078004786,2.240709689,Oncorhynchus tshawytscha,hatchery,juvenile,,outlier pts,highly rheotactic swimming noted,16,mean,5,9.3,2,,exogenous,wet,,,post-smolt,Fangue et al.2021_1055,1055,,,
2021,Fangue et al.,Environ.  Biol. Fish.,9.4,0.2,16,45.1,,4.849462366,,1.07066,0.22936,0.068275281,2.240709689,Oncorhynchus tshawytscha,hatchery,juvenile,,outlier pts,highly rheotactic swimming noted,16,mean,3,9.3,2,,exogenous,wet,,,post-smolt,Fangue et al.2021_1056,1056,,,
2001,Gallaugher et al.,J. Exp. Biol.,387,NA,9,10.0621118,NA,0.314440994,NA,52.57682547,NA,3.962275442,5.958424693,Oncorhynchus tshawytscha,NA,juvenile,NA,"data highlighted in red are exercise trained fish that were excercised, see paper for details on training. Average mass and median fish length used here. The paper itself doesn't say theyre juveniles, but the average length is far below that given by fishbase as length of maturity for Chinook (78.9cm and 85.4cm). Also unclear which length was used here (fork or total). Fish were held at 8 to 10 degrees C, so I use 9 here",NA,9,mean,7,32,1,NA,exogenous,wet,26.5,salt,post-smolt,Gallaugher et al.2001_825,825,,,
2001,Gallaugher et al.,J. Exp. Biol.,387,NA,9,28.07453416,NA,0.877329193,NA,59.49482883,NA,4.085889398,5.958424693,Oncorhynchus tshawytscha,NA,juvenile,NA,"data highlighted in red are exercise trained fish that were excercised, see paper for details on training. Average mass and median fish length used here. The paper itself doesn't say theyre juveniles, but the average length is far below that given by fishbase as length of maturity for Chinook (78.9cm and 85.4cm). Also unclear which length was used here (fork or total). Fish were held at 8 to 10 degrees C, so I use 9 here",NA,9,mean,7,32,1,NA,exogenous,wet,26.5,salt,post-smolt,Gallaugher et al.2001_826,826,,,
2001,Gallaugher et al.,J. Exp. Biol.,387,NA,9,40.99378882,NA,1.281055901,NA,65.72103184,NA,4.185418994,5.958424693,Oncorhynchus tshawytscha,NA,juvenile,NA,"data highlighted in red are exercise trained fish that were excercised, see paper for details on training. Average mass and median fish length used here. The paper itself doesn't say theyre juveniles, but the average length is far below that given by fishbase as length of maturity for Chinook (78.9cm and 85.4cm). Also unclear which length was used here (fork or total). Fish were held at 8 to 10 degrees C, so I use 9 here",NA,9,mean,7,32,1,NA,exogenous,wet,26.5,salt,post-smolt,Gallaugher et al.2001_827,827,,,
2001,Gallaugher et al.,J. Exp. Biol.,387,NA,9,50.0621118,NA,1.564440994,NA,94.08484559,NA,4.544196988,5.958424693,Oncorhynchus tshawytscha,NA,juvenile,NA,"data highlighted in red are exercise trained fish that were excercised, see paper for details on training. Average mass and median fish length used here. The paper itself doesn't say theyre juveniles, but the average length is far below that given by fishbase as length of maturity for Chinook (78.9cm and 85.4cm). Also unclear which length was used here (fork or total). Fish were held at 8 to 10 degrees C, so I use 9 here",NA,9,mean,7,32,1,NA,exogenous,wet,26.5,salt,post-smolt,Gallaugher et al.2001_828,828,,,
2001,Gallaugher et al.,J. Exp. Biol.,387,NA,9,60,NA,1.875,NA,123.1404597,NA,4.813325652,5.958424693,Oncorhynchus tshawytscha,NA,juvenile,NA,"data highlighted in red are exercise trained fish that were excercised, see paper for details on training. Average mass and median fish length used here. The paper itself doesn't say theyre juveniles, but the average length is far below that given by fishbase as length of maturity for Chinook (78.9cm and 85.4cm). Also unclear which length was used here (fork or total). Fish were held at 8 to 10 degrees C, so I use 9 here",NA,9,mean,7,32,1,NA,exogenous,wet,26.5,salt,post-smolt,Gallaugher et al.2001_829,829,,,
2001,Gallaugher et al.,J. Exp. Biol.,387,NA,9,69.06832298,NA,2.158385093,NA,151.5042734,NA,5.020613832,5.958424693,Oncorhynchus tshawytscha,NA,juvenile,NA,"data highlighted in red are exercise trained fish that were excercised, see paper for details on training. Average mass and median fish length used here. The paper itself doesn't say theyre juveniles, but the average length is far below that given by fishbase as length of maturity for Chinook (78.9cm and 85.4cm). Also unclear which length was used here (fork or total). Fish were held at 8 to 10 degrees C, so I use 9 here",NA,9,mean,7,32,1,NA,exogenous,wet,26.5,salt,post-smolt,Gallaugher et al.2001_830,830,,,
2001,Gallaugher et al.,J. Exp. Biol.,387,NA,9,74.9068323,NA,2.340838509,NA,181.2516878,NA,5.199886606,5.958424693,Oncorhynchus tshawytscha,NA,juvenile,NA,"data highlighted in red are exercise trained fish that were excercised, see paper for details on training. Average mass and median fish length used here. The paper itself doesn't say theyre juveniles, but the average length is far below that given by fishbase as length of maturity for Chinook (78.9cm and 85.4cm). Also unclear which length was used here (fork or total). Fish were held at 8 to 10 degrees C, so I use 9 here",NA,9,mean,7,32,1,NA,exogenous,wet,26.5,salt,post-smolt,Gallaugher et al.2001_831,831,,,
2001,Gallaugher et al.,J. Exp. Biol.,387,NA,9,79.00621118,NA,2.468944099,NA,193.7040939,NA,5.266331705,5.958424693,Oncorhynchus tshawytscha,NA,juvenile,NA,"data highlighted in red are exercise trained fish that were excercised, see paper for details on training. Average mass and median fish length used here. The paper itself doesn't say theyre juveniles, but the average length is far below that given by fishbase as length of maturity for Chinook (78.9cm and 85.4cm). Also unclear which length was used here (fork or total). Fish were held at 8 to 10 degrees C, so I use 9 here",NA,9,mean,7,32,1,NA,exogenous,wet,26.5,salt,post-smolt,Gallaugher et al.2001_832,832,,,
2001,Gallaugher et al.,J. Exp. Biol.,387,NA,9,83.97515528,NA,2.624223602,NA,206.8483002,NA,5.331985675,5.958424693,Oncorhynchus tshawytscha,NA,juvenile,NA,"data highlighted in red are exercise trained fish that were excercised, see paper for details on training. Average mass and median fish length used here. The paper itself doesn't say theyre juveniles, but the average length is far below that given by fishbase as length of maturity for Chinook (78.9cm and 85.4cm). Also unclear which length was used here (fork or total). Fish were held at 8 to 10 degrees C, so I use 9 here",NA,9,mean,7,32,1,NA,exogenous,wet,26.5,salt,post-smolt,Gallaugher et al.2001_833,833,,,
2001,Gallaugher et al.,J. Exp. Biol.,387,NA,9,87.95031056,NA,2.748447205,NA,226.9105099,NA,5.42455571,5.958424693,Oncorhynchus tshawytscha,NA,juvenile,NA,"data highlighted in red are exercise trained fish that were excercised, see paper for details on training. Average mass and median fish length used here. The paper itself doesn't say theyre juveniles, but the average length is far below that given by fishbase as length of maturity for Chinook (78.9cm and 85.4cm). Also unclear which length was used here (fork or total). Fish were held at 8 to 10 degrees C, so I use 9 here",NA,9,mean,7,32,1,NA,exogenous,wet,26.5,salt,post-smolt,Gallaugher et al.2001_834,834,,,
2001,Gallaugher et al.,J. Exp. Biol.,387,NA,9,9.068322981,NA,0.283385093,NA,60.18662916,NA,4.097450221,5.958424693,Oncorhynchus tshawytscha,NA,juvenile,NA,"fish were exercise trained fish and were cannulated, see paper for details on training. Average mass and median fish length used here. The paper itself doesn't say theyre juveniles, but the average length is far below that given by fishbase as length of maturity for Chinook (78.9cm and 85.4cm). Also unclear which length was used here (fork or total)",NA,9,mean,9,32,2,NA,exogenous,wet,26.5,salt,post-smolt,Gallaugher et al.2001_1040,1040,,,
2001,Gallaugher et al.,J. Exp. Biol.,387,NA,9,26.95652174,NA,0.842391304,NA,70.56363419,NA,4.256514915,5.958424693,Oncorhynchus tshawytscha,NA,juvenile,NA,"fish were exercise trained fish and were cannulated, see paper for details on training. Average mass and median fish length used here. The paper itself doesn't say theyre juveniles, but the average length is far below that given by fishbase as length of maturity for Chinook (78.9cm and 85.4cm). Also unclear which length was used here (fork or total)",NA,9,mean,9,32,2,NA,exogenous,wet,26.5,salt,post-smolt,Gallaugher et al.2001_1041,1041,,,
2001,Gallaugher et al.,J. Exp. Biol.,387,NA,9,39.00621118,NA,1.218944099,NA,80.24883888,NA,4.385132293,5.958424693,Oncorhynchus tshawytscha,NA,juvenile,NA,"fish were exercise trained fish and were cannulated, see paper for details on training. Average mass and median fish length used here. The paper itself doesn't say theyre juveniles, but the average length is far below that given by fishbase as length of maturity for Chinook (78.9cm and 85.4cm). Also unclear which length was used here (fork or total)",NA,9,mean,9,32,2,NA,exogenous,wet,26.5,salt,post-smolt,Gallaugher et al.2001_1042,1042,,,
2001,Gallaugher et al.,J. Exp. Biol.,387,NA,9,48.07453416,NA,1.502329193,NA,93.39304525,NA,4.53681688,5.958424693,Oncorhynchus tshawytscha,NA,juvenile,NA,"fish were exercise trained fish and were cannulated, see paper for details on training. Average mass and median fish length used here. The paper itself doesn't say theyre juveniles, but the average length is far below that given by fishbase as length of maturity for Chinook (78.9cm and 85.4cm). Also unclear which length was used here (fork or total)",NA,9,mean,9,32,2,NA,exogenous,wet,26.5,salt,post-smolt,Gallaugher et al.2001_1043,1043,,,
2001,Gallaugher et al.,J. Exp. Biol.,387,NA,9,58.01242236,NA,1.812888199,NA,119.681458,NA,4.784833697,5.958424693,Oncorhynchus tshawytscha,NA,juvenile,NA,"fish were exercise trained fish and were cannulated, see paper for details on training. Average mass and median fish length used here. The paper itself doesn't say theyre juveniles, but the average length is far below that given by fishbase as length of maturity for Chinook (78.9cm and 85.4cm). Also unclear which length was used here (fork or total)",NA,9,mean,9,32,2,NA,exogenous,wet,26.5,salt,post-smolt,Gallaugher et al.2001_1044,1044,,,
2001,Gallaugher et al.,J. Exp. Biol.,387,NA,9,64.9689441,NA,2.030279503,NA,154.9632751,NA,5.043188154,5.958424693,Oncorhynchus tshawytscha,NA,juvenile,NA,"fish were exercise trained fish and were cannulated, see paper for details on training. Average mass and median fish length used here. The paper itself doesn't say theyre juveniles, but the average length is far below that given by fishbase as length of maturity for Chinook (78.9cm and 85.4cm). Also unclear which length was used here (fork or total)",NA,9,mean,9,32,2,NA,exogenous,wet,26.5,salt,post-smolt,Gallaugher et al.2001_1045,1045,,,
2001,Gallaugher et al.,J. Exp. Biol.,387,NA,9,70.93167702,NA,2.216614907,NA,211.6909026,NA,5.355127204,5.958424693,Oncorhynchus tshawytscha,NA,juvenile,NA,"fish were exercise trained fish and were cannulated, see paper for details on training. Average mass and median fish length used here. The paper itself doesn't say theyre juveniles, but the average length is far below that given by fishbase as length of maturity for Chinook (78.9cm and 85.4cm). Also unclear which length was used here (fork or total)",NA,9,mean,9,32,2,NA,exogenous,wet,26.5,salt,post-smolt,Gallaugher et al.2001_1046,1046,,,
2001,Gallaugher et al.,J. Exp. Biol.,387,NA,9,77.01863354,NA,2.406832298,NA,207.5401006,NA,5.335324577,5.958424693,Oncorhynchus tshawytscha,NA,juvenile,NA,"fish were exercise trained fish and were cannulated, see paper for details on training. Average mass and median fish length used here. The paper itself doesn't say theyre juveniles, but the average length is far below that given by fishbase as length of maturity for Chinook (78.9cm and 85.4cm). Also unclear which length was used here (fork or total)",NA,9,mean,9,32,2,NA,exogenous,wet,26.5,salt,post-smolt,Gallaugher et al.2001_1047,1047,,,
2001,Gallaugher et al.,J. Exp. Biol.,387,NA,9,81.98757764,NA,2.562111801,NA,233.136713,NA,5.451625032,5.958424693,Oncorhynchus tshawytscha,NA,juvenile,NA,"fish were exercise trained fish and were cannulated, see paper for details on training. Average mass and median fish length used here. The paper itself doesn't say theyre juveniles, but the average length is far below that given by fishbase as length of maturity for Chinook (78.9cm and 85.4cm). Also unclear which length was used here (fork or total)",NA,9,mean,9,32,2,NA,exogenous,wet,26.5,salt,post-smolt,Gallaugher et al.2001_1048,1048,,,
2001,Gallaugher et al.,J. Exp. Biol.,387,NA,9,86.95652174,NA,2.717391304,NA,264.9595284,NA,5.579577091,5.958424693,Oncorhynchus tshawytscha,NA,juvenile,NA,"fish were exercise trained fish and were cannulated, see paper for details on training. Average mass and median fish length used here. The paper itself doesn't say theyre juveniles, but the average length is far below that given by fishbase as length of maturity for Chinook (78.9cm and 85.4cm). Also unclear which length was used here (fork or total)",NA,9,mean,9,32,2,NA,exogenous,wet,26.5,salt,post-smolt,Gallaugher et al.2001_1049,1049,,,
2001,Gallaugher et al.,J. Exp. Biol.,387,NA,9,92.91925466,NA,2.903726708,NA,306.4675485,NA,5.725111872,5.958424693,Oncorhynchus tshawytscha,NA,juvenile,NA,"fish were exercise trained fish and were cannulated, see paper for details on training. Average mass and median fish length used here. The paper itself doesn't say theyre juveniles, but the average length is far below that given by fishbase as length of maturity for Chinook (78.9cm and 85.4cm). Also unclear which length was used here (fork or total)",NA,9,mean,9,32,3,NA,exogenous,wet,26.5,salt,post-smolt,Gallaugher et al.2001_1050,1050,,,
2003,Geist,J. Fish Biol.,5000,NA,8,32.201,NA,0.43280914,NA,385.2914265,NA,5.954,8.517193191,Oncorhynchus tshawytscha,spring,adult,NA,used mean mass and fork length,NA,NA,individual,1,74.4,1,NA,exogenous,wet,0,fresh,post-smolt,Geist2003_345,345,,,
2003,Geist,J. Fish Biol.,5000,NA,8,29.919,NA,0.402137097,NA,391.5056707,NA,5.97,8.517193191,Oncorhynchus tshawytscha,spring,adult,NA,used mean mass and fork length,NA,NA,individual,1,74.4,1,NA,exogenous,wet,0,fresh,post-smolt,Geist2003_346,346,,,
2003,Geist,J. Fish Biol.,5000,NA,8,29.665,NA,0.398723118,NA,421.1546054,NA,6.043,8.517193191,Oncorhynchus tshawytscha,spring,adult,NA,used mean mass and fork length,NA,NA,individual,1,74.4,1,NA,exogenous,wet,0,fresh,post-smolt,Geist2003_347,347,,,
2003,Geist,J. Fish Biol.,5000,NA,8,33.722,NA,0.453252688,NA,495.2189559,NA,6.205,8.517193191,Oncorhynchus tshawytscha,spring,adult,NA,used mean mass and fork length,NA,NA,individual,1,74.4,1,NA,exogenous,wet,0,fresh,post-smolt,Geist2003_348,348,,,
2003,Geist,J. Fish Biol.,5000,NA,8,29.412,NA,0.395322581,NA,500.1959892,NA,6.215,8.517193191,Oncorhynchus tshawytscha,spring,adult,NA,used mean mass and fork length,NA,NA,individual,1,74.4,1,NA,exogenous,wet,0,fresh,post-smolt,Geist2003_349,349,,,
2003,Geist,J. Fish Biol.,5000,NA,8,29.412,NA,0.395322581,NA,515.944912,NA,6.246,8.517193191,Oncorhynchus tshawytscha,spring,adult,NA,used mean mass and fork length,NA,NA,individual,1,74.4,1,NA,exogenous,wet,0,fresh,post-smolt,Geist2003_350,350,,,
2003,Geist,J. Fish Biol.,5000,NA,8,32.961,NA,0.443024194,NA,578.824892,NA,6.361,8.517193191,Oncorhynchus tshawytscha,spring,adult,NA,used mean mass and fork length,NA,NA,individual,1,74.4,1,NA,exogenous,wet,0,fresh,post-smolt,Geist2003_351,351,,,
2003,Geist,J. Fish Biol.,5000,NA,8,33.722,NA,0.453252688,NA,597.0494854,NA,6.392,8.517193191,Oncorhynchus tshawytscha,spring,adult,NA,used mean mass and fork length,NA,NA,individual,1,74.4,1,NA,exogenous,wet,0,fresh,post-smolt,Geist2003_352,352,,,
2003,Geist,J. Fish Biol.,5000,NA,8,29.919,NA,0.402137097,NA,588.1605766,NA,6.377,8.517193191,Oncorhynchus tshawytscha,spring,adult,NA,used mean mass and fork length,NA,NA,individual,1,74.4,1,NA,exogenous,wet,0,fresh,post-smolt,Geist2003_353,353,,,
2003,Geist,J. Fish Biol.,5000,NA,8,29.919,NA,0.402137097,NA,625.7807061,NA,6.439,8.517193191,Oncorhynchus tshawytscha,spring,adult,NA,used mean mass and fork length,NA,NA,individual,1,74.4,1,NA,exogenous,wet,0,fresh,post-smolt,Geist2003_354,354,,,
2003,Geist,J. Fish Biol.,5000,NA,8,32.961,NA,0.443024194,NA,669.8139585,NA,6.507,8.517193191,Oncorhynchus tshawytscha,spring,adult,NA,used mean mass and fork length,NA,NA,individual,1,74.4,1,NA,exogenous,wet,0,fresh,post-smolt,Geist2003_355,355,,,
2003,Geist,J. Fish Biol.,5000,NA,8,32.454,NA,0.436209677,NA,771.2403014,NA,6.648,8.517193191,Oncorhynchus tshawytscha,spring,adult,NA,used mean mass and fork length,NA,NA,individual,1,74.4,1,NA,exogenous,wet,0,fresh,post-smolt,Geist2003_356,356,,,
2003,Geist,J. Fish Biol.,5000,NA,8,32.708,NA,0.439623656,NA,833.8053651,NA,6.726,8.517193191,Oncorhynchus tshawytscha,spring,adult,NA,used mean mass and fork length,NA,NA,individual,1,74.4,1,NA,exogenous,wet,0,fresh,post-smolt,Geist2003_357,357,,,
2003,Geist,J. Fish Biol.,5000,NA,8,32.454,NA,0.436209677,NA,865.2340082,NA,6.763,8.517193191,Oncorhynchus tshawytscha,spring,adult,NA,used mean mass and fork length,NA,NA,individual,1,74.4,1,NA,exogenous,wet,0,fresh,post-smolt,Geist2003_358,358,,,
2003,Geist,J. Fish Biol.,5000,NA,8,29.919,NA,0.402137097,NA,1105.44141,NA,7.008,8.517193191,Oncorhynchus tshawytscha,spring,adult,NA,used mean mass and fork length,NA,NA,individual,1,74.4,1,NA,exogenous,wet,0,fresh,post-smolt,Geist2003_359,359,,,
2003,Geist,J. Fish Biol.,5000,NA,8,54.006,NA,0.725887097,NA,515.944912,NA,6.246,8.517193191,Oncorhynchus tshawytscha,spring,adult,NA,used mean mass and fork length,NA,NA,individual,1,74.4,1,NA,exogenous,wet,0,fresh,post-smolt,Geist2003_360,360,,,
2003,Geist,J. Fish Biol.,5000,NA,8,49.696,NA,0.667956989,NA,566.7963114,NA,6.34,8.517193191,Oncorhynchus tshawytscha,spring,adult,NA,used mean mass and fork length,NA,NA,individual,1,74.4,1,NA,exogenous,wet,0,fresh,post-smolt,Geist2003_361,361,,,
2003,Geist,J. Fish Biol.,5000,NA,8,49.442,NA,0.664543011,NA,588.1605766,NA,6.377,8.517193191,Oncorhynchus tshawytscha,spring,adult,NA,used mean mass and fork length,NA,NA,individual,1,74.4,1,NA,exogenous,wet,0,fresh,post-smolt,Geist2003_362,362,,,
2003,Geist,J. Fish Biol.,5000,NA,8,49.189,NA,0.661142473,NA,613.3894179,NA,6.419,8.517193191,Oncorhynchus tshawytscha,spring,adult,NA,used mean mass and fork length,NA,NA,individual,1,74.4,1,NA,exogenous,wet,0,fresh,post-smolt,Geist2003_363,363,,,
2003,Geist,J. Fish Biol.,5000,NA,8,56.034,NA,0.753145161,NA,716.9456244,NA,6.575,8.517193191,Oncorhynchus tshawytscha,spring,adult,NA,used mean mass and fork length,NA,NA,individual,1,74.4,1,NA,exogenous,wet,0,fresh,post-smolt,Geist2003_364,364,,,
2003,Geist,J. Fish Biol.,5000,NA,8,55.02,NA,0.739516129,NA,791.5555025,NA,6.674,8.517193191,Oncorhynchus tshawytscha,spring,adult,NA,used mean mass and fork length,NA,NA,individual,1,74.4,1,NA,exogenous,wet,0,fresh,post-smolt,Geist2003_365,365,,,
2003,Geist,J. Fish Biol.,5000,NA,8,49.189,NA,0.661142473,NA,837.9848319,NA,6.731,8.517193191,Oncorhynchus tshawytscha,spring,adult,NA,used mean mass and fork length,NA,NA,individual,1,74.4,1,NA,exogenous,wet,0,fresh,post-smolt,Geist2003_366,366,,,
2003,Geist,J. Fish Biol.,5000,NA,8,49.442,NA,0.664543011,NA,865.2340082,NA,6.763,8.517193191,Oncorhynchus tshawytscha,spring,adult,NA,used mean mass and fork length,NA,NA,individual,1,74.4,1,NA,exogenous,wet,0,fresh,post-smolt,Geist2003_367,367,,,
2003,Geist,J. Fish Biol.,5000,NA,8,49.189,NA,0.661142473,NA,969.7128532,NA,6.877,8.517193191,Oncorhynchus tshawytscha,spring,adult,NA,used mean mass and fork length,NA,NA,individual,1,74.4,1,NA,exogenous,wet,0,fresh,post-smolt,Geist2003_368,368,,,
2003,Geist,J. Fish Biol.,5000,NA,8,55.527,NA,0.746330645,NA,906.8708069,NA,6.81,8.517193191,Oncorhynchus tshawytscha,spring,adult,NA,used mean mass and fork length,NA,NA,individual,1,74.4,1,NA,exogenous,wet,0,fresh,post-smolt,Geist2003_369,369,,,
2003,Geist,J. Fish Biol.,5000,NA,8,54.006,NA,0.725887097,NA,915.9850101,NA,6.82,8.517193191,Oncorhynchus tshawytscha,spring,adult,NA,used mean mass and fork length,NA,NA,individual,1,74.4,1,NA,exogenous,wet,0,fresh,post-smolt,Geist2003_370,370,,,
2003,Geist,J. Fish Biol.,5000,NA,8,54.767,NA,0.736115591,NA,969.7128532,NA,6.877,8.517193191,Oncorhynchus tshawytscha,spring,adult,NA,used mean mass and fork length,NA,NA,individual,1,74.4,1,NA,exogenous,wet,0,fresh,post-smolt,Geist2003_371,371,,,
2003,Geist,J. Fish Biol.,5000,NA,8,55.527,NA,0.746330645,NA,1043.149728,NA,6.95,8.517193191,Oncorhynchus tshawytscha,spring,adult,NA,used mean mass and fork length,NA,NA,individual,1,74.4,1,NA,exogenous,wet,0,fresh,post-smolt,Geist2003_372,372,,,
2003,Geist,J. Fish Biol.,5000,NA,8,54.767,NA,0.736115591,NA,1093.348189,NA,6.997,8.517193191,Oncorhynchus tshawytscha,spring,adult,NA,used mean mass and fork length,NA,NA,individual,1,74.4,1,NA,exogenous,wet,0,fresh,post-smolt,Geist2003_373,373,,,
2003,Geist,J. Fish Biol.,5000,NA,8,69.473,NA,0.933776882,NA,743.2258731,NA,6.611,8.517193191,Oncorhynchus tshawytscha,spring,adult,NA,used mean mass and fork length,NA,NA,individual,1,74.4,1,NA,exogenous,wet,0,fresh,post-smolt,Geist2003_374,374,,,
2003,Geist,J. Fish Biol.,5000,NA,8,76.065,NA,1.022379032,NA,747.6986332,NA,6.617,8.517193191,Oncorhynchus tshawytscha,spring,adult,NA,used mean mass and fork length,NA,NA,individual,1,74.4,1,NA,exogenous,wet,0,fresh,post-smolt,Geist2003_375,375,,,
2003,Geist,J. Fish Biol.,5000,NA,8,69.98,NA,0.940591398,NA,804.3222521,NA,6.69,8.517193191,Oncorhynchus tshawytscha,spring,adult,NA,used mean mass and fork length,NA,NA,individual,1,74.4,1,NA,exogenous,wet,0,fresh,post-smolt,Geist2003_376,376,,,
2003,Geist,J. Fish Biol.,5000,NA,8,69.726,NA,0.937177419,NA,883.596049,NA,6.784,8.517193191,Oncorhynchus tshawytscha,spring,adult,NA,used mean mass and fork length,NA,NA,individual,1,74.4,1,NA,exogenous,wet,0,fresh,post-smolt,Geist2003_377,377,,,
2003,Geist,J. Fish Biol.,5000,NA,8,69.98,NA,0.940591398,NA,1016.377384,NA,6.924,8.517193191,Oncorhynchus tshawytscha,spring,adult,NA,used mean mass and fork length,NA,NA,individual,1,74.4,1,NA,exogenous,wet,0,fresh,post-smolt,Geist2003_378,378,,,
2003,Geist,J. Fish Biol.,5000,NA,8,69.726,NA,0.937177419,NA,1099.927998,NA,7.003,8.517193191,Oncorhynchus tshawytscha,spring,adult,NA,used mean mass and fork length,NA,NA,individual,1,74.4,1,NA,exogenous,wet,0,fresh,post-smolt,Geist2003_379,379,,,
2003,Geist,J. Fish Biol.,5000,NA,8,69.473,NA,0.933776882,NA,1145.9623,NA,7.044,8.517193191,Oncorhynchus tshawytscha,spring,adult,NA,used mean mass and fork length,NA,NA,individual,1,74.4,1,NA,exogenous,wet,0,fresh,post-smolt,Geist2003_380,380,,,
2003,Geist,J. Fish Biol.,5000,NA,8,79.108,NA,1.06327957,NA,990.2921494,NA,6.898,8.517193191,Oncorhynchus tshawytscha,spring,adult,NA,used mean mass and fork length,NA,NA,individual,1,74.4,1,NA,exogenous,wet,0,fresh,post-smolt,Geist2003_381,381,,,
2003,Geist,J. Fish Biol.,5000,NA,8,76.318,NA,1.02577957,NA,1006.26426,NA,6.914,8.517193191,Oncorhynchus tshawytscha,spring,adult,NA,used mean mass and fork length,NA,NA,individual,1,74.4,1,NA,exogenous,wet,0,fresh,post-smolt,Geist2003_382,382,,,
2003,Geist,J. Fish Biol.,5000,NA,8,76.065,NA,1.022379032,NA,1065.287506,NA,6.971,8.517193191,Oncorhynchus tshawytscha,spring,adult,NA,used mean mass and fork length,NA,NA,individual,1,74.4,1,NA,exogenous,wet,0,fresh,post-smolt,Geist2003_383,383,,,
2003,Geist,J. Fish Biol.,5000,NA,8,77.586,NA,1.042822581,NA,1093.348189,NA,6.997,8.517193191,Oncorhynchus tshawytscha,spring,adult,NA,used mean mass and fork length,NA,NA,individual,1,74.4,1,NA,exogenous,wet,0,fresh,post-smolt,Geist2003_384,384,,,
2003,Geist,J. Fish Biol.,5000,NA,8,76.572,NA,1.029193548,NA,1220.480607,NA,7.107,8.517193191,Oncorhynchus tshawytscha,spring,adult,NA,used mean mass and fork length,NA,NA,individual,1,74.4,1,NA,exogenous,wet,0,fresh,post-smolt,Geist2003_385,385,,,
2003,Geist,J. Fish Biol.,5000,NA,8,76.826,NA,1.032607527,NA,1487.719962,NA,7.305,8.517193191,Oncorhynchus tshawytscha,spring,adult,NA,used mean mass and fork length,NA,NA,individual,1,74.4,1,NA,exogenous,wet,0,fresh,post-smolt,Geist2003_386,386,,,
2003,Geist,J. Fish Biol.,5000,NA,8,78.093,NA,1.049637097,NA,1712.997433,NA,7.446,8.517193191,Oncorhynchus tshawytscha,spring,adult,NA,used mean mass and fork length,NA,NA,individual,1,74.4,1,NA,exogenous,wet,0,fresh,post-smolt,Geist2003_387,387,,,
2003,Geist,J. Fish Biol.,5000,NA,8,97.363,NA,1.308642473,NA,1071.698444,NA,6.977,8.517193191,Oncorhynchus tshawytscha,spring,adult,NA,used mean mass and fork length,NA,NA,individual,1,74.4,1,NA,exogenous,wet,0,fresh,post-smolt,Geist2003_388,388,,,
2003,Geist,J. Fish Biol.,5000,NA,8,89.757,NA,1.20641129,NA,1164.445166,NA,7.06,8.517193191,Oncorhynchus tshawytscha,spring,adult,NA,used mean mass and fork length,NA,NA,individual,1,74.4,1,NA,exogenous,wet,0,fresh,post-smolt,Geist2003_389,389,,,
2003,Geist,J. Fish Biol.,5000,NA,8,89.757,NA,1.20641129,NA,1207.128889,NA,7.096,8.517193191,Oncorhynchus tshawytscha,spring,adult,NA,used mean mass and fork length,NA,NA,individual,1,74.4,1,NA,exogenous,wet,0,fresh,post-smolt,Geist2003_390,390,,,
2003,Geist,J. Fish Biol.,5000,NA,8,89.503,NA,1.202997312,NA,1258.908053,NA,7.138,8.517193191,Oncorhynchus tshawytscha,spring,adult,NA,used mean mass and fork length,NA,NA,individual,1,74.4,1,NA,exogenous,wet,0,fresh,post-smolt,Geist2003_391,391,,,
2003,Geist,J. Fish Biol.,5000,NA,8,90.01,NA,1.209811828,NA,1334.083743,NA,7.196,8.517193191,Oncorhynchus tshawytscha,spring,adult,NA,used mean mass and fork length,NA,NA,individual,1,74.4,1,NA,exogenous,wet,0,fresh,post-smolt,Geist2003_392,392,,,
2003,Geist,J. Fish Biol.,5000,NA,8,90.264,NA,1.213225806,NA,1487.719962,NA,7.305,8.517193191,Oncorhynchus tshawytscha,spring,adult,NA,used mean mass and fork length,NA,NA,individual,1,74.4,1,NA,exogenous,wet,0,fresh,post-smolt,Geist2003_393,393,,,
2003,Geist,J. Fish Biol.,5000,NA,8,89.757,NA,1.20641129,NA,1608.407761,NA,7.383,8.517193191,Oncorhynchus tshawytscha,spring,adult,NA,used mean mass and fork length,NA,NA,individual,1,74.4,1,NA,exogenous,wet,0,fresh,post-smolt,Geist2003_394,394,,,
2003,Geist,J. Fish Biol.,5000,NA,8,98.377,NA,1.322271505,NA,1340.770865,NA,7.201,8.517193191,Oncorhynchus tshawytscha,spring,adult,NA,used mean mass and fork length,NA,NA,individual,1,74.4,1,NA,exogenous,wet,0,fresh,post-smolt,Geist2003_395,395,,,
2003,Geist,J. Fish Biol.,5000,NA,8,101.166,NA,1.359758065,NA,1252.629223,NA,7.133,8.517193191,Oncorhynchus tshawytscha,spring,adult,NA,used mean mass and fork length,NA,NA,individual,1,74.4,1,NA,exogenous,wet,0,fresh,post-smolt,Geist2003_396,396,,,
2003,Geist,J. Fish Biol.,5000,NA,8,99.899,NA,1.342728495,NA,1543.796621,NA,7.342,8.517193191,Oncorhynchus tshawytscha,spring,adult,NA,used mean mass and fork length,NA,NA,individual,1,74.4,1,NA,exogenous,wet,0,fresh,post-smolt,Geist2003_397,397,,,
2003,Geist,J. Fish Biol.,5000,NA,8,98.631,NA,1.325685484,NA,1608.407761,NA,7.383,8.517193191,Oncorhynchus tshawytscha,spring,adult,NA,used mean mass and fork length,NA,NA,individual,1,74.4,1,NA,exogenous,wet,0,fresh,post-smolt,Geist2003_398,398,,,
2003,Geist,J. Fish Biol.,5000,NA,8,98.377,NA,1.322271505,NA,1842.723649,NA,7.519,8.517193191,Oncorhynchus tshawytscha,spring,adult,NA,used mean mass and fork length,NA,NA,individual,1,74.4,1,NA,exogenous,wet,0,fresh,post-smolt,Geist2003_399,399,,,
2003,Geist,J. Fish Biol.,5000,NA,8,100.406,NA,1.349543011,NA,2330.877302,NA,7.754,8.517193191,Oncorhynchus tshawytscha,spring,adult,NA,used mean mass and fork length,NA,NA,individual,1,74.4,1,NA,exogenous,wet,0,fresh,post-smolt,Geist2003_400,400,,,
2003,Geist,J. Fish Biol.,5000,NA,8,109.787,NA,1.47563172,NA,1449.537762,NA,7.279,8.517193191,Oncorhynchus tshawytscha,spring,adult,NA,used mean mass and fork length,NA,NA,individual,1,74.4,1,NA,exogenous,wet,0,fresh,post-smolt,Geist2003_401,401,,,
2003,Geist,J. Fish Biol.,5000,NA,8,109.787,NA,1.47563172,NA,1551.534934,NA,7.347,8.517193191,Oncorhynchus tshawytscha,spring,adult,NA,used mean mass and fork length,NA,NA,individual,1,74.4,1,NA,exogenous,wet,0,fresh,post-smolt,Geist2003_402,402,,,
2003,Geist,J. Fish Biol.,5000,NA,8,109.533,NA,1.472217742,NA,1804.429943,NA,7.498,8.517193191,Oncorhynchus tshawytscha,spring,adult,NA,used mean mass and fork length,NA,NA,individual,1,74.4,1,NA,exogenous,wet,0,fresh,post-smolt,Geist2003_403,403,,,
2003,Geist,J. Fish Biol.,5000,NA,8,109.533,NA,1.472217742,NA,1861.243329,NA,7.529,8.517193191,Oncorhynchus tshawytscha,spring,adult,NA,used mean mass and fork length,NA,NA,individual,1,74.4,1,NA,exogenous,wet,0,fresh,post-smolt,Geist2003_404,404,,,
2003,Geist,J. Fish Biol.,5000,NA,8,109.787,NA,1.47563172,NA,2098.545994,NA,7.649,8.517193191,Oncorhynchus tshawytscha,spring,adult,NA,used mean mass and fork length,NA,NA,individual,1,74.4,1,NA,exogenous,wet,0,fresh,post-smolt,Geist2003_405,405,,,
2003,Geist,J. Fish Biol.,5000,NA,8,110.041,NA,1.479045699,NA,2282.439258,NA,7.733,8.517193191,Oncorhynchus tshawytscha,spring,adult,NA,used mean mass and fork length,NA,NA,individual,1,74.4,1,NA,exogenous,wet,0,fresh,post-smolt,Geist2003_406,406,,,
2003,Geist,J. Fish Biol.,5000,NA,8,119.422,NA,1.605134409,NA,1472.916901,NA,7.295,8.517193191,Oncorhynchus tshawytscha,spring,adult,NA,used mean mass and fork length,NA,NA,individual,1,74.4,1,NA,exogenous,wet,0,fresh,post-smolt,Geist2003_407,407,,,
2003,Geist,J. Fish Biol.,5000,NA,8,124.239,NA,1.669879032,NA,1795.430311,NA,7.493,8.517193191,Oncorhynchus tshawytscha,spring,adult,NA,used mean mass and fork length,NA,NA,individual,1,74.4,1,NA,exogenous,wet,0,fresh,post-smolt,Geist2003_408,408,,,
2003,Geist,J. Fish Biol.,5000,NA,8,121.45,NA,1.632392473,NA,1813.474686,NA,7.503,8.517193191,Oncorhynchus tshawytscha,spring,adult,NA,used mean mass and fork length,NA,NA,individual,1,74.4,1,NA,exogenous,wet,0,fresh,post-smolt,Geist2003_409,409,,,
2003,Geist,J. Fish Biol.,5000,NA,8,120.436,NA,1.618763441,NA,1881.830025,NA,7.54,8.517193191,Oncorhynchus tshawytscha,spring,adult,NA,used mean mass and fork length,NA,NA,individual,1,74.4,1,NA,exogenous,wet,0,fresh,post-smolt,Geist2003_410,410,,,
2003,Geist,J. Fish Biol.,5000,NA,8,120.943,NA,1.625577957,NA,2153.823686,NA,7.675,8.517193191,Oncorhynchus tshawytscha,spring,adult,NA,used mean mass and fork length,NA,NA,individual,1,74.4,1,NA,exogenous,wet,0,fresh,post-smolt,Geist2003_411,411,,,
2003,Geist,J. Fish Biol.,5000,NA,8,120.943,NA,1.625577957,NA,2392.274821,NA,7.78,8.517193191,Oncorhynchus tshawytscha,spring,adult,NA,used mean mass and fork length,NA,NA,individual,1,74.4,1,NA,exogenous,wet,0,fresh,post-smolt,Geist2003_412,412,,,
2003,Geist,J. Fish Biol.,5000,NA,8,123.479,NA,1.659663978,NA,3320.929525,NA,8.108,8.517193191,Oncorhynchus tshawytscha,spring,adult,NA,used mean mass and fork length,NA,NA,individual,1,74.4,1,NA,exogenous,wet,0,fresh,post-smolt,Geist2003_413,413,,,
2003,Geist,J. Fish Biol.,5000,NA,8,130.071,NA,1.748266129,NA,3391.406462,NA,8.129,8.517193191,Oncorhynchus tshawytscha,spring,adult,NA,used mean mass and fork length,NA,NA,individual,1,74.4,1,NA,exogenous,wet,0,fresh,post-smolt,Geist2003_414,414,,,
2003,Geist,J. Fish Biol.,5000,NA,8,130.325,NA,1.751680108,NA,1900.742731,NA,7.55,8.517193191,Oncorhynchus tshawytscha,spring,adult,NA,used mean mass and fork length,NA,NA,individual,1,74.4,1,NA,exogenous,wet,0,fresh,post-smolt,Geist2003_415,415,,,
2003,Geist,J. Fish Biol.,5000,NA,8,130.071,NA,1.748266129,NA,2067.302714,NA,7.634,8.517193191,Oncorhynchus tshawytscha,spring,adult,NA,used mean mass and fork length,NA,NA,individual,1,74.4,1,NA,exogenous,wet,0,fresh,post-smolt,Geist2003_416,416,,,
2003,Geist,J. Fish Biol.,5000,NA,8,130.071,NA,1.748266129,NA,2153.823686,NA,7.675,8.517193191,Oncorhynchus tshawytscha,spring,adult,NA,used mean mass and fork length,NA,NA,individual,1,74.4,1,NA,exogenous,wet,0,fresh,post-smolt,Geist2003_417,417,,,
2003,Geist,J. Fish Biol.,5000,NA,8,130.071,NA,1.748266129,NA,2443.0438,NA,7.801,8.517193191,Oncorhynchus tshawytscha,spring,adult,NA,used mean mass and fork length,NA,NA,individual,1,74.4,1,NA,exogenous,wet,0,fresh,post-smolt,Geist2003_418,418,,,
2003,Geist,J. Fish Biol.,5000,NA,8,130.325,NA,1.751680108,NA,2558.048648,NA,7.847,8.517193191,Oncorhynchus tshawytscha,spring,adult,NA,used mean mass and fork length,NA,NA,individual,1,74.4,1,NA,exogenous,wet,0,fresh,post-smolt,Geist2003_419,419,,,
2003,Geist,J. Fish Biol.,5000,NA,8,141.481,NA,1.901626344,NA,2002.196286,NA,7.602,8.517193191,Oncorhynchus tshawytscha,spring,adult,NA,used mean mass and fork length,NA,NA,individual,1,74.4,1,NA,exogenous,wet,0,fresh,post-smolt,Geist2003_420,420,,,
2003,Geist,J. Fish Biol.,5000,NA,8,142.748,NA,1.918655914,NA,2177.646532,NA,7.686,8.517193191,Oncorhynchus tshawytscha,spring,adult,NA,used mean mass and fork length,NA,NA,individual,1,74.4,1,NA,exogenous,wet,0,fresh,post-smolt,Geist2003_421,421,,,
2003,Geist,J. Fish Biol.,5000,NA,8,143.002,NA,1.922069892,NA,2330.877302,NA,7.754,8.517193191,Oncorhynchus tshawytscha,spring,adult,NA,used mean mass and fork length,NA,NA,individual,1,74.4,1,NA,exogenous,wet,0,fresh,post-smolt,Geist2003_422,422,,,
2003,Geist,J. Fish Biol.,5000,NA,8,144.016,NA,1.935698925,NA,2628.056819,NA,7.874,8.517193191,Oncorhynchus tshawytscha,spring,adult,NA,used mean mass and fork length,NA,NA,individual,1,74.4,1,NA,exogenous,wet,0,fresh,post-smolt,Geist2003_423,423,,,
2003,Geist,J. Fish Biol.,5000,NA,8,147.312,NA,1.98,NA,2573.443077,NA,7.853,8.517193191,Oncorhynchus tshawytscha,spring,adult,NA,used mean mass and fork length,NA,NA,individual,1,74.4,1,NA,exogenous,wet,0,fresh,post-smolt,Geist2003_424,424,,,
2003,Geist,J. Fish Biol.,5000,NA,8,150.101,NA,2.017486559,NA,3071.741673,NA,8.03,8.517193191,Oncorhynchus tshawytscha,spring,adult,NA,used mean mass and fork length,NA,NA,individual,1,74.4,1,NA,exogenous,wet,0,fresh,post-smolt,Geist2003_425,425,,,
2003,Geist,J. Fish Biol.,5000,NA,8,142.748,NA,1.918655914,NA,3102.61319,NA,8.04,8.517193191,Oncorhynchus tshawytscha,spring,adult,NA,used mean mass and fork length,NA,NA,individual,1,74.4,1,NA,exogenous,wet,0,fresh,post-smolt,Geist2003_426,426,,,
2003,Geist,J. Fish Biol.,5000,NA,8,145.284,NA,1.952741935,NA,3630.043824,NA,8.197,8.517193191,Oncorhynchus tshawytscha,spring,adult,NA,used mean mass and fork length,NA,NA,individual,1,74.4,1,NA,exogenous,wet,0,fresh,post-smolt,Geist2003_427,427,,,
2003,Geist,J. Fish Biol.,5000,NA,8,149.848,NA,2.014086022,NA,2519.964265,NA,7.832,8.517193191,Oncorhynchus tshawytscha,spring,adult,NA,used mean mass and fork length,NA,NA,individual,1,74.4,1,NA,exogenous,wet,0,fresh,post-smolt,Geist2003_428,428,,,
2003,Geist,J. Fish Biol.,5000,NA,8,149.848,NA,2.014086022,NA,2330.877302,NA,7.754,8.517193191,Oncorhynchus tshawytscha,spring,adult,NA,used mean mass and fork length,NA,NA,individual,1,74.4,1,NA,exogenous,wet,0,fresh,post-smolt,Geist2003_429,429,,,
2003,Geist,J. Fish Biol.,5000,NA,8,150.101,NA,2.017486559,NA,2199.532243,NA,7.696,8.517193191,Oncorhynchus tshawytscha,spring,adult,NA,used mean mass and fork length,NA,NA,individual,1,74.4,1,NA,exogenous,wet,0,fresh,post-smolt,Geist2003_430,430,,,
2003,Geist,J. Fish Biol.,5000,NA,8,149.848,NA,2.014086022,NA,2067.302714,NA,7.634,8.517193191,Oncorhynchus tshawytscha,spring,adult,NA,used mean mass and fork length,NA,NA,individual,1,74.4,1,NA,exogenous,wet,0,fresh,post-smolt,Geist2003_431,431,,,
2003,Geist,J. Fish Biol.,5000,NA,8,163.286,NA,2.194704301,NA,1992.21029,NA,7.597,8.517193191,Oncorhynchus tshawytscha,spring,adult,NA,used mean mass and fork length,NA,NA,individual,1,74.4,1,NA,exogenous,wet,0,fresh,post-smolt,Geist2003_432,432,,,
2003,Geist,J. Fish Biol.,5000,NA,8,170.132,NA,2.28672043,NA,2246.21083,NA,7.717,8.517193191,Oncorhynchus tshawytscha,spring,adult,NA,used mean mass and fork length,NA,NA,individual,1,74.4,1,NA,exogenous,wet,0,fresh,post-smolt,Geist2003_433,433,,,
2003,Geist,J. Fish Biol.,5000,NA,8,170.132,NA,2.28672043,NA,2479.965679,NA,7.816,8.517193191,Oncorhynchus tshawytscha,spring,adult,NA,used mean mass and fork length,NA,NA,individual,1,74.4,1,NA,exogenous,wet,0,fresh,post-smolt,Geist2003_434,434,,,
2003,Geist,J. Fish Biol.,5000,NA,8,169.878,NA,2.283306452,NA,2738.04653,NA,7.915,8.517193191,Oncorhynchus tshawytscha,spring,adult,NA,used mean mass and fork length,NA,NA,individual,1,74.4,1,NA,exogenous,wet,0,fresh,post-smolt,Geist2003_435,435,,,
2003,Geist,J. Fish Biol.,5000,NA,8,169.625,NA,2.279905914,NA,2960.164144,NA,7.993,8.517193191,Oncorhynchus tshawytscha,spring,adult,NA,used mean mass and fork length,NA,NA,individual,1,74.4,1,NA,exogenous,wet,0,fresh,post-smolt,Geist2003_436,436,,,
2003,Geist,J. Fish Biol.,5000,NA,8,164.807,NA,2.215147849,NA,2641.230009,NA,7.879,8.517193191,Oncorhynchus tshawytscha,spring,adult,NA,used mean mass and fork length,NA,NA,individual,1,74.4,1,NA,exogenous,wet,0,fresh,post-smolt,Geist2003_437,437,,,
2003,Geist,J. Fish Biol.,5000,NA,8,165.314,NA,2.221962366,NA,2768.331303,NA,7.926,8.517193191,Oncorhynchus tshawytscha,spring,adult,NA,used mean mass and fork length,NA,NA,individual,1,74.4,1,NA,exogenous,wet,0,fresh,post-smolt,Geist2003_438,438,,,
2003,Geist,J. Fish Biol.,5000,NA,8,166.836,NA,2.242419355,NA,2916.093042,NA,7.978,8.517193191,Oncorhynchus tshawytscha,spring,adult,NA,used mean mass and fork length,NA,NA,individual,1,74.4,1,NA,exogenous,wet,0,fresh,post-smolt,Geist2003_439,439,,,
2003,Geist,J. Fish Biol.,5000,NA,8,164.807,NA,2.215147849,NA,3087.138842,NA,8.035,8.517193191,Oncorhynchus tshawytscha,spring,adult,NA,used mean mass and fork length,NA,NA,individual,1,74.4,1,NA,exogenous,wet,0,fresh,post-smolt,Geist2003_440,440,,,
2003,Geist,J. Fish Biol.,5000,NA,8,164.807,NA,2.215147849,NA,3251.91717,NA,8.087,8.517193191,Oncorhynchus tshawytscha,spring,adult,NA,used mean mass and fork length,NA,NA,individual,1,74.4,1,NA,exogenous,wet,0,fresh,post-smolt,Geist2003_441,441,,,
2003,Geist,J. Fish Biol.,5000,NA,8,167.85,NA,2.256048387,NA,3804.728826,NA,8.244,8.517193191,Oncorhynchus tshawytscha,spring,adult,NA,used mean mass and fork length,NA,NA,individual,1,74.4,1,NA,exogenous,wet,0,fresh,post-smolt,Geist2003_442,442,,,
2003,Geist,J. Fish Biol.,5000,NA,8,186.613,NA,2.508239247,NA,3446.10539,NA,8.145,8.517193191,Oncorhynchus tshawytscha,spring,adult,NA,used mean mass and fork length,NA,NA,individual,1,74.4,1,NA,exogenous,wet,0,fresh,post-smolt,Geist2003_443,443,,,
2003,Geist,J. Fish Biol.,5000,NA,8,186.613,NA,2.508239247,NA,3287.885724,NA,8.098,8.517193191,Oncorhynchus tshawytscha,spring,adult,NA,used mean mass and fork length,NA,NA,individual,1,74.4,1,NA,exogenous,wet,0,fresh,post-smolt,Geist2003_444,444,,,
2003,Geist,J. Fish Biol.,5000,NA,8,186.613,NA,2.508239247,NA,3152.654262,NA,8.056,8.517193191,Oncorhynchus tshawytscha,spring,adult,NA,used mean mass and fork length,NA,NA,individual,1,74.4,1,NA,exogenous,wet,0,fresh,post-smolt,Geist2003_445,445,,,
2003,Geist,J. Fish Biol.,5000,NA,8,189.655,NA,2.549126344,NA,2681.147088,NA,7.894,8.517193191,Oncorhynchus tshawytscha,spring,adult,NA,used mean mass and fork length,NA,NA,individual,1,74.4,1,NA,exogenous,wet,0,fresh,post-smolt,Geist2003_446,446,,,
2003,Geist,J. Fish Biol.,5000,NA,8,191.937,NA,2.579798387,NA,3203.502431,NA,8.072,8.517193191,Oncorhynchus tshawytscha,spring,adult,NA,used mean mass and fork length,NA,NA,individual,1,74.4,1,NA,exogenous,wet,0,fresh,post-smolt,Geist2003_447,447,,,
2003,Geist,J. Fish Biol.,5000,NA,8,190.162,NA,2.55594086,NA,3707.080802,NA,8.218,8.517193191,Oncorhynchus tshawytscha,spring,adult,NA,used mean mass and fork length,NA,NA,individual,1,74.4,1,NA,exogenous,wet,0,fresh,post-smolt,Geist2003_448,448,,,
2003,Geist,J. Fish Biol.,5000,NA,8,209.432,NA,2.814946237,NA,3056.421298,NA,8.025,8.517193191,Oncorhynchus tshawytscha,spring,adult,NA,used mean mass and fork length,NA,NA,individual,1,74.4,1,NA,exogenous,wet,0,fresh,post-smolt,Geist2003_449,449,,,
2003,Geist,J. Fish Biol.,5000,NA,8,214.757,NA,2.886518817,NA,2945.400264,NA,7.988,8.517193191,Oncorhynchus tshawytscha,spring,adult,NA,used mean mass and fork length,NA,NA,individual,1,74.4,1,NA,exogenous,wet,0,fresh,post-smolt,Geist2003_450,450,,,
2003,Geist,J. Fish Biol.,5000,NA,8,209.178,NA,2.811532258,NA,3519.238817,NA,8.166,8.517193191,Oncorhynchus tshawytscha,spring,adult,NA,used mean mass and fork length,NA,NA,individual,1,74.4,1,NA,exogenous,wet,0,fresh,post-smolt,Geist2003_451,451,,,
2003,Geist,J. Fish Biol.,5000,NA,8,212.982,NA,2.86266129,NA,3707.080802,NA,8.218,8.517193191,Oncorhynchus tshawytscha,spring,adult,NA,used mean mass and fork length,NA,NA,individual,1,74.4,1,NA,exogenous,wet,0,fresh,post-smolt,Geist2003_452,452,,,
2003,Geist,J. Fish Biol.,5000,NA,12.5,29.457,NA,0.395927419,NA,388.3861202,NA,5.962,8.517193191,Oncorhynchus tshawytscha,spring,adult,NA,used mean mass and fork length,NA,NA,individual,1,74.4,1,NA,exogenous,wet,0,fresh,post-smolt,Geist2003_453,453,,,
2003,Geist,J. Fish Biol.,5000,NA,12.5,29.457,NA,0.395927419,NA,548.9459583,NA,6.308,8.517193191,Oncorhynchus tshawytscha,spring,adult,NA,used mean mass and fork length,NA,NA,individual,1,74.4,1,NA,exogenous,wet,0,fresh,post-smolt,Geist2003_454,454,,,
2003,Geist,J. Fish Biol.,5000,NA,12.5,29.457,NA,0.395927419,NA,565.0984705,NA,6.337,8.517193191,Oncorhynchus tshawytscha,spring,adult,NA,used mean mass and fork length,NA,NA,individual,1,74.4,1,NA,exogenous,wet,0,fresh,post-smolt,Geist2003_455,455,,,
2003,Geist,J. Fish Biol.,5000,NA,12.5,29.201,NA,0.392486559,NA,586.9854309,NA,6.375,8.517193191,Oncorhynchus tshawytscha,spring,adult,NA,used mean mass and fork length,NA,NA,individual,1,74.4,1,NA,exogenous,wet,0,fresh,post-smolt,Geist2003_456,456,,,
2003,Geist,J. Fish Biol.,5000,NA,12.5,33.811,NA,0.454448925,NA,584.0578289,NA,6.37,8.517193191,Oncorhynchus tshawytscha,spring,adult,NA,used mean mass and fork length,NA,NA,individual,1,74.4,1,NA,exogenous,wet,0,fresh,post-smolt,Geist2003_457,457,,,
2003,Geist,J. Fish Biol.,5000,NA,12.5,33.043,NA,0.444126344,NA,668.4756694,NA,6.505,8.517193191,Oncorhynchus tshawytscha,spring,adult,NA,used mean mass and fork length,NA,NA,individual,1,74.4,1,NA,exogenous,wet,0,fresh,post-smolt,Geist2003_458,458,,,
2003,Geist,J. Fish Biol.,5000,NA,12.5,28.689,NA,0.385604839,NA,714.7980105,NA,6.572,8.517193191,Oncorhynchus tshawytscha,spring,adult,NA,used mean mass and fork length,NA,NA,individual,1,74.4,1,NA,exogenous,wet,0,fresh,post-smolt,Geist2003_459,459,,,
2003,Geist,J. Fish Biol.,5000,NA,12.5,33.299,NA,0.447567204,NA,764.3302804,NA,6.639,8.517193191,Oncorhynchus tshawytscha,spring,adult,NA,used mean mass and fork length,NA,NA,individual,1,74.4,1,NA,exogenous,wet,0,fresh,post-smolt,Geist2003_460,460,,,
2003,Geist,J. Fish Biol.,5000,NA,12.5,33.299,NA,0.447567204,NA,825.5088631,NA,6.716,8.517193191,Oncorhynchus tshawytscha,spring,adult,NA,used mean mass and fork length,NA,NA,individual,1,74.4,1,NA,exogenous,wet,0,fresh,post-smolt,Geist2003_461,461,,,
2003,Geist,J. Fish Biol.,5000,NA,12.5,33.299,NA,0.447567204,NA,862.6421958,NA,6.76,8.517193191,Oncorhynchus tshawytscha,spring,adult,NA,used mean mass and fork length,NA,NA,individual,1,74.4,1,NA,exogenous,wet,0,fresh,post-smolt,Geist2003_462,462,,,
2003,Geist,J. Fish Biol.,5000,NA,12.5,29.457,NA,0.395927419,NA,874.8041214,NA,6.774,8.517193191,Oncorhynchus tshawytscha,spring,adult,NA,used mean mass and fork length,NA,NA,individual,1,74.4,1,NA,exogenous,wet,0,fresh,post-smolt,Geist2003_463,463,,,
2003,Geist,J. Fish Biol.,5000,NA,12.5,49.949,NA,0.671357527,NA,652.6232433,NA,6.481,8.517193191,Oncorhynchus tshawytscha,spring,adult,NA,used mean mass and fork length,NA,NA,individual,1,74.4,1,NA,exogenous,wet,0,fresh,post-smolt,Geist2003_464,464,,,
2003,Geist,J. Fish Biol.,5000,NA,12.5,49.949,NA,0.671357527,NA,688.1452948,NA,6.534,8.517193191,Oncorhynchus tshawytscha,spring,adult,NA,used mean mass and fork length,NA,NA,individual,1,74.4,1,NA,exogenous,wet,0,fresh,post-smolt,Geist2003_465,465,,,
2003,Geist,J. Fish Biol.,5000,NA,12.5,49.693,NA,0.667916667,NA,739.5190186,NA,6.606,8.517193191,Oncorhynchus tshawytscha,spring,adult,NA,used mean mass and fork length,NA,NA,individual,1,74.4,1,NA,exogenous,wet,0,fresh,post-smolt,Geist2003_466,466,,,
2003,Geist,J. Fish Biol.,5000,NA,12.5,49.949,NA,0.671357527,NA,805.9325064,NA,6.692,8.517193191,Oncorhynchus tshawytscha,spring,adult,NA,used mean mass and fork length,NA,NA,individual,1,74.4,1,NA,exogenous,wet,0,fresh,post-smolt,Geist2003_467,467,,,
2003,Geist,J. Fish Biol.,5000,NA,12.5,49.949,NA,0.671357527,NA,858.3397499,NA,6.755,8.517193191,Oncorhynchus tshawytscha,spring,adult,NA,used mean mass and fork length,NA,NA,individual,1,74.4,1,NA,exogenous,wet,0,fresh,post-smolt,Geist2003_468,468,,,
2003,Geist,J. Fish Biol.,5000,NA,12.5,55.328,NA,0.743655914,NA,809.9722599,NA,6.697,8.517193191,Oncorhynchus tshawytscha,spring,adult,NA,used mean mass and fork length,NA,NA,individual,1,74.4,1,NA,exogenous,wet,0,fresh,post-smolt,Geist2003_469,469,,,
2003,Geist,J. Fish Biol.,5000,NA,12.5,55.328,NA,0.743655914,NA,854.0587625,NA,6.75,8.517193191,Oncorhynchus tshawytscha,spring,adult,NA,used mean mass and fork length,NA,NA,individual,1,74.4,1,NA,exogenous,wet,0,fresh,post-smolt,Geist2003_470,470,,,
2003,Geist,J. Fish Biol.,5000,NA,12.5,54.047,NA,0.726438172,NA,922.4193992,NA,6.827,8.517193191,Oncorhynchus tshawytscha,spring,adult,NA,used mean mass and fork length,NA,NA,individual,1,74.4,1,NA,exogenous,wet,0,fresh,post-smolt,Geist2003_471,471,,,
2003,Geist,J. Fish Biol.,5000,NA,12.5,55.584,NA,0.747096774,NA,940.112924,NA,6.846,8.517193191,Oncorhynchus tshawytscha,spring,adult,NA,used mean mass and fork length,NA,NA,individual,1,74.4,1,NA,exogenous,wet,0,fresh,post-smolt,Geist2003_472,472,,,
2003,Geist,J. Fish Biol.,5000,NA,12.5,55.584,NA,0.747096774,NA,1001.245496,NA,6.909,8.517193191,Oncorhynchus tshawytscha,spring,adult,NA,used mean mass and fork length,NA,NA,individual,1,74.4,1,NA,exogenous,wet,0,fresh,post-smolt,Geist2003_473,473,,,
2003,Geist,J. Fish Biol.,5000,NA,12.5,55.072,NA,0.740215054,NA,1107.654505,NA,7.01,8.517193191,Oncorhynchus tshawytscha,spring,adult,NA,used mean mass and fork length,NA,NA,individual,1,74.4,1,NA,exogenous,wet,0,fresh,post-smolt,Geist2003_474,474,,,
2003,Geist,J. Fish Biol.,5000,NA,12.5,69.416,NA,0.933010753,NA,874.8041214,NA,6.774,8.517193191,Oncorhynchus tshawytscha,spring,adult,NA,used mean mass and fork length,NA,NA,individual,1,74.4,1,NA,exogenous,wet,0,fresh,post-smolt,Geist2003_475,475,,,
2003,Geist,J. Fish Biol.,5000,NA,12.5,69.416,NA,0.933010753,NA,913.2411729,NA,6.817,8.517193191,Oncorhynchus tshawytscha,spring,adult,NA,used mean mass and fork length,NA,NA,individual,1,74.4,1,NA,exogenous,wet,0,fresh,post-smolt,Geist2003_476,476,,,
2003,Geist,J. Fish Biol.,5000,NA,12.5,69.672,NA,0.936451613,NA,1034.837822,NA,6.942,8.517193191,Oncorhynchus tshawytscha,spring,adult,NA,used mean mass and fork length,NA,NA,individual,1,74.4,1,NA,exogenous,wet,0,fresh,post-smolt,Geist2003_477,477,,,
2003,Geist,J. Fish Biol.,5000,NA,12.5,69.672,NA,0.936451613,NA,1075.993823,NA,6.981,8.517193191,Oncorhynchus tshawytscha,spring,adult,NA,used mean mass and fork length,NA,NA,individual,1,74.4,1,NA,exogenous,wet,0,fresh,post-smolt,Geist2003_478,478,,,
2003,Geist,J. Fish Biol.,5000,NA,12.5,77.613,NA,1.043185484,NA,1070.627281,NA,6.976,8.517193191,Oncorhynchus tshawytscha,spring,adult,NA,used mean mass and fork length,NA,NA,individual,1,74.4,1,NA,exogenous,wet,0,fresh,post-smolt,Geist2003_479,479,,,
2003,Geist,J. Fish Biol.,5000,NA,12.5,76.588,NA,1.029408602,NA,1144.816911,NA,7.043,8.517193191,Oncorhynchus tshawytscha,spring,adult,NA,used mean mass and fork length,NA,NA,individual,1,74.4,1,NA,exogenous,wet,0,fresh,post-smolt,Geist2003_480,480,,,
2003,Geist,J. Fish Biol.,5000,NA,12.5,78.637,NA,1.056948925,NA,1285.624665,NA,7.159,8.517193191,Oncorhynchus tshawytscha,spring,adult,NA,used mean mass and fork length,NA,NA,individual,1,74.4,1,NA,exogenous,wet,0,fresh,post-smolt,Geist2003_481,481,,,
2003,Geist,J. Fish Biol.,5000,NA,12.5,77.1,NA,1.036290323,NA,1381.603417,NA,7.231,8.517193191,Oncorhynchus tshawytscha,spring,adult,NA,used mean mass and fork length,NA,NA,individual,1,74.4,1,NA,exogenous,wet,0,fresh,post-smolt,Geist2003_482,482,,,
2003,Geist,J. Fish Biol.,5000,NA,12.5,77.1,NA,1.036290323,NA,1422.256537,NA,7.26,8.517193191,Oncorhynchus tshawytscha,spring,adult,NA,used mean mass and fork length,NA,NA,individual,1,74.4,1,NA,exogenous,wet,0,fresh,post-smolt,Geist2003_483,483,,,
2003,Geist,J. Fish Biol.,5000,NA,12.5,77.1,NA,1.036290323,NA,1484.747495,NA,7.303,8.517193191,Oncorhynchus tshawytscha,spring,adult,NA,used mean mass and fork length,NA,NA,individual,1,74.4,1,NA,exogenous,wet,0,fresh,post-smolt,Geist2003_484,484,,,
2003,Geist,J. Fish Biol.,5000,NA,12.5,77.1,NA,1.036290323,NA,1595.59183,NA,7.375,8.517193191,Oncorhynchus tshawytscha,spring,adult,NA,used mean mass and fork length,NA,NA,individual,1,74.4,1,NA,exogenous,wet,0,fresh,post-smolt,Geist2003_485,485,,,
2003,Geist,J. Fish Biol.,5000,NA,12.5,89.652,NA,1.205,NA,1162.118603,NA,7.058,8.517193191,Oncorhynchus tshawytscha,spring,adult,NA,used mean mass and fork length,NA,NA,individual,1,74.4,1,NA,exogenous,wet,0,fresh,post-smolt,Geist2003_486,486,,,
2003,Geist,J. Fish Biol.,5000,NA,12.5,89.908,NA,1.20844086,NA,1225.372306,NA,7.111,8.517193191,Oncorhynchus tshawytscha,spring,adult,NA,used mean mass and fork length,NA,NA,individual,1,74.4,1,NA,exogenous,wet,0,fresh,post-smolt,Geist2003_487,487,,,
2003,Geist,J. Fish Biol.,5000,NA,12.5,89.908,NA,1.20844086,NA,1285.624665,NA,7.159,8.517193191,Oncorhynchus tshawytscha,spring,adult,NA,used mean mass and fork length,NA,NA,individual,1,74.4,1,NA,exogenous,wet,0,fresh,post-smolt,Geist2003_488,488,,,
2003,Geist,J. Fish Biol.,5000,NA,12.5,89.908,NA,1.20844086,NA,1342.112307,NA,7.202,8.517193191,Oncorhynchus tshawytscha,spring,adult,NA,used mean mass and fork length,NA,NA,individual,1,74.4,1,NA,exogenous,wet,0,fresh,post-smolt,Geist2003_489,489,,,
2003,Geist,J. Fish Biol.,5000,NA,12.5,89.395,NA,1.201545699,NA,1462.642485,NA,7.288,8.517193191,Oncorhynchus tshawytscha,spring,adult,NA,used mean mass and fork length,NA,NA,individual,1,74.4,1,NA,exogenous,wet,0,fresh,post-smolt,Geist2003_490,490,,,
2003,Geist,J. Fish Biol.,5000,NA,12.5,89.395,NA,1.201545699,NA,1557.753503,NA,7.351,8.517193191,Oncorhynchus tshawytscha,spring,adult,NA,used mean mass and fork length,NA,NA,individual,1,74.4,1,NA,exogenous,wet,0,fresh,post-smolt,Geist2003_491,491,,,
2003,Geist,J. Fish Biol.,5000,NA,12.5,99.898,NA,1.342715054,NA,1513.2274,NA,7.322,8.517193191,Oncorhynchus tshawytscha,spring,adult,NA,used mean mass and fork length,NA,NA,individual,1,74.4,1,NA,exogenous,wet,0,fresh,post-smolt,Geist2003_492,492,,,
2003,Geist,J. Fish Biol.,5000,NA,12.5,99.898,NA,1.342715054,NA,1618.087216,NA,7.389,8.517193191,Oncorhynchus tshawytscha,spring,adult,NA,used mean mass and fork length,NA,NA,individual,1,74.4,1,NA,exogenous,wet,0,fresh,post-smolt,Geist2003_493,493,,,
2003,Geist,J. Fish Biol.,5000,NA,12.5,97.848,NA,1.31516129,NA,1714.711288,NA,7.447,8.517193191,Oncorhynchus tshawytscha,spring,adult,NA,used mean mass and fork length,NA,NA,individual,1,74.4,1,NA,exogenous,wet,0,fresh,post-smolt,Geist2003_494,494,,,
2003,Geist,J. Fish Biol.,5000,NA,12.5,101.434,NA,1.363360215,NA,1756.36217,NA,7.471,8.517193191,Oncorhynchus tshawytscha,spring,adult,NA,used mean mass and fork length,NA,NA,individual,1,74.4,1,NA,exogenous,wet,0,fresh,post-smolt,Geist2003_495,495,,,
2003,Geist,J. Fish Biol.,5000,NA,12.5,99.385,NA,1.335819892,NA,1896.945045,NA,7.548,8.517193191,Oncorhynchus tshawytscha,spring,adult,NA,used mean mass and fork length,NA,NA,individual,1,74.4,1,NA,exogenous,wet,0,fresh,post-smolt,Geist2003_496,496,,,
2003,Geist,J. Fish Biol.,5000,NA,12.5,109.631,NA,1.473534946,NA,1740.62583,NA,7.462,8.517193191,Oncorhynchus tshawytscha,spring,adult,NA,used mean mass and fork length,NA,NA,individual,1,74.4,1,NA,exogenous,wet,0,fresh,post-smolt,Geist2003_497,497,,,
2003,Geist,J. Fish Biol.,5000,NA,12.5,109.375,NA,1.470094086,NA,1826.213543,NA,7.51,8.517193191,Oncorhynchus tshawytscha,spring,adult,NA,used mean mass and fork length,NA,NA,individual,1,74.4,1,NA,exogenous,wet,0,fresh,post-smolt,Geist2003_498,498,,,
2003,Geist,J. Fish Biol.,5000,NA,12.5,109.119,NA,1.466653226,NA,1962.550143,NA,7.582,8.517193191,Oncorhynchus tshawytscha,spring,adult,NA,used mean mass and fork length,NA,NA,individual,1,74.4,1,NA,exogenous,wet,0,fresh,post-smolt,Geist2003_499,499,,,
2003,Geist,J. Fish Biol.,5000,NA,12.5,108.607,NA,1.459771505,NA,2088.079452,NA,7.644,8.517193191,Oncorhynchus tshawytscha,spring,adult,NA,used mean mass and fork length,NA,NA,individual,1,74.4,1,NA,exogenous,wet,0,fresh,post-smolt,Geist2003_500,500,,,
2003,Geist,J. Fish Biol.,5000,NA,12.5,119.877,NA,1.61125,NA,2423.577419,NA,7.793,8.517193191,Oncorhynchus tshawytscha,spring,adult,NA,used mean mass and fork length,NA,NA,individual,1,74.4,1,NA,exogenous,wet,0,fresh,post-smolt,Geist2003_501,501,,,
2003,Geist,J. Fish Biol.,5000,NA,12.5,122.951,NA,1.652567204,NA,2435.725652,NA,7.798,8.517193191,Oncorhynchus tshawytscha,spring,adult,NA,used mean mass and fork length,NA,NA,individual,1,74.4,1,NA,exogenous,wet,0,fresh,post-smolt,Geist2003_502,502,,,
2003,Geist,J. Fish Biol.,5000,NA,12.5,121.414,NA,1.631908602,NA,2630.68619,NA,7.875,8.517193191,Oncorhynchus tshawytscha,spring,adult,NA,used mean mass and fork length,NA,NA,individual,1,74.4,1,NA,exogenous,wet,0,fresh,post-smolt,Geist2003_503,503,,,
2003,Geist,J. Fish Biol.,5000,NA,12.5,121.414,NA,1.631908602,NA,2732.57591,NA,7.913,8.517193191,Oncorhynchus tshawytscha,spring,adult,NA,used mean mass and fork length,NA,NA,individual,1,74.4,1,NA,exogenous,wet,0,fresh,post-smolt,Geist2003_504,504,,,
2003,Geist,J. Fish Biol.,5000,NA,12.5,121.414,NA,1.631908602,NA,2855.493609,NA,7.957,8.517193191,Oncorhynchus tshawytscha,spring,adult,NA,used mean mass and fork length,NA,NA,individual,1,74.4,1,NA,exogenous,wet,0,fresh,post-smolt,Geist2003_505,505,,,
2003,Geist,J. Fish Biol.,5000,NA,12.5,123.719,NA,1.662889785,NA,3022.984901,NA,8.014,8.517193191,Oncorhynchus tshawytscha,spring,adult,NA,used mean mass and fork length,NA,NA,individual,1,74.4,1,NA,exogenous,wet,0,fresh,post-smolt,Geist2003_506,506,,,
2003,Geist,J. Fish Biol.,5000,NA,12.5,129.867,NA,1.745524194,NA,2939.515351,NA,7.986,8.517193191,Oncorhynchus tshawytscha,spring,adult,NA,used mean mass and fork length,NA,NA,individual,1,74.4,1,NA,exogenous,wet,0,fresh,post-smolt,Geist2003_507,507,,,
2003,Geist,J. Fish Biol.,5000,NA,12.5,130.123,NA,1.748965054,NA,2773.873506,NA,7.928,8.517193191,Oncorhynchus tshawytscha,spring,adult,NA,used mean mass and fork length,NA,NA,individual,1,74.4,1,NA,exogenous,wet,0,fresh,post-smolt,Geist2003_508,508,,,
2003,Geist,J. Fish Biol.,5000,NA,12.5,130.891,NA,1.759287634,NA,2542.746309,NA,7.841,8.517193191,Oncorhynchus tshawytscha,spring,adult,NA,used mean mass and fork length,NA,NA,individual,1,74.4,1,NA,exogenous,wet,0,fresh,post-smolt,Geist2003_509,509,,,
2003,Geist,J. Fish Biol.,5000,NA,12.5,130.123,NA,1.748965054,NA,2447.934777,NA,7.803,8.517193191,Oncorhynchus tshawytscha,spring,adult,NA,used mean mass and fork length,NA,NA,individual,1,74.4,1,NA,exogenous,wet,0,fresh,post-smolt,Geist2003_510,510,,,
2003,Geist,J. Fish Biol.,5000,NA,12.5,129.611,NA,1.742083333,NA,2354.303008,NA,7.764,8.517193191,Oncorhynchus tshawytscha,spring,adult,NA,used mean mass and fork length,NA,NA,individual,1,74.4,1,NA,exogenous,wet,0,fresh,post-smolt,Geist2003_511,511,,,
2003,Geist,J. Fish Biol.,5000,NA,12.5,143.955,NA,1.934879032,NA,2732.57591,NA,7.913,8.517193191,Oncorhynchus tshawytscha,spring,adult,NA,used mean mass and fork length,NA,NA,individual,1,74.4,1,NA,exogenous,wet,0,fresh,post-smolt,Geist2003_512,512,,,
2003,Geist,J. Fish Biol.,5000,NA,12.5,143.955,NA,1.934879032,NA,2895.751668,NA,7.971,8.517193191,Oncorhynchus tshawytscha,spring,adult,NA,used mean mass and fork length,NA,NA,individual,1,74.4,1,NA,exogenous,wet,0,fresh,post-smolt,Geist2003_513,513,,,
2003,Geist,J. Fish Biol.,5000,NA,12.5,143.955,NA,1.934879032,NA,3038.137676,NA,8.019,8.517193191,Oncorhynchus tshawytscha,spring,adult,NA,used mean mass and fork length,NA,NA,individual,1,74.4,1,NA,exogenous,wet,0,fresh,post-smolt,Geist2003_514,514,,,
2003,Geist,J. Fish Biol.,5000,NA,12.5,141.65,NA,1.903897849,NA,2841.251775,NA,7.952,8.517193191,Oncorhynchus tshawytscha,spring,adult,NA,used mean mass and fork length,NA,NA,individual,1,74.4,1,NA,exogenous,wet,0,fresh,post-smolt,Geist2003_515,515,,,
2003,Geist,J. Fish Biol.,5000,NA,12.5,143.955,NA,1.934879032,NA,3330.907272,NA,8.111,8.517193191,Oncorhynchus tshawytscha,spring,adult,NA,used mean mass and fork length,NA,NA,individual,1,74.4,1,NA,exogenous,wet,0,fresh,post-smolt,Geist2003_516,516,,,
2003,Geist,J. Fish Biol.,5000,NA,12.5,144.211,NA,1.938319892,NA,2366.104001,NA,7.769,8.517193191,Oncorhynchus tshawytscha,spring,adult,NA,used mean mass and fork length,NA,NA,individual,1,74.4,1,NA,exogenous,wet,0,fresh,post-smolt,Geist2003_517,517,,,
2003,Geist,J. Fish Biol.,5000,NA,12.5,146.773,NA,1.972755376,NA,3774.412423,NA,8.236,8.517193191,Oncorhynchus tshawytscha,spring,adult,NA,used mean mass and fork length,NA,NA,individual,1,74.4,1,NA,exogenous,wet,0,fresh,post-smolt,Geist2003_518,518,,,
2003,Geist,J. Fish Biol.,5000,NA,12.5,149.846,NA,2.01405914,NA,3477.260326,NA,8.154,8.517193191,Oncorhynchus tshawytscha,spring,adult,NA,used mean mass and fork length,NA,NA,individual,1,74.4,1,NA,exogenous,wet,0,fresh,post-smolt,Geist2003_519,519,,,
2003,Geist,J. Fish Biol.,5000,NA,12.5,149.59,NA,2.01061828,NA,3171.627049,NA,8.062,8.517193191,Oncorhynchus tshawytscha,spring,adult,NA,used mean mass and fork length,NA,NA,individual,1,74.4,1,NA,exogenous,wet,0,fresh,post-smolt,Geist2003_520,520,,,
2003,Geist,J. Fish Biol.,5000,NA,12.5,149.334,NA,2.007177419,NA,2995.900101,NA,8.005,8.517193191,Oncorhynchus tshawytscha,spring,adult,NA,used mean mass and fork length,NA,NA,individual,1,74.4,1,NA,exogenous,wet,0,fresh,post-smolt,Geist2003_521,521,,,
2003,Geist,J. Fish Biol.,5000,NA,12.5,150.102,NA,2.0175,NA,2746.273004,NA,7.918,8.517193191,Oncorhynchus tshawytscha,spring,adult,NA,used mean mass and fork length,NA,NA,individual,1,74.4,1,NA,exogenous,wet,0,fresh,post-smolt,Geist2003_522,522,,,
2003,Geist,J. Fish Biol.,5000,NA,12.5,150.102,NA,2.0175,NA,2604.510425,NA,7.865,8.517193191,Oncorhynchus tshawytscha,spring,adult,NA,used mean mass and fork length,NA,NA,individual,1,74.4,1,NA,exogenous,wet,0,fresh,post-smolt,Geist2003_523,523,,,
2003,Geist,J. Fish Biol.,5000,NA,12.5,150.102,NA,2.0175,NA,2460.205101,NA,7.808,8.517193191,Oncorhynchus tshawytscha,spring,adult,NA,used mean mass and fork length,NA,NA,individual,1,74.4,1,NA,exogenous,wet,0,fresh,post-smolt,Geist2003_524,524,,,
2003,Geist,J. Fish Biol.,5000,NA,12.5,169.57,NA,2.279166667,NA,2494.890202,NA,7.822,8.517193191,Oncorhynchus tshawytscha,spring,adult,NA,used mean mass and fork length,NA,NA,individual,1,74.4,1,NA,exogenous,wet,0,fresh,post-smolt,Geist2003_525,525,,,
2003,Geist,J. Fish Biol.,5000,NA,12.5,169.314,NA,2.275725806,NA,2694.586394,NA,7.899,8.517193191,Oncorhynchus tshawytscha,spring,adult,NA,used mean mass and fork length,NA,NA,individual,1,74.4,1,NA,exogenous,wet,0,fresh,post-smolt,Geist2003_526,526,,,
2003,Geist,J. Fish Biol.,5000,NA,12.5,169.314,NA,2.275725806,NA,2812.980848,NA,7.942,8.517193191,Oncorhynchus tshawytscha,spring,adult,NA,used mean mass and fork length,NA,NA,individual,1,74.4,1,NA,exogenous,wet,0,fresh,post-smolt,Geist2003_527,527,,,
2003,Geist,J. Fish Biol.,5000,NA,12.5,169.314,NA,2.275725806,NA,3022.984901,NA,8.014,8.517193191,Oncorhynchus tshawytscha,spring,adult,NA,used mean mass and fork length,NA,NA,individual,1,74.4,1,NA,exogenous,wet,0,fresh,post-smolt,Geist2003_528,528,,,
2003,Geist,J. Fish Biol.,5000,NA,12.5,166.24,NA,2.234408602,NA,3297.764191,NA,8.101,8.517193191,Oncorhynchus tshawytscha,spring,adult,NA,used mean mass and fork length,NA,NA,individual,1,74.4,1,NA,exogenous,wet,0,fresh,post-smolt,Geist2003_529,529,,,
2003,Geist,J. Fish Biol.,5000,NA,12.5,164.959,NA,2.21719086,NA,3579.577301,NA,8.183,8.517193191,Oncorhynchus tshawytscha,spring,adult,NA,used mean mass and fork length,NA,NA,individual,1,74.4,1,NA,exogenous,wet,0,fresh,post-smolt,Geist2003_530,530,,,
2003,Geist,J. Fish Biol.,5000,NA,12.5,169.826,NA,2.282607527,NA,3561.724084,NA,8.178,8.517193191,Oncorhynchus tshawytscha,spring,adult,NA,used mean mass and fork length,NA,NA,individual,1,74.4,1,NA,exogenous,wet,0,fresh,post-smolt,Geist2003_531,531,,,
2003,Geist,J. Fish Biol.,5000,NA,12.5,170.082,NA,2.286048387,NA,3411.816069,NA,8.135,8.517193191,Oncorhynchus tshawytscha,spring,adult,NA,used mean mass and fork length,NA,NA,individual,1,74.4,1,NA,exogenous,wet,0,fresh,post-smolt,Geist2003_532,532,,,
2003,Geist,J. Fish Biol.,5000,NA,12.5,168.033,NA,2.258508065,NA,3459.917418,NA,8.149,8.517193191,Oncorhynchus tshawytscha,spring,adult,NA,used mean mass and fork length,NA,NA,individual,1,74.4,1,NA,exogenous,wet,0,fresh,post-smolt,Geist2003_533,533,,,
2003,Geist,J. Fish Biol.,5000,NA,12.5,165.215,NA,2.22063172,NA,4175.5443,NA,8.337,8.517193191,Oncorhynchus tshawytscha,spring,adult,NA,used mean mass and fork length,NA,NA,individual,1,74.4,1,NA,exogenous,wet,0,fresh,post-smolt,Geist2003_534,534,,,
2003,Geist,J. Fish Biol.,5000,NA,12.5,169.314,NA,2.275725806,NA,4113.378544,NA,8.322,8.517193191,Oncorhynchus tshawytscha,spring,adult,NA,used mean mass and fork length,NA,NA,individual,1,74.4,1,NA,exogenous,wet,0,fresh,post-smolt,Geist2003_535,535,,,
2003,Geist,J. Fish Biol.,5000,NA,12.5,189.549,NA,2.547701613,NA,3459.917418,NA,8.149,8.517193191,Oncorhynchus tshawytscha,spring,adult,NA,used mean mass and fork length,NA,NA,individual,1,74.4,1,NA,exogenous,wet,0,fresh,post-smolt,Geist2003_536,536,,,
2003,Geist,J. Fish Biol.,5000,NA,12.5,189.549,NA,2.547701613,NA,3597.520007,NA,8.188,8.517193191,Oncorhynchus tshawytscha,spring,adult,NA,used mean mass and fork length,NA,NA,individual,1,74.4,1,NA,exogenous,wet,0,fresh,post-smolt,Geist2003_537,537,,,
2003,Geist,J. Fish Biol.,5000,NA,12.5,188.525,NA,2.533938172,NA,3808.535458,NA,8.245,8.517193191,Oncorhynchus tshawytscha,spring,adult,NA,used mean mass and fork length,NA,NA,individual,1,74.4,1,NA,exogenous,wet,0,fresh,post-smolt,Geist2003_538,538,,,
2003,Geist,J. Fish Biol.,5000,NA,12.5,188.012,NA,2.527043011,NA,4035.962137,NA,8.303,8.517193191,Oncorhynchus tshawytscha,spring,adult,NA,used mean mass and fork length,NA,NA,individual,1,74.4,1,NA,exogenous,wet,0,fresh,post-smolt,Geist2003_539,539,,,
2003,Geist,J. Fish Biol.,5000,NA,12.5,191.598,NA,2.575241935,NA,4092.862983,NA,8.317,8.517193191,Oncorhynchus tshawytscha,spring,adult,NA,used mean mass and fork length,NA,NA,individual,1,74.4,1,NA,exogenous,wet,0,fresh,post-smolt,Geist2003_540,540,,,
2003,Geist,J. Fish Biol.,5000,NA,12.5,214.908,NA,2.888548387,NA,4420.464235,NA,8.394,8.517193191,Oncorhynchus tshawytscha,spring,adult,NA,used mean mass and fork length,NA,NA,individual,1,74.4,1,NA,exogenous,wet,0,fresh,post-smolt,Geist2003_541,541,,,
2003,Geist,J. Fish Biol.,5000,NA,17,28.885,NA,0.388239247,NA,469.1863386,NA,6.151,8.517193191,Oncorhynchus tshawytscha,spring,adult,NA,used mean mass and fork length,NA,NA,individual,1,74.4,1,NA,exogenous,wet,0,fresh,post-smolt,Geist2003_542,542,,,
2003,Geist,J. Fish Biol.,5000,NA,17,32.209,NA,0.432916667,NA,494.2295078,NA,6.203,8.517193191,Oncorhynchus tshawytscha,spring,adult,NA,used mean mass and fork length,NA,NA,individual,1,74.4,1,NA,exogenous,wet,0,fresh,post-smolt,Geist2003_543,543,,,
2003,Geist,J. Fish Biol.,5000,NA,17,28.63,NA,0.384811828,NA,547.8491635,NA,6.306,8.517193191,Oncorhynchus tshawytscha,spring,adult,NA,used mean mass and fork length,NA,NA,individual,1,74.4,1,NA,exogenous,wet,0,fresh,post-smolt,Geist2003_544,544,,,
2003,Geist,J. Fish Biol.,5000,NA,17,33.231,NA,0.446653226,NA,571.3488678,NA,6.348,8.517193191,Oncorhynchus tshawytscha,spring,adult,NA,used mean mass and fork length,NA,NA,individual,1,74.4,1,NA,exogenous,wet,0,fresh,post-smolt,Geist2003_545,545,,,
2003,Geist,J. Fish Biol.,5000,NA,17,33.487,NA,0.450094086,NA,659.8417279,NA,6.492,8.517193191,Oncorhynchus tshawytscha,spring,adult,NA,used mean mass and fork length,NA,NA,individual,1,74.4,1,NA,exogenous,wet,0,fresh,post-smolt,Geist2003_546,546,,,
2003,Geist,J. Fish Biol.,5000,NA,17,33.487,NA,0.450094086,NA,702.0467519,NA,6.554,8.517193191,Oncorhynchus tshawytscha,spring,adult,NA,used mean mass and fork length,NA,NA,individual,1,74.4,1,NA,exogenous,wet,0,fresh,post-smolt,Geist2003_547,547,,,
2003,Geist,J. Fish Biol.,5000,NA,17,28.119,NA,0.377943548,NA,695.06127,NA,6.544,8.517193191,Oncorhynchus tshawytscha,spring,adult,NA,used mean mass and fork length,NA,NA,individual,1,74.4,1,NA,exogenous,wet,0,fresh,post-smolt,Geist2003_548,548,,,
2003,Geist,J. Fish Biol.,5000,NA,17,32.975,NA,0.443212366,NA,766.6267142,NA,6.642,8.517193191,Oncorhynchus tshawytscha,spring,adult,NA,used mean mass and fork length,NA,NA,individual,1,74.4,1,NA,exogenous,wet,0,fresh,post-smolt,Geist2003_549,549,,,
2003,Geist,J. Fish Biol.,5000,NA,17,28.885,NA,0.388239247,NA,778.2127933,NA,6.657,8.517193191,Oncorhynchus tshawytscha,spring,adult,NA,used mean mass and fork length,NA,NA,individual,1,74.4,1,NA,exogenous,wet,0,fresh,post-smolt,Geist2003_550,550,,,
2003,Geist,J. Fish Biol.,5000,NA,17,29.141,NA,0.391680108,NA,811.5938254,NA,6.699,8.517193191,Oncorhynchus tshawytscha,spring,adult,NA,used mean mass and fork length,NA,NA,individual,1,74.4,1,NA,exogenous,wet,0,fresh,post-smolt,Geist2003_551,551,,,
2003,Geist,J. Fish Biol.,5000,NA,17,32.209,NA,0.432916667,NA,815.6619564,NA,6.704,8.517193191,Oncorhynchus tshawytscha,spring,adult,NA,used mean mass and fork length,NA,NA,individual,1,74.4,1,NA,exogenous,wet,0,fresh,post-smolt,Geist2003_552,552,,,
2003,Geist,J. Fish Biol.,5000,NA,17,29.141,NA,0.391680108,NA,899.6447831,NA,6.802,8.517193191,Oncorhynchus tshawytscha,spring,adult,NA,used mean mass and fork length,NA,NA,individual,1,74.4,1,NA,exogenous,wet,0,fresh,post-smolt,Geist2003_553,553,,,
2003,Geist,J. Fish Biol.,5000,NA,17,29.141,NA,0.391680108,NA,937.2968115,NA,6.843,8.517193191,Oncorhynchus tshawytscha,spring,adult,NA,used mean mass and fork length,NA,NA,individual,1,74.4,1,NA,exogenous,wet,0,fresh,post-smolt,Geist2003_554,554,,,
2003,Geist,J. Fish Biol.,5000,NA,17,33.998,NA,0.456962366,NA,961.9860986,NA,6.869,8.517193191,Oncorhynchus tshawytscha,spring,adult,NA,used mean mass and fork length,NA,NA,individual,1,74.4,1,NA,exogenous,wet,0,fresh,post-smolt,Geist2003_555,555,,,
2003,Geist,J. Fish Biol.,5000,NA,17,49.847,NA,0.669986559,NA,620.173948,NA,6.43,8.517193191,Oncorhynchus tshawytscha,spring,adult,NA,used mean mass and fork length,NA,NA,individual,1,74.4,1,NA,exogenous,wet,0,fresh,post-smolt,Geist2003_556,556,,,
2003,Geist,J. Fish Biol.,5000,NA,17,54.448,NA,0.731827957,NA,630.1765385,NA,6.446,8.517193191,Oncorhynchus tshawytscha,spring,adult,NA,used mean mass and fork length,NA,NA,individual,1,74.4,1,NA,exogenous,wet,0,fresh,post-smolt,Geist2003_557,557,,,
2003,Geist,J. Fish Biol.,5000,NA,17,49.591,NA,0.666545699,NA,790.7643426,NA,6.673,8.517193191,Oncorhynchus tshawytscha,spring,adult,NA,used mean mass and fork length,NA,NA,individual,1,74.4,1,NA,exogenous,wet,0,fresh,post-smolt,Geist2003_558,558,,,
2003,Geist,J. Fish Biol.,5000,NA,17,49.847,NA,0.669986559,NA,854.0587625,NA,6.75,8.517193191,Oncorhynchus tshawytscha,spring,adult,NA,used mean mass and fork length,NA,NA,individual,1,74.4,1,NA,exogenous,wet,0,fresh,post-smolt,Geist2003_559,559,,,
2003,Geist,J. Fish Biol.,5000,NA,17,49.847,NA,0.669986559,NA,880.949233,NA,6.781,8.517193191,Oncorhynchus tshawytscha,spring,adult,NA,used mean mass and fork length,NA,NA,individual,1,74.4,1,NA,exogenous,wet,0,fresh,post-smolt,Geist2003_560,560,,,
2003,Geist,J. Fish Biol.,5000,NA,17,54.959,NA,0.738696237,NA,863.5052694,NA,6.761,8.517193191,Oncorhynchus tshawytscha,spring,adult,NA,used mean mass and fork length,NA,NA,individual,1,74.4,1,NA,exogenous,wet,0,fresh,post-smolt,Geist2003_561,561,,,
2003,Geist,J. Fish Biol.,5000,NA,17,54.703,NA,0.735255376,NA,895.1577861,NA,6.797,8.517193191,Oncorhynchus tshawytscha,spring,adult,NA,used mean mass and fork length,NA,NA,individual,1,74.4,1,NA,exogenous,wet,0,fresh,post-smolt,Geist2003_562,562,,,
2003,Geist,J. Fish Biol.,5000,NA,17,56.237,NA,0.755873656,NA,914.1548708,NA,6.818,8.517193191,Oncorhynchus tshawytscha,spring,adult,NA,used mean mass and fork length,NA,NA,individual,1,74.4,1,NA,exogenous,wet,0,fresh,post-smolt,Geist2003_563,563,,,
2003,Geist,J. Fish Biol.,5000,NA,17,54.448,NA,0.731827957,NA,942.9374975,NA,6.849,8.517193191,Oncorhynchus tshawytscha,spring,adult,NA,used mean mass and fork length,NA,NA,individual,1,74.4,1,NA,exogenous,wet,0,fresh,post-smolt,Geist2003_564,564,,,
2003,Geist,J. Fish Biol.,5000,NA,17,49.847,NA,0.669986559,NA,1050.477393,NA,6.957,8.517193191,Oncorhynchus tshawytscha,spring,adult,NA,used mean mass and fork length,NA,NA,individual,1,74.4,1,NA,exogenous,wet,0,fresh,post-smolt,Geist2003_565,565,,,
2003,Geist,J. Fish Biol.,5000,NA,17,49.847,NA,0.669986559,NA,1201.108309,NA,7.091,8.517193191,Oncorhynchus tshawytscha,spring,adult,NA,used mean mass and fork length,NA,NA,individual,1,74.4,1,NA,exogenous,wet,0,fresh,post-smolt,Geist2003_566,566,,,
2003,Geist,J. Fish Biol.,5000,NA,17,55.726,NA,0.749005376,NA,1117.66839,NA,7.019,8.517193191,Oncorhynchus tshawytscha,spring,adult,NA,used mean mass and fork length,NA,NA,individual,1,74.4,1,NA,exogenous,wet,0,fresh,post-smolt,Geist2003_567,567,,,
2003,Geist,J. Fish Biol.,5000,NA,17,50.102,NA,0.673413978,NA,1654.0796,NA,7.411,8.517193191,Oncorhynchus tshawytscha,spring,adult,NA,used mean mass and fork length,NA,NA,individual,1,74.4,1,NA,exogenous,wet,0,fresh,post-smolt,Geist2003_568,568,,,
2003,Geist,J. Fish Biol.,5000,NA,17,54.192,NA,0.728387097,NA,1579.715427,NA,7.365,8.517193191,Oncorhynchus tshawytscha,spring,adult,NA,used mean mass and fork length,NA,NA,individual,1,74.4,1,NA,exogenous,wet,0,fresh,post-smolt,Geist2003_569,569,,,
2003,Geist,J. Fish Biol.,5000,NA,17,55.982,NA,0.752446237,NA,1432.24726,NA,7.267,8.517193191,Oncorhynchus tshawytscha,spring,adult,NA,used mean mass and fork length,NA,NA,individual,1,74.4,1,NA,exogenous,wet,0,fresh,post-smolt,Geist2003_570,570,,,
2003,Geist,J. Fish Biol.,5000,NA,17,69.785,NA,0.93797043,NA,867.8336076,NA,6.766,8.517193191,Oncorhynchus tshawytscha,spring,adult,NA,used mean mass and fork length,NA,NA,individual,1,74.4,1,NA,exogenous,wet,0,fresh,post-smolt,Geist2003_571,571,,,
2003,Geist,J. Fish Biol.,5000,NA,17,69.785,NA,0.93797043,NA,1050.477393,NA,6.957,8.517193191,Oncorhynchus tshawytscha,spring,adult,NA,used mean mass and fork length,NA,NA,individual,1,74.4,1,NA,exogenous,wet,0,fresh,post-smolt,Geist2003_572,572,,,
2003,Geist,J. Fish Biol.,5000,NA,17,69.53,NA,0.934543011,NA,1088.983531,NA,6.993,8.517193191,Oncorhynchus tshawytscha,spring,adult,NA,used mean mass and fork length,NA,NA,individual,1,74.4,1,NA,exogenous,wet,0,fresh,post-smolt,Geist2003_573,573,,,
2003,Geist,J. Fish Biol.,5000,NA,17,70.041,NA,0.94141129,NA,1245.13595,NA,7.127,8.517193191,Oncorhynchus tshawytscha,spring,adult,NA,used mean mass and fork length,NA,NA,individual,1,74.4,1,NA,exogenous,wet,0,fresh,post-smolt,Geist2003_574,574,,,
2003,Geist,J. Fish Biol.,5000,NA,17,69.53,NA,0.934543011,NA,1311.596006,NA,7.179,8.517193191,Oncorhynchus tshawytscha,spring,adult,NA,used mean mass and fork length,NA,NA,individual,1,74.4,1,NA,exogenous,wet,0,fresh,post-smolt,Geist2003_575,575,,,
2003,Geist,J. Fish Biol.,5000,NA,17,69.785,NA,0.93797043,NA,1680.757729,NA,7.427,8.517193191,Oncorhynchus tshawytscha,spring,adult,NA,used mean mass and fork length,NA,NA,individual,1,74.4,1,NA,exogenous,wet,0,fresh,post-smolt,Geist2003_576,576,,,
2003,Geist,J. Fish Biol.,5000,NA,17,69.53,NA,0.934543011,NA,1921.766319,NA,7.561,8.517193191,Oncorhynchus tshawytscha,spring,adult,NA,used mean mass and fork length,NA,NA,individual,1,74.4,1,NA,exogenous,wet,0,fresh,post-smolt,Geist2003_577,577,,,
2003,Geist,J. Fish Biol.,5000,NA,17,76.431,NA,1.027298387,NA,1962.550143,NA,7.582,8.517193191,Oncorhynchus tshawytscha,spring,adult,NA,used mean mass and fork length,NA,NA,individual,1,74.4,1,NA,exogenous,wet,0,fresh,post-smolt,Geist2003_578,578,,,
2003,Geist,J. Fish Biol.,5000,NA,17,77.965,NA,1.047916667,NA,1751.100979,NA,7.468,8.517193191,Oncorhynchus tshawytscha,spring,adult,NA,used mean mass and fork length,NA,NA,individual,1,74.4,1,NA,exogenous,wet,0,fresh,post-smolt,Geist2003_579,579,,,
2003,Geist,J. Fish Biol.,5000,NA,17,77.71,NA,1.044489247,NA,1305.054394,NA,7.174,8.517193191,Oncorhynchus tshawytscha,spring,adult,NA,used mean mass and fork length,NA,NA,individual,1,74.4,1,NA,exogenous,wet,0,fresh,post-smolt,Geist2003_580,580,,,
2003,Geist,J. Fish Biol.,5000,NA,17,75.665,NA,1.017002688,NA,1292.068886,NA,7.164,8.517193191,Oncorhynchus tshawytscha,spring,adult,NA,used mean mass and fork length,NA,NA,individual,1,74.4,1,NA,exogenous,wet,0,fresh,post-smolt,Geist2003_581,581,,,
2003,Geist,J. Fish Biol.,5000,NA,17,78.476,NA,1.054784946,NA,1252.629223,NA,7.133,8.517193191,Oncorhynchus tshawytscha,spring,adult,NA,used mean mass and fork length,NA,NA,individual,1,74.4,1,NA,exogenous,wet,0,fresh,post-smolt,Geist2003_582,582,,,
2003,Geist,J. Fish Biol.,5000,NA,17,77.71,NA,1.044489247,NA,1164.445166,NA,7.06,8.517193191,Oncorhynchus tshawytscha,spring,adult,NA,used mean mass and fork length,NA,NA,individual,1,74.4,1,NA,exogenous,wet,0,fresh,post-smolt,Geist2003_583,583,,,
2003,Geist,J. Fish Biol.,5000,NA,17,75.92,NA,1.020430108,NA,1134.559785,NA,7.034,8.517193191,Oncorhynchus tshawytscha,spring,adult,NA,used mean mass and fork length,NA,NA,individual,1,74.4,1,NA,exogenous,wet,0,fresh,post-smolt,Geist2003_584,584,,,
2003,Geist,J. Fish Biol.,5000,NA,17,75.665,NA,1.017002688,NA,1170.281971,NA,7.065,8.517193191,Oncorhynchus tshawytscha,spring,adult,NA,used mean mass and fork length,NA,NA,individual,1,74.4,1,NA,exogenous,wet,0,fresh,post-smolt,Geist2003_585,585,,,
2003,Geist,J. Fish Biol.,5000,NA,17,88.701,NA,1.192217742,NA,1183.226136,NA,7.076,8.517193191,Oncorhynchus tshawytscha,spring,adult,NA,used mean mass and fork length,NA,NA,individual,1,74.4,1,NA,exogenous,wet,0,fresh,post-smolt,Geist2003_586,586,,,
2003,Geist,J. Fish Biol.,5000,NA,17,88.701,NA,1.192217742,NA,1346.144689,NA,7.205,8.517193191,Oncorhynchus tshawytscha,spring,adult,NA,used mean mass and fork length,NA,NA,individual,1,74.4,1,NA,exogenous,wet,0,fresh,post-smolt,Geist2003_587,587,,,
2003,Geist,J. Fish Biol.,5000,NA,17,88.957,NA,1.195658602,NA,1587.633783,NA,7.37,8.517193191,Oncorhynchus tshawytscha,spring,adult,NA,used mean mass and fork length,NA,NA,individual,1,74.4,1,NA,exogenous,wet,0,fresh,post-smolt,Geist2003_588,588,,,
2003,Geist,J. Fish Biol.,5000,NA,17,89.468,NA,1.202526882,NA,1672.374915,NA,7.422,8.517193191,Oncorhynchus tshawytscha,spring,adult,NA,used mean mass and fork length,NA,NA,individual,1,74.4,1,NA,exogenous,wet,0,fresh,post-smolt,Geist2003_589,589,,,
2003,Geist,J. Fish Biol.,5000,NA,17,88.957,NA,1.195658602,NA,1779.343936,NA,7.484,8.517193191,Oncorhynchus tshawytscha,spring,adult,NA,used mean mass and fork length,NA,NA,individual,1,74.4,1,NA,exogenous,wet,0,fresh,post-smolt,Geist2003_590,590,,,
2003,Geist,J. Fish Biol.,5000,NA,17,88.957,NA,1.195658602,NA,1863.105504,NA,7.53,8.517193191,Oncorhynchus tshawytscha,spring,adult,NA,used mean mass and fork length,NA,NA,individual,1,74.4,1,NA,exogenous,wet,0,fresh,post-smolt,Geist2003_591,591,,,
2003,Geist,J. Fish Biol.,5000,NA,17,89.213,NA,1.199099462,NA,1972.387467,NA,7.587,8.517193191,Oncorhynchus tshawytscha,spring,adult,NA,used mean mass and fork length,NA,NA,individual,1,74.4,1,NA,exogenous,wet,0,fresh,post-smolt,Geist2003_592,592,,,
2003,Geist,J. Fish Biol.,5000,NA,17,97.393,NA,1.309045699,NA,1402.483679,NA,7.246,8.517193191,Oncorhynchus tshawytscha,spring,adult,NA,used mean mass and fork length,NA,NA,individual,1,74.4,1,NA,exogenous,wet,0,fresh,post-smolt,Geist2003_593,593,,,
2003,Geist,J. Fish Biol.,5000,NA,17,109.918,NA,1.477392473,NA,1339.430764,NA,7.2,8.517193191,Oncorhynchus tshawytscha,spring,adult,NA,used mean mass and fork length,NA,NA,individual,1,74.4,1,NA,exogenous,wet,0,fresh,post-smolt,Geist2003_594,594,,,
2003,Geist,J. Fish Biol.,5000,NA,17,109.918,NA,1.477392473,NA,1595.59183,NA,7.375,8.517193191,Oncorhynchus tshawytscha,spring,adult,NA,used mean mass and fork length,NA,NA,individual,1,74.4,1,NA,exogenous,wet,0,fresh,post-smolt,Geist2003_595,595,,,
2003,Geist,J. Fish Biol.,5000,NA,17,99.182,NA,1.333091398,NA,1571.836563,NA,7.36,8.517193191,Oncorhynchus tshawytscha,spring,adult,NA,used mean mass and fork length,NA,NA,individual,1,74.4,1,NA,exogenous,wet,0,fresh,post-smolt,Geist2003_596,596,,,
2003,Geist,J. Fish Biol.,5000,NA,17,99.182,NA,1.333091398,NA,1637.621233,NA,7.401,8.517193191,Oncorhynchus tshawytscha,spring,adult,NA,used mean mass and fork length,NA,NA,individual,1,74.4,1,NA,exogenous,wet,0,fresh,post-smolt,Geist2003_597,597,,,
2003,Geist,J. Fish Biol.,5000,NA,17,101.994,NA,1.370887097,NA,1788.262934,NA,7.489,8.517193191,Oncorhynchus tshawytscha,spring,adult,NA,used mean mass and fork length,NA,NA,individual,1,74.4,1,NA,exogenous,wet,0,fresh,post-smolt,Geist2003_598,598,,,
2003,Geist,J. Fish Biol.,5000,NA,17,100.204,NA,1.346827957,NA,1844.567294,NA,7.52,8.517193191,Oncorhynchus tshawytscha,spring,adult,NA,used mean mass and fork length,NA,NA,individual,1,74.4,1,NA,exogenous,wet,0,fresh,post-smolt,Geist2003_599,599,,,
2003,Geist,J. Fish Biol.,5000,NA,17,97.904,NA,1.315913978,NA,1893.154946,NA,7.546,8.517193191,Oncorhynchus tshawytscha,spring,adult,NA,used mean mass and fork length,NA,NA,individual,1,74.4,1,NA,exogenous,wet,0,fresh,post-smolt,Geist2003_600,600,,,
2003,Geist,J. Fish Biol.,5000,NA,17,98.415,NA,1.322782258,NA,2303.073928,NA,7.742,8.517193191,Oncorhynchus tshawytscha,spring,adult,NA,used mean mass and fork length,NA,NA,individual,1,74.4,1,NA,exogenous,wet,0,fresh,post-smolt,Geist2003_601,601,,,
2003,Geist,J. Fish Biol.,5000,NA,17,101.227,NA,1.360577957,NA,2326.220206,NA,7.752,8.517193191,Oncorhynchus tshawytscha,spring,adult,NA,used mean mass and fork length,NA,NA,individual,1,74.4,1,NA,exogenous,wet,0,fresh,post-smolt,Geist2003_602,602,,,
2003,Geist,J. Fish Biol.,5000,NA,17,109.663,NA,1.473965054,NA,2966.090397,NA,7.995,8.517193191,Oncorhynchus tshawytscha,spring,adult,NA,used mean mass and fork length,NA,NA,individual,1,74.4,1,NA,exogenous,wet,0,fresh,post-smolt,Geist2003_603,603,,,
2003,Geist,J. Fish Biol.,5000,NA,17,109.407,NA,1.470524194,NA,2787.777605,NA,7.933,8.517193191,Oncorhynchus tshawytscha,spring,adult,NA,used mean mass and fork length,NA,NA,individual,1,74.4,1,NA,exogenous,wet,0,fresh,post-smolt,Geist2003_604,604,,,
2003,Geist,J. Fish Biol.,5000,NA,17,110.174,NA,1.480833333,NA,2326.220206,NA,7.752,8.517193191,Oncorhynchus tshawytscha,spring,adult,NA,used mean mass and fork length,NA,NA,individual,1,74.4,1,NA,exogenous,wet,0,fresh,post-smolt,Geist2003_605,605,,,
2003,Geist,J. Fish Biol.,5000,NA,17,109.918,NA,1.477392473,NA,2243.965742,NA,7.716,8.517193191,Oncorhynchus tshawytscha,spring,adult,NA,used mean mass and fork length,NA,NA,individual,1,74.4,1,NA,exogenous,wet,0,fresh,post-smolt,Geist2003_606,606,,,
2003,Geist,J. Fish Biol.,5000,NA,17,120.143,NA,1.614825269,NA,1972.387467,NA,7.587,8.517193191,Oncorhynchus tshawytscha,spring,adult,NA,used mean mass and fork length,NA,NA,individual,1,74.4,1,NA,exogenous,wet,0,fresh,post-smolt,Geist2003_607,607,,,
2003,Geist,J. Fish Biol.,5000,NA,17,122.444,NA,1.645752688,NA,2065.236445,NA,7.633,8.517193191,Oncorhynchus tshawytscha,spring,adult,NA,used mean mass and fork length,NA,NA,individual,1,74.4,1,NA,exogenous,wet,0,fresh,post-smolt,Geist2003_608,608,,,
2003,Geist,J. Fish Biol.,5000,NA,17,130.112,NA,1.748817204,NA,2186.374562,NA,7.69,8.517193191,Oncorhynchus tshawytscha,spring,adult,NA,used mean mass and fork length,NA,NA,individual,1,74.4,1,NA,exogenous,wet,0,fresh,post-smolt,Geist2003_609,609,,,
2003,Geist,J. Fish Biol.,5000,NA,17,129.601,NA,1.741948925,NA,1844.567294,NA,7.52,8.517193191,Oncorhynchus tshawytscha,spring,adult,NA,used mean mass and fork length,NA,NA,individual,1,74.4,1,NA,exogenous,wet,0,fresh,post-smolt,Geist2003_610,610,,,
2003,Geist,J. Fish Biol.,5000,NA,17,122.955,NA,1.652620968,NA,2314.618134,NA,7.747,8.517193191,Oncorhynchus tshawytscha,spring,adult,NA,used mean mass and fork length,NA,NA,individual,1,74.4,1,NA,exogenous,wet,0,fresh,post-smolt,Geist2003_611,611,,,
2003,Geist,J. Fish Biol.,5000,NA,17,120.143,NA,1.614825269,NA,2411.489776,NA,7.788,8.517193191,Oncorhynchus tshawytscha,spring,adult,NA,used mean mass and fork length,NA,NA,individual,1,74.4,1,NA,exogenous,wet,0,fresh,post-smolt,Geist2003_612,612,,,
2003,Geist,J. Fish Biol.,5000,NA,17,120.143,NA,1.614825269,NA,2514.929373,NA,7.83,8.517193191,Oncorhynchus tshawytscha,spring,adult,NA,used mean mass and fork length,NA,NA,individual,1,74.4,1,NA,exogenous,wet,0,fresh,post-smolt,Geist2003_613,613,,,
2003,Geist,J. Fish Biol.,5000,NA,17,121.677,NA,1.635443548,NA,2633.318192,NA,7.876,8.517193191,Oncorhynchus tshawytscha,spring,adult,NA,used mean mass and fork length,NA,NA,individual,1,74.4,1,NA,exogenous,wet,0,fresh,post-smolt,Geist2003_614,614,,,
2003,Geist,J. Fish Biol.,5000,NA,17,129.601,NA,1.741948925,NA,2729.8447,NA,7.912,8.517193191,Oncorhynchus tshawytscha,spring,adult,NA,used mean mass and fork length,NA,NA,individual,1,74.4,1,NA,exogenous,wet,0,fresh,post-smolt,Geist2003_615,615,,,
2003,Geist,J. Fish Biol.,5000,NA,17,129.601,NA,1.741948925,NA,2966.090397,NA,7.995,8.517193191,Oncorhynchus tshawytscha,spring,adult,NA,used mean mass and fork length,NA,NA,individual,1,74.4,1,NA,exogenous,wet,0,fresh,post-smolt,Geist2003_616,616,,,
2003,Geist,J. Fish Biol.,5000,NA,17,129.857,NA,1.745389785,NA,3374.491752,NA,8.124,8.517193191,Oncorhynchus tshawytscha,spring,adult,NA,used mean mass and fork length,NA,NA,individual,1,74.4,1,NA,exogenous,wet,0,fresh,post-smolt,Geist2003_617,617,,,
2003,Geist,J. Fish Biol.,5000,NA,17,122.699,NA,1.649180108,NA,3357.661404,NA,8.119,8.517193191,Oncorhynchus tshawytscha,spring,adult,NA,used mean mass and fork length,NA,NA,individual,1,74.4,1,NA,exogenous,wet,0,fresh,post-smolt,Geist2003_618,618,,,
2003,Geist,J. Fish Biol.,5000,NA,17,140.849,NA,1.89313172,NA,2014.245575,NA,7.608,8.517193191,Oncorhynchus tshawytscha,spring,adult,NA,used mean mass and fork length,NA,NA,individual,1,74.4,1,NA,exogenous,wet,0,fresh,post-smolt,Geist2003_619,619,,,
2003,Geist,J. Fish Biol.,5000,NA,17,149.796,NA,2.013387097,NA,2221.63791,NA,7.706,8.517193191,Oncorhynchus tshawytscha,spring,adult,NA,used mean mass and fork length,NA,NA,individual,1,74.4,1,NA,exogenous,wet,0,fresh,post-smolt,Geist2003_620,620,,,
2003,Geist,J. Fish Biol.,5000,NA,17,149.796,NA,2.013387097,NA,2387.495052,NA,7.778,8.517193191,Oncorhynchus tshawytscha,spring,adult,NA,used mean mass and fork length,NA,NA,individual,1,74.4,1,NA,exogenous,wet,0,fresh,post-smolt,Geist2003_621,621,,,
2003,Geist,J. Fish Biol.,5000,NA,17,144.172,NA,1.937795699,NA,2438.162596,NA,7.799,8.517193191,Oncorhynchus tshawytscha,spring,adult,NA,used mean mass and fork length,NA,NA,individual,1,74.4,1,NA,exogenous,wet,0,fresh,post-smolt,Geist2003_622,622,,,
2003,Geist,J. Fish Biol.,5000,NA,17,144.172,NA,1.937795699,NA,2594.113192,NA,7.861,8.517193191,Oncorhynchus tshawytscha,spring,adult,NA,used mean mass and fork length,NA,NA,individual,1,74.4,1,NA,exogenous,wet,0,fresh,post-smolt,Geist2003_623,623,,,
2003,Geist,J. Fish Biol.,5000,NA,17,143.149,NA,1.924045699,NA,2801.751398,NA,7.938,8.517193191,Oncorhynchus tshawytscha,spring,adult,NA,used mean mass and fork length,NA,NA,individual,1,74.4,1,NA,exogenous,wet,0,fresh,post-smolt,Geist2003_624,624,,,
2003,Geist,J. Fish Biol.,5000,NA,17,142.382,NA,1.913736559,NA,2995.900101,NA,8.005,8.517193191,Oncorhynchus tshawytscha,spring,adult,NA,used mean mass and fork length,NA,NA,individual,1,74.4,1,NA,exogenous,wet,0,fresh,post-smolt,Geist2003_625,625,,,
2003,Geist,J. Fish Biol.,5000,NA,17,145.45,NA,1.954973118,NA,3059.479248,NA,8.026,8.517193191,Oncorhynchus tshawytscha,spring,adult,NA,used mean mass and fork length,NA,NA,individual,1,74.4,1,NA,exogenous,wet,0,fresh,post-smolt,Geist2003_626,626,,,
2003,Geist,J. Fish Biol.,5000,NA,17,149.796,NA,2.013387097,NA,3140.068833,NA,8.052,8.517193191,Oncorhynchus tshawytscha,spring,adult,NA,used mean mass and fork length,NA,NA,individual,1,74.4,1,NA,exogenous,wet,0,fresh,post-smolt,Geist2003_627,627,,,
2003,Geist,J. Fish Biol.,5000,NA,17,150.051,NA,2.016814516,NA,3320.929525,NA,8.108,8.517193191,Oncorhynchus tshawytscha,spring,adult,NA,used mean mass and fork length,NA,NA,individual,1,74.4,1,NA,exogenous,wet,0,fresh,post-smolt,Geist2003_628,628,,,
2003,Geist,J. Fish Biol.,5000,NA,17,144.172,NA,1.937795699,NA,3304.366319,NA,8.103,8.517193191,Oncorhynchus tshawytscha,spring,adult,NA,used mean mass and fork length,NA,NA,individual,1,74.4,1,NA,exogenous,wet,0,fresh,post-smolt,Geist2003_629,629,,,
2003,Geist,J. Fish Biol.,5000,NA,17,145.45,NA,1.954973118,NA,3819.97822,NA,8.248,8.517193191,Oncorhynchus tshawytscha,spring,adult,NA,used mean mass and fork length,NA,NA,individual,1,74.4,1,NA,exogenous,wet,0,fresh,post-smolt,Geist2003_630,630,,,
2003,Geist,J. Fish Biol.,5000,NA,17,148.773,NA,1.999637097,NA,3684.904911,NA,8.212,8.517193191,Oncorhynchus tshawytscha,spring,adult,NA,used mean mass and fork length,NA,NA,individual,1,74.4,1,NA,exogenous,wet,0,fresh,post-smolt,Geist2003_631,631,,,
2003,Geist,J. Fish Biol.,5000,NA,17,170.245,NA,2.288239247,NA,2423.577419,NA,7.793,8.517193191,Oncorhynchus tshawytscha,spring,adult,NA,used mean mass and fork length,NA,NA,individual,1,74.4,1,NA,exogenous,wet,0,fresh,post-smolt,Geist2003_632,632,,,
2003,Geist,J. Fish Biol.,5000,NA,17,163.599,NA,2.19891129,NA,2801.751398,NA,7.938,8.517193191,Oncorhynchus tshawytscha,spring,adult,NA,used mean mass and fork length,NA,NA,individual,1,74.4,1,NA,exogenous,wet,0,fresh,post-smolt,Geist2003_633,633,,,
2003,Geist,J. Fish Biol.,5000,NA,17,164.877,NA,2.21608871,NA,3026.009398,NA,8.015,8.517193191,Oncorhynchus tshawytscha,spring,adult,NA,used mean mass and fork length,NA,NA,individual,1,74.4,1,NA,exogenous,wet,0,fresh,post-smolt,Geist2003_634,634,,,
2003,Geist,J. Fish Biol.,5000,NA,17,166.411,NA,2.236706989,NA,3044.220031,NA,8.021,8.517193191,Oncorhynchus tshawytscha,spring,adult,NA,used mean mass and fork length,NA,NA,individual,1,74.4,1,NA,exogenous,wet,0,fresh,post-smolt,Geist2003_635,635,,,
2003,Geist,J. Fish Biol.,5000,NA,17,169.734,NA,2.281370968,NA,2980.957987,NA,8,8.517193191,Oncorhynchus tshawytscha,spring,adult,NA,used mean mass and fork length,NA,NA,individual,1,74.4,1,NA,exogenous,wet,0,fresh,post-smolt,Geist2003_636,636,,,
2003,Geist,J. Fish Biol.,5000,NA,17,164.622,NA,2.21266129,NA,3140.068833,NA,8.052,8.517193191,Oncorhynchus tshawytscha,spring,adult,NA,used mean mass and fork length,NA,NA,individual,1,74.4,1,NA,exogenous,wet,0,fresh,post-smolt,Geist2003_637,637,,,
2003,Geist,J. Fish Biol.,5000,NA,17,170.757,NA,2.295120968,NA,3304.366319,NA,8.103,8.517193191,Oncorhynchus tshawytscha,spring,adult,NA,used mean mass and fork length,NA,NA,individual,1,74.4,1,NA,exogenous,wet,0,fresh,post-smolt,Geist2003_638,638,,,
2003,Geist,J. Fish Biol.,5000,NA,17,167.689,NA,2.253884409,NA,3590.332157,NA,8.186,8.517193191,Oncorhynchus tshawytscha,spring,adult,NA,used mean mass and fork length,NA,NA,individual,1,74.4,1,NA,exogenous,wet,0,fresh,post-smolt,Geist2003_639,639,,,
2003,Geist,J. Fish Biol.,5000,NA,17,170.501,NA,2.291680108,NA,3858.369639,NA,8.258,8.517193191,Oncorhynchus tshawytscha,spring,adult,NA,used mean mass and fork length,NA,NA,individual,1,74.4,1,NA,exogenous,wet,0,fresh,post-smolt,Geist2003_640,640,,,
2003,Geist,J. Fish Biol.,5000,NA,17,167.945,NA,2.257325269,NA,4105.160008,NA,8.32,8.517193191,Oncorhynchus tshawytscha,spring,adult,NA,used mean mass and fork length,NA,NA,individual,1,74.4,1,NA,exogenous,wet,0,fresh,post-smolt,Geist2003_641,641,,,
2003,Geist,J. Fish Biol.,5000,NA,17,185.583,NA,2.494395161,NA,2646.517755,NA,7.881,8.517193191,Oncorhynchus tshawytscha,spring,adult,NA,used mean mass and fork length,NA,NA,individual,1,74.4,1,NA,exogenous,wet,0,fresh,post-smolt,Geist2003_642,642,,,
2003,Geist,J. Fish Biol.,5000,NA,17,189.417,NA,2.545927419,NA,2729.8447,NA,7.912,8.517193191,Oncorhynchus tshawytscha,spring,adult,NA,used mean mass and fork length,NA,NA,individual,1,74.4,1,NA,exogenous,wet,0,fresh,post-smolt,Geist2003_643,643,,,
2003,Geist,J. Fish Biol.,5000,NA,17,186.861,NA,2.511572581,NA,3554.607755,NA,8.176,8.517193191,Oncorhynchus tshawytscha,spring,adult,NA,used mean mass and fork length,NA,NA,individual,1,74.4,1,NA,exogenous,wet,0,fresh,post-smolt,Geist2003_644,644,,,
2003,Geist,J. Fish Biol.,5000,NA,17,190.44,NA,2.559677419,NA,3463.379065,NA,8.15,8.517193191,Oncorhynchus tshawytscha,spring,adult,NA,used mean mass and fork length,NA,NA,individual,1,74.4,1,NA,exogenous,wet,0,fresh,post-smolt,Geist2003_645,645,,,
2003,Geist,J. Fish Biol.,5000,NA,17,190.695,NA,2.563104839,NA,3626.415595,NA,8.196,8.517193191,Oncorhynchus tshawytscha,spring,adult,NA,used mean mass and fork length,NA,NA,individual,1,74.4,1,NA,exogenous,wet,0,fresh,post-smolt,Geist2003_646,646,,,
2003,Geist,J. Fish Biol.,5000,NA,17,189.417,NA,2.545927419,NA,3839.12594,NA,8.253,8.517193191,Oncorhynchus tshawytscha,spring,adult,NA,used mean mass and fork length,NA,NA,individual,1,74.4,1,NA,exogenous,wet,0,fresh,post-smolt,Geist2003_647,647,,,
2003,Geist,J. Fish Biol.,5000,NA,17,208.589,NA,2.803615591,NA,3819.97822,NA,8.248,8.517193191,Oncorhynchus tshawytscha,spring,adult,NA,used mean mass and fork length,NA,NA,individual,1,74.4,1,NA,exogenous,wet,0,fresh,post-smolt,Geist2003_648,648,,,
2003,Geist,J. Fish Biol.,5000,NA,17,212.679,NA,2.85858871,NA,3979.852352,NA,8.289,8.517193191,Oncorhynchus tshawytscha,spring,adult,NA,used mean mass and fork length,NA,NA,individual,1,74.4,1,NA,exogenous,wet,0,fresh,post-smolt,Geist2003_649,649,,,
2022,Lo et al. ,Con. Phys.,28.1,0.68,13,0,NA,0,NA,2.910975275,NA,1.068488171,3.335769576,Oncorhynchus tshawytscha,fall,juvenile,NA,paper also has SDA information,26,16,individual,1,13.4,1,,exogenous,wet,0,fresh,,Lo et al. 2022_1,1,0.0281,NA,Coleman
2022,Lo et al. ,Con. Phys.,28.1,0.68,13,0,NA,0,NA,3.032055798,NA,1.109240871,3.335769576,Oncorhynchus tshawytscha,fall,juvenile,NA,paper also has SDA information,27,16,individual,1,13.4,1,,exogenous,wet,0,fresh,,Lo et al. 2022_2,2,0.0281,NA,Coleman
2022,Lo et al. ,Con. Phys.,28.1,0.68,13,0,NA,0,NA,3.253005581,NA,1.179579363,3.335769576,Oncorhynchus tshawytscha,fall,juvenile,NA,paper also has SDA information,28,16,individual,1,13.4,1,,exogenous,wet,0,fresh,,Lo et al. 2022_3,3,0.0281,NA,Coleman
2022,Lo et al. ,Con. Phys.,28.1,0.68,13,0,NA,0,NA,3.824363094,NA,1.341391942,3.335769576,Oncorhynchus tshawytscha,fall,juvenile,NA,paper also has SDA information,29,16,individual,1,13.4,1,,exogenous,wet,0,fresh,,Lo et al. 2022_4,4,0.0281,NA,Coleman
2022,Lo et al. ,Con. Phys.,28.1,0.68,13,0,NA,0,NA,3.880090088,NA,1.355858372,3.335769576,Oncorhynchus tshawytscha,fall,juvenile,NA,paper also has SDA information,30,16,individual,1,13.4,1,,exogenous,wet,0,fresh,,Lo et al. 2022_5,5,0.0281,NA,Coleman
2022,Lo et al. ,Con. Phys.,28.1,0.68,13,0,NA,0,NA,3.57456525,NA,1.27384356,3.335769576,Oncorhynchus tshawytscha,fall,juvenile,NA,paper also has SDA information,31,16,individual,1,13.4,1,,exogenous,wet,0,fresh,,Lo et al. 2022_6,6,0.0281,NA,Coleman
2022,Lo et al. ,Con. Phys.,28.1,0.68,13,0,NA,0,NA,3.140504389,NA,1.144383421,3.335769576,Oncorhynchus tshawytscha,fall,juvenile,NA,paper also has SDA information,32,16,individual,1,13.4,1,,exogenous,wet,0,fresh,,Lo et al. 2022_7,7,0.0281,NA,Coleman
2022,Lo et al. ,Con. Phys.,28.1,0.68,13,0,NA,0,NA,3.296503036,NA,1.19286222,3.335769576,Oncorhynchus tshawytscha,fall,juvenile,NA,paper also has SDA information,54,16,individual,1,13.4,1,,exogenous,wet,0,fresh,,Lo et al. 2022_8,8,0.0281,NA,Coleman
2022,Lo et al. ,Con. Phys.,28.1,0.68,13,0,NA,0,NA,3.435203245,NA,1.234076093,3.335769576,Oncorhynchus tshawytscha,fall,juvenile,NA,paper also has SDA information,55,16,individual,1,13.4,1,,exogenous,wet,0,fresh,,Lo et al. 2022_9,9,0.0281,NA,Coleman
2022,Lo et al. ,Con. Phys.,28.1,0.68,13,0,NA,0,NA,3.459201971,NA,1.241037918,3.335769576,Oncorhynchus tshawytscha,fall,juvenile,NA,paper also has SDA information,56,16,individual,1,13.4,1,,exogenous,wet,0,fresh,,Lo et al. 2022_10,10,0.0281,NA,Coleman
2022,Lo et al. ,Con. Phys.,28.1,0.68,13,0,NA,0,NA,2.797753886,NA,1.028816912,3.335769576,Oncorhynchus tshawytscha,fall,juvenile,NA,paper also has SDA information,57,16,individual,1,13.4,1,,exogenous,wet,0,fresh,,Lo et al. 2022_11,11,0.0281,NA,Coleman
2022,Lo et al. ,Con. Phys.,28.1,0.68,13,0,NA,0,NA,3.908811514,NA,1.363233367,3.335769576,Oncorhynchus tshawytscha,fall,juvenile,NA,paper also has SDA information,60,16,individual,1,13.4,1,,exogenous,wet,0,fresh,,Lo et al. 2022_12,12,0.0281,NA,Coleman
2022,Lo et al. ,Con. Phys.,26.3,1.26,16,0,NA,0,NA,4.37570007,NA,1.476066523,3.269568939,Oncorhynchus tshawytscha,fall,juvenile,NA,paper also has SDA information,8,16,individual,1,13,1,,exogenous,wet,0,fresh,,Lo et al. 2022_13,13,0.0263,NA,Coleman
2022,Lo et al. ,Con. Phys.,26.3,1.26,16,0,NA,0,NA,3.180988452,NA,1.157191983,3.269568939,Oncorhynchus tshawytscha,fall,juvenile,NA,paper also has SDA information,9,16,individual,1,13,1,,exogenous,wet,0,fresh,,Lo et al. 2022_14,14,0.0263,NA,Coleman
2022,Lo et al. ,Con. Phys.,26.3,1.26,16,0,NA,0,NA,3.376496575,NA,1.216838656,3.269568939,Oncorhynchus tshawytscha,fall,juvenile,NA,paper also has SDA information,10,16,individual,1,13,1,,exogenous,wet,0,fresh,,Lo et al. 2022_15,15,0.0263,NA,Coleman
2022,Lo et al. ,Con. Phys.,26.3,1.26,16,0,NA,0,NA,3.961333192,NA,1.376580633,3.269568939,Oncorhynchus tshawytscha,fall,juvenile,NA,paper also has SDA information,11,16,individual,1,13,1,,exogenous,wet,0,fresh,,Lo et al. 2022_16,16,0.0263,NA,Coleman
2022,Lo et al. ,Con. Phys.,26.3,1.26,16,0,NA,0,NA,3.456316083,NA,1.240203306,3.269568939,Oncorhynchus tshawytscha,fall,juvenile,NA,paper also has SDA information,12,16,individual,1,13,1,,exogenous,wet,0,fresh,,Lo et al. 2022_17,17,0.0263,NA,Coleman
2022,Lo et al. ,Con. Phys.,26.3,1.26,16,0,NA,0,NA,3.444536723,NA,1.236789417,3.269568939,Oncorhynchus tshawytscha,fall,juvenile,NA,paper also has SDA information,62,16,individual,1,13,1,,exogenous,wet,0,fresh,,Lo et al. 2022_18,18,0.0263,NA,Coleman
2022,Lo et al. ,Con. Phys.,26.3,1.26,16,0,NA,0,NA,3.683761832,NA,1.303934467,3.269568939,Oncorhynchus tshawytscha,fall,juvenile,NA,paper also has SDA information,63,16,individual,1,13,1,,exogenous,wet,0,fresh,,Lo et al. 2022_19,19,0.0263,NA,Coleman
2022,Lo et al. ,Con. Phys.,26.3,1.26,16,0,NA,0,NA,4.019139682,NA,1.39106787,3.269568939,Oncorhynchus tshawytscha,fall,juvenile,NA,paper also has SDA information,65,16,individual,1,13,1,,exogenous,wet,0,fresh,,Lo et al. 2022_20,20,0.0263,NA,Coleman
2022,Lo et al. ,Con. Phys.,26.3,1.26,16,0,NA,0,NA,4.4284685,NA,1.488053813,3.269568939,Oncorhynchus tshawytscha,fall,juvenile,NA,paper also has SDA information,66,16,individual,1,13,1,,exogenous,wet,0,fresh,,Lo et al. 2022_21,21,0.0263,NA,Coleman
2022,Lo et al. ,Con. Phys.,26.3,1.26,16,0,NA,0,NA,4.682551732,NA,1.543843203,3.269568939,Oncorhynchus tshawytscha,fall,juvenile,NA,paper also has SDA information,67,16,individual,1,13,1,,exogenous,wet,0,fresh,,Lo et al. 2022_22,22,0.0263,NA,Coleman
2022,Lo et al. ,Con. Phys.,29.8,1.43,19,0,NA,0,NA,4.783280607,NA,1.565126631,3.394508394,Oncorhynchus tshawytscha,fall,juvenile,NA,paper also has SDA information,3,16,individual,1,13.6,1,,exogenous,wet,0,fresh,,Lo et al. 2022_23,23,0.0298,NA,Coleman
2022,Lo et al. ,Con. Phys.,29.8,1.43,19,0,NA,0,NA,3.137264275,NA,1.14335117,3.394508394,Oncorhynchus tshawytscha,fall,juvenile,NA,paper also has SDA information,4,16,individual,1,13.6,1,,exogenous,wet,0,fresh,,Lo et al. 2022_24,24,0.0298,NA,Coleman
2022,Lo et al. ,Con. Phys.,29.8,1.43,19,0,NA,0,NA,4.810432485,NA,1.570786994,3.394508394,Oncorhynchus tshawytscha,fall,juvenile,NA,paper also has SDA information,5,16,individual,1,13.6,1,,exogenous,wet,0,fresh,,Lo et al. 2022_25,25,0.0298,NA,Coleman
2022,Lo et al. ,Con. Phys.,29.8,1.43,19,0,NA,0,NA,4.812425477,NA,1.571201214,3.394508394,Oncorhynchus tshawytscha,fall,juvenile,NA,paper also has SDA information,6,16,individual,1,13.6,1,,exogenous,wet,0,fresh,,Lo et al. 2022_26,26,0.0298,NA,Coleman
2022,Lo et al. ,Con. Phys.,29.8,1.43,19,0,NA,0,NA,4.774816342,NA,1.563355511,3.394508394,Oncorhynchus tshawytscha,fall,juvenile,NA,paper also has SDA information,34,16,individual,1,13.6,1,,exogenous,wet,0,fresh,,Lo et al. 2022_27,27,0.0298,NA,Coleman
2022,Lo et al. ,Con. Phys.,29.8,1.43,19,0,NA,0,NA,5.005686163,NA,1.610574499,3.394508394,Oncorhynchus tshawytscha,fall,juvenile,NA,paper also has SDA information,35,16,individual,1,13.6,1,,exogenous,wet,0,fresh,,Lo et al. 2022_28,28,0.0298,NA,Coleman
2022,Lo et al. ,Con. Phys.,29.8,1.43,19,0,NA,0,NA,5.173777905,NA,1.643603158,3.394508394,Oncorhynchus tshawytscha,fall,juvenile,NA,paper also has SDA information,36,16,individual,1,13.6,1,,exogenous,wet,0,fresh,,Lo et al. 2022_29,29,0.0298,NA,Coleman
2022,Lo et al. ,Con. Phys.,29.8,1.43,19,0,NA,0,NA,5.449243575,NA,1.695476805,3.394508394,Oncorhynchus tshawytscha,fall,juvenile,NA,paper also has SDA information,38,16,individual,1,13.6,1,,exogenous,wet,0,fresh,,Lo et al. 2022_30,30,0.0298,NA,Coleman
2022,Lo et al. ,Con. Phys.,29.8,1.43,19,0,NA,0,NA,5.749442031,NA,1.749102812,3.394508394,Oncorhynchus tshawytscha,fall,juvenile,NA,paper also has SDA information,39,16,individual,1,13.6,1,,exogenous,wet,0,fresh,,Lo et al. 2022_31,31,0.0298,NA,Coleman
2022,Lo et al. ,Con. Phys.,26.4,0.6,22,0,NA,0,NA,5.819426881,NA,1.761201783,3.27336401,Oncorhynchus tshawytscha,fall,juvenile,NA,paper also has SDA information,13,16,individual,1,13.2,1,,exogenous,wet,0,fresh,,Lo et al. 2022_32,32,0.0264,NA,Coleman
2022,Lo et al. ,Con. Phys.,26.4,0.6,22,0,NA,0,NA,5.364139664,NA,1.679736002,3.27336401,Oncorhynchus tshawytscha,fall,juvenile,NA,paper also has SDA information,15,16,individual,1,13.2,1,,exogenous,wet,0,fresh,,Lo et al. 2022_33,33,0.0264,NA,Coleman
2022,Lo et al. ,Con. Phys.,26.4,0.6,22,0,NA,0,NA,4.66154753,NA,1.539347481,3.27336401,Oncorhynchus tshawytscha,fall,juvenile,NA,paper also has SDA information,16,16,individual,1,13.2,1,,exogenous,wet,0,fresh,,Lo et al. 2022_34,34,0.0264,NA,Coleman
2022,Lo et al. ,Con. Phys.,26.4,0.6,22,0,NA,0,NA,6.749404809,NA,1.909454325,3.27336401,Oncorhynchus tshawytscha,fall,juvenile,NA,paper also has SDA information,17,16,individual,1,13.2,1,,exogenous,wet,0,fresh,,Lo et al. 2022_35,35,0.0264,NA,Coleman
2022,Lo et al. ,Con. Phys.,26.4,0.6,22,0,NA,0,NA,5.524565032,NA,1.709204517,3.27336401,Oncorhynchus tshawytscha,fall,juvenile,NA,paper also has SDA information,18,16,individual,1,13.2,1,,exogenous,wet,0,fresh,,Lo et al. 2022_36,36,0.0264,NA,Coleman
2022,Lo et al. ,Con. Phys.,26.4,0.6,22,0,NA,0,NA,5.950133202,NA,1.783413606,3.27336401,Oncorhynchus tshawytscha,fall,juvenile,NA,paper also has SDA information,47,16,individual,1,13.2,1,,exogenous,wet,0,fresh,,Lo et al. 2022_37,37,0.0264,NA,Coleman
2022,Lo et al. ,Con. Phys.,26.4,0.6,22,0,NA,0,NA,4.856601788,NA,1.580338973,3.27336401,Oncorhynchus tshawytscha,fall,juvenile,NA,paper also has SDA information,48,16,individual,1,13.2,1,,exogenous,wet,0,fresh,,Lo et al. 2022_38,38,0.0264,NA,Coleman
2022,Lo et al. ,Con. Phys.,26.4,0.6,22,0,NA,0,NA,4.871098276,NA,1.58331943,3.27336401,Oncorhynchus tshawytscha,fall,juvenile,NA,paper also has SDA information,49,16,individual,1,13.2,1,,exogenous,wet,0,fresh,,Lo et al. 2022_39,39,0.0264,NA,Coleman
2022,Lo et al. ,Con. Phys.,26.4,0.6,22,0,NA,0,NA,4.659887786,NA,1.538991368,3.27336401,Oncorhynchus tshawytscha,fall,juvenile,NA,paper also has SDA information,50,16,individual,1,13.2,1,,exogenous,wet,0,fresh,,Lo et al. 2022_40,40,0.0264,NA,Coleman
2022,Lo et al. ,Con. Phys.,26.4,0.6,22,0,NA,0,NA,5.532982528,NA,1.710727006,3.27336401,Oncorhynchus tshawytscha,fall,juvenile,NA,paper also has SDA information,51,16,individual,1,13.2,1,,exogenous,wet,0,fresh,,Lo et al. 2022_41,41,0.0264,NA,Coleman
2022,Lo et al. ,Con. Phys.,26.4,0.6,22,0,NA,0,NA,5.410701336,NA,1.688378721,3.27336401,Oncorhynchus tshawytscha,fall,juvenile,NA,paper also has SDA information,52,16,individual,1,13.2,1,,exogenous,wet,0,fresh,,Lo et al. 2022_42,42,0.0264,NA,Coleman
2022,Lo et al. ,Con. Phys.,26.4,0.6,22,0,NA,0,NA,6.513654915,NA,1.87390073,3.27336401,Oncorhynchus tshawytscha,fall,juvenile,NA,paper also has SDA information,53,16,individual,1,13.2,1,,exogenous,wet,0,fresh,,Lo et al. 2022_43,43,0.0264,NA,Coleman
2022,Lo et al. ,Con. Phys.,28.9,0.99,24,0,NA,0,NA,7.625685094,NA,2.031522167,3.363841595,Oncorhynchus tshawytscha,fall,juvenile,NA,paper also has SDA information,19,16,individual,1,13.5,1,,exogenous,wet,0,fresh,,Lo et al. 2022_44,44,0.0289,NA,Coleman
2022,Lo et al. ,Con. Phys.,28.9,0.99,24,0,NA,0,NA,7.695135475,NA,2.040588373,3.363841595,Oncorhynchus tshawytscha,fall,juvenile,NA,paper also has SDA information,20,16,individual,1,13.5,1,,exogenous,wet,0,fresh,,Lo et al. 2022_45,45,0.0289,NA,Coleman
2022,Lo et al. ,Con. Phys.,28.9,0.99,24,0,NA,0,NA,6.940795903,NA,1.937416451,3.363841595,Oncorhynchus tshawytscha,fall,juvenile,NA,paper also has SDA information,21,16,individual,1,13.5,1,,exogenous,wet,0,fresh,,Lo et al. 2022_46,46,0.0289,NA,Coleman
2022,Lo et al. ,Con. Phys.,28.9,0.99,24,0,NA,0,NA,7.059729032,NA,1.95440667,3.363841595,Oncorhynchus tshawytscha,fall,juvenile,NA,paper also has SDA information,23,16,individual,1,13.5,1,,exogenous,wet,0,fresh,,Lo et al. 2022_47,47,0.0289,NA,Coleman
2022,Lo et al. ,Con. Phys.,28.9,0.99,24,0,NA,0,NA,7.431520127,NA,2.005730431,3.363841595,Oncorhynchus tshawytscha,fall,juvenile,NA,paper also has SDA information,24,16,individual,1,13.5,1,,exogenous,wet,0,fresh,,Lo et al. 2022_48,48,0.0289,NA,Coleman
2022,Lo et al. ,Con. Phys.,28.9,0.99,24,0,NA,0,NA,7.572227887,NA,2.024487329,3.363841595,Oncorhynchus tshawytscha,fall,juvenile,NA,paper also has SDA information,25,16,individual,1,13.5,1,,exogenous,wet,0,fresh,,Lo et al. 2022_49,49,0.0289,NA,Coleman
2022,Lo et al. ,Con. Phys.,28.9,0.99,24,0,NA,0,NA,7.189481391,NA,1.97261904,3.363841595,Oncorhynchus tshawytscha,fall,juvenile,NA,paper also has SDA information,40,16,individual,1,13.5,1,,exogenous,wet,0,fresh,,Lo et al. 2022_50,50,0.0289,NA,Coleman
2022,Lo et al. ,Con. Phys.,28.9,0.99,24,0,NA,0,NA,6.902298663,NA,1.931854496,3.363841595,Oncorhynchus tshawytscha,fall,juvenile,NA,paper also has SDA information,41,16,individual,1,13.5,1,,exogenous,wet,0,fresh,,Lo et al. 2022_51,51,0.0289,NA,Coleman
2022,Lo et al. ,Con. Phys.,28.9,0.99,24,0,NA,0,NA,7.243933276,NA,1.980164329,3.363841595,Oncorhynchus tshawytscha,fall,juvenile,NA,paper also has SDA information,42,16,individual,1,13.5,1,,exogenous,wet,0,fresh,,Lo et al. 2022_52,52,0.0289,NA,Coleman
2022,Lo et al. ,Con. Phys.,28.9,0.99,24,0,NA,0,NA,7.611435891,NA,2.029651839,3.363841595,Oncorhynchus tshawytscha,fall,juvenile,NA,paper also has SDA information,44,16,individual,1,13.5,1,,exogenous,wet,0,fresh,,Lo et al. 2022_53,53,0.0289,NA,Coleman
2022,Lo et al. ,Con. Phys.,28.9,0.99,24,0,NA,0,NA,7.473017628,NA,2.011298884,3.363841595,Oncorhynchus tshawytscha,fall,juvenile,NA,paper also has SDA information,46,16,individual,1,13.5,1,,exogenous,wet,0,fresh,,Lo et al. 2022_54,54,0.0289,NA,Coleman
1992,Morgan,Can. J. Zool.,0.0988,0.0006,10.05,8.5,NA,3.024911032,NA,0.057633333,NA,-2.853654175,-2.314657674,Oncorhynchus tshawytscha,NA,alevin,NA,dry total mass used,NA,10,mean,25,NA,2,,endogenous,dry,8,salt,pre-smolt,Morgan1992_3,3,,,
1992,Morgan,Can. J. Zool.,0.0999,0.0005,10.05,8.5,NA,3.183520599,NA,0.059599432,NA,-2.820109238,-2.303585593,Oncorhynchus tshawytscha,NA,alevin,NA,dry total mass used,NA,10,mean,25,NA,2,,endogenous,dry,0,salt,pre-smolt,Morgan1992_1,1,,,
1992,Morgan,Can. J. Zool.,0.1015,0.0004,10.05,8.5,NA,3.183520599,NA,0.067282197,NA,-2.69885961,-2.287696481,Oncorhynchus tshawytscha,NA,alevin,NA,dry total mass used,NA,10,mean,25,NA,2,,endogenous,dry,4,salt,pre-smolt,Morgan1992_2,2,,,
1992,Morgan,Can. J. Zool.,0.1017,0.0003,10.05,8.5,NA,3.333333333,NA,0.067607386,NA,-2.694038036,-2.285727976,Oncorhynchus tshawytscha,NA,alevin,NA,dry total mass used,NA,10,mean,25,NA,2,,endogenous,dry,12,salt,pre-smolt,Morgan1992_4,4,,,
1991,Morgan and Iwama, Can. J. Fish. Aquat.,4.391891892,0.486486486,11.5,0,NA,0,NA,1.54013675,0.170599763,0.431871211,1.479760089,Oncorhynchus tshawytscha,hatchery,juvenile,NA,"had to use an average mass for the fish but the plus/minus is only 0.02 grams (unclear if that’s SE or SD or what). Some fish were resistant to their Ucrit protocol and had to be induced to burst swimming for their MMR tests. They're highlighted in the RMR data too and are noted here under author notes as ""bursted"". Used 2 as n, though, because paper just mentions that two to five fish used for each respirometry trial. Only can be sure that at least 2 fish were observed",NA,,mean,2,NA,2,NA,exogenous,wet,28,salt,pre-smolt,Morgan and Iwama1991_824,824,,,
1991,Morgan and Iwama, Can. J. Fish. Aquat.,5.486486486,0.324324324,11.5,0,NA,0,NA,1.94759341,0.115128674,0.666594462,1.702288066,Oncorhynchus tshawytscha,hatchery,juvenile,NA,"had to use an average mass for the fish but the plus/minus is only 0.02 grams (unclear if that’s SE or SD or what). Some fish were resistant to their Ucrit protocol and had to be induced to burst swimming for their MMR tests. They're highlighted in the RMR data too and are noted here under author notes as ""bursted"". Used 2 as n, though, because paper just mentions that two to five fish used for each respirometry trial. Only can be sure that at least 2 fish were observed",NA,,mean,2,NA,2,NA,exogenous,wet,20,salt,pre-smolt,Morgan and Iwama1991_823,823,,,
1991,Morgan and Iwama, Can. J. Fish. Aquat.,6.317567568,0.486486486,11.5,0,NA,0,NA,1.964738344,0.151295359,0.675359078,1.843334256,Oncorhynchus tshawytscha,hatchery,juvenile,NA,"had to use an average mass for the fish but the plus/minus is only 0.02 grams (unclear if that’s SE or SD or what). Some fish were resistant to their Ucrit protocol and had to be induced to burst swimming for their MMR tests. They're highlighted in the RMR data too and are noted here under author notes as ""bursted"". Used 2 as n, though, because paper just mentions that two to five fish used for each respirometry trial. Only can be sure that at least 2 fish were observed",NA,,mean,2,NA,2,NA,exogenous,wet,10,salt,pre-smolt,Morgan and Iwama1991_822,822,,,
1991,Morgan and Iwama, Can. J. Fish. Aquat.,6.885135135,0.506756757,11.5,0,NA,0,NA,2.062248842,0.151784753,0.723797058,1.929364759,Oncorhynchus tshawytscha,hatchery,juvenile,NA,"had to use an average mass for the fish but the plus/minus is only 0.02 grams (unclear if that’s SE or SD or what). Some fish were resistant to their Ucrit protocol and had to be induced to burst swimming for their MMR tests. They're highlighted in the RMR data too and are noted here under author notes as ""bursted"". Used 2 as n, though, because paper just mentions that two to five fish used for each respirometry trial. Only can be sure that at least 2 fish were observed",NA,,mean,2,NA,2,NA,exogenous,wet,5,salt,pre-smolt,Morgan and Iwama1991_821,821,,,
1991,Morgan and Iwama, Can. J. Fish. Aquat.,7.939189189,0.466216216,11.5,0,NA,0,NA,2.112267148,0.124039518,0.747761848,2.071811153,Oncorhynchus tshawytscha,hatchery,juvenile,NA,"had to use an average mass for the fish but the plus/minus is only 0.02 grams (unclear if that’s SE or SD or what). Some fish were resistant to their Ucrit protocol and had to be induced to burst swimming for their MMR tests. They're highlighted in the RMR data too and are noted here under author notes as ""bursted"". Used 2 as n, though, because paper just mentions that two to five fish used for each respirometry trial. Only can be sure that at least 2 fish were observed",NA,,mean,2,NA,1,NA,exogenous,wet,0,fresh,post-smolt,Morgan and Iwama1991_820,820,,,
2017,Poletto et al.,Conserv. Physiol.,19.8,NA,12.00428273,0,NA,0,NA,1.442827795,NA,0.366604934,2.985681938,Oncorhynchus tshawytscha,fall,juvenile,NA,"had to use an average mass for the fish but the plus/minus is only 0.02 grams (unclear if that’s SE or SD or what). Some fish were resistant to their Ucrit protocol and had to be induced to burst swimming for their MMR tests. They're highlighted in the RMR data too and are noted here under author notes as ""bursted""",NA,19,individual,1,NA,1,NA,exogenous,wet,0,fresh,post-smolt,Poletto et al.2017_722,722,,,
2017,Poletto et al.,Conserv. Physiol.,19.8,NA,12.00453172,0,NA,0,NA,1.514610272,NA,0.41515816,2.985681938,Oncorhynchus tshawytscha,fall,juvenile,NA,"had to use an average mass for the fish but the plus/minus is only 0.02 grams (unclear if that’s SE or SD or what). Some fish were resistant to their Ucrit protocol and had to be induced to burst swimming for their MMR tests. They're highlighted in the RMR data too and are noted here under author notes as ""bursted""",NA,19,individual,1,NA,1,NA,exogenous,wet,0,fresh,post-smolt,Poletto et al.2017_723,723,,,
2017,Poletto et al.,Conserv. Physiol.,19.8,NA,11.98934298,0,NA,0,NA,1.887879154,NA,0.635454058,2.985681938,Oncorhynchus tshawytscha,fall,juvenile,NA,"had to use an average mass for the fish but the plus/minus is only 0.02 grams (unclear if that’s SE or SD or what). Some fish were resistant to their Ucrit protocol and had to be induced to burst swimming for their MMR tests. They're highlighted in the RMR data too and are noted here under author notes as ""bursted""",NA,19,individual,1,NA,1,NA,exogenous,wet,0,fresh,post-smolt,Poletto et al.2017_724,724,,,
2017,Poletto et al.,Conserv. Physiol.,19.8,NA,12.01384416,0,NA,0,NA,4.199274924,NA,1.434911873,2.985681938,Oncorhynchus tshawytscha,fall,juvenile,NA,"had to use an average mass for the fish but the plus/minus is only 0.02 grams (unclear if that’s SE or SD or what). Some fish were resistant to their Ucrit protocol and had to be induced to burst swimming for their MMR tests. They're highlighted in the RMR data too and are noted here under author notes as ""bursted""",NA,19,individual,1,NA,1,NA,exogenous,wet,0,fresh,post-smolt,Poletto et al.2017_725,725,,,
2017,Poletto et al.,Conserv. Physiol.,19.8,NA,12.99907042,0,NA,0,NA,3.108181269,NA,1.134037754,2.985681938,Oncorhynchus tshawytscha,fall,juvenile,NA,"had to use an average mass for the fish but the plus/minus is only 0.02 grams (unclear if that’s SE or SD or what). Some fish were resistant to their Ucrit protocol and had to be induced to burst swimming for their MMR tests. They're highlighted in the RMR data too and are noted here under author notes as ""bursted""",NA,19,individual,1,NA,1,NA,exogenous,wet,0,fresh,post-smolt,Poletto et al.2017_726,726,,,
2017,Poletto et al.,Conserv. Physiol.,19.8,NA,13.01122141,0,NA,0,NA,1.859166163,NA,0.620128088,2.985681938,Oncorhynchus tshawytscha,fall,juvenile,NA,"had to use an average mass for the fish but the plus/minus is only 0.02 grams (unclear if that’s SE or SD or what). Some fish were resistant to their Ucrit protocol and had to be induced to burst swimming for their MMR tests. They're highlighted in the RMR data too and are noted here under author notes as ""bursted""",NA,19,individual,1,NA,1,NA,exogenous,wet,0,fresh,post-smolt,Poletto et al.2017_727,727,,,
2017,Poletto et al.,Conserv. Physiol.,19.8,NA,13.01062382,0,NA,0,NA,1.686888218,NA,0.52288554,2.985681938,Oncorhynchus tshawytscha,fall,juvenile,NA,"had to use an average mass for the fish but the plus/minus is only 0.02 grams (unclear if that’s SE or SD or what). Some fish were resistant to their Ucrit protocol and had to be induced to burst swimming for their MMR tests. They're highlighted in the RMR data too and are noted here under author notes as ""bursted""",NA,19,individual,1,NA,1,NA,exogenous,wet,0,fresh,post-smolt,Poletto et al.2017_728,728,,,
2017,Poletto et al.,Conserv. Physiol.,19.8,NA,13.99878822,0,NA,0,NA,1.442827795,NA,0.366604934,2.985681938,Oncorhynchus tshawytscha,fall,juvenile,NA,"had to use an average mass for the fish but the plus/minus is only 0.02 grams (unclear if that’s SE or SD or what). Some fish were resistant to their Ucrit protocol and had to be induced to burst swimming for their MMR tests. They're highlighted in the RMR data too and are noted here under author notes as ""bursted""",NA,19,individual,1,NA,1,NA,exogenous,wet,0,fresh,post-smolt,Poletto et al.2017_729,729,,,
2017,Poletto et al.,Conserv. Physiol.,19.8,NA,14.00132798,0,NA,0,NA,2.175009063,NA,0.777032832,2.985681938,Oncorhynchus tshawytscha,fall,juvenile,NA,"had to use an average mass for the fish but the plus/minus is only 0.02 grams (unclear if that’s SE or SD or what). Some fish were resistant to their Ucrit protocol and had to be induced to burst swimming for their MMR tests. They're highlighted in the RMR data too and are noted here under author notes as ""bursted""",NA,19,individual,1,NA,1,NA,exogenous,wet,0,fresh,post-smolt,Poletto et al.2017_730,730,,,
2017,Poletto et al.,Conserv. Physiol.,19.8,NA,14.00197537,0,NA,0,NA,2.361643505,NA,0.859357777,2.985681938,Oncorhynchus tshawytscha,fall,juvenile,NA,"had to use an average mass for the fish but the plus/minus is only 0.02 grams (unclear if that’s SE or SD or what). Some fish were resistant to their Ucrit protocol and had to be induced to burst swimming for their MMR tests. They're highlighted in the RMR data too and are noted here under author notes as ""bursted""",NA,19,individual,1,NA,1,NA,exogenous,wet,0,fresh,post-smolt,Poletto et al.2017_731,731,,,
2017,Poletto et al.,Conserv. Physiol.,19.8,NA,14.00356894,0,NA,0,NA,2.82105136,NA,1.037109638,2.985681938,Oncorhynchus tshawytscha,fall,juvenile,NA,"had to use an average mass for the fish but the plus/minus is only 0.02 grams (unclear if that’s SE or SD or what). Some fish were resistant to their Ucrit protocol and had to be induced to burst swimming for their MMR tests. They're highlighted in the RMR data too and are noted here under author notes as ""bursted""",NA,19,individual,1,NA,1,NA,exogenous,wet,0,fresh,post-smolt,Poletto et al.2017_732,732,,,
2017,Poletto et al.,Conserv. Physiol.,19.8,NA,15.0113542,0,NA,0,NA,3.481450151,NA,1.247448917,2.985681938,Oncorhynchus tshawytscha,fall,juvenile,NA,"had to use an average mass for the fish but the plus/minus is only 0.02 grams (unclear if that’s SE or SD or what). Some fish were resistant to their Ucrit protocol and had to be induced to burst swimming for their MMR tests. They're highlighted in the RMR data too and are noted here under author notes as ""bursted""",NA,19,individual,1,NA,1,NA,exogenous,wet,0,fresh,post-smolt,Poletto et al.2017_733,733,,,
2017,Poletto et al.,Conserv. Physiol.,19.8,NA,15.00976063,0,NA,0,NA,3.022042296,NA,1.10593286,2.985681938,Oncorhynchus tshawytscha,fall,juvenile,NA,"had to use an average mass for the fish but the plus/minus is only 0.02 grams (unclear if that’s SE or SD or what). Some fish were resistant to their Ucrit protocol and had to be induced to burst swimming for their MMR tests. They're highlighted in the RMR data too and are noted here under author notes as ""bursted""",NA,19,individual,1,NA,1,NA,exogenous,wet,0,fresh,post-smolt,Poletto et al.2017_734,734,,,
2017,Poletto et al.,Conserv. Physiol.,19.8,NA,15.00836626,0,NA,0,NA,2.620060423,NA,0.96319738,2.985681938,Oncorhynchus tshawytscha,fall,juvenile,NA,"had to use an average mass for the fish but the plus/minus is only 0.02 grams (unclear if that’s SE or SD or what). Some fish were resistant to their Ucrit protocol and had to be induced to burst swimming for their MMR tests. They're highlighted in the RMR data too and are noted here under author notes as ""bursted""",NA,19,individual,1,NA,1,NA,exogenous,wet,0,fresh,post-smolt,Poletto et al.2017_735,735,,,
2017,Poletto et al.,Conserv. Physiol.,19.8,NA,16.01585273,0,NA,0,NA,3.194320242,NA,1.161374308,2.985681938,Oncorhynchus tshawytscha,fall,juvenile,NA,"had to use an average mass for the fish but the plus/minus is only 0.02 grams (unclear if that’s SE or SD or what). Some fish were resistant to their Ucrit protocol and had to be induced to burst swimming for their MMR tests. They're highlighted in the RMR data too and are noted here under author notes as ""bursted""",NA,19,individual,1,NA,1,NA,exogenous,wet,0,fresh,post-smolt,Poletto et al.2017_736,736,,,
2017,Poletto et al.,Conserv. Physiol.,19.8,NA,15.99842303,0,NA,0,NA,2.921546828,NA,1.072113212,2.985681938,Oncorhynchus tshawytscha,fall,juvenile,NA,"had to use an average mass for the fish but the plus/minus is only 0.02 grams (unclear if that’s SE or SD or what). Some fish were resistant to their Ucrit protocol and had to be induced to burst swimming for their MMR tests. They're highlighted in the RMR data too and are noted here under author notes as ""bursted""",NA,19,individual,1,NA,1,NA,exogenous,wet,0,fresh,post-smolt,Poletto et al.2017_737,737,,,
2017,Poletto et al.,Conserv. Physiol.,19.8,NA,17.00167657,0,NA,0,NA,2.275504532,NA,0.8222018,2.985681938,Oncorhynchus tshawytscha,fall,juvenile,NA,"had to use an average mass for the fish but the plus/minus is only 0.02 grams (unclear if that’s SE or SD or what). Some fish were resistant to their Ucrit protocol and had to be induced to burst swimming for their MMR tests. They're highlighted in the RMR data too and are noted here under author notes as ""bursted""",NA,19,individual,1,NA,1,NA,exogenous,wet,0,fresh,post-smolt,Poletto et al.2017_738,738,,,
2017,Poletto et al.,Conserv. Physiol.,19.8,NA,17.00665649,0,NA,0,NA,3.711154079,NA,1.311342901,2.985681938,Oncorhynchus tshawytscha,fall,juvenile,NA,"had to use an average mass for the fish but the plus/minus is only 0.02 grams (unclear if that’s SE or SD or what). Some fish were resistant to their Ucrit protocol and had to be induced to burst swimming for their MMR tests. They're highlighted in the RMR data too and are noted here under author notes as ""bursted""",NA,19,individual,1,NA,1,NA,exogenous,wet,0,fresh,post-smolt,Poletto et al.2017_739,739,,,
2017,Poletto et al.,Conserv. Physiol.,19.8,NA,18.01484014,0,NA,0,NA,4.486404834,NA,1.501051676,2.985681938,Oncorhynchus tshawytscha,fall,juvenile,NA,"had to use an average mass for the fish but the plus/minus is only 0.02 grams (unclear if that’s SE or SD or what). Some fish were resistant to their Ucrit protocol and had to be induced to burst swimming for their MMR tests. They're highlighted in the RMR data too and are noted here under author notes as ""bursted""",NA,19,individual,1,NA,1,NA,exogenous,wet,0,fresh,post-smolt,Poletto et al.2017_740,740,,,
2017,Poletto et al.,Conserv. Physiol.,19.8,NA,18.0114538,0,NA,0,NA,3.510163142,NA,1.255662516,2.985681938,Oncorhynchus tshawytscha,fall,juvenile,NA,"had to use an average mass for the fish but the plus/minus is only 0.02 grams (unclear if that’s SE or SD or what). Some fish were resistant to their Ucrit protocol and had to be induced to burst swimming for their MMR tests. They're highlighted in the RMR data too and are noted here under author notes as ""bursted""",NA,19,individual,1,NA,1,NA,exogenous,wet,0,fresh,post-smolt,Poletto et al.2017_741,741,,,
2017,Poletto et al.,Conserv. Physiol.,19.8,NA,18.01030842,0,NA,0,NA,3.179963746,NA,1.156869796,2.985681938,Oncorhynchus tshawytscha,fall,juvenile,NA,"had to use an average mass for the fish but the plus/minus is only 0.02 grams (unclear if that’s SE or SD or what). Some fish were resistant to their Ucrit protocol and had to be induced to burst swimming for their MMR tests. They're highlighted in the RMR data too and are noted here under author notes as ""bursted""",NA,19,individual,1,NA,1,NA,exogenous,wet,0,fresh,post-smolt,Poletto et al.2017_742,742,,,
2017,Poletto et al.,Conserv. Physiol.,19.8,NA,18.00876465,0,NA,0,NA,2.734912387,NA,1.006099401,2.985681938,Oncorhynchus tshawytscha,fall,juvenile,NA,"had to use an average mass for the fish but the plus/minus is only 0.02 grams (unclear if that’s SE or SD or what). Some fish were resistant to their Ucrit protocol and had to be induced to burst swimming for their MMR tests. They're highlighted in the RMR data too and are noted here under author notes as ""bursted""",NA,19,individual,1,NA,1,NA,exogenous,wet,0,fresh,post-smolt,Poletto et al.2017_743,743,,,
2017,Poletto et al.,Conserv. Physiol.,19.8,NA,20.00491352,0,NA,0,NA,3.208676737,NA,1.165858621,2.985681938,Oncorhynchus tshawytscha,fall,juvenile,NA,"had to use an average mass for the fish but the plus/minus is only 0.02 grams (unclear if that’s SE or SD or what). Some fish were resistant to their Ucrit protocol and had to be induced to burst swimming for their MMR tests. They're highlighted in the RMR data too and are noted here under author notes as ""bursted""",NA,19,individual,1,NA,1,NA,exogenous,wet,0,fresh,post-smolt,Poletto et al.2017_744,744,,,
2017,Poletto et al.,Conserv. Physiol.,19.8,NA,20.00546131,0,NA,0,NA,3.366598187,NA,1.213902795,2.985681938,Oncorhynchus tshawytscha,fall,juvenile,NA,"had to use an average mass for the fish but the plus/minus is only 0.02 grams (unclear if that’s SE or SD or what). Some fish were resistant to their Ucrit protocol and had to be induced to burst swimming for their MMR tests. They're highlighted in the RMR data too and are noted here under author notes as ""bursted""",NA,19,individual,1,NA,1,NA,exogenous,wet,0,fresh,post-smolt,Poletto et al.2017_745,745,,,
2017,Poletto et al.,Conserv. Physiol.,19.8,NA,19.00165997,0,NA,0,NA,3.854719033,NA,1.349298121,2.985681938,Oncorhynchus tshawytscha,fall,juvenile,NA,"had to use an average mass for the fish but the plus/minus is only 0.02 grams (unclear if that’s SE or SD or what). Some fish were resistant to their Ucrit protocol and had to be induced to burst swimming for their MMR tests. They're highlighted in the RMR data too and are noted here under author notes as ""bursted""",NA,19,individual,1,NA,1,NA,exogenous,wet,0,fresh,post-smolt,Poletto et al.2017_746,746,,,
2017,Poletto et al.,Conserv. Physiol.,19.8,NA,19.00250656,0,NA,0,NA,4.098779456,NA,1.410689236,2.985681938,Oncorhynchus tshawytscha,fall,juvenile,NA,"had to use an average mass for the fish but the plus/minus is only 0.02 grams (unclear if that’s SE or SD or what). Some fish were resistant to their Ucrit protocol and had to be induced to burst swimming for their MMR tests. They're highlighted in the RMR data too and are noted here under author notes as ""bursted""",NA,19,individual,1,NA,1,NA,exogenous,wet,0,fresh,post-smolt,Poletto et al.2017_747,747,,,
2017,Poletto et al.,Conserv. Physiol.,19.8,NA,19.00305435,0,NA,0,NA,4.256700906,NA,1.448494425,2.985681938,Oncorhynchus tshawytscha,fall,juvenile,NA,"had to use an average mass for the fish but the plus/minus is only 0.02 grams (unclear if that’s SE or SD or what). Some fish were resistant to their Ucrit protocol and had to be induced to burst swimming for their MMR tests. They're highlighted in the RMR data too and are noted here under author notes as ""bursted""",NA,19,individual,1,NA,1,NA,exogenous,wet,0,fresh,post-smolt,Poletto et al.2017_748,748,,,
2017,Poletto et al.,Conserv. Physiol.,19.8,NA,20.00829986,0,NA,0,NA,4.184918429,NA,1.431487212,2.985681938,Oncorhynchus tshawytscha,fall,juvenile,NA,"had to use an average mass for the fish but the plus/minus is only 0.02 grams (unclear if that’s SE or SD or what). Some fish were resistant to their Ucrit protocol and had to be induced to burst swimming for their MMR tests. They're highlighted in the RMR data too and are noted here under author notes as ""bursted""",NA,19,individual,1,NA,1,NA,exogenous,wet,0,fresh,post-smolt,Poletto et al.2017_749,749,,,
2017,Poletto et al.,Conserv. Physiol.,19.8,NA,21.01220079,0,NA,0,NA,3.725510574,NA,1.315203909,2.985681938,Oncorhynchus tshawytscha,fall,juvenile,NA,"had to use an average mass for the fish but the plus/minus is only 0.02 grams (unclear if that’s SE or SD or what). Some fish were resistant to their Ucrit protocol and had to be induced to burst swimming for their MMR tests. They're highlighted in the RMR data too and are noted here under author notes as ""bursted""",NA,19,individual,1,NA,1,NA,exogenous,wet,0,fresh,post-smolt,Poletto et al.2017_750,750,,,
2017,Poletto et al.,Conserv. Physiol.,19.8,NA,21.01115501,0,NA,0,NA,3.424024169,NA,1.230816517,2.985681938,Oncorhynchus tshawytscha,fall,juvenile,NA,"had to use an average mass for the fish but the plus/minus is only 0.02 grams (unclear if that’s SE or SD or what). Some fish were resistant to their Ucrit protocol and had to be induced to burst swimming for their MMR tests. They're highlighted in the RMR data too and are noted here under author notes as ""bursted""",NA,19,individual,1,NA,1,NA,exogenous,wet,0,fresh,post-smolt,Poletto et al.2017_751,751,,,
2017,Poletto et al.,Conserv. Physiol.,19.8,NA,21.01424256,0,NA,0,NA,4.314126888,NA,1.461894961,2.985681938,Oncorhynchus tshawytscha,fall,juvenile,NA,"had to use an average mass for the fish but the plus/minus is only 0.02 grams (unclear if that’s SE or SD or what). Some fish were resistant to their Ucrit protocol and had to be induced to burst swimming for their MMR tests. They're highlighted in the RMR data too and are noted here under author notes as ""bursted""",NA,19,individual,1,NA,1,NA,exogenous,wet,0,fresh,post-smolt,Poletto et al.2017_752,752,,,
2017,Poletto et al.,Conserv. Physiol.,19.8,NA,21.0164185,0,NA,0,NA,4.809425982,NA,1.570577739,2.985681938,Oncorhynchus tshawytscha,fall,juvenile,NA,"had to use an average mass for the fish but the plus/minus is only 0.02 grams (unclear if that’s SE or SD or what). Some fish were resistant to their Ucrit protocol and had to be induced to burst swimming for their MMR tests. They're highlighted in the RMR data too and are noted here under author notes as ""bursted""",NA,19,individual,1,NA,1,NA,exogenous,wet,0,fresh,post-smolt,Poletto et al.2017_753,753,,,
2017,Poletto et al.,Conserv. Physiol.,19.8,NA,22.0085281,0,NA,0,NA,3.722719033,NA,1.314454324,2.985681938,Oncorhynchus tshawytscha,fall,juvenile,NA,"had to use an average mass for the fish but the plus/minus is only 0.02 grams (unclear if that’s SE or SD or what). Some fish were resistant to their Ucrit protocol and had to be induced to burst swimming for their MMR tests. They're highlighted in the RMR data too and are noted here under author notes as ""bursted""",NA,19,individual,1,NA,1,NA,exogenous,wet,0,fresh,post-smolt,Poletto et al.2017_754,754,,,
2017,Poletto et al.,Conserv. Physiol.,19.8,NA,22.02063206,0,NA,0,NA,3.912145015,NA,1.364085821,2.985681938,Oncorhynchus tshawytscha,fall,juvenile,NA,"had to use an average mass for the fish but the plus/minus is only 0.02 grams (unclear if that’s SE or SD or what). Some fish were resistant to their Ucrit protocol and had to be induced to burst swimming for their MMR tests. They're highlighted in the RMR data too and are noted here under author notes as ""bursted""",NA,19,individual,1,NA,1,NA,exogenous,wet,0,fresh,post-smolt,Poletto et al.2017_755,755,,,
2017,Poletto et al.,Conserv. Physiol.,19.8,NA,22.01298928,0,NA,0,NA,5.008821752,NA,1.611200708,2.985681938,Oncorhynchus tshawytscha,fall,juvenile,NA,"had to use an average mass for the fish but the plus/minus is only 0.02 grams (unclear if that’s SE or SD or what). Some fish were resistant to their Ucrit protocol and had to be induced to burst swimming for their MMR tests. They're highlighted in the RMR data too and are noted here under author notes as ""bursted""",NA,19,individual,1,NA,1,NA,exogenous,wet,0,fresh,post-smolt,Poletto et al.2017_756,756,,,
2017,Poletto et al.,Conserv. Physiol.,19.8,NA,22.02481657,0,NA,0,NA,5.118489426,NA,1.632859362,2.985681938,Oncorhynchus tshawytscha,fall,juvenile,NA,"had to use an average mass for the fish but the plus/minus is only 0.02 grams (unclear if that’s SE or SD or what). Some fish were resistant to their Ucrit protocol and had to be induced to burst swimming for their MMR tests. They're highlighted in the RMR data too and are noted here under author notes as ""bursted""",NA,19,individual,1,NA,1,NA,exogenous,wet,0,fresh,post-smolt,Poletto et al.2017_757,757,,,
2017,Poletto et al.,Conserv. Physiol.,19.8,NA,23.02097236,0,NA,0,NA,5.198247734,NA,1.648321595,2.985681938,Oncorhynchus tshawytscha,fall,juvenile,NA,"had to use an average mass for the fish but the plus/minus is only 0.02 grams (unclear if that’s SE or SD or what). Some fish were resistant to their Ucrit protocol and had to be induced to burst swimming for their MMR tests. They're highlighted in the RMR data too and are noted here under author notes as ""bursted""",NA,19,individual,1,NA,1,NA,exogenous,wet,0,fresh,post-smolt,Poletto et al.2017_758,758,,,
2017,Poletto et al.,Conserv. Physiol.,19.8,NA,23.01409039,0,NA,0,NA,6.514259819,NA,1.873993592,2.985681938,Oncorhynchus tshawytscha,fall,juvenile,NA,"had to use an average mass for the fish but the plus/minus is only 0.02 grams (unclear if that’s SE or SD or what). Some fish were resistant to their Ucrit protocol and had to be induced to burst swimming for their MMR tests. They're highlighted in the RMR data too and are noted here under author notes as ""bursted""",NA,19,individual,1,NA,1,NA,exogenous,wet,0,fresh,post-smolt,Poletto et al.2017_759,759,,,
2017,Poletto et al.,Conserv. Physiol.,19.8,NA,24.02667297,0,NA,0,NA,8.029667674,NA,2.083143142,2.985681938,Oncorhynchus tshawytscha,fall,juvenile,NA,"had to use an average mass for the fish but the plus/minus is only 0.02 grams (unclear if that’s SE or SD or what). Some fish were resistant to their Ucrit protocol and had to be induced to burst swimming for their MMR tests. They're highlighted in the RMR data too and are noted here under author notes as ""bursted""",NA,19,individual,1,NA,1,NA,exogenous,wet,0,fresh,post-smolt,Poletto et al.2017_760,760,,,
2017,Poletto et al.,Conserv. Physiol.,19.8,NA,25.0233475,0,NA,0,NA,8.25897281,NA,2.111300223,2.985681938,Oncorhynchus tshawytscha,fall,juvenile,NA,"had to use an average mass for the fish but the plus/minus is only 0.02 grams (unclear if that’s SE or SD or what). Some fish were resistant to their Ucrit protocol and had to be induced to burst swimming for their MMR tests. They're highlighted in the RMR data too and are noted here under author notes as ""bursted""",NA,19,individual,1,NA,1,NA,exogenous,wet,0,fresh,post-smolt,Poletto et al.2017_761,761,,,
2017,Poletto et al.,Conserv. Physiol.,19.8,NA,24.01612524,0,NA,0,NA,4.988882175,NA,1.607211872,2.985681938,Oncorhynchus tshawytscha,fall,juvenile,NA,"had to use an average mass for the fish but the plus/minus is only 0.02 grams (unclear if that’s SE or SD or what). Some fish were resistant to their Ucrit protocol and had to be induced to burst swimming for their MMR tests. They're highlighted in the RMR data too and are noted here under author notes as ""bursted""",NA,19,individual,1,NA,1,NA,exogenous,wet,0,fresh,post-smolt,Poletto et al.2017_762,762,,,
2017,Poletto et al.,Conserv. Physiol.,19.8,NA,24.01878811,0,NA,0,NA,5.756555891,NA,1.75033936,2.985681938,Oncorhynchus tshawytscha,fall,juvenile,NA,"had to use an average mass for the fish but the plus/minus is only 0.02 grams (unclear if that’s SE or SD or what). Some fish were resistant to their Ucrit protocol and had to be induced to burst swimming for their MMR tests. They're highlighted in the RMR data too and are noted here under author notes as ""bursted""",NA,19,individual,1,NA,1,NA,exogenous,wet,0,fresh,post-smolt,Poletto et al.2017_763,763,,,
2017,Poletto et al.,Conserv. Physiol.,19.8,NA,24.02010225,0,NA,0,NA,6.135407855,NA,1.814076556,2.985681938,Oncorhynchus tshawytscha,fall,juvenile,NA,"had to use an average mass for the fish but the plus/minus is only 0.02 grams (unclear if that’s SE or SD or what). Some fish were resistant to their Ucrit protocol and had to be induced to burst swimming for their MMR tests. They're highlighted in the RMR data too and are noted here under author notes as ""bursted""",NA,19,individual,1,NA,1,NA,exogenous,wet,0,fresh,post-smolt,Poletto et al.2017_764,764,,,
2017,Poletto et al.,Conserv. Physiol.,19.8,NA,25.02770492,0,NA,0,NA,6.215166163,NA,1.82699246,2.985681938,Oncorhynchus tshawytscha,fall,juvenile,NA,"had to use an average mass for the fish but the plus/minus is only 0.02 grams (unclear if that’s SE or SD or what). Some fish were resistant to their Ucrit protocol and had to be induced to burst swimming for their MMR tests. They're highlighted in the RMR data too and are noted here under author notes as ""bursted""",NA,19,individual,1,NA,1,NA,exogenous,wet,0,fresh,post-smolt,Poletto et al.2017_765,765,,,
2017,Poletto et al.,Conserv. Physiol.,19.8,NA,25.0157393,0,NA,0,NA,6.065619335,NA,1.802636653,2.985681938,Oncorhynchus tshawytscha,fall,juvenile,NA,"had to use an average mass for the fish but the plus/minus is only 0.02 grams (unclear if that’s SE or SD or what). Some fish were resistant to their Ucrit protocol and had to be induced to burst swimming for their MMR tests. They're highlighted in the RMR data too and are noted here under author notes as ""bursted""",NA,19,individual,1,NA,1,NA,exogenous,wet,0,fresh,post-smolt,Poletto et al.2017_766,766,,,
2017,Poletto et al.,Conserv. Physiol.,19.8,NA,25.01404474,0,NA,0,NA,5.577099698,NA,1.718668874,2.985681938,Oncorhynchus tshawytscha,fall,juvenile,NA,"had to use an average mass for the fish but the plus/minus is only 0.02 grams (unclear if that’s SE or SD or what). Some fish were resistant to their Ucrit protocol and had to be induced to burst swimming for their MMR tests. They're highlighted in the RMR data too and are noted here under author notes as ""bursted""",NA,19,individual,1,NA,1,NA,exogenous,wet,0,fresh,post-smolt,Poletto et al.2017_767,767,,,
2017,Poletto et al.,Conserv. Physiol.,19.8,NA,26.01898454,0,NA,0,NA,4.88918429,NA,1.587025478,2.985681938,Oncorhynchus tshawytscha,fall,juvenile,NA,"had to use an average mass for the fish but the plus/minus is only 0.02 grams (unclear if that’s SE or SD or what). Some fish were resistant to their Ucrit protocol and had to be induced to burst swimming for their MMR tests. They're highlighted in the RMR data too and are noted here under author notes as ""bursted""",NA,19,individual,1,NA,1,NA,exogenous,wet,0,fresh,post-smolt,Poletto et al.2017_768,768,,,
2017,Poletto et al.,Conserv. Physiol.,19.8,NA,13.00767875,0,NA,0,NA,2.685861027,NA,0.988001357,2.985681938,Oncorhynchus tshawytscha,fall,juvenile,NA,"had to use an average mass for the fish but the plus/minus is only 0.02 grams (unclear if that’s SE or SD or what). Some fish were resistant to their Ucrit protocol and had to be induced to burst swimming for their MMR tests. They're highlighted in the RMR data too and are noted here under author notes as ""bursted""",NA,19,individual,1,NA,1,NA,exogenous,wet,0,fresh,post-smolt,Poletto et al.2017_769,769,,,
2017,Poletto et al.,Conserv. Physiol.,19.8,NA,16.00818089,0,NA,0,NA,3.094622356,NA,1.129665881,2.985681938,Oncorhynchus tshawytscha,fall,juvenile,NA,"had to use an average mass for the fish but the plus/minus is only 0.02 grams (unclear if that’s SE or SD or what). Some fish were resistant to their Ucrit protocol and had to be induced to burst swimming for their MMR tests. They're highlighted in the RMR data too and are noted here under author notes as ""bursted""",NA,19,individual,1,NA,1,NA,exogenous,wet,0,fresh,post-smolt,Poletto et al.2017_770,770,,,
2017,Poletto et al.,Conserv. Physiol.,19.8,NA,12.00616264,0,NA,0,NA,4.360785498,NA,1.472652201,2.985681938,Oncorhynchus tshawytscha,fall,juvenile,NA,"had to use an average mass for the fish but the plus/minus is only 0.02 grams (unclear if that’s SE or SD or what). Some fish were resistant to their Ucrit protocol and had to be induced to burst swimming for their MMR tests. They're highlighted in the RMR data too and are noted here under author notes as ""bursted""",NA,15,individual,1,NA,1,NA,exogenous,wet,0,fresh,post-smolt,Poletto et al.2017_771,771,,,
2017,Poletto et al.,Conserv. Physiol.,19.8,NA,11.99108457,0,NA,0,NA,3.313957704,NA,1.198143156,2.985681938,Oncorhynchus tshawytscha,fall,juvenile,NA,"had to use an average mass for the fish but the plus/minus is only 0.02 grams (unclear if that’s SE or SD or what). Some fish were resistant to their Ucrit protocol and had to be induced to burst swimming for their MMR tests. They're highlighted in the RMR data too and are noted here under author notes as ""bursted""",NA,15,individual,1,NA,1,NA,exogenous,wet,0,fresh,post-smolt,Poletto et al.2017_772,772,,,
2017,Poletto et al.,Conserv. Physiol.,19.8,NA,11.99976484,0,NA,0,NA,2.516374622,NA,0.922819224,2.985681938,Oncorhynchus tshawytscha,fall,juvenile,NA,"had to use an average mass for the fish but the plus/minus is only 0.02 grams (unclear if that’s SE or SD or what). Some fish were resistant to their Ucrit protocol and had to be induced to burst swimming for their MMR tests. They're highlighted in the RMR data too and are noted here under author notes as ""bursted""",NA,15,individual,1,NA,1,NA,exogenous,wet,0,fresh,post-smolt,Poletto et al.2017_773,773,,,
2017,Poletto et al.,Conserv. Physiol.,19.8,NA,11.9972403,0,NA,0,NA,1.78858006,NA,0.581422043,2.985681938,Oncorhynchus tshawytscha,fall,juvenile,NA,"had to use an average mass for the fish but the plus/minus is only 0.02 grams (unclear if that’s SE or SD or what). Some fish were resistant to their Ucrit protocol and had to be induced to burst swimming for their MMR tests. They're highlighted in the RMR data too and are noted here under author notes as ""bursted""",NA,15,individual,1,NA,1,NA,exogenous,wet,0,fresh,post-smolt,Poletto et al.2017_774,774,,,
2017,Poletto et al.,Conserv. Physiol.,19.8,NA,13.00743667,0,NA,0,NA,2.616072508,NA,0.96167415,2.985681938,Oncorhynchus tshawytscha,fall,juvenile,NA,"had to use an average mass for the fish but the plus/minus is only 0.02 grams (unclear if that’s SE or SD or what). Some fish were resistant to their Ucrit protocol and had to be induced to burst swimming for their MMR tests. They're highlighted in the RMR data too and are noted here under author notes as ""bursted""",NA,15,individual,1,NA,1,NA,exogenous,wet,0,fresh,post-smolt,Poletto et al.2017_775,775,,,
2017,Poletto et al.,Conserv. Physiol.,19.8,NA,13.0085779,0,NA,0,NA,2.945075529,NA,1.080134463,2.985681938,Oncorhynchus tshawytscha,fall,juvenile,NA,"had to use an average mass for the fish but the plus/minus is only 0.02 grams (unclear if that’s SE or SD or what). Some fish were resistant to their Ucrit protocol and had to be induced to burst swimming for their MMR tests. They're highlighted in the RMR data too and are noted here under author notes as ""bursted""",NA,15,individual,1,NA,1,NA,exogenous,wet,0,fresh,post-smolt,Poletto et al.2017_776,776,,,
2017,Poletto et al.,Conserv. Physiol.,19.8,NA,13.01034162,0,NA,0,NA,3.453534743,NA,1.23939827,2.985681938,Oncorhynchus tshawytscha,fall,juvenile,NA,"had to use an average mass for the fish but the plus/minus is only 0.02 grams (unclear if that’s SE or SD or what). Some fish were resistant to their Ucrit protocol and had to be induced to burst swimming for their MMR tests. They're highlighted in the RMR data too and are noted here under author notes as ""bursted""",NA,15,individual,1,NA,1,NA,exogenous,wet,0,fresh,post-smolt,Poletto et al.2017_777,777,,,
2017,Poletto et al.,Conserv. Physiol.,19.8,NA,13.0113791,0,NA,0,NA,3.752628399,NA,1.322456501,2.985681938,Oncorhynchus tshawytscha,fall,juvenile,NA,"had to use an average mass for the fish but the plus/minus is only 0.02 grams (unclear if that’s SE or SD or what). Some fish were resistant to their Ucrit protocol and had to be induced to burst swimming for their MMR tests. They're highlighted in the RMR data too and are noted here under author notes as ""bursted""",NA,15,individual,1,NA,1,NA,exogenous,wet,0,fresh,post-smolt,Poletto et al.2017_778,778,,,
2017,Poletto et al.,Conserv. Physiol.,19.8,NA,14.01095858,0,NA,0,NA,4.81939577,NA,1.572648561,2.985681938,Oncorhynchus tshawytscha,fall,juvenile,NA,"had to use an average mass for the fish but the plus/minus is only 0.02 grams (unclear if that’s SE or SD or what). Some fish were resistant to their Ucrit protocol and had to be induced to burst swimming for their MMR tests. They're highlighted in the RMR data too and are noted here under author notes as ""bursted""",NA,15,individual,1,NA,1,NA,exogenous,wet,0,fresh,post-smolt,Poletto et al.2017_779,779,,,
2017,Poletto et al.,Conserv. Physiol.,19.8,NA,14.00843404,0,NA,0,NA,4.091601208,NA,1.408936387,2.985681938,Oncorhynchus tshawytscha,fall,juvenile,NA,"had to use an average mass for the fish but the plus/minus is only 0.02 grams (unclear if that’s SE or SD or what). Some fish were resistant to their Ucrit protocol and had to be induced to burst swimming for their MMR tests. They're highlighted in the RMR data too and are noted here under author notes as ""bursted""",NA,15,individual,1,NA,1,NA,exogenous,wet,0,fresh,post-smolt,Poletto et al.2017_780,780,,,
2017,Poletto et al.,Conserv. Physiol.,19.8,NA,14.00487202,0,NA,0,NA,3.064712991,NA,1.119953924,2.985681938,Oncorhynchus tshawytscha,fall,juvenile,NA,"had to use an average mass for the fish but the plus/minus is only 0.02 grams (unclear if that’s SE or SD or what). Some fish were resistant to their Ucrit protocol and had to be induced to burst swimming for their MMR tests. They're highlighted in the RMR data too and are noted here under author notes as ""bursted""",NA,15,individual,1,NA,1,NA,exogenous,wet,0,fresh,post-smolt,Poletto et al.2017_781,781,,,
2017,Poletto et al.,Conserv. Physiol.,19.8,NA,14.00124083,0,NA,0,NA,2.017885196,NA,0.702050031,2.985681938,Oncorhynchus tshawytscha,fall,juvenile,NA,"had to use an average mass for the fish but the plus/minus is only 0.02 grams (unclear if that’s SE or SD or what). Some fish were resistant to their Ucrit protocol and had to be induced to burst swimming for their MMR tests. They're highlighted in the RMR data too and are noted here under author notes as ""bursted""",NA,15,individual,1,NA,1,NA,exogenous,wet,0,fresh,post-smolt,Poletto et al.2017_782,782,,,
2017,Poletto et al.,Conserv. Physiol.,19.8,NA,14.99836493,0,NA,0,NA,2.376797583,NA,0.865754028,2.985681938,Oncorhynchus tshawytscha,fall,juvenile,NA,"had to use an average mass for the fish but the plus/minus is only 0.02 grams (unclear if that’s SE or SD or what). Some fish were resistant to their Ucrit protocol and had to be induced to burst swimming for their MMR tests. They're highlighted in the RMR data too and are noted here under author notes as ""bursted""",NA,15,individual,1,NA,1,NA,exogenous,wet,0,fresh,post-smolt,Poletto et al.2017_783,783,,,
2017,Poletto et al.,Conserv. Physiol.,19.8,NA,14.99967907,0,NA,0,NA,2.755649547,NA,1.013653185,2.985681938,Oncorhynchus tshawytscha,fall,juvenile,NA,"had to use an average mass for the fish but the plus/minus is only 0.02 grams (unclear if that’s SE or SD or what). Some fish were resistant to their Ucrit protocol and had to be induced to burst swimming for their MMR tests. They're highlighted in the RMR data too and are noted here under author notes as ""bursted""",NA,15,individual,1,NA,1,NA,exogenous,wet,0,fresh,post-smolt,Poletto et al.2017_784,784,,,
2017,Poletto et al.,Conserv. Physiol.,19.8,NA,15.0002324,0,NA,0,NA,2.915166163,NA,1.069926821,2.985681938,Oncorhynchus tshawytscha,fall,juvenile,NA,"had to use an average mass for the fish but the plus/minus is only 0.02 grams (unclear if that’s SE or SD or what). Some fish were resistant to their Ucrit protocol and had to be induced to burst swimming for their MMR tests. They're highlighted in the RMR data too and are noted here under author notes as ""bursted""",NA,15,individual,1,NA,1,NA,exogenous,wet,0,fresh,post-smolt,Poletto et al.2017_785,785,,,
2017,Poletto et al.,Conserv. Physiol.,19.8,NA,15.00348317,0,NA,0,NA,3.852326284,NA,1.348677195,2.985681938,Oncorhynchus tshawytscha,fall,juvenile,NA,"had to use an average mass for the fish but the plus/minus is only 0.02 grams (unclear if that’s SE or SD or what). Some fish were resistant to their Ucrit protocol and had to be induced to burst swimming for their MMR tests. They're highlighted in the RMR data too and are noted here under author notes as ""bursted""",NA,15,individual,1,NA,1,NA,exogenous,wet,0,fresh,post-smolt,Poletto et al.2017_786,786,,,
2017,Poletto et al.,Conserv. Physiol.,19.8,NA,16.01067085,0,NA,0,NA,3.81244713,NA,1.338271274,2.985681938,Oncorhynchus tshawytscha,fall,juvenile,NA,"had to use an average mass for the fish but the plus/minus is only 0.02 grams (unclear if that’s SE or SD or what). Some fish were resistant to their Ucrit protocol and had to be induced to burst swimming for their MMR tests. They're highlighted in the RMR data too and are noted here under author notes as ""bursted""",NA,15,individual,1,NA,1,NA,exogenous,wet,0,fresh,post-smolt,Poletto et al.2017_787,787,,,
2017,Poletto et al.,Conserv. Physiol.,19.8,NA,16.00984086,0,NA,0,NA,3.573172205,NA,1.273453774,2.985681938,Oncorhynchus tshawytscha,fall,juvenile,NA,"had to use an average mass for the fish but the plus/minus is only 0.02 grams (unclear if that’s SE or SD or what). Some fish were resistant to their Ucrit protocol and had to be induced to burst swimming for their MMR tests. They're highlighted in the RMR data too and are noted here under author notes as ""bursted""",NA,15,individual,1,NA,1,NA,exogenous,wet,0,fresh,post-smolt,Poletto et al.2017_788,788,,,
2017,Poletto et al.,Conserv. Physiol.,19.8,NA,16.00928754,0,NA,0,NA,3.413655589,NA,1.227783737,2.985681938,Oncorhynchus tshawytscha,fall,juvenile,NA,"had to use an average mass for the fish but the plus/minus is only 0.02 grams (unclear if that’s SE or SD or what). Some fish were resistant to their Ucrit protocol and had to be induced to burst swimming for their MMR tests. They're highlighted in the RMR data too and are noted here under author notes as ""bursted""",NA,15,individual,1,NA,1,NA,exogenous,wet,0,fresh,post-smolt,Poletto et al.2017_789,789,,,
2017,Poletto et al.,Conserv. Physiol.,19.8,NA,17.01557607,0,NA,0,NA,3.114561934,NA,1.136088511,2.985681938,Oncorhynchus tshawytscha,fall,juvenile,NA,"had to use an average mass for the fish but the plus/minus is only 0.02 grams (unclear if that’s SE or SD or what). Some fish were resistant to their Ucrit protocol and had to be induced to burst swimming for their MMR tests. They're highlighted in the RMR data too and are noted here under author notes as ""bursted""",NA,15,individual,1,NA,1,NA,exogenous,wet,0,fresh,post-smolt,Poletto et al.2017_790,790,,,
2017,Poletto et al.,Conserv. Physiol.,19.8,NA,17.00696496,0,NA,0,NA,3.932084592,NA,1.369169716,2.985681938,Oncorhynchus tshawytscha,fall,juvenile,NA,"had to use an average mass for the fish but the plus/minus is only 0.02 grams (unclear if that’s SE or SD or what). Some fish were resistant to their Ucrit protocol and had to be induced to burst swimming for their MMR tests. They're highlighted in the RMR data too and are noted here under author notes as ""bursted""",NA,15,individual,1,NA,1,NA,exogenous,wet,0,fresh,post-smolt,Poletto et al.2017_791,791,,,
2017,Poletto et al.,Conserv. Physiol.,19.8,NA,17.00727621,0,NA,0,NA,4.021812689,NA,1.391732719,2.985681938,Oncorhynchus tshawytscha,fall,juvenile,NA,"had to use an average mass for the fish but the plus/minus is only 0.02 grams (unclear if that’s SE or SD or what). Some fish were resistant to their Ucrit protocol and had to be induced to burst swimming for their MMR tests. They're highlighted in the RMR data too and are noted here under author notes as ""bursted""",NA,15,individual,1,NA,1,NA,exogenous,wet,0,fresh,post-smolt,Poletto et al.2017_792,792,,,
2017,Poletto et al.,Conserv. Physiol.,19.8,NA,17.00886701,0,NA,0,NA,4.480422961,NA,1.499717453,2.985681938,Oncorhynchus tshawytscha,fall,juvenile,NA,"had to use an average mass for the fish but the plus/minus is only 0.02 grams (unclear if that’s SE or SD or what). Some fish were resistant to their Ucrit protocol and had to be induced to burst swimming for their MMR tests. They're highlighted in the RMR data too and are noted here under author notes as ""bursted""",NA,15,individual,1,NA,1,NA,exogenous,wet,0,fresh,post-smolt,Poletto et al.2017_793,793,,,
2017,Poletto et al.,Conserv. Physiol.,19.8,NA,18.0020141,0,NA,0,NA,3.692809668,NA,1.306387596,2.985681938,Oncorhynchus tshawytscha,fall,juvenile,NA,"had to use an average mass for the fish but the plus/minus is only 0.02 grams (unclear if that’s SE or SD or what). Some fish were resistant to their Ucrit protocol and had to be induced to burst swimming for their MMR tests. They're highlighted in the RMR data too and are noted here under author notes as ""bursted""",NA,15,individual,1,NA,1,NA,exogenous,wet,0,fresh,post-smolt,Poletto et al.2017_794,794,,,
2017,Poletto et al.,Conserv. Physiol.,19.8,NA,18.01117852,0,NA,0,NA,3.034803625,NA,1.110146719,2.985681938,Oncorhynchus tshawytscha,fall,juvenile,NA,"had to use an average mass for the fish but the plus/minus is only 0.02 grams (unclear if that’s SE or SD or what). Some fish were resistant to their Ucrit protocol and had to be induced to burst swimming for their MMR tests. They're highlighted in the RMR data too and are noted here under author notes as ""bursted""",NA,15,individual,1,NA,1,NA,exogenous,wet,0,fresh,post-smolt,Poletto et al.2017_795,795,,,
2017,Poletto et al.,Conserv. Physiol.,19.8,NA,18.01225059,0,NA,0,NA,3.343867069,NA,1.207127942,2.985681938,Oncorhynchus tshawytscha,fall,juvenile,NA,"had to use an average mass for the fish but the plus/minus is only 0.02 grams (unclear if that’s SE or SD or what). Some fish were resistant to their Ucrit protocol and had to be induced to burst swimming for their MMR tests. They're highlighted in the RMR data too and are noted here under author notes as ""bursted""",NA,15,individual,1,NA,1,NA,exogenous,wet,0,fresh,post-smolt,Poletto et al.2017_796,796,,,
2017,Poletto et al.,Conserv. Physiol.,19.8,NA,19.00930552,0,NA,0,NA,3.682839879,NA,1.303684161,2.985681938,Oncorhynchus tshawytscha,fall,juvenile,NA,"had to use an average mass for the fish but the plus/minus is only 0.02 grams (unclear if that’s SE or SD or what). Some fish were resistant to their Ucrit protocol and had to be induced to burst swimming for their MMR tests. They're highlighted in the RMR data too and are noted here under author notes as ""bursted""",NA,15,individual,1,NA,1,NA,exogenous,wet,0,fresh,post-smolt,Poletto et al.2017_797,797,,,
2017,Poletto et al.,Conserv. Physiol.,19.8,NA,19.01380128,0,NA,0,NA,4.978912387,NA,1.605211471,2.985681938,Oncorhynchus tshawytscha,fall,juvenile,NA,"had to use an average mass for the fish but the plus/minus is only 0.02 grams (unclear if that’s SE or SD or what). Some fish were resistant to their Ucrit protocol and had to be induced to burst swimming for their MMR tests. They're highlighted in the RMR data too and are noted here under author notes as ""bursted""",NA,15,individual,1,NA,1,NA,exogenous,wet,0,fresh,post-smolt,Poletto et al.2017_798,798,,,
2017,Poletto et al.,Conserv. Physiol.,19.8,NA,19.01584166,0,NA,0,NA,5.567129909,NA,1.716879645,2.985681938,Oncorhynchus tshawytscha,fall,juvenile,NA,"had to use an average mass for the fish but the plus/minus is only 0.02 grams (unclear if that’s SE or SD or what). Some fish were resistant to their Ucrit protocol and had to be induced to burst swimming for their MMR tests. They're highlighted in the RMR data too and are noted here under author notes as ""bursted""",NA,15,individual,1,NA,1,NA,exogenous,wet,0,fresh,post-smolt,Poletto et al.2017_799,799,,,
2017,Poletto et al.,Conserv. Physiol.,19.8,NA,20.00874667,0,NA,0,NA,4.709728097,NA,1.549630177,2.985681938,Oncorhynchus tshawytscha,fall,juvenile,NA,"had to use an average mass for the fish but the plus/minus is only 0.02 grams (unclear if that’s SE or SD or what). Some fish were resistant to their Ucrit protocol and had to be induced to burst swimming for their MMR tests. They're highlighted in the RMR data too and are noted here under author notes as ""bursted""",NA,15,individual,1,NA,1,NA,exogenous,wet,0,fresh,post-smolt,Poletto et al.2017_800,800,,,
2017,Poletto et al.,Conserv. Physiol.,19.8,NA,20.00815876,0,NA,0,NA,4.540241692,NA,1.512980247,2.985681938,Oncorhynchus tshawytscha,fall,juvenile,NA,"had to use an average mass for the fish but the plus/minus is only 0.02 grams (unclear if that’s SE or SD or what). Some fish were resistant to their Ucrit protocol and had to be induced to burst swimming for their MMR tests. They're highlighted in the RMR data too and are noted here under author notes as ""bursted""",NA,15,individual,1,NA,1,NA,exogenous,wet,0,fresh,post-smolt,Poletto et al.2017_801,801,,,
2017,Poletto et al.,Conserv. Physiol.,19.8,NA,20.00629129,0,NA,0,NA,4.001873112,NA,1.386762529,2.985681938,Oncorhynchus tshawytscha,fall,juvenile,NA,"had to use an average mass for the fish but the plus/minus is only 0.02 grams (unclear if that’s SE or SD or what). Some fish were resistant to their Ucrit protocol and had to be induced to burst swimming for their MMR tests. They're highlighted in the RMR data too and are noted here under author notes as ""bursted""",NA,15,individual,1,NA,1,NA,exogenous,wet,0,fresh,post-smolt,Poletto et al.2017_802,802,,,
2017,Poletto et al.,Conserv. Physiol.,19.8,NA,20.0060838,0,NA,0,NA,3.942054381,NA,1.371702004,2.985681938,Oncorhynchus tshawytscha,fall,juvenile,NA,"had to use an average mass for the fish but the plus/minus is only 0.02 grams (unclear if that’s SE or SD or what). Some fish were resistant to their Ucrit protocol and had to be induced to burst swimming for their MMR tests. They're highlighted in the RMR data too and are noted here under author notes as ""bursted""",NA,15,individual,1,NA,1,NA,exogenous,wet,0,fresh,post-smolt,Poletto et al.2017_803,803,,,
2017,Poletto et al.,Conserv. Physiol.,19.8,NA,21.01188816,0,NA,0,NA,3.503383686,NA,1.253729269,2.985681938,Oncorhynchus tshawytscha,fall,juvenile,NA,"had to use an average mass for the fish but the plus/minus is only 0.02 grams (unclear if that’s SE or SD or what). Some fish were resistant to their Ucrit protocol and had to be induced to burst swimming for their MMR tests. They're highlighted in the RMR data too and are noted here under author notes as ""bursted""",NA,15,individual,1,NA,1,NA,exogenous,wet,0,fresh,post-smolt,Poletto et al.2017_804,804,,,
2017,Poletto et al.,Conserv. Physiol.,19.8,NA,21.01423979,0,NA,0,NA,4.181329305,NA,1.430629212,2.985681938,Oncorhynchus tshawytscha,fall,juvenile,NA,"had to use an average mass for the fish but the plus/minus is only 0.02 grams (unclear if that’s SE or SD or what). Some fish were resistant to their Ucrit protocol and had to be induced to burst swimming for their MMR tests. They're highlighted in the RMR data too and are noted here under author notes as ""bursted""",NA,15,individual,1,NA,1,NA,exogenous,wet,0,fresh,post-smolt,Poletto et al.2017_805,805,,,
2017,Poletto et al.,Conserv. Physiol.,19.8,NA,21.01939262,0,NA,0,NA,5.666827795,NA,1.734629489,2.985681938,Oncorhynchus tshawytscha,fall,juvenile,NA,"had to use an average mass for the fish but the plus/minus is only 0.02 grams (unclear if that’s SE or SD or what). Some fish were resistant to their Ucrit protocol and had to be induced to burst swimming for their MMR tests. They're highlighted in the RMR data too and are noted here under author notes as ""bursted""",NA,15,individual,1,NA,1,NA,exogenous,wet,0,fresh,post-smolt,Poletto et al.2017_806,806,,,
2017,Poletto et al.,Conserv. Physiol.,19.8,NA,22.01036099,0,NA,0,NA,4.251117825,NA,1.447181966,2.985681938,Oncorhynchus tshawytscha,fall,juvenile,NA,"had to use an average mass for the fish but the plus/minus is only 0.02 grams (unclear if that’s SE or SD or what). Some fish were resistant to their Ucrit protocol and had to be induced to burst swimming for their MMR tests. They're highlighted in the RMR data too and are noted here under author notes as ""bursted""",NA,15,individual,1,NA,1,NA,exogenous,wet,0,fresh,post-smolt,Poletto et al.2017_807,807,,,
2017,Poletto et al.,Conserv. Physiol.,19.8,NA,22.01585964,0,NA,0,NA,5.836314199,NA,1.764099467,2.985681938,Oncorhynchus tshawytscha,fall,juvenile,NA,"had to use an average mass for the fish but the plus/minus is only 0.02 grams (unclear if that’s SE or SD or what). Some fish were resistant to their Ucrit protocol and had to be induced to burst swimming for their MMR tests. They're highlighted in the RMR data too and are noted here under author notes as ""bursted""",NA,15,individual,1,NA,1,NA,exogenous,wet,0,fresh,post-smolt,Poletto et al.2017_808,808,,,
2017,Poletto et al.,Conserv. Physiol.,19.8,NA,22.01658588,0,NA,0,NA,6.045679758,NA,1.799343927,2.985681938,Oncorhynchus tshawytscha,fall,juvenile,NA,"had to use an average mass for the fish but the plus/minus is only 0.02 grams (unclear if that’s SE or SD or what). Some fish were resistant to their Ucrit protocol and had to be induced to burst swimming for their MMR tests. They're highlighted in the RMR data too and are noted here under author notes as ""bursted""",NA,15,individual,1,NA,1,NA,exogenous,wet,0,fresh,post-smolt,Poletto et al.2017_809,809,,,
2017,Poletto et al.,Conserv. Physiol.,19.8,NA,23.01326041,0,NA,0,NA,6.274984894,NA,1.836571078,2.985681938,Oncorhynchus tshawytscha,fall,juvenile,NA,"had to use an average mass for the fish but the plus/minus is only 0.02 grams (unclear if that’s SE or SD or what). Some fish were resistant to their Ucrit protocol and had to be induced to burst swimming for their MMR tests. They're highlighted in the RMR data too and are noted here under author notes as ""bursted""",NA,15,individual,1,NA,1,NA,exogenous,wet,0,fresh,post-smolt,Poletto et al.2017_810,810,,,
2017,Poletto et al.,Conserv. Physiol.,19.8,NA,23.01498954,0,NA,0,NA,6.77347432,NA,1.913014149,2.985681938,Oncorhynchus tshawytscha,fall,juvenile,NA,"had to use an average mass for the fish but the plus/minus is only 0.02 grams (unclear if that’s SE or SD or what). Some fish were resistant to their Ucrit protocol and had to be induced to burst swimming for their MMR tests. They're highlighted in the RMR data too and are noted here under author notes as ""bursted""",NA,15,individual,1,NA,1,NA,exogenous,wet,0,fresh,post-smolt,Poletto et al.2017_811,811,,,
2017,Poletto et al.,Conserv. Physiol.,19.8,NA,23.00817674,0,NA,0,NA,4.809425982,NA,1.570577739,2.985681938,Oncorhynchus tshawytscha,fall,juvenile,NA,"had to use an average mass for the fish but the plus/minus is only 0.02 grams (unclear if that’s SE or SD or what). Some fish were resistant to their Ucrit protocol and had to be induced to burst swimming for their MMR tests. They're highlighted in the RMR data too and are noted here under author notes as ""bursted""",NA,15,individual,1,NA,1,NA,exogenous,wet,0,fresh,post-smolt,Poletto et al.2017_812,812,,,
2017,Poletto et al.,Conserv. Physiol.,19.8,NA,24.01308196,0,NA,0,NA,4.111540785,NA,1.413797845,2.985681938,Oncorhynchus tshawytscha,fall,juvenile,NA,"had to use an average mass for the fish but the plus/minus is only 0.02 grams (unclear if that’s SE or SD or what). Some fish were resistant to their Ucrit protocol and had to be induced to burst swimming for their MMR tests. They're highlighted in the RMR data too and are noted here under author notes as ""bursted""",NA,15,individual,1,NA,1,NA,exogenous,wet,0,fresh,post-smolt,Poletto et al.2017_813,813,,,
2017,Poletto et al.,Conserv. Physiol.,19.8,NA,24.02245388,0,NA,0,NA,6.813353474,NA,1.918884433,2.985681938,Oncorhynchus tshawytscha,fall,juvenile,NA,"had to use an average mass for the fish but the plus/minus is only 0.02 grams (unclear if that’s SE or SD or what). Some fish were resistant to their Ucrit protocol and had to be induced to burst swimming for their MMR tests. They're highlighted in the RMR data too and are noted here under author notes as ""bursted""",NA,15,individual,1,NA,1,NA,exogenous,wet,0,fresh,post-smolt,Poletto et al.2017_814,814,,,
2017,Poletto et al.,Conserv. Physiol.,19.8,NA,24.02553174,0,NA,0,NA,7.700664653,NA,2.041306644,2.985681938,Oncorhynchus tshawytscha,fall,juvenile,NA,"had to use an average mass for the fish but the plus/minus is only 0.02 grams (unclear if that’s SE or SD or what). Some fish were resistant to their Ucrit protocol and had to be induced to burst swimming for their MMR tests. They're highlighted in the RMR data too and are noted here under author notes as ""bursted""",NA,15,individual,1,NA,1,NA,exogenous,wet,0,fresh,post-smolt,Poletto et al.2017_815,815,,,
2017,Poletto et al.,Conserv. Physiol.,19.8,NA,24.02892085,0,NA,0,NA,8.677703927,NA,2.160756969,2.985681938,Oncorhynchus tshawytscha,fall,juvenile,NA,"had to use an average mass for the fish but the plus/minus is only 0.02 grams (unclear if that’s SE or SD or what). Some fish were resistant to their Ucrit protocol and had to be induced to burst swimming for their MMR tests. They're highlighted in the RMR data too and are noted here under author notes as ""bursted""",NA,15,individual,1,NA,1,NA,exogenous,wet,0,fresh,post-smolt,Poletto et al.2017_816,816,,,
2017,Poletto et al.,Conserv. Physiol.,19.8,NA,25.02424665,0,NA,0,NA,8.518187311,NA,2.142203561,2.985681938,Oncorhynchus tshawytscha,fall,juvenile,NA,"had to use an average mass for the fish but the plus/minus is only 0.02 grams (unclear if that’s SE or SD or what). Some fish were resistant to their Ucrit protocol and had to be induced to burst swimming for their MMR tests. They're highlighted in the RMR data too and are noted here under author notes as ""bursted""",NA,15,individual,1,NA,1,NA,exogenous,wet,0,fresh,post-smolt,Poletto et al.2017_817,817,,,
2017,Poletto et al.,Conserv. Physiol.,19.8,NA,25.02386624,0,NA,0,NA,5.108519637,NA,1.630909663,2.985681938,Oncorhynchus tshawytscha,fall,juvenile,NA,"had to use an average mass for the fish but the plus/minus is only 0.02 grams (unclear if that’s SE or SD or what). Some fish were resistant to their Ucrit protocol and had to be induced to burst swimming for their MMR tests. They're highlighted in the RMR data too and are noted here under author notes as ""bursted""",NA,15,individual,1,NA,1,NA,exogenous,wet,0,fresh,post-smolt,Poletto et al.2017_818,818,,,
2017,Poletto et al.,Conserv. Physiol.,19.8,NA,25.01138187,0,NA,0,NA,4.809425982,NA,1.570577739,2.985681938,Oncorhynchus tshawytscha,fall,juvenile,NA,"had to use an average mass for the fish but the plus/minus is only 0.02 grams (unclear if that’s SE or SD or what). Some fish were resistant to their Ucrit protocol and had to be induced to burst swimming for their MMR tests. They're highlighted in the RMR data too and are noted here under author notes as ""bursted""",NA,15,individual,1,NA,1,NA,exogenous,wet,0,fresh,post-smolt,Poletto et al.2017_819,819,,,
1991,Rombough,Physiol. Zool.,0.093218249,NA,12,0,NA,0,NA,0.027768877,NA,-3.583839419,-2.372811771,Oncorhynchus tshawytscha,fall,juvenile,NA,"gametes were harvested in the river in November, raised in lab",NA,NA,individual,1,NA,1,NA,endogenous,wet,0,fresh,pre-smolt,Rombough1991_718,718,,,
1991,Rombough,Physiol. Zool.,0.099136868,NA,12,0,NA,0,NA,0.03474684,NA,-3.359666637,-2.311253878,Oncorhynchus tshawytscha,fall,juvenile,NA,"gametes were harvested in the river in November, raised in lab",NA,NA,individual,1,NA,1,NA,endogenous,wet,0,fresh,pre-smolt,Rombough1991_719,719,,,
1991,Rombough,Physiol. Zool.,0.111713933,NA,12,0,NA,0,NA,0.043355851,NA,-3.138313607,-2.191813841,Oncorhynchus tshawytscha,fall,juvenile,NA,"gametes were harvested in the river in November, raised in lab",NA,NA,individual,1,NA,1,NA,endogenous,wet,0,fresh,pre-smolt,Rombough1991_717,717,,,
1991,Rombough,Physiol. Zool.,0.113193588,NA,12,0,NA,0,NA,0.036773862,NA,-3.302967962,-2.178655756,Oncorhynchus tshawytscha,fall,juvenile,NA,"gametes were harvested in the river in November, raised in lab",NA,NA,individual,1,NA,1,NA,endogenous,wet,0,fresh,pre-smolt,Rombough1991_721,721,,,
1991,Rombough,Physiol. Zool.,0.119852035,NA,12,0,NA,0,NA,0.052385173,NA,-2.949131693,-2.121497343,Oncorhynchus tshawytscha,fall,juvenile,NA,"gametes were harvested in the river in November, raised in lab",NA,NA,individual,1,NA,1,NA,endogenous,wet,0,fresh,pre-smolt,Rombough1991_716,716,,,
1991,Rombough,Physiol. Zool.,0.124290999,NA,12,0,NA,0,NA,0.038395783,NA,-3.259807635,-2.085129698,Oncorhynchus tshawytscha,fall,juvenile,NA,"gametes were harvested in the river in November, raised in lab",NA,NA,individual,1,NA,1,NA,endogenous,wet,0,fresh,pre-smolt,Rombough1991_720,720,,,
1991,Rombough,Physiol. Zool.,0.1324291,NA,12,0,NA,0,NA,0.063872473,NA,-2.750866792,-2.021707872,Oncorhynchus tshawytscha,fall,juvenile,NA,"gametes were harvested in the river in November, raised in lab",NA,NA,individual,1,NA,1,NA,endogenous,wet,0,fresh,pre-smolt,Rombough1991_715,715,,,
1991,Rombough,Physiol. Zool.,0.17755857,NA,12,0,NA,0,NA,0.056789559,NA,-2.868402793,-1.728454755,Oncorhynchus tshawytscha,fall,juvenile,NA,"gametes were harvested in the river in November, raised in lab",NA,NA,individual,1,NA,1,NA,endogenous,wet,0,fresh,pre-smolt,Rombough1991_711,711,,,
1991,Rombough,Physiol. Zool.,0.186436498,NA,12,0,NA,0,NA,0.080208807,NA,-2.523121963,-1.67966459,Oncorhynchus tshawytscha,fall,juvenile,NA,"gametes were harvested in the river in November, raised in lab",NA,NA,individual,1,NA,1,NA,endogenous,wet,0,fresh,pre-smolt,Rombough1991_713,713,,,
1991,Rombough,Physiol. Zool.,0.187916153,NA,12,0,NA,0,NA,0.091718922,NA,-2.38902657,-1.671759411,Oncorhynchus tshawytscha,fall,juvenile,NA,"gametes were harvested in the river in November, raised in lab",NA,NA,individual,1,NA,1,NA,endogenous,wet,0,fresh,pre-smolt,Rombough1991_714,714,,,
1991,Rombough,Physiol. Zool.,0.18865598,NA,12,0,NA,0,NA,0.076092401,NA,-2.57580687,-1.667830133,Oncorhynchus tshawytscha,fall,juvenile,NA,"gametes were harvested in the river in November, raised in lab",NA,NA,individual,1,NA,1,NA,endogenous,wet,0,fresh,pre-smolt,Rombough1991_712,712,,,
1991,Rombough,Physiol. Zool.,0.196054254,NA,12,0,NA,0,NA,0.064975217,NA,-2.733749352,-1.629363852,Oncorhynchus tshawytscha,fall,juvenile,NA,"gametes were harvested in the river in November, raised in lab",NA,NA,individual,1,NA,1,NA,endogenous,wet,0,fresh,pre-smolt,Rombough1991_710,710,,,
1991,Rombough,Physiol. Zool.,0.207151665,NA,12,0,NA,0,NA,0.066185955,NA,-2.715287004,-1.574304075,Oncorhynchus tshawytscha,fall,juvenile,NA,"gametes were harvested in the river in November, raised in lab",NA,NA,individual,1,NA,1,NA,endogenous,wet,0,fresh,pre-smolt,Rombough1991_709,709,,,
1991,Rombough,Physiol. Zool.,0.210110974,NA,12,0,NA,0,NA,0.067824607,NA,-2.690830209,-1.56011944,Oncorhynchus tshawytscha,fall,juvenile,NA,"gametes were harvested in the river in November, raised in lab",NA,NA,individual,1,NA,1,NA,endogenous,wet,0,fresh,pre-smolt,Rombough1991_708,708,,,
1991,Rombough,Physiol. Zool.,0.231565968,NA,12,0,NA,0,NA,0.066135761,NA,-2.716045668,-1.462890487,Oncorhynchus tshawytscha,fall,juvenile,NA,"gametes were harvested in the river in November, raised in lab",NA,NA,individual,1,NA,1,NA,endogenous,wet,0,fresh,pre-smolt,Rombough1991_707,707,,,
1991,Rombough,Physiol. Zool.,0.259679408,NA,12,0,NA,0,NA,0.060321383,NA,-2.808068631,-1.348307454,Oncorhynchus tshawytscha,fall,juvenile,NA,"gametes were harvested in the river in November, raised in lab",NA,NA,individual,1,NA,1,NA,endogenous,wet,0,fresh,pre-smolt,Rombough1991_706,706,,,
1991,Rombough,Physiol. Zool.,0.342540074,NA,12,0,NA,0,NA,0.119361554,NA,-2.125598122,-1.071366624,Oncorhynchus tshawytscha,fall,juvenile,NA,"gametes were harvested in the river in November, raised in lab",NA,NA,individual,1,NA,1,NA,endogenous,wet,0,fresh,pre-smolt,Rombough1991_702,702,,,
1991,Rombough,Physiol. Zool.,0.35215783,NA,12,0,NA,0,NA,0.14072336,NA,-1.960959304,-1.043675824,Oncorhynchus tshawytscha,fall,juvenile,NA,"gametes were harvested in the river in November, raised in lab",NA,NA,individual,1,NA,1,NA,endogenous,wet,0,fresh,pre-smolt,Rombough1991_703,703,,,
1991,Rombough,Physiol. Zool.,0.370653514,NA,12,0,NA,0,NA,0.10121165,NA,-2.290541412,-0.992487577,Oncorhynchus tshawytscha,fall,juvenile,NA,"gametes were harvested in the river in November, raised in lab",NA,NA,individual,1,NA,1,NA,endogenous,wet,0,fresh,pre-smolt,Rombough1991_694,694,,,
1991,Rombough,Physiol. Zool.,0.389149199,NA,12,0,NA,0,NA,0.185877572,NA,-1.682667039,-0.943792465,Oncorhynchus tshawytscha,fall,juvenile,NA,"gametes were harvested in the river in November, raised in lab",NA,NA,individual,1,NA,1,NA,endogenous,wet,0,fresh,pre-smolt,Rombough1991_705,705,,,
1991,Rombough,Physiol. Zool.,0.389889026,NA,12,0,NA,0,NA,0.121731314,NA,-2.10593901,-0.941893129,Oncorhynchus tshawytscha,fall,juvenile,NA,"gametes were harvested in the river in November, raised in lab",NA,NA,individual,1,NA,1,NA,endogenous,wet,0,fresh,pre-smolt,Rombough1991_701,701,,,
1991,Rombough,Physiol. Zool.,0.392848335,NA,12,0,NA,0,NA,0.111445624,NA,-2.194218481,-0.934331657,Oncorhynchus tshawytscha,fall,juvenile,NA,"gametes were harvested in the river in November, raised in lab",NA,NA,individual,1,NA,1,NA,endogenous,wet,0,fresh,pre-smolt,Rombough1991_695,695,,,
1991,Rombough,Physiol. Zool.,0.405425401,NA,12,0,NA,0,NA,0.129100688,NA,-2.047162653,-0.902818391,Oncorhynchus tshawytscha,fall,juvenile,NA,"gametes were harvested in the river in November, raised in lab",NA,NA,individual,1,NA,1,NA,exogenous,wet,0,fresh,pre-smolt,Rombough1991_700,700,,,
1991,Rombough,Physiol. Zool.,0.406905055,NA,12,0,NA,0,NA,0.114295014,NA,-2.168972329,-0.8991754,Oncorhynchus tshawytscha,fall,juvenile,NA,"gametes were harvested in the river in November, raised in lab",NA,NA,individual,1,NA,1,NA,exogenous,wet,0,fresh,pre-smolt,Rombough1991_696,696,,,
1991,Rombough,Physiol. Zool.,0.417262639,NA,12,0,NA,0,NA,0.162793457,NA,-1.815273018,-0.874039426,Oncorhynchus tshawytscha,fall,juvenile,NA,"gametes were harvested in the river in November, raised in lab",NA,NA,individual,1,NA,1,NA,exogenous,wet,0,fresh,pre-smolt,Rombough1991_704,704,,,
1991,Rombough,Physiol. Zool.,0.418742293,NA,12,0,NA,0,NA,0.125783836,NA,-2.073190435,-0.8704996,Oncorhynchus tshawytscha,fall,juvenile,NA,"gametes were harvested in the river in November, raised in lab",NA,NA,individual,1,NA,1,NA,exogenous,wet,0,fresh,pre-smolt,Rombough1991_699,699,,,
1991,Rombough,Physiol. Zool.,0.426880395,NA,12,0,NA,0,NA,0.130290131,NA,-2.03799154,-0.851251411,Oncorhynchus tshawytscha,fall,juvenile,NA,"gametes were harvested in the river in November, raised in lab",NA,NA,individual,1,NA,1,NA,exogenous,wet,0,fresh,pre-smolt,Rombough1991_698,698,,,
1991,Rombough,Physiol. Zool.,0.429099877,NA,12,0,NA,0,NA,0.11095991,NA,-2.198586316,-0.846065574,Oncorhynchus tshawytscha,fall,juvenile,NA,"gametes were harvested in the river in November, raised in lab",NA,NA,individual,1,NA,1,NA,exogenous,wet,0,fresh,pre-smolt,Rombough1991_697,697,,,
1991,Rombough,Physiol. Zool.,0.487546239,NA,12,0,NA,0,NA,0.12564238,NA,-2.074315659,-0.718370143,Oncorhynchus tshawytscha,fall,juvenile,NA,"gametes were harvested in the river in November, raised in lab",NA,NA,individual,1,NA,1,NA,exogenous,wet,0,fresh,pre-smolt,Rombough1991_688,688,,,
1991,Rombough,Physiol. Zool.,0.492725031,NA,12,0,NA,0,NA,0.129743575,NA,-2.042195275,-0.707804007,Oncorhynchus tshawytscha,fall,juvenile,NA,"gametes were harvested in the river in November, raised in lab",NA,NA,individual,1,NA,1,NA,exogenous,wet,0,fresh,pre-smolt,Rombough1991_689,689,,,
1991,Rombough,Physiol. Zool.,0.500863132,NA,12,0,NA,0,NA,0.153575528,NA,-1.873562793,-0.691422405,Oncorhynchus tshawytscha,fall,juvenile,NA,"gametes were harvested in the river in November, raised in lab",NA,NA,individual,1,NA,1,NA,exogenous,wet,0,fresh,pre-smolt,Rombough1991_691,691,,,
1991,Rombough,Physiol. Zool.,0.525277435,NA,12,0,NA,0,NA,0.166272045,NA,-1.794130008,-0.643828708,Oncorhynchus tshawytscha,fall,juvenile,NA,"gametes were harvested in the river in November, raised in lab",NA,NA,individual,1,NA,1,NA,exogenous,wet,0,fresh,pre-smolt,Rombough1991_692,692,,,
1991,Rombough,Physiol. Zool.,0.548212084,NA,12,0,NA,0,NA,0.139909103,NA,-1.966762328,-0.601093053,Oncorhynchus tshawytscha,fall,juvenile,NA,"gametes were harvested in the river in November, raised in lab",NA,NA,individual,1,NA,1,NA,exogenous,wet,0,fresh,pre-smolt,Rombough1991_690,690,,,
1991,Rombough,Physiol. Zool.,0.592601726,NA,12,0,NA,0,NA,0.182169816,NA,-1.702815975,-0.523232731,Oncorhynchus tshawytscha,fall,juvenile,NA,"gametes were harvested in the river in November, raised in lab",NA,NA,individual,1,NA,1,NA,exogenous,wet,0,fresh,pre-smolt,Rombough1991_693,693,,,
1991,Rombough,Physiol. Zool.,0.662145499,NA,12,0,NA,0,NA,0.15283276,NA,-1.878411027,-0.41226996,Oncorhynchus tshawytscha,fall,juvenile,NA,"gametes were harvested in the river in November, raised in lab",NA,NA,individual,1,NA,1,NA,exogenous,wet,0,fresh,pre-smolt,Rombough1991_683,683,,,
1991,Rombough,Physiol. Zool.,0.675462392,NA,12,0,NA,0,NA,0.191867882,NA,-1.650948261,-0.392357797,Oncorhynchus tshawytscha,fall,juvenile,NA,"gametes were harvested in the river in November, raised in lab",NA,NA,individual,1,NA,1,NA,exogenous,wet,0,fresh,pre-smolt,Rombough1991_684,684,,,
1991,Rombough,Physiol. Zool.,0.695437731,NA,12,0,NA,0,NA,0.296678788,NA,-1.215105249,-0.363213803,Oncorhynchus tshawytscha,fall,juvenile,NA,"gametes were harvested in the river in November, raised in lab",NA,NA,individual,1,NA,1,NA,exogenous,wet,0,fresh,pre-smolt,Rombough1991_687,687,,,
1991,Rombough,Physiol. Zool.,0.710234279,NA,12,0,NA,0,NA,0.178638499,NA,-1.722391076,-0.342160393,Oncorhynchus tshawytscha,fall,juvenile,NA,"gametes were harvested in the river in November, raised in lab",NA,NA,individual,1,NA,1,NA,exogenous,wet,0,fresh,pre-smolt,Rombough1991_682,682,,,
1991,Rombough,Physiol. Zool.,0.720591862,NA,12,0,NA,0,NA,0.213156678,NA,-1.545727807,-0.327682374,Oncorhynchus tshawytscha,fall,juvenile,NA,"gametes were harvested in the river in November, raised in lab",NA,NA,individual,1,NA,1,NA,exogenous,wet,0,fresh,pre-smolt,Rombough1991_685,685,,,
1991,Rombough,Physiol. Zool.,0.740567201,NA,12,0,NA,0,NA,0.169530084,NA,-1.774724882,-0.300338899,Oncorhynchus tshawytscha,fall,juvenile,NA,"gametes were harvested in the river in November, raised in lab",NA,NA,individual,1,NA,1,NA,exogenous,wet,0,fresh,pre-smolt,Rombough1991_681,681,,,
1991,Rombough,Physiol. Zool.,0.767940814,NA,12,0,NA,0,NA,0.229917885,NA,-1.470033056,-0.264042614,Oncorhynchus tshawytscha,fall,juvenile,NA,"gametes were harvested in the river in November, raised in lab",NA,NA,individual,1,NA,1,NA,exogenous,wet,0,fresh,pre-smolt,Rombough1991_686,686,,,
1991,Rombough,Physiol. Zool.,0.781257707,NA,12,0,NA,0,NA,0.17067998,NA,-1.767964938,-0.246850214,Oncorhynchus tshawytscha,fall,juvenile,NA,"gametes were harvested in the river in November, raised in lab",NA,NA,individual,1,NA,1,NA,exogenous,wet,0,fresh,pre-smolt,Rombough1991_680,680,,,
1991,Rombough,Physiol. Zool.,0.865598027,NA,12,0,NA,0,NA,0.347315794,NA,-1.057520845,-0.14433465,Oncorhynchus tshawytscha,fall,juvenile,NA,"gametes were harvested in the river in November, raised in lab",NA,NA,individual,1,NA,1,NA,exogenous,wet,0,fresh,pre-smolt,Rombough1991_675,675,,,
1991,Rombough,Physiol. Zool.,0.875215783,NA,12,0,NA,0,NA,0.19104602,NA,-1.655240937,-0.133284814,Oncorhynchus tshawytscha,fall,juvenile,NA,"gametes were harvested in the river in November, raised in lab",NA,NA,individual,1,NA,1,NA,exogenous,wet,0,fresh,pre-smolt,Rombough1991_679,679,,,
1991,Rombough,Physiol. Zool.,0.885573366,NA,12,0,NA,0,NA,0.297932621,NA,-1.210887924,-0.121519972,Oncorhynchus tshawytscha,fall,juvenile,NA,"gametes were harvested in the river in November, raised in lab",NA,NA,individual,1,NA,1,NA,exogenous,wet,0,fresh,pre-smolt,Rombough1991_676,676,,,
1991,Rombough,Physiol. Zool.,0.89001233,NA,12,0,NA,0,NA,0.246936652,NA,-1.398623444,-0.116519962,Oncorhynchus tshawytscha,fall,juvenile,NA,"gametes were harvested in the river in November, raised in lab",NA,NA,individual,1,NA,1,NA,exogenous,wet,0,fresh,pre-smolt,Rombough1991_678,678,,,
1991,Rombough,Physiol. Zool.,0.992848335,NA,12,0,NA,0,NA,0.291544309,NA,-1.232563283,-0.00717736,Oncorhynchus tshawytscha,fall,juvenile,NA,"gametes were harvested in the river in November, raised in lab",NA,NA,individual,1,NA,1,NA,exogenous,wet,0,fresh,pre-smolt,Rombough1991_677,677,,,
1991,Rombough,Physiol. Zool.,1.063871763,NA,12,0,NA,0,NA,0.482598948,NA,-0.728569306,0.06191486,Oncorhynchus tshawytscha,fall,juvenile,NA,"gametes were harvested in the river in November, raised in lab",NA,NA,individual,1,NA,1,NA,exogenous,wet,0,fresh,pre-smolt,Rombough1991_674,674,,,
1991,Rombough,Physiol. Zool.,0.093693694,NA,12,NA,NA,NA,NA,0.028718919,NA,-3.550199178,-3.550199178,Oncorhynchus tshawytscha,NA,larval,NA,paper says fish switched to exogenous feeding around 400mg mass,NA,NA,individual,1,NA,1,NA,endogenous,wet,0,fresh,pre-smolt,Rombough1991_299,299,,,
1991,Rombough,Physiol. Zool.,0.099099099,NA,12,NA,NA,NA,NA,0.033702703,NA,-3.390177246,-3.390177246,Oncorhynchus tshawytscha,NA,larval,NA,paper says fish switched to exogenous feeding around 400mg mass,NA,NA,individual,1,NA,1,NA,endogenous,wet,0,fresh,pre-smolt,Rombough1991_300,300,,,
1991,Rombough,Physiol. Zool.,0.10990991,NA,12,NA,NA,NA,NA,0.04467027,NA,-3.108447093,-3.108447093,Oncorhynchus tshawytscha,NA,larval,NA,paper says fish switched to exogenous feeding around 400mg mass,NA,NA,individual,1,NA,1,NA,endogenous,wet,0,fresh,pre-smolt,Rombough1991_302,302,,,
1991,Rombough,Physiol. Zool.,0.118918919,NA,12,NA,NA,NA,NA,0.053643243,NA,-2.925399759,-2.925399759,Oncorhynchus tshawytscha,NA,larval,NA,paper says fish switched to exogenous feeding around 400mg mass,NA,NA,individual,1,NA,1,NA,endogenous,wet,0,fresh,pre-smolt,Rombough1991_303,303,,,
1991,Rombough,Physiol. Zool.,0.124324324,NA,12,NA,NA,NA,NA,0.038627027,NA,-3.253803065,-3.253803065,Oncorhynchus tshawytscha,NA,larval,NA,paper says fish switched to exogenous feeding around 400mg mass,NA,NA,individual,1,NA,1,NA,endogenous,wet,0,fresh,pre-smolt,Rombough1991_301,301,,,
1991,Rombough,Physiol. Zool.,0.131531532,NA,12,NA,NA,NA,NA,0.064605405,NA,-2.739457197,-2.739457197,Oncorhynchus tshawytscha,NA,larval,NA,paper says fish switched to exogenous feeding around 400mg mass,NA,NA,individual,1,NA,1,NA,endogenous,wet,0,fresh,pre-smolt,Rombough1991_304,304,,,
1991,Rombough,Physiol. Zool.,0.176576577,NA,12,NA,NA,NA,NA,0.05647027,NA,-2.874040969,-2.874040969,Oncorhynchus tshawytscha,NA,larval,NA,paper says fish switched to exogenous feeding around 400mg mass,NA,NA,individual,1,NA,1,NA,endogenous,wet,0,fresh,pre-smolt,Rombough1991_305,305,,,
1991,Rombough,Physiol. Zool.,0.185585586,NA,12,NA,NA,NA,NA,0.079443243,NA,-2.532712434,-2.532712434,Oncorhynchus tshawytscha,NA,larval,NA,paper says fish switched to exogenous feeding around 400mg mass,NA,NA,individual,1,NA,1,NA,endogenous,wet,0,fresh,pre-smolt,Rombough1991_310,310,,,
1991,Rombough,Physiol. Zool.,0.187387387,NA,12,NA,NA,NA,NA,0.076437838,NA,-2.571277446,-2.571277446,Oncorhynchus tshawytscha,NA,larval,NA,paper says fish switched to exogenous feeding around 400mg mass,NA,NA,individual,1,NA,1,NA,endogenous,wet,0,fresh,pre-smolt,Rombough1991_309,309,,,
1991,Rombough,Physiol. Zool.,0.187387387,NA,12,NA,NA,NA,NA,0.092437838,NA,-2.381218884,-2.381218884,Oncorhynchus tshawytscha,NA,larval,NA,paper says fish switched to exogenous feeding around 400mg mass,NA,NA,individual,1,NA,1,NA,endogenous,wet,0,fresh,pre-smolt,Rombough1991_311,311,,,
1991,Rombough,Physiol. Zool.,0.194594595,NA,12,NA,NA,NA,NA,0.065416216,NA,-2.726985097,-2.726985097,Oncorhynchus tshawytscha,NA,larval,NA,paper says fish switched to exogenous feeding around 400mg mass,NA,NA,individual,1,NA,1,NA,endogenous,wet,0,fresh,pre-smolt,Rombough1991_306,306,,,
1991,Rombough,Physiol. Zool.,0.207207207,NA,12,NA,NA,NA,NA,0.066378378,NA,-2.712383902,-2.712383902,Oncorhynchus tshawytscha,NA,larval,NA,paper says fish switched to exogenous feeding around 400mg mass,NA,NA,individual,1,NA,1,NA,endogenous,wet,0,fresh,pre-smolt,Rombough1991_307,307,,,
1991,Rombough,Physiol. Zool.,0.230630631,NA,12,NA,NA,NA,NA,0.066308108,NA,-2.713443095,-2.713443095,Oncorhynchus tshawytscha,NA,larval,NA,paper says fish switched to exogenous feeding around 400mg mass,NA,NA,individual,1,NA,1,NA,endogenous,wet,0,fresh,pre-smolt,Rombough1991_308,308,,,
1991,Rombough,Physiol. Zool.,0.259459459,NA,12,NA,NA,NA,NA,0.061221622,NA,-2.793254857,-2.793254857,Oncorhynchus tshawytscha,NA,larval,NA,paper says fish switched to exogenous feeding around 400mg mass,NA,NA,individual,1,NA,1,NA,endogenous,wet,0,fresh,pre-smolt,Rombough1991_312,312,,,
1991,Rombough,Physiol. Zool.,0.342342342,NA,12,NA,NA,NA,NA,0.118972973,NA,-2.12885893,-2.12885893,Oncorhynchus tshawytscha,NA,larval,NA,paper says fish switched to exogenous feeding around 400mg mass,NA,NA,individual,1,NA,1,NA,endogenous,wet,0,fresh,pre-smolt,Rombough1991_314,314,,,
1991,Rombough,Physiol. Zool.,0.351351351,NA,12,NA,NA,NA,NA,0.140945946,NA,-1.959378824,-1.959378824,Oncorhynchus tshawytscha,NA,larval,NA,paper says fish switched to exogenous feeding around 400mg mass,NA,NA,individual,1,NA,1,NA,endogenous,wet,0,fresh,pre-smolt,Rombough1991_315,315,,,
1991,Rombough,Physiol. Zool.,0.369369369,NA,12,NA,NA,NA,NA,0.100891892,NA,-2.293705713,-2.293705713,Oncorhynchus tshawytscha,NA,larval,NA,paper says fish switched to exogenous feeding around 400mg mass,NA,NA,individual,1,NA,1,NA,endogenous,wet,0,fresh,pre-smolt,Rombough1991_313,313,,,
1991,Rombough,Physiol. Zool.,0.387387387,NA,12,NA,NA,NA,NA,0.185837838,NA,-1.682880825,-1.682880825,Oncorhynchus tshawytscha,NA,larval,NA,paper says fish switched to exogenous feeding around 400mg mass,NA,NA,individual,1,NA,1,NA,endogenous,wet,0,fresh,pre-smolt,Rombough1991_326,326,,,
1991,Rombough,Physiol. Zool.,0.389189189,NA,12,NA,NA,NA,NA,0.120832432,NA,-2.113350549,-2.113350549,Oncorhynchus tshawytscha,NA,larval,NA,paper says fish switched to exogenous feeding around 400mg mass,NA,NA,individual,1,NA,1,NA,endogenous,wet,0,fresh,pre-smolt,Rombough1991_321,321,,,
1991,Rombough,Physiol. Zool.,0.392792793,NA,12,NA,NA,NA,NA,0.111821622,NA,-2.190850341,-2.190850341,Oncorhynchus tshawytscha,NA,larval,NA,paper says fish switched to exogenous feeding around 400mg mass,NA,NA,individual,1,NA,1,NA,endogenous,wet,0,fresh,pre-smolt,Rombough1991_316,316,,,
1991,Rombough,Physiol. Zool.,0.405405405,NA,12,NA,NA,NA,NA,0.114783784,NA,-2.164705061,-2.164705061,Oncorhynchus tshawytscha,NA,larval,NA,paper says fish switched to exogenous feeding around 400mg mass,NA,NA,individual,1,NA,1,NA,exogenous,wet,0,fresh,pre-smolt,Rombough1991_317,317,,,
1991,Rombough,Physiol. Zool.,0.405405405,NA,12,NA,NA,NA,NA,0.128783784,NA,-2.049620376,-2.049620376,Oncorhynchus tshawytscha,NA,larval,NA,paper says fish switched to exogenous feeding around 400mg mass,NA,NA,individual,1,NA,1,NA,exogenous,wet,0,fresh,pre-smolt,Rombough1991_320,320,,,
1991,Rombough,Physiol. Zool.,0.416216216,NA,12,NA,NA,NA,NA,0.162751351,NA,-1.815531695,-1.815531695,Oncorhynchus tshawytscha,NA,larval,NA,paper says fish switched to exogenous feeding around 400mg mass,NA,NA,individual,1,NA,1,NA,exogenous,wet,0,fresh,pre-smolt,Rombough1991_325,325,,,
1991,Rombough,Physiol. Zool.,0.418018018,NA,12,NA,NA,NA,NA,0.125745946,NA,-2.07349171,-2.07349171,Oncorhynchus tshawytscha,NA,larval,NA,paper says fish switched to exogenous feeding around 400mg mass,NA,NA,individual,1,NA,1,NA,exogenous,wet,0,fresh,pre-smolt,Rombough1991_322,322,,,
1991,Rombough,Physiol. Zool.,0.427027027,NA,12,NA,NA,NA,NA,0.130718919,NA,-2.034705918,-2.034705918,Oncorhynchus tshawytscha,NA,larval,NA,paper says fish switched to exogenous feeding around 400mg mass,NA,NA,individual,1,NA,1,NA,exogenous,wet,0,fresh,pre-smolt,Rombough1991_319,319,,,
1991,Rombough,Physiol. Zool.,0.428828829,NA,12,NA,NA,NA,NA,0.110713514,NA,-2.200809373,-2.200809373,Oncorhynchus tshawytscha,NA,larval,NA,paper says fish switched to exogenous feeding around 400mg mass,NA,NA,individual,1,NA,1,NA,exogenous,wet,0,fresh,pre-smolt,Rombough1991_318,318,,,
1991,Rombough,Physiol. Zool.,0.488288288,NA,12,NA,NA,NA,NA,0.126535135,NA,-2.067235261,-2.067235261,Oncorhynchus tshawytscha,NA,larval,NA,paper says fish switched to exogenous feeding around 400mg mass,NA,NA,individual,1,NA,1,NA,exogenous,wet,0,fresh,pre-smolt,Rombough1991_323,323,,,
1991,Rombough,Physiol. Zool.,0.49009009,NA,12,NA,NA,NA,NA,0.12852973,NA,-2.051595042,-2.051595042,Oncorhynchus tshawytscha,NA,larval,NA,paper says fish switched to exogenous feeding around 400mg mass,NA,NA,individual,1,NA,1,NA,exogenous,wet,0,fresh,pre-smolt,Rombough1991_324,324,,,
1991,Rombough,Physiol. Zool.,0.500900901,NA,12,NA,NA,NA,NA,0.153497297,NA,-1.874072319,-1.874072319,Oncorhynchus tshawytscha,NA,larval,NA,paper says fish switched to exogenous feeding around 400mg mass,NA,NA,individual,1,NA,1,NA,exogenous,wet,0,fresh,pre-smolt,Rombough1991_327,327,,,
1991,Rombough,Physiol. Zool.,0.526126126,NA,12,NA,NA,NA,NA,0.166421622,NA,-1.793230821,-1.793230821,Oncorhynchus tshawytscha,NA,larval,NA,paper says fish switched to exogenous feeding around 400mg mass,NA,NA,individual,1,NA,1,NA,exogenous,wet,0,fresh,pre-smolt,Rombough1991_328,328,,,
1991,Rombough,Physiol. Zool.,0.547747748,NA,12,NA,NA,NA,NA,0.140356757,NA,-1.963567835,-1.963567835,Oncorhynchus tshawytscha,NA,larval,NA,paper says fish switched to exogenous feeding around 400mg mass,NA,NA,individual,1,NA,1,NA,exogenous,wet,0,fresh,pre-smolt,Rombough1991_329,329,,,
1991,Rombough,Physiol. Zool.,0.592792793,NA,12,NA,NA,NA,NA,0.182221622,NA,-1.702531631,-1.702531631,Oncorhynchus tshawytscha,NA,larval,NA,paper says fish switched to exogenous feeding around 400mg mass,NA,NA,individual,1,NA,1,NA,exogenous,wet,0,fresh,pre-smolt,Rombough1991_330,330,,,
1991,Rombough,Physiol. Zool.,0.663063063,NA,12,NA,NA,NA,NA,0.152010811,NA,-1.883803637,-1.883803637,Oncorhynchus tshawytscha,NA,larval,NA,paper says fish switched to exogenous feeding around 400mg mass,NA,NA,individual,1,NA,1,NA,exogenous,wet,0,fresh,pre-smolt,Rombough1991_331,331,,,
1991,Rombough,Physiol. Zool.,0.673873874,NA,12,NA,NA,NA,NA,0.191978378,NA,-1.650372526,-1.650372526,Oncorhynchus tshawytscha,NA,larval,NA,paper says fish switched to exogenous feeding around 400mg mass,NA,NA,individual,1,NA,1,NA,exogenous,wet,0,fresh,pre-smolt,Rombough1991_335,335,,,
1991,Rombough,Physiol. Zool.,0.695495495,NA,12,NA,NA,NA,NA,0.296913514,NA,-1.214314383,-1.214314383,Oncorhynchus tshawytscha,NA,larval,NA,paper says fish switched to exogenous feeding around 400mg mass,NA,NA,individual,1,NA,1,NA,exogenous,wet,0,fresh,pre-smolt,Rombough1991_343,343,,,
1991,Rombough,Physiol. Zool.,0.70990991,NA,12,NA,NA,NA,NA,0.17787027,NA,-1.726700813,-1.726700813,Oncorhynchus tshawytscha,NA,larval,NA,paper says fish switched to exogenous feeding around 400mg mass,NA,NA,individual,1,NA,1,NA,exogenous,wet,0,fresh,pre-smolt,Rombough1991_332,332,,,
1991,Rombough,Physiol. Zool.,0.720720721,NA,12,NA,NA,NA,NA,0.212837838,NA,-1.547224728,-1.547224728,Oncorhynchus tshawytscha,NA,larval,NA,paper says fish switched to exogenous feeding around 400mg mass,NA,NA,individual,1,NA,1,NA,exogenous,wet,0,fresh,pre-smolt,Rombough1991_336,336,,,
1991,Rombough,Physiol. Zool.,0.740540541,NA,12,NA,NA,NA,NA,0.168778378,NA,-1.779168795,-1.779168795,Oncorhynchus tshawytscha,NA,larval,NA,paper says fish switched to exogenous feeding around 400mg mass,NA,NA,individual,1,NA,1,NA,exogenous,wet,0,fresh,pre-smolt,Rombough1991_333,333,,,
1991,Rombough,Physiol. Zool.,0.767567568,NA,12,NA,NA,NA,NA,0.229697297,NA,-1.470992936,-1.470992936,Oncorhynchus tshawytscha,NA,larval,NA,paper says fish switched to exogenous feeding around 400mg mass,NA,NA,individual,1,NA,1,NA,exogenous,wet,0,fresh,pre-smolt,Rombough1991_337,337,,,
1991,Rombough,Physiol. Zool.,0.78018018,NA,12,NA,NA,NA,NA,0.170659459,NA,-1.768085173,-1.768085173,Oncorhynchus tshawytscha,NA,larval,NA,paper says fish switched to exogenous feeding around 400mg mass,NA,NA,individual,1,NA,1,NA,exogenous,wet,0,fresh,pre-smolt,Rombough1991_334,334,,,
1991,Rombough,Physiol. Zool.,0.864864865,NA,12,NA,NA,NA,NA,0.347405405,NA,-1.057262866,-1.057262866,Oncorhynchus tshawytscha,NA,larval,NA,paper says fish switched to exogenous feeding around 400mg mass,NA,NA,individual,1,NA,1,NA,exogenous,wet,0,fresh,pre-smolt,Rombough1991_342,342,,,
1991,Rombough,Physiol. Zool.,0.875675676,NA,12,NA,NA,NA,NA,0.190372973,NA,-1.658770115,-1.658770115,Oncorhynchus tshawytscha,NA,larval,NA,paper says fish switched to exogenous feeding around 400mg mass,NA,NA,individual,1,NA,1,NA,exogenous,wet,0,fresh,pre-smolt,Rombough1991_338,338,,,
1991,Rombough,Physiol. Zool.,0.886486486,NA,12,NA,NA,NA,NA,0.297340541,NA,-1.212877196,-1.212877196,Oncorhynchus tshawytscha,NA,larval,NA,paper says fish switched to exogenous feeding around 400mg mass,NA,NA,individual,1,NA,1,NA,exogenous,wet,0,fresh,pre-smolt,Rombough1991_341,341,,,
1991,Rombough,Physiol. Zool.,0.89009009,NA,12,NA,NA,NA,NA,0.24632973,NA,-1.401084276,-1.401084276,Oncorhynchus tshawytscha,NA,larval,NA,paper says fish switched to exogenous feeding around 400mg mass,NA,NA,individual,1,NA,1,NA,exogenous,wet,0,fresh,pre-smolt,Rombough1991_339,339,,,
1991,Rombough,Physiol. Zool.,0.992792793,NA,12,NA,NA,NA,NA,0.291021622,NA,-1.234357713,-1.234357713,Oncorhynchus tshawytscha,NA,larval,NA,paper says fish switched to exogenous feeding around 400mg mass,NA,NA,individual,1,NA,1,NA,exogenous,wet,0,fresh,pre-smolt,Rombough1991_340,340,,,
1991,Rombough,Physiol. Zool.,1.064864865,NA,12,NA,NA,NA,NA,0.481805405,NA,-0.73021497,-0.73021497,Oncorhynchus tshawytscha,NA,larval,NA,paper says fish switched to exogenous feeding around 400mg mass,NA,NA,individual,1,NA,1,NA,exogenous,wet,0,fresh,pre-smolt,Rombough1991_344,344,,,
2006,Thorarensen,J. Fish Biol.,520,NA,10,10.037,NA,0.297833828,NA,24.7313664,NA,3.208072333,6.253828812,Oncorhynchus tshawytscha,hatchery,juvenile,NA,"used mean mass ""mean"" length, unclear what method they used",NA,NA,individual,1,33.7,1,NA,exogenous,wet,30,salt,post-smolt,Thorarensen2006_650,650,,,
2006,Thorarensen,J. Fish Biol.,520,NA,10,10.135,NA,0.30074184,NA,56.7899904,NA,4.039360085,6.253828812,Oncorhynchus tshawytscha,hatchery,juvenile,NA,"used mean mass ""mean"" length, unclear what method they used",NA,NA,individual,1,33.7,1,NA,exogenous,wet,30,salt,post-smolt,Thorarensen2006_651,651,,,
2006,Thorarensen,J. Fish Biol.,520,NA,10,24.207,NA,0.718308605,NA,44.8820736,NA,3.804038463,6.253828812,Oncorhynchus tshawytscha,hatchery,juvenile,NA,"used mean mass ""mean"" length, unclear what method they used",NA,NA,individual,1,33.7,1,NA,exogenous,wet,30,salt,post-smolt,Thorarensen2006_652,652,,,
2006,Thorarensen,J. Fish Biol.,520,NA,10,24.108,NA,0.71537092,NA,88.3903488,NA,4.481762787,6.253828812,Oncorhynchus tshawytscha,hatchery,juvenile,NA,"used mean mass ""mean"" length, unclear what method they used",NA,NA,individual,1,33.7,1,NA,exogenous,wet,30,salt,post-smolt,Thorarensen2006_653,653,,,
2006,Thorarensen,J. Fish Biol.,520,NA,10,32.177,NA,0.954807122,NA,80.6048256,NA,4.389558519,6.253828812,Oncorhynchus tshawytscha,hatchery,juvenile,NA,"used mean mass ""mean"" length, unclear what method they used",NA,NA,individual,1,33.7,1,NA,exogenous,wet,30,salt,post-smolt,Thorarensen2006_654,654,,,
2006,Thorarensen,J. Fish Biol.,520,NA,10,32.177,NA,0.954807122,NA,55.8734592,NA,4.023089477,6.253828812,Oncorhynchus tshawytscha,hatchery,juvenile,NA,"used mean mass ""mean"" length, unclear what method they used",NA,NA,individual,1,33.7,1,NA,exogenous,wet,30,salt,post-smolt,Thorarensen2006_655,655,,,
2006,Thorarensen,J. Fish Biol.,520,NA,10,39.164,NA,1.162136499,NA,56.3317248,NA,4.031257872,6.253828812,Oncorhynchus tshawytscha,hatchery,juvenile,NA,"used mean mass ""mean"" length, unclear what method they used",NA,NA,individual,1,33.7,1,NA,exogenous,wet,30,salt,post-smolt,Thorarensen2006_656,656,,,
2006,Thorarensen,J. Fish Biol.,520,NA,10,39.065,NA,1.159198813,NA,92.0544768,NA,4.522380541,6.253828812,Oncorhynchus tshawytscha,hatchery,juvenile,NA,"used mean mass ""mean"" length, unclear what method they used",NA,NA,individual,1,33.7,1,NA,exogenous,wet,30,salt,post-smolt,Thorarensen2006_657,657,,,
2006,Thorarensen,J. Fish Biol.,520,NA,10,45.953,NA,1.363590504,NA,87.0165504,NA,4.466098335,6.253828812,Oncorhynchus tshawytscha,hatchery,juvenile,NA,"used mean mass ""mean"" length, unclear what method they used",NA,NA,individual,1,33.7,1,NA,exogenous,wet,30,salt,post-smolt,Thorarensen2006_658,658,,,
2006,Thorarensen,J. Fish Biol.,520,NA,10,46.052,NA,1.36652819,NA,115.869312,NA,4.752462935,6.253828812,Oncorhynchus tshawytscha,hatchery,juvenile,NA,"used mean mass ""mean"" length, unclear what method they used",NA,NA,individual,1,33.7,1,NA,exogenous,wet,30,salt,post-smolt,Thorarensen2006_659,659,,,
2006,Thorarensen,J. Fish Biol.,520,NA,10,48.02,NA,1.424925816,NA,98.4662016,NA,4.589713358,6.253828812,Oncorhynchus tshawytscha,hatchery,juvenile,NA,"used mean mass ""mean"" length, unclear what method they used",NA,NA,individual,1,33.7,1,NA,exogenous,wet,30,salt,post-smolt,Thorarensen2006_660,660,,,
2006,Thorarensen,J. Fish Biol.,520,NA,10,48.118,NA,1.427833828,NA,133.2724224,NA,4.892395322,6.253828812,Oncorhynchus tshawytscha,hatchery,juvenile,NA,"used mean mass ""mean"" length, unclear what method they used",NA,NA,individual,1,33.7,1,NA,exogenous,wet,30,salt,post-smolt,Thorarensen2006_661,661,,,
2006,Thorarensen,J. Fish Biol.,520,NA,10,54.121,NA,1.605964392,NA,115.869312,NA,4.752462935,6.253828812,Oncorhynchus tshawytscha,hatchery,juvenile,NA,"used mean mass ""mean"" length, unclear what method they used",NA,NA,individual,1,33.7,1,NA,exogenous,wet,30,salt,post-smolt,Thorarensen2006_662,662,,,
2006,Thorarensen,J. Fish Biol.,520,NA,10,54.121,NA,1.605964392,NA,183.1924224,NA,5.210537089,6.253828812,Oncorhynchus tshawytscha,hatchery,juvenile,NA,"used mean mass ""mean"" length, unclear what method they used",NA,NA,individual,1,33.7,1,NA,exogenous,wet,30,salt,post-smolt,Thorarensen2006_663,663,,,
2006,Thorarensen,J. Fish Biol.,520,NA,10,61.107,NA,1.813264095,NA,166.7048448,NA,5.116224852,6.253828812,Oncorhynchus tshawytscha,hatchery,juvenile,NA,"used mean mass ""mean"" length, unclear what method they used",NA,NA,individual,1,33.7,1,NA,exogenous,wet,30,salt,post-smolt,Thorarensen2006_664,664,,,
2006,Thorarensen,J. Fish Biol.,520,NA,10,60.123,NA,1.784065282,NA,179.0710272,NA,5.187782527,6.253828812,Oncorhynchus tshawytscha,hatchery,juvenile,NA,"used mean mass ""mean"" length, unclear what method they used",NA,NA,individual,1,33.7,1,NA,exogenous,wet,30,salt,post-smolt,Thorarensen2006_665,665,,,
2006,Thorarensen,J. Fish Biol.,520,NA,10,60.221,NA,1.786973294,NA,222.1210368,NA,5.403222444,6.253828812,Oncorhynchus tshawytscha,hatchery,juvenile,NA,"used mean mass ""mean"" length, unclear what method they used",NA,NA,individual,1,33.7,1,NA,exogenous,wet,30,salt,post-smolt,Thorarensen2006_666,666,,,
2006,Thorarensen,J. Fish Biol.,520,NA,10,65.141,NA,1.932967359,NA,207.9237888,NA,5.337171613,6.253828812,Oncorhynchus tshawytscha,hatchery,juvenile,NA,"used mean mass ""mean"" length, unclear what method they used",NA,NA,individual,1,33.7,1,NA,exogenous,wet,30,salt,post-smolt,Thorarensen2006_667,667,,,
2006,Thorarensen,J. Fish Biol.,520,NA,10,65.338,NA,1.938813056,NA,246.3941376,NA,5.506932439,6.253828812,Oncorhynchus tshawytscha,hatchery,juvenile,NA,"used mean mass ""mean"" length, unclear what method they used",NA,NA,individual,1,33.7,1,NA,exogenous,wet,30,salt,post-smolt,Thorarensen2006_668,668,,,
2006,Thorarensen,J. Fish Biol.,520,NA,10,66.125,NA,1.962166172,NA,216.1675776,NA,5.376053929,6.253828812,Oncorhynchus tshawytscha,hatchery,juvenile,NA,"used mean mass ""mean"" length, unclear what method they used",NA,NA,individual,1,33.7,1,NA,exogenous,wet,30,salt,post-smolt,Thorarensen2006_669,669,,,
2006,Thorarensen,J. Fish Biol.,520,NA,10,70.258,NA,2.084807122,NA,239.5241472,NA,5.478654235,6.253828812,Oncorhynchus tshawytscha,hatchery,juvenile,NA,"used mean mass ""mean"" length, unclear what method they used",NA,NA,individual,1,33.7,1,NA,exogenous,wet,30,salt,post-smolt,Thorarensen2006_670,670,,,
2006,Thorarensen,J. Fish Biol.,520,NA,10,74.096,NA,2.198694362,NA,245.4786048,NA,5.503209794,6.253828812,Oncorhynchus tshawytscha,hatchery,juvenile,NA,"used mean mass ""mean"" length, unclear what method they used",NA,NA,individual,1,33.7,1,NA,exogenous,wet,30,salt,post-smolt,Thorarensen2006_671,671,,,
1993,Thorarensen et al.,J. Exp. Biol.,362,15.9,10,10.90086287,NA,0.3815302,NA,23.09808747,NA,3.13974982,5.891644212,Oncorhynchus tshawytscha,hatchery,juvenile,NA,"HS: fish excercised for 8 months at 1.5 BL/s. Unclear which length is given in the article, assuming here that it is fork length",NA,9.5,individual,1,30.1,1,NA,exogenous,wet,30,salt,post-smolt,Thorarensen et al.1993_933,933,,,
1993,Thorarensen et al.,J. Exp. Biol.,362,15.9,10,9.671276462,NA,0.338494676,NA,33.78102851,NA,3.519899358,5.891644212,Oncorhynchus tshawytscha,hatchery,juvenile,NA,"HS: fish excercised for 8 months at 1.5 BL/s. Unclear which length is given in the article, assuming here that it is fork length",NA,9.5,individual,1,30.1,1,NA,exogenous,wet,30,salt,post-smolt,Thorarensen et al.1993_934,934,,,
1993,Thorarensen et al.,J. Exp. Biol.,362,15.9,10,10.52207986,NA,0.368272795,NA,36.26966506,NA,3.590981719,5.891644212,Oncorhynchus tshawytscha,hatchery,juvenile,NA,"HS: fish excercised for 8 months at 1.5 BL/s. Unclear which length is given in the article, assuming here that it is fork length",NA,9.5,individual,1,30.1,1,NA,exogenous,wet,30,salt,post-smolt,Thorarensen et al.1993_935,935,,,
1993,Thorarensen et al.,J. Exp. Biol.,362,15.9,10,11.21962988,NA,0.392687046,NA,40.89455998,NA,3.710997046,5.891644212,Oncorhynchus tshawytscha,hatchery,juvenile,NA,"HS: fish excercised for 8 months at 1.5 BL/s. Unclear which length is given in the article, assuming here that it is fork length",NA,9.5,individual,1,30.1,1,NA,exogenous,wet,30,salt,post-smolt,Thorarensen et al.1993_936,936,,,
1993,Thorarensen et al.,J. Exp. Biol.,362,15.9,10,10.60523217,NA,0.371183126,NA,46.94793338,NA,3.849039187,5.891644212,Oncorhynchus tshawytscha,hatchery,juvenile,NA,"HS: fish excercised for 8 months at 1.5 BL/s. Unclear which length is given in the article, assuming here that it is fork length",NA,9.5,individual,1,30.1,1,NA,exogenous,wet,30,salt,post-smolt,Thorarensen et al.1993_937,937,,,
1993,Thorarensen et al.,J. Exp. Biol.,362,15.9,10,10.30090064,NA,0.360531522,NA,55.13591595,NA,4.009801336,5.891644212,Oncorhynchus tshawytscha,hatchery,juvenile,NA,"HS: fish excercised for 8 months at 1.5 BL/s. Unclear which length is given in the article, assuming here that it is fork length",NA,9.5,individual,1,30.1,1,NA,exogenous,wet,30,salt,post-smolt,Thorarensen et al.1993_938,938,,,
1993,Thorarensen et al.,J. Exp. Biol.,362,15.9,10,10.69550335,NA,0.374342617,NA,70.44045352,NA,4.254767722,5.891644212,Oncorhynchus tshawytscha,hatchery,juvenile,NA,"HS: fish excercised for 8 months at 1.5 BL/s. Unclear which length is given in the article, assuming here that it is fork length",NA,9.5,individual,1,30.1,1,NA,exogenous,wet,30,salt,post-smolt,Thorarensen et al.1993_939,939,,,
1993,Thorarensen et al.,J. Exp. Biol.,362,15.9,10,10.23851168,NA,0.358347909,NA,81.83254878,NA,4.404675071,5.891644212,Oncorhynchus tshawytscha,hatchery,juvenile,NA,"HS: fish excercised for 8 months at 1.5 BL/s. Unclear which length is given in the article, assuming here that it is fork length",NA,9.5,individual,1,30.1,1,NA,exogenous,wet,30,salt,post-smolt,Thorarensen et al.1993_940,940,,,
1993,Thorarensen et al.,J. Exp. Biol.,362,15.9,10,10.08980648,NA,0.353143227,NA,92.15569026,NA,4.523479432,5.891644212,Oncorhynchus tshawytscha,hatchery,juvenile,NA,"HS: fish excercised for 8 months at 1.5 BL/s. Unclear which length is given in the article, assuming here that it is fork length",NA,9.5,individual,1,30.1,1,NA,exogenous,wet,30,salt,post-smolt,Thorarensen et al.1993_941,941,,,
1993,Thorarensen et al.,J. Exp. Biol.,362,15.9,10,10.40224561,NA,0.364078596,NA,98.56171671,NA,4.590682918,5.891644212,Oncorhynchus tshawytscha,hatchery,juvenile,NA,"HS: fish excercised for 8 months at 1.5 BL/s. Unclear which length is given in the article, assuming here that it is fork length",NA,9.5,individual,1,30.1,1,NA,exogenous,wet,30,salt,post-smolt,Thorarensen et al.1993_942,942,,,
1993,Thorarensen et al.,J. Exp. Biol.,362,15.9,10,10.28527868,NA,0.359984754,NA,27.01575223,NA,3.296420112,5.891644212,Oncorhynchus tshawytscha,hatchery,juvenile,NA,"HS: fish excercised for 8 months at 1.5 BL/s. Unclear which length is given in the article, assuming here that it is fork length",NA,9.5,individual,1,30.1,1,NA,exogenous,wet,30,salt,post-smolt,Thorarensen et al.1993_943,943,,,
1993,Thorarensen et al.,J. Exp. Biol.,362,15.9,10,20.13116511,NA,0.704590779,NA,97.10327784,NA,4.575775132,5.891644212,Oncorhynchus tshawytscha,hatchery,juvenile,NA,"HS: fish excercised for 8 months at 1.5 BL/s. Unclear which length is given in the article, assuming here that it is fork length",NA,9.5,individual,1,30.1,1,NA,exogenous,wet,30,salt,post-smolt,Thorarensen et al.1993_944,944,,,
1993,Thorarensen et al.,J. Exp. Biol.,362,15.9,10,29.6307978,NA,1.037077923,NA,99.91708084,NA,4.60434065,5.891644212,Oncorhynchus tshawytscha,hatchery,juvenile,NA,"HS: fish excercised for 8 months at 1.5 BL/s. Unclear which length is given in the article, assuming here that it is fork length",NA,9.5,individual,1,30.1,1,NA,exogenous,wet,30,salt,post-smolt,Thorarensen et al.1993_945,945,,,
1993,Thorarensen et al.,J. Exp. Biol.,362,15.9,10,28.77781919,NA,1.007223672,NA,93.51297845,NA,4.538100234,5.891644212,Oncorhynchus tshawytscha,hatchery,juvenile,NA,"HS: fish excercised for 8 months at 1.5 BL/s. Unclear which length is given in the article, assuming here that it is fork length",NA,9.5,individual,1,30.1,1,NA,exogenous,wet,30,salt,post-smolt,Thorarensen et al.1993_946,946,,,
1993,Thorarensen et al.,J. Exp. Biol.,362,15.9,10,29.00137137,NA,1.015047998,NA,78.91814483,NA,4.368411174,5.891644212,Oncorhynchus tshawytscha,hatchery,juvenile,NA,"HS: fish excercised for 8 months at 1.5 BL/s. Unclear which length is given in the article, assuming here that it is fork length",NA,9.5,individual,1,30.1,1,NA,exogenous,wet,30,salt,post-smolt,Thorarensen et al.1993_947,947,,,
1993,Thorarensen et al.,J. Exp. Biol.,362,15.9,10,28.29610924,NA,0.990363824,NA,60.41114377,NA,4.101173587,5.891644212,Oncorhynchus tshawytscha,hatchery,juvenile,NA,"HS: fish excercised for 8 months at 1.5 BL/s. Unclear which length is given in the article, assuming here that it is fork length",NA,9.5,individual,1,30.1,1,NA,exogenous,wet,30,salt,post-smolt,Thorarensen et al.1993_948,948,,,
1993,Thorarensen et al.,J. Exp. Biol.,362,15.9,10,30.76714683,NA,1.076850139,NA,60.40234806,NA,4.101027979,5.891644212,Oncorhynchus tshawytscha,hatchery,juvenile,NA,"HS: fish excercised for 8 months at 1.5 BL/s. Unclear which length is given in the article, assuming here that it is fork length",NA,9.5,individual,1,30.1,1,NA,exogenous,wet,30,salt,post-smolt,Thorarensen et al.1993_949,949,,,
1993,Thorarensen et al.,J. Exp. Biol.,362,15.9,10,28.9891111,NA,1.014618889,NA,56.84915558,NA,4.040401367,5.891644212,Oncorhynchus tshawytscha,hatchery,juvenile,NA,"HS: fish excercised for 8 months at 1.5 BL/s. Unclear which length is given in the article, assuming here that it is fork length",NA,9.5,individual,1,30.1,1,NA,exogenous,wet,30,salt,post-smolt,Thorarensen et al.1993_950,950,,,
1993,Thorarensen et al.,J. Exp. Biol.,362,15.9,10,29.90981781,NA,1.046843623,NA,46.16731401,NA,3.832272059,5.891644212,Oncorhynchus tshawytscha,hatchery,juvenile,NA,"HS: fish excercised for 8 months at 1.5 BL/s. Unclear which length is given in the article, assuming here that it is fork length",NA,9.5,individual,1,30.1,1,NA,exogenous,wet,30,salt,post-smolt,Thorarensen et al.1993_951,951,,,
1993,Thorarensen et al.,J. Exp. Biol.,362,15.9,10,28.28800165,NA,0.990080058,NA,45.81713475,NA,3.824658142,5.891644212,Oncorhynchus tshawytscha,hatchery,juvenile,NA,"HS: fish excercised for 8 months at 1.5 BL/s. Unclear which length is given in the article, assuming here that it is fork length",NA,9.5,individual,1,30.1,1,NA,exogenous,wet,30,salt,post-smolt,Thorarensen et al.1993_952,952,,,
1993,Thorarensen et al.,J. Exp. Biol.,362,15.9,10,28.4394753,NA,0.995381636,NA,40.47731343,NA,3.700741655,5.891644212,Oncorhynchus tshawytscha,hatchery,juvenile,NA,"HS: fish excercised for 8 months at 1.5 BL/s. Unclear which length is given in the article, assuming here that it is fork length",NA,9.5,individual,1,30.1,1,NA,exogenous,wet,30,salt,post-smolt,Thorarensen et al.1993_953,953,,,
1993,Thorarensen et al.,J. Exp. Biol.,362,15.9,10,26.82022984,NA,0.938708044,NA,44.75450289,NA,3.801192063,5.891644212,Oncorhynchus tshawytscha,hatchery,juvenile,NA,"HS: fish excercised for 8 months at 1.5 BL/s. Unclear which length is given in the article, assuming here that it is fork length",NA,9.5,individual,1,30.1,1,NA,exogenous,wet,30,salt,post-smolt,Thorarensen et al.1993_954,954,,,
1993,Thorarensen et al.,J. Exp. Biol.,362,15.9,10,36.63902503,NA,1.282365876,NA,66.07668128,NA,4.190815905,5.891644212,Oncorhynchus tshawytscha,hatchery,juvenile,NA,"HS: fish excercised for 8 months at 1.5 BL/s. Unclear which length is given in the article, assuming here that it is fork length",NA,9.5,individual,1,30.1,1,NA,exogenous,wet,30,salt,post-smolt,Thorarensen et al.1993_955,955,,,
1993,Thorarensen et al.,J. Exp. Biol.,362,15.9,10,37.87098439,NA,1.325484454,NA,59.66515751,NA,4.088748224,5.891644212,Oncorhynchus tshawytscha,hatchery,juvenile,NA,"HS: fish excercised for 8 months at 1.5 BL/s. Unclear which length is given in the article, assuming here that it is fork length",NA,9.5,individual,1,30.1,1,NA,exogenous,wet,30,salt,post-smolt,Thorarensen et al.1993_956,956,,,
1993,Thorarensen et al.,J. Exp. Biol.,362,15.9,10,37.32293056,NA,1.30630257,NA,46.14092687,NA,3.831700341,5.891644212,Oncorhynchus tshawytscha,hatchery,juvenile,NA,"HS: fish excercised for 8 months at 1.5 BL/s. Unclear which length is given in the article, assuming here that it is fork length",NA,9.5,individual,1,30.1,1,NA,exogenous,wet,30,salt,post-smolt,Thorarensen et al.1993_957,957,,,
1993,Thorarensen et al.,J. Exp. Biol.,362,15.9,10,38.96926726,NA,1.363924354,NA,90.62908463,NA,4.506775184,5.891644212,Oncorhynchus tshawytscha,hatchery,juvenile,NA,"HS: fish excercised for 8 months at 1.5 BL/s. Unclear which length is given in the article, assuming here that it is fork length",NA,9.5,individual,1,30.1,1,NA,exogenous,wet,30,salt,post-smolt,Thorarensen et al.1993_958,958,,,
1993,Thorarensen et al.,J. Exp. Biol.,362,15.9,10,43.88860161,NA,1.536101056,NA,49.67707766,NA,3.905543613,5.891644212,Oncorhynchus tshawytscha,hatchery,juvenile,NA,"HS: fish excercised for 8 months at 1.5 BL/s. Unclear which length is given in the article, assuming here that it is fork length",NA,9.5,individual,1,30.1,1,NA,exogenous,wet,30,salt,post-smolt,Thorarensen et al.1993_959,959,,,
1993,Thorarensen et al.,J. Exp. Biol.,362,15.9,10,43.28705741,NA,1.515047009,NA,78.86729463,NA,4.367766625,5.891644212,Oncorhynchus tshawytscha,hatchery,juvenile,NA,"HS: fish excercised for 8 months at 1.5 BL/s. Unclear which length is given in the article, assuming here that it is fork length",NA,9.5,individual,1,30.1,1,NA,exogenous,wet,30,salt,post-smolt,Thorarensen et al.1993_960,960,,,
1993,Thorarensen et al.,J. Exp. Biol.,362,15.9,10,42.90234201,NA,1.50158197,NA,81.36032903,NA,4.398887796,5.891644212,Oncorhynchus tshawytscha,hatchery,juvenile,NA,"HS: fish excercised for 8 months at 1.5 BL/s. Unclear which length is given in the article, assuming here that it is fork length",NA,9.5,individual,1,30.1,1,NA,exogenous,wet,30,salt,post-smolt,Thorarensen et al.1993_961,961,,,
1993,Thorarensen et al.,J. Exp. Biol.,362,15.9,10,46.99361378,NA,1.644776482,NA,78.85410106,NA,4.367599323,5.891644212,Oncorhynchus tshawytscha,hatchery,juvenile,NA,"HS: fish excercised for 8 months at 1.5 BL/s. Unclear which length is given in the article, assuming here that it is fork length",NA,9.5,individual,1,30.1,1,NA,exogenous,wet,30,salt,post-smolt,Thorarensen et al.1993_962,962,,,
1993,Thorarensen et al.,J. Exp. Biol.,362,15.9,10,48.84491451,NA,1.709572008,NA,75.28798988,NA,4.321320625,5.891644212,Oncorhynchus tshawytscha,hatchery,juvenile,NA,"HS: fish excercised for 8 months at 1.5 BL/s. Unclear which length is given in the article, assuming here that it is fork length",NA,9.5,individual,1,30.1,1,NA,exogenous,wet,30,salt,post-smolt,Thorarensen et al.1993_963,963,,,
1993,Thorarensen et al.,J. Exp. Biol.,362,15.9,10,48.31307587,NA,1.690957656,NA,90.95177728,NA,4.510329446,5.891644212,Oncorhynchus tshawytscha,hatchery,juvenile,NA,"HS: fish excercised for 8 months at 1.5 BL/s. Unclear which length is given in the article, assuming here that it is fork length",NA,9.5,individual,1,30.1,1,NA,exogenous,wet,30,salt,post-smolt,Thorarensen et al.1993_964,964,,,
1993,Thorarensen et al.,J. Exp. Biol.,362,15.9,10,46.77718047,NA,1.637201317,NA,106.2631865,NA,4.665918908,5.891644212,Oncorhynchus tshawytscha,hatchery,juvenile,NA,"HS: fish excercised for 8 months at 1.5 BL/s. Unclear which length is given in the article, assuming here that it is fork length",NA,9.5,individual,1,30.1,1,NA,exogenous,wet,30,salt,post-smolt,Thorarensen et al.1993_965,965,,,
1993,Thorarensen et al.,J. Exp. Biol.,362,15.9,10,46.54591619,NA,1.629107067,NA,106.975914,NA,4.672603706,5.891644212,Oncorhynchus tshawytscha,hatchery,juvenile,NA,"HS: fish excercised for 8 months at 1.5 BL/s. Unclear which length is given in the article, assuming here that it is fork length",NA,9.5,individual,1,30.1,1,NA,exogenous,wet,30,salt,post-smolt,Thorarensen et al.1993_966,966,,,
1993,Thorarensen et al.,J. Exp. Biol.,362,15.9,10,52.55779877,NA,1.839522957,NA,86.66524238,NA,4.462052908,5.891644212,Oncorhynchus tshawytscha,hatchery,juvenile,NA,"HS: fish excercised for 8 months at 1.5 BL/s. Unclear which length is given in the article, assuming here that it is fork length",NA,9.5,individual,1,30.1,1,NA,exogenous,wet,30,salt,post-smolt,Thorarensen et al.1993_967,967,,,
1993,Thorarensen et al.,J. Exp. Biol.,362,15.9,10,50.54236862,NA,1.768982902,NA,72.79028275,NA,4.287582468,5.891644212,Oncorhynchus tshawytscha,hatchery,juvenile,NA,"HS: fish excercised for 8 months at 1.5 BL/s. Unclear which length is given in the article, assuming here that it is fork length",NA,9.5,individual,1,30.1,1,NA,exogenous,wet,30,salt,post-smolt,Thorarensen et al.1993_968,968,,,
1993,Thorarensen et al.,J. Exp. Biol.,362,15.9,10,50.83720834,NA,1.779302292,NA,47.51663108,NA,3.861079778,5.891644212,Oncorhynchus tshawytscha,hatchery,juvenile,NA,"HS: fish excercised for 8 months at 1.5 BL/s. Unclear which length is given in the article, assuming here that it is fork length",NA,9.5,individual,1,30.1,1,NA,exogenous,wet,30,salt,post-smolt,Thorarensen et al.1993_969,969,,,
1993,Thorarensen et al.,J. Exp. Biol.,362,15.9,10,56.64412689,NA,1.982544441,NA,75.26022842,NA,4.32095182,5.891644212,Oncorhynchus tshawytscha,hatchery,juvenile,NA,"HS: fish excercised for 8 months at 1.5 BL/s. Unclear which length is given in the article, assuming here that it is fork length",NA,9.5,individual,1,30.1,1,NA,exogenous,wet,30,salt,post-smolt,Thorarensen et al.1993_970,970,,,
1993,Thorarensen et al.,J. Exp. Biol.,362,15.9,10,56.80667433,NA,1.988233602,NA,89.85368771,NA,4.498182655,5.891644212,Oncorhynchus tshawytscha,hatchery,juvenile,NA,"HS: fish excercised for 8 months at 1.5 BL/s. Unclear which length is given in the article, assuming here that it is fork length",NA,9.5,individual,1,30.1,1,NA,exogenous,wet,30,salt,post-smolt,Thorarensen et al.1993_971,971,,,
1993,Thorarensen et al.,J. Exp. Biol.,362,15.9,10,59.82200857,NA,2.0937703,NA,96.60604528,NA,4.57064132,5.891644212,Oncorhynchus tshawytscha,hatchery,juvenile,NA,"HS: fish excercised for 8 months at 1.5 BL/s. Unclear which length is given in the article, assuming here that it is fork length",NA,9.5,individual,1,30.1,1,NA,exogenous,wet,30,salt,post-smolt,Thorarensen et al.1993_972,972,,,
1993,Thorarensen et al.,J. Exp. Biol.,362,15.9,10,58.82427968,NA,2.058849789,NA,107.6441132,NA,4.678830537,5.891644212,Oncorhynchus tshawytscha,hatchery,juvenile,NA,"HS: fish excercised for 8 months at 1.5 BL/s. Unclear which length is given in the article, assuming here that it is fork length",NA,9.5,individual,1,30.1,1,NA,exogenous,wet,30,salt,post-smolt,Thorarensen et al.1993_973,973,,,
1993,Thorarensen et al.,J. Exp. Biol.,362,15.9,10,56.04456015,NA,1.961559605,NA,108.0099598,NA,4.682223443,5.891644212,Oncorhynchus tshawytscha,hatchery,juvenile,NA,"HS: fish excercised for 8 months at 1.5 BL/s. Unclear which length is given in the article, assuming here that it is fork length",NA,9.5,individual,1,30.1,1,NA,exogenous,wet,30,salt,post-smolt,Thorarensen et al.1993_974,974,,,
1993,Thorarensen et al.,J. Exp. Biol.,362,15.9,10,57.7507151,NA,2.021275029,NA,121.174116,NA,4.797228486,5.891644212,Oncorhynchus tshawytscha,hatchery,juvenile,NA,"HS: fish excercised for 8 months at 1.5 BL/s. Unclear which length is given in the article, assuming here that it is fork length",NA,9.5,individual,1,30.1,1,NA,exogenous,wet,30,salt,post-smolt,Thorarensen et al.1993_975,975,,,
1993,Thorarensen et al.,J. Exp. Biol.,362,15.9,10,59.83426884,NA,2.094199409,NA,118.6750345,NA,4.776388955,5.891644212,Oncorhynchus tshawytscha,hatchery,juvenile,NA,"HS: fish excercised for 8 months at 1.5 BL/s. Unclear which length is given in the article, assuming here that it is fork length",NA,9.5,individual,1,30.1,1,NA,exogenous,wet,30,salt,post-smolt,Thorarensen et al.1993_976,976,,,
1993,Thorarensen et al.,J. Exp. Biol.,362,15.9,10,60.44985303,NA,2.115744856,NA,114.7573698,NA,4.742820071,5.891644212,Oncorhynchus tshawytscha,hatchery,juvenile,NA,"HS: fish excercised for 8 months at 1.5 BL/s. Unclear which length is given in the article, assuming here that it is fork length",NA,9.5,individual,1,30.1,1,NA,exogenous,wet,30,salt,post-smolt,Thorarensen et al.1993_977,977,,,
1993,Thorarensen et al.,J. Exp. Biol.,362,15.9,10,61.91624061,NA,2.167068421,NA,113.3283416,NA,4.730289283,5.891644212,Oncorhynchus tshawytscha,hatchery,juvenile,NA,"HS: fish excercised for 8 months at 1.5 BL/s. Unclear which length is given in the article, assuming here that it is fork length",NA,9.5,individual,1,30.1,1,NA,exogenous,wet,30,salt,post-smolt,Thorarensen et al.1993_978,978,,,
1993,Thorarensen et al.,J. Exp. Biol.,362,15.9,10,63.14997968,NA,2.210249289,NA,110.1203807,NA,4.701574138,5.891644212,Oncorhynchus tshawytscha,hatchery,juvenile,NA,"HS: fish excercised for 8 months at 1.5 BL/s. Unclear which length is given in the article, assuming here that it is fork length",NA,9.5,individual,1,30.1,1,NA,exogenous,wet,30,salt,post-smolt,Thorarensen et al.1993_979,979,,,
1993,Thorarensen et al.,J. Exp. Biol.,362,15.9,10,63.29967362,NA,2.215488577,NA,101.5769965,NA,4.620817097,5.891644212,Oncorhynchus tshawytscha,hatchery,juvenile,NA,"HS: fish excercised for 8 months at 1.5 BL/s. Unclear which length is given in the article, assuming here that it is fork length",NA,9.5,individual,1,30.1,1,NA,exogenous,wet,30,salt,post-smolt,Thorarensen et al.1993_980,980,,,
1993,Thorarensen et al.,J. Exp. Biol.,362,15.9,10,65.23353342,NA,2.28317367,NA,107.6212993,NA,4.678618577,5.891644212,Oncorhynchus tshawytscha,hatchery,juvenile,NA,"HS: fish excercised for 8 months at 1.5 BL/s. Unclear which length is given in the article, assuming here that it is fork length",NA,9.5,individual,1,30.1,1,NA,exogenous,wet,30,salt,post-smolt,Thorarensen et al.1993_981,981,,,
1993,Thorarensen et al.,J. Exp. Biol.,362,15.9,10,66.15641533,NA,2.315474537,NA,100.8549235,NA,4.613683084,5.891644212,Oncorhynchus tshawytscha,hatchery,juvenile,NA,"HS: fish excercised for 8 months at 1.5 BL/s. Unclear which length is given in the article, assuming here that it is fork length",NA,9.5,individual,1,30.1,1,NA,exogenous,wet,30,salt,post-smolt,Thorarensen et al.1993_982,982,,,
1993,Thorarensen et al.,J. Exp. Biol.,362,15.9,10,64.44373475,NA,2.255530716,NA,75.94436983,NA,4.330001096,5.891644212,Oncorhynchus tshawytscha,hatchery,juvenile,NA,"HS: fish excercised for 8 months at 1.5 BL/s. Unclear which length is given in the article, assuming here that it is fork length",NA,9.5,individual,1,30.1,1,NA,exogenous,wet,30,salt,post-smolt,Thorarensen et al.1993_983,983,,,
1993,Thorarensen et al.,J. Exp. Biol.,362,15.9,10,49.95446892,NA,1.748406412,NA,126.541149,NA,4.840567544,5.891644212,Oncorhynchus tshawytscha,hatchery,juvenile,NA,"HS: fish excercised for 8 months at 1.5 BL/s. Unclear which length is given in the article, assuming here that it is fork length",NA,9.5,individual,1,30.1,1,NA,exogenous,wet,30,salt,post-smolt,Thorarensen et al.1993_984,984,,,
1993,Thorarensen et al.,J. Exp. Biol.,362,15.9,10,55.53289163,NA,1.943651207,NA,159.980794,NA,5.075053771,5.891644212,Oncorhynchus tshawytscha,hatchery,juvenile,NA,"HS: fish excercised for 8 months at 1.5 BL/s. Unclear which length is given in the article, assuming here that it is fork length",NA,9.5,individual,1,30.1,1,NA,exogenous,wet,30,salt,post-smolt,Thorarensen et al.1993_985,985,,,
1993,Thorarensen et al.,J. Exp. Biol.,362,15.9,10,68.92209488,NA,2.412273321,NA,75.21652473,NA,4.320370951,5.891644212,Oncorhynchus tshawytscha,hatchery,juvenile,NA,"HS: fish excercised for 8 months at 1.5 BL/s. Unclear which length is given in the article, assuming here that it is fork length",NA,9.5,individual,1,30.1,1,NA,exogenous,wet,30,salt,post-smolt,Thorarensen et al.1993_986,986,,,
1993,Thorarensen et al.,J. Exp. Biol.,362,15.9,10,69.54637991,NA,2.434123297,NA,86.9607233,NA,4.46545656,5.891644212,Oncorhynchus tshawytscha,hatchery,juvenile,NA,"HS: fish excercised for 8 months at 1.5 BL/s. Unclear which length is given in the article, assuming here that it is fork length",NA,9.5,individual,1,30.1,1,NA,exogenous,wet,30,salt,post-smolt,Thorarensen et al.1993_987,987,,,
1993,Thorarensen et al.,J. Exp. Biol.,362,15.9,10,73.71704682,NA,2.580096639,NA,88.3696863,NA,4.481528996,5.891644212,Oncorhynchus tshawytscha,hatchery,juvenile,NA,"HS: fish excercised for 8 months at 1.5 BL/s. Unclear which length is given in the article, assuming here that it is fork length",NA,9.5,individual,1,30.1,1,NA,exogenous,wet,30,salt,post-smolt,Thorarensen et al.1993_988,988,,,
1993,Thorarensen et al.,J. Exp. Biol.,362,15.9,10,73.49369239,NA,2.572279234,NA,103.3204714,NA,4.63783553,5.891644212,Oncorhynchus tshawytscha,hatchery,juvenile,NA,"HS: fish excercised for 8 months at 1.5 BL/s. Unclear which length is given in the article, assuming here that it is fork length",NA,9.5,individual,1,30.1,1,NA,exogenous,wet,30,salt,post-smolt,Thorarensen et al.1993_989,989,,,
1993,Thorarensen et al.,J. Exp. Biol.,362,15.9,10,71.26459738,NA,2.494260908,NA,121.8379173,NA,4.802691615,5.891644212,Oncorhynchus tshawytscha,hatchery,juvenile,NA,"HS: fish excercised for 8 months at 1.5 BL/s. Unclear which length is given in the article, assuming here that it is fork length",NA,9.5,individual,1,30.1,1,NA,exogenous,wet,30,salt,post-smolt,Thorarensen et al.1993_990,990,,,
1993,Thorarensen et al.,J. Exp. Biol.,362,15.9,10,70.88007973,NA,2.480802791,NA,124.6869032,NA,4.82580582,5.891644212,Oncorhynchus tshawytscha,hatchery,juvenile,NA,"HS: fish excercised for 8 months at 1.5 BL/s. Unclear which length is given in the article, assuming here that it is fork length",NA,9.5,individual,1,30.1,1,NA,exogenous,wet,30,salt,post-smolt,Thorarensen et al.1993_991,991,,,
1993,Thorarensen et al.,J. Exp. Biol.,362,15.9,10,72.65712673,NA,2.542999435,NA,126.4603385,NA,4.839928729,5.891644212,Oncorhynchus tshawytscha,hatchery,juvenile,NA,"HS: fish excercised for 8 months at 1.5 BL/s. Unclear which length is given in the article, assuming here that it is fork length",NA,9.5,individual,1,30.1,1,NA,exogenous,wet,30,salt,post-smolt,Thorarensen et al.1993_992,992,,,
1993,Thorarensen et al.,J. Exp. Biol.,362,15.9,10,72.1193557,NA,2.52417745,NA,131.4455827,NA,4.878592946,5.891644212,Oncorhynchus tshawytscha,hatchery,juvenile,NA,"HS: fish excercised for 8 months at 1.5 BL/s. Unclear which length is given in the article, assuming here that it is fork length",NA,9.5,individual,1,30.1,1,NA,exogenous,wet,30,salt,post-smolt,Thorarensen et al.1993_993,993,,,
1993,Thorarensen et al.,J. Exp. Biol.,362,15.9,10,64.62665007,NA,2.261932752,NA,127.2008274,NA,4.845767156,5.891644212,Oncorhynchus tshawytscha,hatchery,juvenile,NA,"HS: fish excercised for 8 months at 1.5 BL/s. Unclear which length is given in the article, assuming here that it is fork length",NA,9.5,individual,1,30.1,1,NA,exogenous,wet,30,salt,post-smolt,Thorarensen et al.1993_994,994,,,
1993,Thorarensen et al.,J. Exp. Biol.,362,15.9,10,65.33052797,NA,2.286568479,NA,143.2161684,NA,4.964355156,5.891644212,Oncorhynchus tshawytscha,hatchery,juvenile,NA,"HS: fish excercised for 8 months at 1.5 BL/s. Unclear which length is given in the article, assuming here that it is fork length",NA,9.5,individual,1,30.1,1,NA,exogenous,wet,30,salt,post-smolt,Thorarensen et al.1993_995,995,,,
1993,Thorarensen et al.,J. Exp. Biol.,362,15.9,10,67.26122383,NA,2.354142834,NA,143.5652482,NA,4.966789623,5.891644212,Oncorhynchus tshawytscha,hatchery,juvenile,NA,"HS: fish excercised for 8 months at 1.5 BL/s. Unclear which length is given in the article, assuming here that it is fork length",NA,9.5,individual,1,30.1,1,NA,exogenous,wet,30,salt,post-smolt,Thorarensen et al.1993_996,996,,,
1993,Thorarensen et al.,J. Exp. Biol.,362,15.9,10,67.6500919,NA,2.367753217,NA,148.547194,NA,5.000902712,5.891644212,Oncorhynchus tshawytscha,hatchery,juvenile,NA,"HS: fish excercised for 8 months at 1.5 BL/s. Unclear which length is given in the article, assuming here that it is fork length",NA,9.5,individual,1,30.1,1,NA,exogenous,wet,30,salt,post-smolt,Thorarensen et al.1993_997,997,,,
1993,Thorarensen et al.,J. Exp. Biol.,362,15.9,10,65.18399798,NA,2.281439929,NA,157.4547757,NA,5.059138279,5.891644212,Oncorhynchus tshawytscha,hatchery,juvenile,NA,"HS: fish excercised for 8 months at 1.5 BL/s. Unclear which length is given in the article, assuming here that it is fork length",NA,9.5,individual,1,30.1,1,NA,exogenous,wet,30,salt,post-smolt,Thorarensen et al.1993_998,998,,,
1993,Thorarensen et al.,J. Exp. Biol.,362,15.9,10,64.49811498,NA,2.257434024,NA,173.8310157,NA,5.158083653,5.891644212,Oncorhynchus tshawytscha,hatchery,juvenile,NA,"HS: fish excercised for 8 months at 1.5 BL/s. Unclear which length is given in the article, assuming here that it is fork length",NA,9.5,individual,1,30.1,1,NA,exogenous,wet,30,salt,post-smolt,Thorarensen et al.1993_999,999,,,
1993,Thorarensen et al.,J. Exp. Biol.,362,15.9,10,63.26655112,NA,2.214329289,NA,180.9544423,NA,5.1982453,5.891644212,Oncorhynchus tshawytscha,hatchery,juvenile,NA,"HS: fish excercised for 8 months at 1.5 BL/s. Unclear which length is given in the article, assuming here that it is fork length",NA,9.5,individual,1,30.1,1,NA,exogenous,wet,30,salt,post-smolt,Thorarensen et al.1993_1000,1000,,,
1993,Thorarensen et al.,J. Exp. Biol.,362,15.9,10,69.83202442,NA,2.444120855,NA,184.1346417,NA,5.215667238,5.891644212,Oncorhynchus tshawytscha,hatchery,juvenile,NA,"HS: fish excercised for 8 months at 1.5 BL/s. Unclear which length is given in the article, assuming here that it is fork length",NA,9.5,individual,1,30.1,1,NA,exogenous,wet,30,salt,post-smolt,Thorarensen et al.1993_1001,1001,,,
1993,Thorarensen et al.,J. Exp. Biol.,362,15.9,10,74.3127575,NA,2.600946513,NA,187.6782139,NA,5.234728868,5.891644212,Oncorhynchus tshawytscha,hatchery,juvenile,NA,"HS: fish excercised for 8 months at 1.5 BL/s. Unclear which length is given in the article, assuming here that it is fork length",NA,9.5,individual,1,30.1,1,NA,exogenous,wet,30,salt,post-smolt,Thorarensen et al.1993_1002,1002,,,
1993,Thorarensen et al.,J. Exp. Biol.,362,15.9,10,74.31691017,NA,2.601091856,NA,195.1531941,NA,5.273784861,5.891644212,Oncorhynchus tshawytscha,hatchery,juvenile,NA,"HS: fish excercised for 8 months at 1.5 BL/s. Unclear which length is given in the article, assuming here that it is fork length",NA,9.5,individual,1,30.1,1,NA,exogenous,wet,30,salt,post-smolt,Thorarensen et al.1993_1003,1003,,,
1993,Thorarensen et al.,J. Exp. Biol.,362,15.9,10,75.17107526,NA,2.630987634,NA,203.6930051,NA,5.316613984,5.891644212,Oncorhynchus tshawytscha,hatchery,juvenile,NA,"HS: fish excercised for 8 months at 1.5 BL/s. Unclear which length is given in the article, assuming here that it is fork length",NA,9.5,individual,1,30.1,1,NA,exogenous,wet,30,salt,post-smolt,Thorarensen et al.1993_1004,1004,,,
1993,Thorarensen et al.,J. Exp. Biol.,362,15.9,10,69.84883285,NA,2.44470915,NA,214.3905141,NA,5.367799184,5.891644212,Oncorhynchus tshawytscha,hatchery,juvenile,NA,"HS: fish excercised for 8 months at 1.5 BL/s. Unclear which length is given in the article, assuming here that it is fork length",NA,9.5,individual,1,30.1,1,NA,exogenous,wet,30,salt,post-smolt,Thorarensen et al.1993_1005,1005,,,
1993,Thorarensen et al.,J. Exp. Biol.,362,15.9,10,73.71536597,NA,2.580037809,NA,224.3434111,NA,5.413177963,5.891644212,Oncorhynchus tshawytscha,hatchery,juvenile,NA,"HS: fish excercised for 8 months at 1.5 BL/s. Unclear which length is given in the article, assuming here that it is fork length",NA,9.5,individual,1,30.1,1,NA,exogenous,wet,30,salt,post-smolt,Thorarensen et al.1993_1006,1006,,,
1993,Thorarensen et al.,J. Exp. Biol.,362,15.9,10,76.57527163,NA,2.680134507,NA,229.3165612,NA,5.435103412,5.891644212,Oncorhynchus tshawytscha,hatchery,juvenile,NA,"HS: fish excercised for 8 months at 1.5 BL/s. Unclear which length is given in the article, assuming here that it is fork length",NA,9.5,individual,1,30.1,1,NA,exogenous,wet,30,salt,post-smolt,Thorarensen et al.1993_1007,1007,,,
1993,Thorarensen et al.,J. Exp. Biol.,362,15.9,10,78.89384683,NA,2.761284639,NA,232.8678296,NA,5.450471038,5.891644212,Oncorhynchus tshawytscha,hatchery,juvenile,NA,"HS: fish excercised for 8 months at 1.5 BL/s. Unclear which length is given in the article, assuming here that it is fork length",NA,9.5,individual,1,30.1,1,NA,exogenous,wet,30,salt,post-smolt,Thorarensen et al.1993_1008,1008,,,
1993,Thorarensen et al.,J. Exp. Biol.,362,15.9,10,78.88672796,NA,2.761035479,NA,220.0535778,NA,5.393871052,5.891644212,Oncorhynchus tshawytscha,hatchery,juvenile,NA,"HS: fish excercised for 8 months at 1.5 BL/s. Unclear which length is given in the article, assuming here that it is fork length",NA,9.5,individual,1,30.1,1,NA,exogenous,wet,30,salt,post-smolt,Thorarensen et al.1993_1009,1009,,,
1993,Thorarensen et al.,J. Exp. Biol.,362,15.9,10,81.29656307,NA,2.845379707,NA,248.8771235,NA,5.516959295,5.891644212,Oncorhynchus tshawytscha,hatchery,juvenile,NA,"HS: fish excercised for 8 months at 1.5 BL/s. Unclear which length is given in the article, assuming here that it is fork length",NA,9.5,individual,1,30.1,1,NA,exogenous,wet,30,salt,post-smolt,Thorarensen et al.1993_1010,1010,,,
1993,Thorarensen et al.,J. Exp. Biol.,362,15.9,10,83.52763554,NA,2.923467244,NA,233.919192,NA,5.454975722,5.891644212,Oncorhynchus tshawytscha,hatchery,juvenile,NA,"HS: fish excercised for 8 months at 1.5 BL/s. Unclear which length is given in the article, assuming here that it is fork length",NA,9.5,individual,1,30.1,1,NA,exogenous,wet,30,salt,post-smolt,Thorarensen et al.1993_1011,1011,,,
1993,Thorarensen et al.,J. Exp. Biol.,362,15.9,10,83.52269188,NA,2.923294216,NA,225.020406,NA,5.416191091,5.891644212,Oncorhynchus tshawytscha,hatchery,juvenile,NA,"HS: fish excercised for 8 months at 1.5 BL/s. Unclear which length is given in the article, assuming here that it is fork length",NA,9.5,individual,1,30.1,1,NA,exogenous,wet,30,salt,post-smolt,Thorarensen et al.1993_1012,1012,,,
1993,Thorarensen et al.,J. Exp. Biol.,362,15.9,10,86.91957757,NA,3.042185215,NA,223.5845061,NA,5.409789446,5.891644212,Oncorhynchus tshawytscha,hatchery,juvenile,NA,"HS: fish excercised for 8 months at 1.5 BL/s. Unclear which length is given in the article, assuming here that it is fork length",NA,9.5,individual,1,30.1,1,NA,exogenous,wet,30,salt,post-smolt,Thorarensen et al.1993_1013,1013,,,
1993,Thorarensen et al.,J. Exp. Biol.,362,15.9,10,89.85887836,NA,3.145060743,NA,232.4728472,NA,5.448773432,5.891644212,Oncorhynchus tshawytscha,hatchery,juvenile,NA,"HS: fish excercised for 8 months at 1.5 BL/s. Unclear which length is given in the article, assuming here that it is fork length",NA,9.5,individual,1,30.1,1,NA,exogenous,wet,30,salt,post-smolt,Thorarensen et al.1993_1014,1014,,,
1993,Thorarensen et al.,J. Exp. Biol.,362,15.9,10,91.63810057,NA,3.20733352,NA,238.1617483,NA,5.472950058,5.891644212,Oncorhynchus tshawytscha,hatchery,juvenile,NA,"HS: fish excercised for 8 months at 1.5 BL/s. Unclear which length is given in the article, assuming here that it is fork length",NA,9.5,individual,1,30.1,1,NA,exogenous,wet,30,salt,post-smolt,Thorarensen et al.1993_1015,1015,,,
1993,Thorarensen et al.,J. Exp. Biol.,362,15.9,10,86.08340741,NA,3.012919259,NA,247.4362761,NA,5.511153078,5.891644212,Oncorhynchus tshawytscha,hatchery,juvenile,NA,"HS: fish excercised for 8 months at 1.5 BL/s. Unclear which length is given in the article, assuming here that it is fork length",NA,9.5,individual,1,30.1,1,NA,exogenous,wet,30,salt,post-smolt,Thorarensen et al.1993_1016,1016,,,
1993,Thorarensen et al.,J. Exp. Biol.,362,15.9,10,88.09705783,NA,3.083397024,NA,258.1076727,NA,5.553376834,5.891644212,Oncorhynchus tshawytscha,hatchery,juvenile,NA,"HS: fish excercised for 8 months at 1.5 BL/s. Unclear which length is given in the article, assuming here that it is fork length",NA,9.5,individual,1,30.1,1,NA,exogenous,wet,30,salt,post-smolt,Thorarensen et al.1993_1017,1017,,,
1993,Thorarensen et al.,J. Exp. Biol.,362,15.9,10,88.10496768,NA,3.083673869,NA,272.3457303,NA,5.607072327,5.891644212,Oncorhynchus tshawytscha,hatchery,juvenile,NA,"HS: fish excercised for 8 months at 1.5 BL/s. Unclear which length is given in the article, assuming here that it is fork length",NA,9.5,individual,1,30.1,1,NA,exogenous,wet,30,salt,post-smolt,Thorarensen et al.1993_1018,1018,,,
1993,Thorarensen et al.,J. Exp. Biol.,362,15.9,10,84.68197948,NA,2.963869282,NA,226.7960402,NA,5.424051112,5.891644212,Oncorhynchus tshawytscha,hatchery,juvenile,NA,"HS: fish excercised for 8 months at 1.5 BL/s. Unclear which length is given in the article, assuming here that it is fork length",NA,9.5,individual,1,30.1,1,NA,exogenous,wet,30,salt,post-smolt,Thorarensen et al.1993_1019,1019,,,
1993,Thorarensen et al.,J. Exp. Biol.,362,15.9,10,84.9896727,NA,2.974638545,NA,224.6592321,NA,5.41458473,5.891644212,Oncorhynchus tshawytscha,hatchery,juvenile,NA,"HS: fish excercised for 8 months at 1.5 BL/s. Unclear which length is given in the article, assuming here that it is fork length",NA,9.5,individual,1,30.1,1,NA,exogenous,wet,30,salt,post-smolt,Thorarensen et al.1993_1020,1020,,,
1993,Thorarensen et al.,J. Exp. Biol.,362,15.9,10,85.13580721,NA,2.979753252,NA,209.7087219,NA,5.345719529,5.891644212,Oncorhynchus tshawytscha,hatchery,juvenile,NA,"HS: fish excercised for 8 months at 1.5 BL/s. Unclear which length is given in the article, assuming here that it is fork length",NA,9.5,individual,1,30.1,1,NA,exogenous,wet,30,salt,post-smolt,Thorarensen et al.1993_1021,1021,,,
1993,Thorarensen et al.,J. Exp. Biol.,362,15.9,10,82.11928649,NA,2.874175027,NA,200.8206557,NA,5.302412249,5.891644212,Oncorhynchus tshawytscha,hatchery,juvenile,NA,"HS: fish excercised for 8 months at 1.5 BL/s. Unclear which length is given in the article, assuming here that it is fork length",NA,9.5,individual,1,30.1,1,NA,exogenous,wet,30,salt,post-smolt,Thorarensen et al.1993_1022,1022,,,
1993,Thorarensen et al.,J. Exp. Biol.,362,15.9,10,80.64676878,NA,2.822636907,NA,191.2151893,NA,5.253399439,5.891644212,Oncorhynchus tshawytscha,hatchery,juvenile,NA,"HS: fish excercised for 8 months at 1.5 BL/s. Unclear which length is given in the article, assuming here that it is fork length",NA,9.5,individual,1,30.1,1,NA,exogenous,wet,30,salt,post-smolt,Thorarensen et al.1993_1023,1023,,,
1993,Thorarensen et al.,J. Exp. Biol.,362,15.9,10,75.38177392,NA,2.638362087,NA,165.9613279,NA,5.111754797,5.891644212,Oncorhynchus tshawytscha,hatchery,juvenile,NA,"HS: fish excercised for 8 months at 1.5 BL/s. Unclear which length is given in the article, assuming here that it is fork length",NA,9.5,individual,1,30.1,1,NA,exogenous,wet,30,salt,post-smolt,Thorarensen et al.1993_1024,1024,,,
1993,Thorarensen et al.,J. Exp. Biol.,362,15.9,10,77.84213321,NA,2.724474662,NA,146.7311545,NA,4.988602031,5.891644212,Oncorhynchus tshawytscha,hatchery,juvenile,NA,"HS: fish excercised for 8 months at 1.5 BL/s. Unclear which length is given in the article, assuming here that it is fork length",NA,9.5,individual,1,30.1,1,NA,exogenous,wet,30,salt,post-smolt,Thorarensen et al.1993_1025,1025,,,
1993,Thorarensen et al.,J. Exp. Biol.,362,15.9,10,78.22328917,NA,2.737815121,NA,137.8309942,NA,4.926028255,5.891644212,Oncorhynchus tshawytscha,hatchery,juvenile,NA,"HS: fish excercised for 8 months at 1.5 BL/s. Unclear which length is given in the article, assuming here that it is fork length",NA,9.5,individual,1,30.1,1,NA,exogenous,wet,30,salt,post-smolt,Thorarensen et al.1993_1026,1026,,,
1993,Thorarensen et al.,J. Exp. Biol.,362,15.9,10,78.67691915,NA,2.75369217,NA,120.3877244,NA,4.790717571,5.891644212,Oncorhynchus tshawytscha,hatchery,juvenile,NA,"HS: fish excercised for 8 months at 1.5 BL/s. Unclear which length is given in the article, assuming here that it is fork length",NA,9.5,individual,1,30.1,1,NA,exogenous,wet,30,salt,post-smolt,Thorarensen et al.1993_1027,1027,,,
1993,Thorarensen et al.,J. Exp. Biol.,362,15.9,10,82.78223091,NA,2.897378082,NA,143.1540487,NA,4.963921314,5.891644212,Oncorhynchus tshawytscha,hatchery,juvenile,NA,"HS: fish excercised for 8 months at 1.5 BL/s. Unclear which length is given in the article, assuming here that it is fork length",NA,9.5,individual,1,30.1,1,NA,exogenous,wet,30,salt,post-smolt,Thorarensen et al.1993_1028,1028,,,
1993,Thorarensen et al.,J. Exp. Biol.,362,15.9,10,83.17011025,NA,2.910953859,NA,146.3562373,NA,4.986043631,5.891644212,Oncorhynchus tshawytscha,hatchery,juvenile,NA,"HS: fish excercised for 8 months at 1.5 BL/s. Unclear which length is given in the article, assuming here that it is fork length",NA,9.5,individual,1,30.1,1,NA,exogenous,wet,30,salt,post-smolt,Thorarensen et al.1993_1029,1029,,,
1993,Thorarensen et al.,J. Exp. Biol.,362,15.9,10,87.33840421,NA,3.056844147,NA,143.493783,NA,4.96629171,5.891644212,Oncorhynchus tshawytscha,hatchery,juvenile,NA,"HS: fish excercised for 8 months at 1.5 BL/s. Unclear which length is given in the article, assuming here that it is fork length",NA,9.5,individual,1,30.1,1,NA,exogenous,wet,30,salt,post-smolt,Thorarensen et al.1993_1030,1030,,,
1993,Thorarensen et al.,J. Exp. Biol.,362,15.9,10,87.8044922,NA,3.073157227,NA,148.475454,NA,5.000419651,5.891644212,Oncorhynchus tshawytscha,hatchery,juvenile,NA,"HS: fish excercised for 8 months at 1.5 BL/s. Unclear which length is given in the article, assuming here that it is fork length",NA,9.5,individual,1,30.1,1,NA,exogenous,wet,30,salt,post-smolt,Thorarensen et al.1993_1031,1031,,,
1993,Thorarensen et al.,J. Exp. Biol.,362,15.9,10,82.40938029,NA,2.88432831,NA,167.0041694,NA,5.118018779,5.891644212,Oncorhynchus tshawytscha,hatchery,juvenile,NA,"HS: fish excercised for 8 months at 1.5 BL/s. Unclear which length is given in the article, assuming here that it is fork length",NA,9.5,individual,1,30.1,1,NA,exogenous,wet,30,salt,post-smolt,Thorarensen et al.1993_1032,1032,,,
1993,Thorarensen et al.,J. Exp. Biol.,362,15.9,10,80.01635362,NA,2.800572377,NA,168.436496,NA,5.126558801,5.891644212,Oncorhynchus tshawytscha,hatchery,juvenile,NA,"HS: fish excercised for 8 months at 1.5 BL/s. Unclear which length is given in the article, assuming here that it is fork length",NA,9.5,individual,1,30.1,1,NA,exogenous,wet,30,salt,post-smolt,Thorarensen et al.1993_1033,1033,,,
1993,Thorarensen et al.,J. Exp. Biol.,362,15.9,10,92.29926527,NA,3.230474285,NA,177.2915783,NA,5.177795712,5.891644212,Oncorhynchus tshawytscha,hatchery,juvenile,NA,"HS: fish excercised for 8 months at 1.5 BL/s. Unclear which length is given in the article, assuming here that it is fork length",NA,9.5,individual,1,30.1,1,NA,exogenous,wet,30,salt,post-smolt,Thorarensen et al.1993_1034,1034,,,
1993,Thorarensen et al.,J. Exp. Biol.,362,15.9,10,96.78553525,NA,3.387493734,NA,190.8017908,NA,5.251235145,5.891644212,Oncorhynchus tshawytscha,hatchery,juvenile,NA,"HS: fish excercised for 8 months at 1.5 BL/s. Unclear which length is given in the article, assuming here that it is fork length",NA,9.5,individual,1,30.1,1,NA,exogenous,wet,30,salt,post-smolt,Thorarensen et al.1993_1035,1035,,,
1993,Thorarensen et al.,J. Exp. Biol.,362,15.9,10,94.7053432,NA,3.314687012,NA,199.3520468,NA,5.295072341,5.891644212,Oncorhynchus tshawytscha,hatchery,juvenile,NA,"HS: fish excercised for 8 months at 1.5 BL/s. Unclear which length is given in the article, assuming here that it is fork length",NA,9.5,individual,1,30.1,1,NA,exogenous,wet,30,salt,post-smolt,Thorarensen et al.1993_1036,1036,,,
1993,Thorarensen et al.,J. Exp. Biol.,362,15.9,10,91.85473162,NA,3.214915607,NA,211.1086143,NA,5.352372761,5.891644212,Oncorhynchus tshawytscha,hatchery,juvenile,NA,"HS: fish excercised for 8 months at 1.5 BL/s. Unclear which length is given in the article, assuming here that it is fork length",NA,9.5,individual,1,30.1,1,NA,exogenous,wet,30,salt,post-smolt,Thorarensen et al.1993_1037,1037,,,
1993,Thorarensen et al.,J. Exp. Biol.,362,15.9,10,96.33862865,NA,3.371852003,NA,220.3474095,NA,5.395205435,5.891644212,Oncorhynchus tshawytscha,hatchery,juvenile,NA,"HS: fish excercised for 8 months at 1.5 BL/s. Unclear which length is given in the article, assuming here that it is fork length",NA,9.5,individual,1,30.1,1,NA,exogenous,wet,30,salt,post-smolt,Thorarensen et al.1993_1038,1038,,,
1993,Thorarensen et al.,J. Exp. Biol.,362,15.9,10,96.80392566,NA,3.388137398,NA,223.9052747,NA,5.411223082,5.891644212,Oncorhynchus tshawytscha,hatchery,juvenile,NA,"HS: fish excercised for 8 months at 1.5 BL/s. Unclear which length is given in the article, assuming here that it is fork length",NA,9.5,individual,1,30.1,1,NA,exogenous,wet,30,salt,post-smolt,Thorarensen et al.1993_1039,1039,,,
1993,Thorarensen et al.,J. Exp. Biol.,368,30.2,10,9.812071817,NA,0.343422514,NA,9.372644301,NA,2.237795266,5.908082938,Oncorhynchus tshawytscha,hatchery,juvenile,NA,"LS: fish excercised for 8 months at 0.5 BL/s. Unclear which length is given in the article, assuming here that it is fork length",NA,9.5,individual,1,30.3,1,NA,exogenous,wet,30,salt,post-smolt,Thorarensen et al.1993_835,835,,,
1993,Thorarensen et al.,J. Exp. Biol.,368,30.2,10,10.5878305,NA,0.370574067,NA,15.88317145,NA,2.765260149,5.908082938,Oncorhynchus tshawytscha,hatchery,juvenile,NA,"LS: fish excercised for 8 months at 0.5 BL/s. Unclear which length is given in the article, assuming here that it is fork length",NA,9.5,individual,1,30.3,1,NA,exogenous,wet,30,salt,post-smolt,Thorarensen et al.1993_836,836,,,
1993,Thorarensen et al.,J. Exp. Biol.,368,30.2,10,10.43635684,NA,0.365272489,NA,21.3114981,NA,3.059246744,5.908082938,Oncorhynchus tshawytscha,hatchery,juvenile,NA,"LS: fish excercised for 8 months at 0.5 BL/s. Unclear which length is given in the article, assuming here that it is fork length",NA,9.5,individual,1,30.3,1,NA,exogenous,wet,30,salt,post-smolt,Thorarensen et al.1993_837,837,,,
1993,Thorarensen et al.,J. Exp. Biol.,368,30.2,10,10.76105624,NA,0.376636968,NA,50.25847539,NA,3.917179197,5.908082938,Oncorhynchus tshawytscha,hatchery,juvenile,NA,"LS: fish excercised for 8 months at 0.5 BL/s. Unclear which length is given in the article, assuming here that it is fork length",NA,9.5,individual,1,30.3,1,NA,exogenous,wet,30,salt,post-smolt,Thorarensen et al.1993_838,838,,,
1993,Thorarensen et al.,J. Exp. Biol.,368,30.2,10,10.37970253,NA,0.363289589,NA,58.94430099,NA,4.076592947,5.908082938,Oncorhynchus tshawytscha,hatchery,juvenile,NA,"LS: fish excercised for 8 months at 0.5 BL/s. Unclear which length is given in the article, assuming here that it is fork length",NA,9.5,individual,1,30.3,1,NA,exogenous,wet,30,salt,post-smolt,Thorarensen et al.1993_839,839,,,
1993,Thorarensen et al.,J. Exp. Biol.,368,30.2,10,9.846677417,NA,0.34463371,NA,72.69660205,NA,4.286294644,5.908082938,Oncorhynchus tshawytscha,hatchery,juvenile,NA,"LS: fish excercised for 8 months at 0.5 BL/s. Unclear which length is given in the article, assuming here that it is fork length",NA,9.5,individual,1,30.3,1,NA,exogenous,wet,30,salt,post-smolt,Thorarensen et al.1993_840,840,,,
1993,Thorarensen et al.,J. Exp. Biol.,368,30.2,10,10.78261059,NA,0.377391371,NA,89.70025479,NA,4.496473609,5.908082938,Oncorhynchus tshawytscha,hatchery,juvenile,NA,"LS: fish excercised for 8 months at 0.5 BL/s. Unclear which length is given in the article, assuming here that it is fork length",NA,9.5,individual,1,30.3,1,NA,exogenous,wet,30,salt,post-smolt,Thorarensen et al.1993_841,841,,,
1993,Thorarensen et al.,J. Exp. Biol.,368,30.2,10,10.48124525,NA,0.366843584,NA,103.4517176,NA,4.639105007,5.908082938,Oncorhynchus tshawytscha,hatchery,juvenile,NA,"LS: fish excercised for 8 months at 0.5 BL/s. Unclear which length is given in the article, assuming here that it is fork length",NA,9.5,individual,1,30.3,1,NA,exogenous,wet,30,salt,post-smolt,Thorarensen et al.1993_842,842,,,
1993,Thorarensen et al.,J. Exp. Biol.,368,30.2,10,19.16616324,NA,0.670815713,NA,28.51694719,NA,3.350498549,5.908082938,Oncorhynchus tshawytscha,hatchery,juvenile,NA,"LS: fish excercised for 8 months at 0.5 BL/s. Unclear which length is given in the article, assuming here that it is fork length",NA,9.5,individual,1,30.3,1,NA,exogenous,wet,30,salt,post-smolt,Thorarensen et al.1993_843,843,,,
1993,Thorarensen et al.,J. Exp. Biol.,368,30.2,10,19.56155694,NA,0.684654493,NA,45.52255587,NA,3.818207937,5.908082938,Oncorhynchus tshawytscha,hatchery,juvenile,NA,"LS: fish excercised for 8 months at 0.5 BL/s. Unclear which length is given in the article, assuming here that it is fork length",NA,9.5,individual,1,30.3,1,NA,exogenous,wet,30,salt,post-smolt,Thorarensen et al.1993_844,844,,,
1993,Thorarensen et al.,J. Exp. Biol.,368,30.2,10,20.18307351,NA,0.706407573,NA,52.39549305,NA,3.958820577,5.908082938,Oncorhynchus tshawytscha,hatchery,juvenile,NA,"LS: fish excercised for 8 months at 0.5 BL/s. Unclear which length is given in the article, assuming here that it is fork length",NA,9.5,individual,1,30.3,1,NA,exogenous,wet,30,salt,post-smolt,Thorarensen et al.1993_845,845,,,
1993,Thorarensen et al.,J. Exp. Biol.,368,30.2,10,20.26523709,NA,0.709283298,NA,61.44149331,NA,4.118085394,5.908082938,Oncorhynchus tshawytscha,hatchery,juvenile,NA,"LS: fish excercised for 8 months at 0.5 BL/s. Unclear which length is given in the article, assuming here that it is fork length",NA,9.5,individual,1,30.3,1,NA,exogenous,wet,30,salt,post-smolt,Thorarensen et al.1993_846,846,,,
1993,Thorarensen et al.,J. Exp. Biol.,368,30.2,10,19.80191755,NA,0.693067114,NA,61.44316984,NA,4.11811268,5.908082938,Oncorhynchus tshawytscha,hatchery,juvenile,NA,"LS: fish excercised for 8 months at 0.5 BL/s. Unclear which length is given in the article, assuming here that it is fork length",NA,9.5,individual,1,30.3,1,NA,exogenous,wet,30,salt,post-smolt,Thorarensen et al.1993_847,847,,,
1993,Thorarensen et al.,J. Exp. Biol.,368,30.2,10,27.24429675,NA,0.953550386,NA,114.970321,NA,4.744674017,5.908082938,Oncorhynchus tshawytscha,hatchery,juvenile,NA,"LS: fish excercised for 8 months at 0.5 BL/s. Unclear which length is given in the article, assuming here that it is fork length",NA,9.5,individual,1,30.3,1,NA,exogenous,wet,30,salt,post-smolt,Thorarensen et al.1993_848,848,,,
1993,Thorarensen et al.,J. Exp. Biol.,368,30.2,10,28.85741207,NA,1.010009423,NA,99.40485214,NA,4.599200927,5.908082938,Oncorhynchus tshawytscha,hatchery,juvenile,NA,"LS: fish excercised for 8 months at 0.5 BL/s. Unclear which length is given in the article, assuming here that it is fork length",NA,9.5,individual,1,30.3,1,NA,exogenous,wet,30,salt,post-smolt,Thorarensen et al.1993_849,849,,,
1993,Thorarensen et al.,J. Exp. Biol.,368,30.2,10,29.30926234,NA,1.025824182,NA,78.41580676,NA,4.362025524,5.908082938,Oncorhynchus tshawytscha,hatchery,juvenile,NA,"LS: fish excercised for 8 months at 0.5 BL/s. Unclear which length is given in the article, assuming here that it is fork length",NA,9.5,individual,1,30.3,1,NA,exogenous,wet,30,salt,post-smolt,Thorarensen et al.1993_850,850,,,
1993,Thorarensen et al.,J. Exp. Biol.,368,30.2,10,28.82399295,NA,1.008839753,NA,38.25200152,NA,3.644195886,5.908082938,Oncorhynchus tshawytscha,hatchery,juvenile,NA,"LS: fish excercised for 8 months at 0.5 BL/s. Unclear which length is given in the article, assuming here that it is fork length",NA,9.5,individual,1,30.3,1,NA,exogenous,wet,30,salt,post-smolt,Thorarensen et al.1993_851,851,,,
1993,Thorarensen et al.,J. Exp. Biol.,368,30.2,10,38.16859255,NA,1.335900739,NA,40.02744742,NA,3.689565404,5.908082938,Oncorhynchus tshawytscha,hatchery,juvenile,NA,"LS: fish excercised for 8 months at 0.5 BL/s. Unclear which length is given in the article, assuming here that it is fork length",NA,9.5,individual,1,30.3,1,NA,exogenous,wet,30,salt,post-smolt,Thorarensen et al.1993_852,852,,,
1993,Thorarensen et al.,J. Exp. Biol.,368,30.2,10,38.42081794,NA,1.344728628,NA,77.65913262,NA,4.352329155,5.908082938,Oncorhynchus tshawytscha,hatchery,juvenile,NA,"LS: fish excercised for 8 months at 0.5 BL/s. Unclear which length is given in the article, assuming here that it is fork length",NA,9.5,individual,1,30.3,1,NA,exogenous,wet,30,salt,post-smolt,Thorarensen et al.1993_853,853,,,
1993,Thorarensen et al.,J. Exp. Biol.,368,30.2,10,33.3225232,NA,1.166288312,NA,74.42091377,NA,4.309737001,5.908082938,Oncorhynchus tshawytscha,hatchery,juvenile,NA,"LS: fish excercised for 8 months at 0.5 BL/s. Unclear which length is given in the article, assuming here that it is fork length",NA,9.5,individual,1,30.3,1,NA,exogenous,wet,30,salt,post-smolt,Thorarensen et al.1993_854,854,,,
1993,Thorarensen et al.,J. Exp. Biol.,368,30.2,10,34.25410595,NA,1.198893708,NA,83.46384039,NA,4.424413489,5.908082938,Oncorhynchus tshawytscha,hatchery,juvenile,NA,"LS: fish excercised for 8 months at 0.5 BL/s. Unclear which length is given in the article, assuming here that it is fork length",NA,9.5,individual,1,30.3,1,NA,exogenous,wet,30,salt,post-smolt,Thorarensen et al.1993_855,855,,,
1993,Thorarensen et al.,J. Exp. Biol.,368,30.2,10,35.86998973,NA,1.25544964,NA,72.9642881,NA,4.289970117,5.908082938,Oncorhynchus tshawytscha,hatchery,juvenile,NA,"LS: fish excercised for 8 months at 0.5 BL/s. Unclear which length is given in the article, assuming here that it is fork length",NA,9.5,individual,1,30.3,1,NA,exogenous,wet,30,salt,post-smolt,Thorarensen et al.1993_856,856,,,
1993,Thorarensen et al.,J. Exp. Biol.,368,30.2,10,39.12113641,NA,1.369239774,NA,87.42659987,NA,4.470799583,5.908082938,Oncorhynchus tshawytscha,hatchery,juvenile,NA,"LS: fish excercised for 8 months at 0.5 BL/s. Unclear which length is given in the article, assuming here that it is fork length",NA,9.5,individual,1,30.3,1,NA,exogenous,wet,30,salt,post-smolt,Thorarensen et al.1993_857,857,,,
1993,Thorarensen et al.,J. Exp. Biol.,368,30.2,10,42.51307844,NA,1.487957746,NA,76.92062089,NA,4.342773993,5.908082938,Oncorhynchus tshawytscha,hatchery,juvenile,NA,"LS: fish excercised for 8 months at 0.5 BL/s. Unclear which length is given in the article, assuming here that it is fork length",NA,9.5,individual,1,30.3,1,NA,exogenous,wet,30,salt,post-smolt,Thorarensen et al.1993_858,858,,,
1993,Thorarensen et al.,J. Exp. Biol.,368,30.2,10,43.51436676,NA,1.523002837,NA,72.21292297,NA,4.279619018,5.908082938,Oncorhynchus tshawytscha,hatchery,juvenile,NA,"LS: fish excercised for 8 months at 0.5 BL/s. Unclear which length is given in the article, assuming here that it is fork length",NA,9.5,individual,1,30.3,1,NA,exogenous,wet,30,salt,post-smolt,Thorarensen et al.1993_859,859,,,
1993,Thorarensen et al.,J. Exp. Biol.,368,30.2,10,41.57378359,NA,1.455082426,NA,53.76549797,NA,3.98463196,5.908082938,Oncorhynchus tshawytscha,hatchery,juvenile,NA,"LS: fish excercised for 8 months at 0.5 BL/s. Unclear which length is given in the article, assuming here that it is fork length",NA,9.5,individual,1,30.3,1,NA,exogenous,wet,30,salt,post-smolt,Thorarensen et al.1993_860,860,,,
1993,Thorarensen et al.,J. Exp. Biol.,368,30.2,10,42.57922458,NA,1.49027286,NA,56.65667499,NA,4.037009809,5.908082938,Oncorhynchus tshawytscha,hatchery,juvenile,NA,"LS: fish excercised for 8 months at 0.5 BL/s. Unclear which length is given in the article, assuming here that it is fork length",NA,9.5,individual,1,30.3,1,NA,exogenous,wet,30,salt,post-smolt,Thorarensen et al.1993_861,861,,,
1993,Thorarensen et al.,J. Exp. Biol.,368,30.2,10,46.06025132,NA,1.612108796,NA,67.86148781,NA,4.217468684,5.908082938,Oncorhynchus tshawytscha,hatchery,juvenile,NA,"LS: fish excercised for 8 months at 0.5 BL/s. Unclear which length is given in the article, assuming here that it is fork length",NA,9.5,individual,1,30.3,1,NA,exogenous,wet,30,salt,post-smolt,Thorarensen et al.1993_862,862,,,
1993,Thorarensen et al.,J. Exp. Biol.,368,30.2,10,47.2935949,NA,1.655275821,NA,63.876654,NA,4.156953943,5.908082938,Oncorhynchus tshawytscha,hatchery,juvenile,NA,"LS: fish excercised for 8 months at 0.5 BL/s. Unclear which length is given in the article, assuming here that it is fork length",NA,9.5,individual,1,30.3,1,NA,exogenous,wet,30,salt,post-smolt,Thorarensen et al.1993_863,863,,,
1993,Thorarensen et al.,J. Exp. Biol.,368,30.2,10,47.67099368,NA,1.668484779,NA,47.95380466,NA,3.870238145,5.908082938,Oncorhynchus tshawytscha,hatchery,juvenile,NA,"LS: fish excercised for 8 months at 0.5 BL/s. Unclear which length is given in the article, assuming here that it is fork length",NA,9.5,individual,1,30.3,1,NA,exogenous,wet,30,salt,post-smolt,Thorarensen et al.1993_864,864,,,
1993,Thorarensen et al.,J. Exp. Biol.,368,30.2,10,47.37852693,NA,1.658248443,NA,77.98857088,NA,4.356562289,5.908082938,Oncorhynchus tshawytscha,hatchery,juvenile,NA,"LS: fish excercised for 8 months at 0.5 BL/s. Unclear which length is given in the article, assuming here that it is fork length",NA,9.5,individual,1,30.3,1,NA,exogenous,wet,30,salt,post-smolt,Thorarensen et al.1993_865,865,,,
1993,Thorarensen et al.,J. Exp. Biol.,368,30.2,10,44.60849696,NA,1.561297394,NA,96.09118942,NA,4.56529763,5.908082938,Oncorhynchus tshawytscha,hatchery,juvenile,NA,"LS: fish excercised for 8 months at 0.5 BL/s. Unclear which length is given in the article, assuming here that it is fork length",NA,9.5,individual,1,30.3,1,NA,exogenous,wet,30,salt,post-smolt,Thorarensen et al.1993_866,866,,,
1993,Thorarensen et al.,J. Exp. Biol.,368,30.2,10,47.92934921,NA,1.677527222,NA,96.80287666,NA,4.572676711,5.908082938,Oncorhynchus tshawytscha,hatchery,juvenile,NA,"LS: fish excercised for 8 months at 0.5 BL/s. Unclear which length is given in the article, assuming here that it is fork length",NA,9.5,individual,1,30.3,1,NA,exogenous,wet,30,salt,post-smolt,Thorarensen et al.1993_867,867,,,
1993,Thorarensen et al.,J. Exp. Biol.,368,30.2,10,48.46988868,NA,1.696446104,NA,96.80092071,NA,4.572656506,5.908082938,Oncorhynchus tshawytscha,hatchery,juvenile,NA,"LS: fish excercised for 8 months at 0.5 BL/s. Unclear which length is given in the article, assuming here that it is fork length",NA,9.5,individual,1,30.3,1,NA,exogenous,wet,30,salt,post-smolt,Thorarensen et al.1993_868,868,,,
1993,Thorarensen et al.,J. Exp. Biol.,368,30.2,10,51.6325439,NA,1.807139036,NA,90.63799423,NA,4.506873488,5.908082938,Oncorhynchus tshawytscha,hatchery,juvenile,NA,"LS: fish excercised for 8 months at 0.5 BL/s. Unclear which length is given in the article, assuming here that it is fork length",NA,9.5,individual,1,30.3,1,NA,exogenous,wet,30,salt,post-smolt,Thorarensen et al.1993_869,869,,,
1993,Thorarensen et al.,J. Exp. Biol.,368,30.2,10,51.69789904,NA,1.809426467,NA,68.92664358,NA,4.233042803,5.908082938,Oncorhynchus tshawytscha,hatchery,juvenile,NA,"LS: fish excercised for 8 months at 0.5 BL/s. Unclear which length is given in the article, assuming here that it is fork length",NA,9.5,individual,1,30.3,1,NA,exogenous,wet,30,salt,post-smolt,Thorarensen et al.1993_870,870,,,
1993,Thorarensen et al.,J. Exp. Biol.,368,30.2,10,54.94469531,NA,1.923064336,NA,75.42822924,NA,4.323181598,5.908082938,Oncorhynchus tshawytscha,hatchery,juvenile,NA,"LS: fish excercised for 8 months at 0.5 BL/s. Unclear which length is given in the article, assuming here that it is fork length",NA,9.5,individual,1,30.3,1,NA,exogenous,wet,30,salt,post-smolt,Thorarensen et al.1993_871,871,,,
1993,Thorarensen et al.,J. Exp. Biol.,368,30.2,10,56.56394077,NA,1.979737927,NA,71.08014713,NA,4.263808073,5.908082938,Oncorhynchus tshawytscha,hatchery,juvenile,NA,"LS: fish excercised for 8 months at 0.5 BL/s. Unclear which length is given in the article, assuming here that it is fork length",NA,9.5,individual,1,30.3,1,NA,exogenous,wet,30,salt,post-smolt,Thorarensen et al.1993_872,872,,,
1993,Thorarensen et al.,J. Exp. Biol.,368,30.2,10,57.57294119,NA,2.015052942,NA,80.48464552,NA,4.388066427,5.908082938,Oncorhynchus tshawytscha,hatchery,juvenile,NA,"LS: fish excercised for 8 months at 0.5 BL/s. Unclear which length is given in the article, assuming here that it is fork length",NA,9.5,individual,1,30.3,1,NA,exogenous,wet,30,salt,post-smolt,Thorarensen et al.1993_873,873,,,
1993,Thorarensen et al.,J. Exp. Biol.,368,30.2,10,53.19038914,NA,1.86166362,NA,115.2382865,NA,4.747002041,5.908082938,Oncorhynchus tshawytscha,hatchery,juvenile,NA,"LS: fish excercised for 8 months at 0.5 BL/s. Unclear which length is given in the article, assuming here that it is fork length",NA,9.5,individual,1,30.3,1,NA,exogenous,wet,30,salt,post-smolt,Thorarensen et al.1993_874,874,,,
1993,Thorarensen et al.,J. Exp. Biol.,368,30.2,10,57.82061841,NA,2.023721644,NA,109.7937534,NA,4.698603637,5.908082938,Oncorhynchus tshawytscha,hatchery,juvenile,NA,"LS: fish excercised for 8 months at 0.5 BL/s. Unclear which length is given in the article, assuming here that it is fork length",NA,9.5,individual,1,30.3,1,NA,exogenous,wet,30,salt,post-smolt,Thorarensen et al.1993_875,875,,,
1993,Thorarensen et al.,J. Exp. Biol.,368,30.2,10,57.89329017,NA,2.026265156,NA,101.4708967,NA,4.619772025,5.908082938,Oncorhynchus tshawytscha,hatchery,juvenile,NA,"LS: fish excercised for 8 months at 0.5 BL/s. Unclear which length is given in the article, assuming here that it is fork length",NA,9.5,individual,1,30.3,1,NA,exogenous,wet,30,salt,post-smolt,Thorarensen et al.1993_876,876,,,
1993,Thorarensen et al.,J. Exp. Biol.,368,30.2,10,60.66865929,NA,2.123403075,NA,93.1382602,NA,4.534085058,5.908082938,Oncorhynchus tshawytscha,hatchery,juvenile,NA,"LS: fish excercised for 8 months at 0.5 BL/s. Unclear which length is given in the article, assuming here that it is fork length",NA,9.5,individual,1,30.3,1,NA,exogenous,wet,30,salt,post-smolt,Thorarensen et al.1993_877,877,,,
1993,Thorarensen et al.,J. Exp. Biol.,368,30.2,10,60.97457279,NA,2.134110048,NA,87.7093747,NA,4.474028789,5.908082938,Oncorhynchus tshawytscha,hatchery,juvenile,NA,"LS: fish excercised for 8 months at 0.5 BL/s. Unclear which length is given in the article, assuming here that it is fork length",NA,9.5,individual,1,30.3,1,NA,exogenous,wet,30,salt,post-smolt,Thorarensen et al.1993_878,878,,,
1993,Thorarensen et al.,J. Exp. Biol.,368,30.2,10,61.99108757,NA,2.169688065,NA,110.8642182,NA,4.708306193,5.908082938,Oncorhynchus tshawytscha,hatchery,juvenile,NA,"LS: fish excercised for 8 months at 0.5 BL/s. Unclear which length is given in the article, assuming here that it is fork length",NA,9.5,individual,1,30.3,1,NA,exogenous,wet,30,salt,post-smolt,Thorarensen et al.1993_879,879,,,
1993,Thorarensen et al.,J. Exp. Biol.,368,30.2,10,61.91841581,NA,2.167144554,NA,119.1870749,NA,4.780694317,5.908082938,Oncorhynchus tshawytscha,hatchery,juvenile,NA,"LS: fish excercised for 8 months at 0.5 BL/s. Unclear which length is given in the article, assuming here that it is fork length",NA,9.5,individual,1,30.3,1,NA,exogenous,wet,30,salt,post-smolt,Thorarensen et al.1993_880,880,,,
1993,Thorarensen et al.,J. Exp. Biol.,368,30.2,10,61.15195121,NA,2.140318292,NA,129.6835536,NA,4.86509728,5.908082938,Oncorhynchus tshawytscha,hatchery,juvenile,NA,"LS: fish excercised for 8 months at 0.5 BL/s. Unclear which length is given in the article, assuming here that it is fork length",NA,9.5,individual,1,30.3,1,NA,exogenous,wet,30,salt,post-smolt,Thorarensen et al.1993_881,881,,,
1993,Thorarensen et al.,J. Exp. Biol.,368,30.2,10,67.01849027,NA,2.345647159,NA,125.6819545,NA,4.833754545,5.908082938,Oncorhynchus tshawytscha,hatchery,juvenile,NA,"LS: fish excercised for 8 months at 0.5 BL/s. Unclear which length is given in the article, assuming here that it is fork length",NA,9.5,individual,1,30.3,1,NA,exogenous,wet,30,salt,post-smolt,Thorarensen et al.1993_882,882,,,
1993,Thorarensen et al.,J. Exp. Biol.,368,30.2,10,69.9579888,NA,2.448529608,NA,135.0794673,NA,4.905863252,5.908082938,Oncorhynchus tshawytscha,hatchery,juvenile,NA,"LS: fish excercised for 8 months at 0.5 BL/s. Unclear which length is given in the article, assuming here that it is fork length",NA,9.5,individual,1,30.3,1,NA,exogenous,wet,30,salt,post-smolt,Thorarensen et al.1993_883,883,,,
1993,Thorarensen et al.,J. Exp. Biol.,368,30.2,10,70.57594594,NA,2.470158108,NA,135.4390831,NA,4.908521968,5.908082938,Oncorhynchus tshawytscha,hatchery,juvenile,NA,"LS: fish excercised for 8 months at 0.5 BL/s. Unclear which length is given in the article, assuming here that it is fork length",NA,9.5,individual,1,30.3,1,NA,exogenous,wet,30,salt,post-smolt,Thorarensen et al.1993_884,884,,,
1993,Thorarensen et al.,J. Exp. Biol.,368,30.2,10,71.27369371,NA,2.49457928,NA,140.5024849,NA,4.945225175,5.908082938,Oncorhynchus tshawytscha,hatchery,juvenile,NA,"LS: fish excercised for 8 months at 0.5 BL/s. Unclear which length is given in the article, assuming here that it is fork length",NA,9.5,individual,1,30.3,1,NA,exogenous,wet,30,salt,post-smolt,Thorarensen et al.1993_885,885,,,
1993,Thorarensen et al.,J. Exp. Biol.,368,30.2,10,72.05083662,NA,2.521779282,NA,149.5459704,NA,5.00760384,5.908082938,Oncorhynchus tshawytscha,hatchery,juvenile,NA,"LS: fish excercised for 8 months at 0.5 BL/s. Unclear which length is given in the article, assuming here that it is fork length",NA,9.5,individual,1,30.3,1,NA,exogenous,wet,30,salt,post-smolt,Thorarensen et al.1993_886,886,,,
1993,Thorarensen et al.,J. Exp. Biol.,368,30.2,10,70.43119566,NA,2.465091848,NA,153.1703501,NA,5.031550701,5.908082938,Oncorhynchus tshawytscha,hatchery,juvenile,NA,"LS: fish excercised for 8 months at 0.5 BL/s. Unclear which length is given in the article, assuming here that it is fork length",NA,9.5,individual,1,30.3,1,NA,exogenous,wet,30,salt,post-smolt,Thorarensen et al.1993_887,887,,,
1993,Thorarensen et al.,J. Exp. Biol.,368,30.2,10,70.20665476,NA,2.457232916,NA,166.1978311,NA,5.113178833,5.908082938,Oncorhynchus tshawytscha,hatchery,juvenile,NA,"LS: fish excercised for 8 months at 0.5 BL/s. Unclear which length is given in the article, assuming here that it is fork length",NA,9.5,individual,1,30.3,1,NA,exogenous,wet,30,salt,post-smolt,Thorarensen et al.1993_888,888,,,
1993,Thorarensen et al.,J. Exp. Biol.,368,30.2,10,72.21555927,NA,2.527544574,NA,168.3616733,NA,5.126114483,5.908082938,Oncorhynchus tshawytscha,hatchery,juvenile,NA,"LS: fish excercised for 8 months at 0.5 BL/s. Unclear which length is given in the article, assuming here that it is fork length",NA,9.5,individual,1,30.3,1,NA,exogenous,wet,30,salt,post-smolt,Thorarensen et al.1993_889,889,,,
1993,Thorarensen et al.,J. Exp. Biol.,368,30.2,10,67.35920712,NA,2.357572249,NA,183.9388779,NA,5.214603517,5.908082938,Oncorhynchus tshawytscha,hatchery,juvenile,NA,"LS: fish excercised for 8 months at 0.5 BL/s. Unclear which length is given in the article, assuming here that it is fork length",NA,9.5,individual,1,30.3,1,NA,exogenous,wet,30,salt,post-smolt,Thorarensen et al.1993_890,890,,,
1993,Thorarensen et al.,J. Exp. Biol.,368,30.2,10,75.00061796,NA,2.625021628,NA,177.759745,NA,5.180432891,5.908082938,Oncorhynchus tshawytscha,hatchery,juvenile,NA,"LS: fish excercised for 8 months at 0.5 BL/s. Unclear which length is given in the article, assuming here that it is fork length",NA,9.5,individual,1,30.3,1,NA,exogenous,wet,30,salt,post-smolt,Thorarensen et al.1993_891,891,,,
1993,Thorarensen et al.,J. Exp. Biol.,368,30.2,10,76.38919237,NA,2.673621733,NA,175.2217571,NA,5.166052355,5.908082938,Oncorhynchus tshawytscha,hatchery,juvenile,NA,"LS: fish excercised for 8 months at 0.5 BL/s. Unclear which length is given in the article, assuming here that it is fork length",NA,9.5,individual,1,30.3,1,NA,exogenous,wet,30,salt,post-smolt,Thorarensen et al.1993_892,892,,,
1993,Thorarensen et al.,J. Exp. Biol.,368,30.2,10,74.76025735,NA,2.616609007,NA,161.839131,NA,5.086602823,5.908082938,Oncorhynchus tshawytscha,hatchery,juvenile,NA,"LS: fish excercised for 8 months at 0.5 BL/s. Unclear which length is given in the article, assuming here that it is fork length",NA,9.5,individual,1,30.3,1,NA,exogenous,wet,30,salt,post-smolt,Thorarensen et al.1993_893,893,,,
1993,Thorarensen et al.,J. Exp. Biol.,368,30.2,10,76.68956898,NA,2.684134914,NA,159.6610383,NA,5.073053058,5.908082938,Oncorhynchus tshawytscha,hatchery,juvenile,NA,"LS: fish excercised for 8 months at 0.5 BL/s. Unclear which length is given in the article, assuming here that it is fork length",NA,9.5,individual,1,30.3,1,NA,exogenous,wet,30,salt,post-smolt,Thorarensen et al.1993_894,894,,,
1993,Thorarensen et al.,J. Exp. Biol.,368,30.2,10,75.91361256,NA,2.65697644,NA,152.78866,NA,5.029055659,5.908082938,Oncorhynchus tshawytscha,hatchery,juvenile,NA,"LS: fish excercised for 8 months at 0.5 BL/s. Unclear which length is given in the article, assuming here that it is fork length",NA,9.5,individual,1,30.3,1,NA,exogenous,wet,30,salt,post-smolt,Thorarensen et al.1993_895,895,,,
1993,Thorarensen et al.,J. Exp. Biol.,368,30.2,10,75.52494223,NA,2.643372978,NA,148.0859917,NA,4.99779313,5.908082938,Oncorhynchus tshawytscha,hatchery,juvenile,NA,"LS: fish excercised for 8 months at 0.5 BL/s. Unclear which length is given in the article, assuming here that it is fork length",NA,9.5,individual,1,30.3,1,NA,exogenous,wet,30,salt,post-smolt,Thorarensen et al.1993_896,896,,,
1993,Thorarensen et al.,J. Exp. Biol.,368,30.2,10,75.52237153,NA,2.643283004,NA,143.3819262,NA,4.965511883,5.908082938,Oncorhynchus tshawytscha,hatchery,juvenile,NA,"LS: fish excercised for 8 months at 0.5 BL/s. Unclear which length is given in the article, assuming here that it is fork length",NA,9.5,individual,1,30.3,1,NA,exogenous,wet,30,salt,post-smolt,Thorarensen et al.1993_897,897,,,
1993,Thorarensen et al.,J. Exp. Biol.,368,30.2,10,79.07607003,NA,2.767662451,NA,146.2638823,NA,4.985412403,5.908082938,Oncorhynchus tshawytscha,hatchery,juvenile,NA,"LS: fish excercised for 8 months at 0.5 BL/s. Unclear which length is given in the article, assuming here that it is fork length",NA,9.5,individual,1,30.3,1,NA,exogenous,wet,30,salt,post-smolt,Thorarensen et al.1993_898,898,,,
1993,Thorarensen et al.,J. Exp. Biol.,368,30.2,10,80.07933581,NA,2.802776753,NA,145.1746963,NA,4.977937819,5.908082938,Oncorhynchus tshawytscha,hatchery,juvenile,NA,"LS: fish excercised for 8 months at 0.5 BL/s. Unclear which length is given in the article, assuming here that it is fork length",NA,9.5,individual,1,30.3,1,NA,exogenous,wet,30,salt,post-smolt,Thorarensen et al.1993_899,899,,,
1993,Thorarensen et al.,J. Exp. Biol.,368,30.2,10,79.62313513,NA,2.78680973,NA,158.2030155,NA,5.063879117,5.908082938,Oncorhynchus tshawytscha,hatchery,juvenile,NA,"LS: fish excercised for 8 months at 0.5 BL/s. Unclear which length is given in the article, assuming here that it is fork length",NA,9.5,individual,1,30.3,1,NA,exogenous,wet,30,salt,post-smolt,Thorarensen et al.1993_900,900,,,
1993,Thorarensen et al.,J. Exp. Biol.,368,30.2,10,79.6247171,NA,2.786865098,NA,161.097825,NA,5.082011789,5.908082938,Oncorhynchus tshawytscha,hatchery,juvenile,NA,"LS: fish excercised for 8 months at 0.5 BL/s. Unclear which length is given in the article, assuming here that it is fork length",NA,9.5,individual,1,30.3,1,NA,exogenous,wet,30,salt,post-smolt,Thorarensen et al.1993_901,901,,,
1993,Thorarensen et al.,J. Exp. Biol.,368,30.2,10,80.55887055,NA,2.819560469,NA,174.8448171,NA,5.163898821,5.908082938,Oncorhynchus tshawytscha,hatchery,juvenile,NA,"LS: fish excercised for 8 months at 0.5 BL/s. Unclear which length is given in the article, assuming here that it is fork length",NA,9.5,individual,1,30.3,1,NA,exogenous,wet,30,salt,post-smolt,Thorarensen et al.1993_902,902,,,
1993,Thorarensen et al.,J. Exp. Biol.,368,30.2,10,79.6353954,NA,2.787238839,NA,180.6377892,NA,5.196493861,5.908082938,Oncorhynchus tshawytscha,hatchery,juvenile,NA,"LS: fish excercised for 8 months at 0.5 BL/s. Unclear which length is given in the article, assuming here that it is fork length",NA,9.5,individual,1,30.3,1,NA,exogenous,wet,30,salt,post-smolt,Thorarensen et al.1993_903,903,,,
1993,Thorarensen et al.,J. Exp. Biol.,368,30.2,10,77.47323751,NA,2.711563313,NA,180.645613,NA,5.196537173,5.908082938,Oncorhynchus tshawytscha,hatchery,juvenile,NA,"LS: fish excercised for 8 months at 0.5 BL/s. Unclear which length is given in the article, assuming here that it is fork length",NA,9.5,individual,1,30.3,1,NA,exogenous,wet,30,salt,post-smolt,Thorarensen et al.1993_904,904,,,
1993,Thorarensen et al.,J. Exp. Biol.,368,30.2,10,76.86398121,NA,2.690239342,NA,196.2074494,NA,5.279172515,5.908082938,Oncorhynchus tshawytscha,hatchery,juvenile,NA,"LS: fish excercised for 8 months at 0.5 BL/s. Unclear which length is given in the article, assuming here that it is fork length",NA,9.5,individual,1,30.3,1,NA,exogenous,wet,30,salt,post-smolt,Thorarensen et al.1993_905,905,,,
1993,Thorarensen et al.,J. Exp. Biol.,368,30.2,10,64.05328471,NA,2.241864965,NA,69.24378729,NA,4.237633427,5.908082938,Oncorhynchus tshawytscha,hatchery,juvenile,NA,"LS: fish excercised for 8 months at 0.5 BL/s. Unclear which length is given in the article, assuming here that it is fork length",NA,9.5,individual,1,30.3,1,NA,exogenous,wet,30,salt,post-smolt,Thorarensen et al.1993_906,906,,,
1993,Thorarensen et al.,J. Exp. Biol.,368,30.2,10,65.84021902,NA,2.304407666,NA,89.13917588,NA,4.490198922,5.908082938,Oncorhynchus tshawytscha,hatchery,juvenile,NA,"LS: fish excercised for 8 months at 0.5 BL/s. Unclear which length is given in the article, assuming here that it is fork length",NA,9.5,individual,1,30.3,1,NA,exogenous,wet,30,salt,post-smolt,Thorarensen et al.1993_907,907,,,
1993,Thorarensen et al.,J. Exp. Biol.,368,30.2,10,70.39935851,NA,2.463977548,NA,94.91230899,NA,4.552953402,5.908082938,Oncorhynchus tshawytscha,hatchery,juvenile,NA,"LS: fish excercised for 8 months at 0.5 BL/s. Unclear which length is given in the article, assuming here that it is fork length",NA,9.5,individual,1,30.3,1,NA,exogenous,wet,30,salt,post-smolt,Thorarensen et al.1993_908,908,,,
1993,Thorarensen et al.,J. Exp. Biol.,368,30.2,10,73.03867818,NA,2.556353736,NA,120.2323917,NA,4.789426468,5.908082938,Oncorhynchus tshawytscha,hatchery,juvenile,NA,"LS: fish excercised for 8 months at 0.5 BL/s. Unclear which length is given in the article, assuming here that it is fork length",NA,9.5,individual,1,30.3,1,NA,exogenous,wet,30,salt,post-smolt,Thorarensen et al.1993_909,909,,,
1993,Thorarensen et al.,J. Exp. Biol.,368,30.2,10,72.19143422,NA,2.526700198,NA,124.2158284,NA,4.822020605,5.908082938,Oncorhynchus tshawytscha,hatchery,juvenile,NA,"LS: fish excercised for 8 months at 0.5 BL/s. Unclear which length is given in the article, assuming here that it is fork length",NA,9.5,individual,1,30.3,1,NA,exogenous,wet,30,salt,post-smolt,Thorarensen et al.1993_910,910,,,
1993,Thorarensen et al.,J. Exp. Biol.,368,30.2,10,74.50921844,NA,2.607822645,NA,126.3785529,NA,4.839281791,5.908082938,Oncorhynchus tshawytscha,hatchery,juvenile,NA,"LS: fish excercised for 8 months at 0.5 BL/s. Unclear which length is given in the article, assuming here that it is fork length",NA,9.5,individual,1,30.3,1,NA,exogenous,wet,30,salt,post-smolt,Thorarensen et al.1993_911,911,,,
1993,Thorarensen et al.,J. Exp. Biol.,368,30.2,10,75.04659397,NA,2.626630789,NA,120.586978,NA,4.792371301,5.908082938,Oncorhynchus tshawytscha,hatchery,juvenile,NA,"LS: fish excercised for 8 months at 0.5 BL/s. Unclear which length is given in the article, assuming here that it is fork length",NA,9.5,individual,1,30.3,1,NA,exogenous,wet,30,salt,post-smolt,Thorarensen et al.1993_912,912,,,
1993,Thorarensen et al.,J. Exp. Biol.,368,30.2,10,84.72617577,NA,2.965416152,NA,170.1256629,NA,5.136537357,5.908082938,Oncorhynchus tshawytscha,hatchery,juvenile,NA,"LS: fish excercised for 8 months at 0.5 BL/s. Unclear which length is given in the article, assuming here that it is fork length",NA,9.5,individual,1,30.3,1,NA,exogenous,wet,30,salt,post-smolt,Thorarensen et al.1993_913,913,,,
1993,Thorarensen et al.,J. Exp. Biol.,368,30.2,10,81.10494692,NA,2.838673142,NA,184.9746944,NA,5.220219029,5.908082938,Oncorhynchus tshawytscha,hatchery,juvenile,NA,"LS: fish excercised for 8 months at 0.5 BL/s. Unclear which length is given in the article, assuming here that it is fork length",NA,9.5,individual,1,30.3,1,NA,exogenous,wet,30,salt,post-smolt,Thorarensen et al.1993_914,914,,,
1993,Thorarensen et al.,J. Exp. Biol.,368,30.2,10,81.95772778,NA,2.868520472,NA,191.1230909,NA,5.252917676,5.908082938,Oncorhynchus tshawytscha,hatchery,juvenile,NA,"LS: fish excercised for 8 months at 0.5 BL/s. Unclear which length is given in the article, assuming here that it is fork length",NA,9.5,individual,1,30.3,1,NA,exogenous,wet,30,salt,post-smolt,Thorarensen et al.1993_915,915,,,
1993,Thorarensen et al.,J. Exp. Biol.,368,30.2,10,81.65043005,NA,2.857765052,NA,194.0190181,NA,5.267956186,5.908082938,Oncorhynchus tshawytscha,hatchery,juvenile,NA,"LS: fish excercised for 8 months at 0.5 BL/s. Unclear which length is given in the article, assuming here that it is fork length",NA,9.5,individual,1,30.3,1,NA,exogenous,wet,30,salt,post-smolt,Thorarensen et al.1993_916,916,,,
1993,Thorarensen et al.,J. Exp. Biol.,368,30.2,10,84.27412777,NA,2.949594472,NA,190.7528571,NA,5.250978648,5.908082938,Oncorhynchus tshawytscha,hatchery,juvenile,NA,"LS: fish excercised for 8 months at 0.5 BL/s. Unclear which length is given in the article, assuming here that it is fork length",NA,9.5,individual,1,30.3,1,NA,exogenous,wet,30,salt,post-smolt,Thorarensen et al.1993_917,917,,,
1993,Thorarensen et al.,J. Exp. Biol.,368,30.2,10,84.27650072,NA,2.949677525,NA,195.0950713,NA,5.273486985,5.908082938,Oncorhynchus tshawytscha,hatchery,juvenile,NA,"LS: fish excercised for 8 months at 0.5 BL/s. Unclear which length is given in the article, assuming here that it is fork length",NA,9.5,individual,1,30.3,1,NA,exogenous,wet,30,salt,post-smolt,Thorarensen et al.1993_918,918,,,
1993,Thorarensen et al.,J. Exp. Biol.,368,30.2,10,84.28381733,NA,2.949933607,NA,208.4835653,NA,5.339860214,5.908082938,Oncorhynchus tshawytscha,hatchery,juvenile,NA,"LS: fish excercised for 8 months at 0.5 BL/s. Unclear which length is given in the article, assuming here that it is fork length",NA,9.5,individual,1,30.3,1,NA,exogenous,wet,30,salt,post-smolt,Thorarensen et al.1993_919,919,,,
1993,Thorarensen et al.,J. Exp. Biol.,368,30.2,10,83.97770608,NA,2.939219713,NA,213.5505996,NA,5.363873805,5.908082938,Oncorhynchus tshawytscha,hatchery,juvenile,NA,"LS: fish excercised for 8 months at 0.5 BL/s. Unclear which length is given in the article, assuming here that it is fork length",NA,9.5,individual,1,30.3,1,NA,exogenous,wet,30,salt,post-smolt,Thorarensen et al.1993_920,920,,,
1993,Thorarensen et al.,J. Exp. Biol.,368,30.2,10,81.43478772,NA,2.85021757,NA,223.3298025,NA,5.408649614,5.908082938,Oncorhynchus tshawytscha,hatchery,juvenile,NA,"LS: fish excercised for 8 months at 0.5 BL/s. Unclear which length is given in the article, assuming here that it is fork length",NA,9.5,individual,1,30.3,1,NA,exogenous,wet,30,salt,post-smolt,Thorarensen et al.1993_921,921,,,
1993,Thorarensen et al.,J. Exp. Biol.,368,30.2,10,86.14599411,NA,3.015109794,NA,224.7601626,NA,5.415033889,5.908082938,Oncorhynchus tshawytscha,hatchery,juvenile,NA,"LS: fish excercised for 8 months at 0.5 BL/s. Unclear which length is given in the article, assuming here that it is fork length",NA,9.5,individual,1,30.3,1,NA,exogenous,wet,30,salt,post-smolt,Thorarensen et al.1993_922,922,,,
1993,Thorarensen et al.,J. Exp. Biol.,368,30.2,10,85.29123579,NA,2.985193253,NA,214.9932541,NA,5.370606652,5.908082938,Oncorhynchus tshawytscha,hatchery,juvenile,NA,"LS: fish excercised for 8 months at 0.5 BL/s. Unclear which length is given in the article, assuming here that it is fork length",NA,9.5,individual,1,30.3,1,NA,exogenous,wet,30,salt,post-smolt,Thorarensen et al.1993_923,923,,,
1993,Thorarensen et al.,J. Exp. Biol.,368,30.2,10,85.28866508,NA,2.985103278,NA,210.2891887,NA,5.348483672,5.908082938,Oncorhynchus tshawytscha,hatchery,juvenile,NA,"LS: fish excercised for 8 months at 0.5 BL/s. Unclear which length is given in the article, assuming here that it is fork length",NA,9.5,individual,1,30.3,1,NA,exogenous,wet,30,salt,post-smolt,Thorarensen et al.1993_924,924,,,
1993,Thorarensen et al.,J. Exp. Biol.,368,30.2,10,74.79585168,NA,2.617854809,NA,226.9723447,NA,5.42482818,5.908082938,Oncorhynchus tshawytscha,hatchery,juvenile,NA,"LS: fish excercised for 8 months at 0.5 BL/s. Unclear which length is given in the article, assuming here that it is fork length",NA,9.5,individual,1,30.3,1,NA,exogenous,wet,30,salt,post-smolt,Thorarensen et al.1993_925,925,,,
1993,Thorarensen et al.,J. Exp. Biol.,368,30.2,10,85.70600862,NA,2.999710302,NA,267.4602792,NA,5.588971066,5.908082938,Oncorhynchus tshawytscha,hatchery,juvenile,NA,"LS: fish excercised for 8 months at 0.5 BL/s. Unclear which length is given in the article, assuming here that it is fork length",NA,9.5,individual,1,30.3,1,NA,exogenous,wet,30,salt,post-smolt,Thorarensen et al.1993_926,926,,,
1993,Thorarensen et al.,J. Exp. Biol.,368,30.2,10,89.93748251,NA,3.147811888,NA,238.8586672,NA,5.475872026,5.908082938,Oncorhynchus tshawytscha,hatchery,juvenile,NA,"LS: fish excercised for 8 months at 0.5 BL/s. Unclear which length is given in the article, assuming here that it is fork length",NA,9.5,individual,1,30.3,1,NA,exogenous,wet,30,salt,post-smolt,Thorarensen et al.1993_927,927,,,
1993,Thorarensen et al.,J. Exp. Biol.,368,30.2,10,88.8390019,NA,3.109365066,NA,207.0196746,NA,5.332813835,5.908082938,Oncorhynchus tshawytscha,hatchery,juvenile,NA,"LS: fish excercised for 8 months at 0.5 BL/s. Unclear which length is given in the article, assuming here that it is fork length",NA,9.5,individual,1,30.3,1,NA,exogenous,wet,30,salt,post-smolt,Thorarensen et al.1993_928,928,,,
1993,Thorarensen et al.,J. Exp. Biol.,368,30.2,10,88.83662894,NA,3.109282013,NA,202.6774604,NA,5.31161585,5.908082938,Oncorhynchus tshawytscha,hatchery,juvenile,NA,"LS: fish excercised for 8 months at 0.5 BL/s. Unclear which length is given in the article, assuming here that it is fork length",NA,9.5,individual,1,30.3,1,NA,exogenous,wet,30,salt,post-smolt,Thorarensen et al.1993_929,929,,,
1993,Thorarensen et al.,J. Exp. Biol.,368,30.2,10,90.84157853,NA,3.179455249,NA,197.6042788,NA,5.286266439,5.908082938,Oncorhynchus tshawytscha,hatchery,juvenile,NA,"LS: fish excercised for 8 months at 0.5 BL/s. Unclear which length is given in the article, assuming here that it is fork length",NA,9.5,individual,1,30.3,1,NA,exogenous,wet,30,salt,post-smolt,Thorarensen et al.1993_930,930,,,
1993,Thorarensen et al.,J. Exp. Biol.,368,30.2,10,94.49859946,NA,3.307450981,NA,248.2503122,NA,5.51443756,5.908082938,Oncorhynchus tshawytscha,hatchery,juvenile,NA,"LS: fish excercised for 8 months at 0.5 BL/s. Unclear which length is given in the article, assuming here that it is fork length",NA,9.5,individual,1,30.3,1,NA,exogenous,wet,30,salt,post-smolt,Thorarensen et al.1993_931,931,,,
1993,Thorarensen et al.,J. Exp. Biol.,368,30.2,10,99.13357465,NA,3.469675113,NA,251.4902075,NA,5.527404053,5.908082938,Oncorhynchus tshawytscha,hatchery,juvenile,NA,"LS: fish excercised for 8 months at 0.5 BL/s. Unclear which length is given in the article, assuming here that it is fork length",NA,9.5,individual,1,30.3,1,NA,exogenous,wet,30,salt,post-smolt,Thorarensen et al.1993_932,932,,,
2023,Van Wert et al.,Cons. Phys.,6234,NA,18,0,NA,0,NA,NA,NA,NA,8.73777346,Oncorhynchus tshawytscha,fall,adult,NA,paper also has MMR and AS if needed,CHCH301,12,individual,1,83.5,1,NA,exogenous,wet,0,fresh,post-smolt,Van Wert et al.2023_1,1,6.234,NA,Chilliwack River
2023,Van Wert et al.,Cons. Phys.,3251,NA,18,0,NA,0,NA,NA,NA,NA,8.08671792,Oncorhynchus tshawytscha,fall,adult,NA,paper also has MMR and AS if needed,CHCH302,12,individual,1,63.4,1,NA,exogenous,wet,0,fresh,post-smolt,Van Wert et al.2023_2,2,3.251,NA,Chilliwack River
2023,Van Wert et al.,Cons. Phys.,1497,NA,18,0,NA,0,NA,237.75354,NA,5.471234591,7.311218384,Oncorhynchus tshawytscha,fall,adult,NA,paper also has MMR and AS if needed,CHCH303,12,individual,1,49.8,1,NA,exogenous,wet,0,fresh,post-smolt,Van Wert et al.2023_3,3,1.497,NA,Chilliwack River
2023,Van Wert et al.,Cons. Phys.,1970,NA,12,0,NA,0,NA,296.091,NA,5.69066684,7.585788822,Oncorhynchus tshawytscha,fall,adult,NA,paper also has MMR and AS if needed,CHCH304,12,individual,1,54.8,1,NA,exogenous,wet,0,fresh,post-smolt,Van Wert et al.2023_4,4,1.97,NA,Chilliwack River
2023,Van Wert et al.,Cons. Phys.,5297,NA,12,0,NA,0,NA,1704.78648,NA,7.44119515,8.574895902,Oncorhynchus tshawytscha,fall,adult,NA,paper also has MMR and AS if needed,CHCH305,12,individual,1,75.9,1,NA,exogenous,wet,0,fresh,post-smolt,Van Wert et al.2023_5,5,5.297,NA,Chilliwack River
2023,Van Wert et al.,Cons. Phys.,3647,NA,21,0,NA,0,NA,NA,NA,NA,8.201660191,Oncorhynchus tshawytscha,fall,adult,NA,paper also has MMR and AS if needed,CHCH306,12,individual,1,66.4,1,NA,exogenous,wet,0,fresh,post-smolt,Van Wert et al.2023_6,6,3.647,NA,Chilliwack River
2023,Van Wert et al.,Cons. Phys.,2169,NA,21,0,NA,0,NA,377.01558,NA,5.932286513,7.682021511,Oncorhynchus tshawytscha,fall,adult,NA,paper also has MMR and AS if needed,CHCH307,12,individual,1,56.9,1,NA,exogenous,wet,0,fresh,post-smolt,Van Wert et al.2023_7,7,2.169,NA,Chilliwack River
2023,Van Wert et al.,Cons. Phys.,1624,NA,21,0,NA,0,NA,345.4248,NA,5.844774964,7.392647521,Oncorhynchus tshawytscha,fall,adult,NA,paper also has MMR and AS if needed,CHCH308,12,individual,1,50.8,1,NA,exogenous,wet,0,fresh,post-smolt,Van Wert et al.2023_8,8,1.624,NA,Chilliwack River
2023,Van Wert et al.,Cons. Phys.,2730,NA,24,0,NA,0,NA,NA,NA,NA,7.912056888,Oncorhynchus tshawytscha,fall,adult,NA,paper also has MMR and AS if needed,CHCH309,12,individual,1,60,1,NA,exogenous,wet,0,fresh,post-smolt,Van Wert et al.2023_9,9,2.73,NA,Chilliwack River
2023,Van Wert et al.,Cons. Phys.,6441,NA,24,0,NA,0,NA,NA,NA,NA,8.770439087,Oncorhynchus tshawytscha,fall,adult,NA,paper also has MMR and AS if needed,CHCH310,12,individual,1,78.6,1,NA,exogenous,wet,0,fresh,post-smolt,Van Wert et al.2023_10,10,6.441,NA,Chilliwack River
2023,Van Wert et al.,Cons. Phys.,4226,NA,21,0,NA,0,NA,1072.30524,NA,6.97756604,8.349011198,Oncorhynchus tshawytscha,fall,adult,NA,paper also has MMR and AS if needed,CHCH311,12,individual,1,71.5,1,NA,exogenous,wet,0,fresh,post-smolt,Van Wert et al.2023_11,11,4.226,NA,Chilliwack River
2023,Van Wert et al.,Cons. Phys.,4768,NA,21,0,NA,0,NA,976.39104,NA,6.883863162,8.469682209,Oncorhynchus tshawytscha,fall,adult,NA,paper also has MMR and AS if needed,CHCH312,12,individual,1,72.3,1,NA,exogenous,wet,0,fresh,post-smolt,Van Wert et al.2023_12,12,4.768,NA,Chilliwack River
2023,Van Wert et al.,Cons. Phys.,1842,NA,21,0,NA,0,NA,393.34068,NA,5.974676107,7.518607217,Oncorhynchus tshawytscha,fall,adult,NA,paper also has MMR and AS if needed,CHCH313,12,individual,1,51.7,1,NA,exogenous,wet,0,fresh,post-smolt,Van Wert et al.2023_13,13,1.842,NA,Chilliwack River
2023,Van Wert et al.,Cons. Phys.,2146,NA,18,0,NA,0,NA,537.83052,NA,6.287543492,7.671360923,Oncorhynchus tshawytscha,fall,adult,NA,paper also has MMR and AS if needed,CHCH314,12,individual,1,56,1,NA,exogenous,wet,0,fresh,post-smolt,Van Wert et al.2023_14,14,2.146,NA,Chilliwack River
2023,Van Wert et al.,Cons. Phys.,1668,NA,18,0,NA,0,NA,NA,NA,NA,7.419380583,Oncorhynchus tshawytscha,fall,adult,NA,paper also has MMR and AS if needed,CHCH315,12,individual,1,50.5,1,NA,exogenous,wet,0,fresh,post-smolt,Van Wert et al.2023_15,15,1.668,NA,Chilliwack River
2023,Van Wert et al.,Cons. Phys.,3980,NA,12,0,NA,0,NA,462.3168,NA,6.13625037,8.289037098,Oncorhynchus tshawytscha,fall,adult,NA,paper also has MMR and AS if needed,CHCH316,12,individual,1,68.4,1,NA,exogenous,wet,0,fresh,post-smolt,Van Wert et al.2023_16,16,3.98,NA,Chilliwack River
2023,Van Wert et al.,Cons. Phys.,2965,NA,12,0,NA,0,NA,537.4359,NA,6.286809497,7.994632311,Oncorhynchus tshawytscha,fall,adult,NA,paper also has MMR and AS if needed,CHCH317,12,individual,1,62.4,1,NA,exogenous,wet,0,fresh,post-smolt,Van Wert et al.2023_17,17,2.965,NA,Chilliwack River
2023,Van Wert et al.,Cons. Phys.,1740,NA,12,0,NA,0,NA,208.4868,NA,5.33987573,7.461640392,Oncorhynchus tshawytscha,fall,adult,NA,paper also has MMR and AS if needed,CHCH318,12,individual,1,54.4,1,NA,exogenous,wet,0,fresh,post-smolt,Van Wert et al.2023_18,18,1.74,NA,Chilliwack River
2023,Van Wert et al.,Cons. Phys.,2143,NA,18,0,NA,0,NA,384.19704,NA,5.951155546,7.669961995,Oncorhynchus tshawytscha,fall,adult,NA,paper also has MMR and AS if needed,CHCH319,12,individual,1,56.7,1,NA,exogenous,wet,0,fresh,post-smolt,Van Wert et al.2023_19,19,2.143,NA,Chilliwack River
2023,Van Wert et al.,Cons. Phys.,4157,NA,18,0,NA,0,NA,1207.1928,NA,7.096052943,8.332548939,Oncorhynchus tshawytscha,fall,adult,NA,paper also has MMR and AS if needed,CHCH320,12,individual,1,68.6,1,NA,exogenous,wet,0,fresh,post-smolt,Van Wert et al.2023_20,20,4.157,NA,Chilliwack River
2023,Van Wert et al.,Cons. Phys.,4076,NA,12,0,NA,0,NA,590.36784,NA,6.3807458,8.312871394,Oncorhynchus tshawytscha,fall,adult,NA,paper also has MMR and AS if needed,CHCH321,12,individual,1,71.3,1,NA,exogenous,wet,0,fresh,post-smolt,Van Wert et al.2023_21,21,4.076,NA,Chilliwack River
2023,Van Wert et al.,Cons. Phys.,2402,NA,12,0,NA,0,NA,333.06132,NA,5.808326617,7.784057003,Oncorhynchus tshawytscha,fall,adult,NA,paper also has MMR and AS if needed,CHCH322,12,individual,1,58,1,NA,exogenous,wet,0,fresh,post-smolt,Van Wert et al.2023_22,22,2.402,NA,Chilliwack River
2023,Van Wert et al.,Cons. Phys.,1498,NA,12,0,NA,0,NA,260.56212,NA,5.562841297,7.311886164,Oncorhynchus tshawytscha,fall,adult,NA,paper also has MMR and AS if needed,CHCH323,12,individual,1,51.5,1,NA,exogenous,wet,0,fresh,post-smolt,Van Wert et al.2023_23,23,1.498,NA,Chilliwack River
2023,Van Wert et al.,Cons. Phys.,1837,NA,24,0,NA,0,NA,NA,NA,NA,7.515889085,Oncorhynchus tshawytscha,fall,adult,NA,paper also has MMR and AS if needed,CHCH324,12,individual,1,52,1,NA,exogenous,wet,0,fresh,post-smolt,Van Wert et al.2023_24,24,1.837,NA,Chilliwack River
2023,Van Wert et al.,Cons. Phys.,2689,NA,24,0,NA,0,NA,NA,NA,NA,7.896924656,Oncorhynchus tshawytscha,fall,adult,NA,paper also has MMR and AS if needed,CHCH325,12,individual,1,60,1,NA,exogenous,wet,0,fresh,post-smolt,Van Wert et al.2023_25,25,2.689,NA,Chilliwack River
2023,Van Wert et al.,Cons. Phys.,2405,NA,18,0,NA,0,NA,357.7197,NA,5.879749719,7.785305183,Oncorhynchus tshawytscha,fall,adult,NA,paper also has MMR and AS if needed,CHCH326,12,individual,1,58.3,1,NA,exogenous,wet,0,fresh,post-smolt,Van Wert et al.2023_26,26,2.405,NA,Chilliwack River
2023,Van Wert et al.,Cons. Phys.,2490,NA,18,0,NA,0,NA,377.235,NA,5.932868335,7.820037989,Oncorhynchus tshawytscha,fall,adult,NA,paper also has MMR and AS if needed,CHCH327,12,individual,1,58.7,1,NA,exogenous,wet,0,fresh,post-smolt,Van Wert et al.2023_27,27,2.49,NA,Chilliwack River
2023,Van Wert et al.,Cons. Phys.,1541,NA,18,0,NA,0,NA,347.27976,NA,5.85013068,7.340186835,Oncorhynchus tshawytscha,fall,adult,NA,paper also has MMR and AS if needed,CHCH328,12,individual,1,52.9,1,NA,exogenous,wet,0,fresh,post-smolt,Van Wert et al.2023_28,28,1.541,NA,Chilliwack River
2023,Van Wert et al.,Cons. Phys.,2439,NA,21,0,NA,0,NA,517.89726,NA,6.249776883,7.799343398,Oncorhynchus tshawytscha,fall,adult,NA,paper also has MMR and AS if needed,CHCH329,12,individual,1,60.1,1,NA,exogenous,wet,0,fresh,post-smolt,Van Wert et al.2023_29,29,2.439,NA,Chilliwack River
2023,Van Wert et al.,Cons. Phys.,2410,NA,21,0,NA,0,NA,NA,NA,NA,7.787382026,Oncorhynchus tshawytscha,fall,adult,NA,paper also has MMR and AS if needed,CHCH330,12,individual,1,57.4,1,NA,exogenous,wet,0,fresh,post-smolt,Van Wert et al.2023_30,30,2.41,NA,Chilliwack River
2023,Van Wert et al.,Cons. Phys.,2392,NA,21,0,NA,0,NA,NA,NA,NA,7.779885115,Oncorhynchus tshawytscha,fall,adult,NA,paper also has MMR and AS if needed,CHCH331,12,individual,1,57.2,1,NA,exogenous,wet,0,fresh,post-smolt,Van Wert et al.2023_31,31,2.392,NA,Chilliwack River
2023,Van Wert et al.,Cons. Phys.,2073,NA,21,0,NA,0,NA,595.53144,NA,6.389454183,7.636752112,Oncorhynchus tshawytscha,fall,adult,NA,paper also has MMR and AS if needed,CHCH332,12,individual,1,55.4,1,NA,exogenous,wet,0,fresh,post-smolt,Van Wert et al.2023_32,32,2.073,NA,Chilliwack River
2023,Van Wert et al.,Cons. Phys.,4573,NA,12,0,NA,0,NA,899.14326,NA,6.801442377,8.427924724,Oncorhynchus tshawytscha,fall,adult,NA,paper also has MMR and AS if needed,CHCH333,12,individual,1,69.2,1,NA,exogenous,wet,0,fresh,post-smolt,Van Wert et al.2023_33,33,4.573,NA,Chilliwack River
2023,Van Wert et al.,Cons. Phys.,1744,NA,12,0,NA,0,NA,183.85248,NA,5.214133697,7.463936604,Oncorhynchus tshawytscha,fall,adult,NA,paper also has MMR and AS if needed,CHCH334,12,individual,1,54.3,1,NA,exogenous,wet,0,fresh,post-smolt,Van Wert et al.2023_34,34,1.744,NA,Chilliwack River
2023,Van Wert et al.,Cons. Phys.,1675,NA,12,0,NA,0,NA,294.264,NA,5.684477324,7.423568444,Oncorhynchus tshawytscha,fall,adult,NA,paper also has MMR and AS if needed,CHCH335,12,individual,1,53.4,1,NA,exogenous,wet,0,fresh,post-smolt,Van Wert et al.2023_35,35,1.675,NA,Chilliwack River
2023,Van Wert et al.,Cons. Phys.,2791,NA,21,0,NA,0,NA,667.99794,NA,6.50428509,7.934155234,Oncorhynchus tshawytscha,fall,adult,NA,paper also has MMR and AS if needed,CHCH337,12,individual,1,62,1,NA,exogenous,wet,0,fresh,post-smolt,Van Wert et al.2023_36,36,2.791,NA,Chilliwack River
2023,Van Wert et al.,Cons. Phys.,1986,NA,21,0,NA,0,NA,NA,NA,NA,7.593877845,Oncorhynchus tshawytscha,fall,adult,NA,paper also has MMR and AS if needed,CHCH338,12,individual,1,56,1,NA,exogenous,wet,0,fresh,post-smolt,Van Wert et al.2023_37,37,1.986,NA,Chilliwack River
2023,Van Wert et al.,Cons. Phys.,2044,NA,18,0,NA,0,NA,456.34344,NA,6.123245684,7.622663951,Oncorhynchus tshawytscha,fall,adult,NA,paper also has MMR and AS if needed,CHCH339,12,individual,1,57.4,1,NA,exogenous,wet,0,fresh,post-smolt,Van Wert et al.2023_38,38,2.044,NA,Chilliwack River
2023,Van Wert et al.,Cons. Phys.,3488,NA,12,0,NA,0,NA,572.3808,NA,6.349804504,8.157083785,Oncorhynchus tshawytscha,fall,adult,NA,paper also has MMR and AS if needed,CHCH340,12,individual,1,66.4,1,NA,exogenous,wet,0,fresh,post-smolt,Van Wert et al.2023_39,39,3.488,NA,Chilliwack River
2023,Van Wert et al.,Cons. Phys.,3880,NA,12,0,NA,0,NA,553.8312,NA,6.316859947,8.263590433,Oncorhynchus tshawytscha,fall,adult,NA,paper also has MMR and AS if needed,CHCH341,12,individual,1,67.8,1,NA,exogenous,wet,0,fresh,post-smolt,Van Wert et al.2023_40,40,3.88,NA,Chilliwack River
2023,Van Wert et al.,Cons. Phys.,7200,NA,12,0,NA,0,NA,968.976,NA,6.876239844,8.881836305,Oncorhynchus tshawytscha,fall,adult,NA,paper also has MMR and AS if needed,CHCH342,12,individual,1,79.2,1,NA,exogenous,wet,0,fresh,post-smolt,Van Wert et al.2023_41,41,7.2,NA,Chilliwack River
2023,Van Wert et al.,Cons. Phys.,6796,NA,21,0,NA,0,NA,NA,NA,NA,8.824089483,Oncorhynchus tshawytscha,fall,adult,NA,paper also has MMR and AS if needed,CHCH343,12,individual,1,84.2,1,NA,exogenous,wet,0,fresh,post-smolt,Van Wert et al.2023_42,42,6.796,NA,Chilliwack River
2023,Van Wert et al.,Cons. Phys.,4934,NA,21,0,NA,0,NA,NA,NA,NA,8.503905297,Oncorhynchus tshawytscha,fall,adult,NA,paper also has MMR and AS if needed,CHCH344,12,individual,1,72.8,1,NA,exogenous,wet,0,fresh,post-smolt,Van Wert et al.2023_43,43,4.934,NA,Chilliwack River
2023,Van Wert et al.,Cons. Phys.,6800,NA,21,0,NA,0,NA,NA,NA,NA,8.824677891,Oncorhynchus tshawytscha,fall,adult,NA,paper also has MMR and AS if needed,CHCH345,12,individual,1,80.5,1,NA,exogenous,wet,0,fresh,post-smolt,Van Wert et al.2023_44,44,6.8,NA,Chilliwack River
2023,Van Wert et al.,Cons. Phys.,3001,NA,18,0,NA,0,NA,554.94492,NA,6.318868866,8.006700845,Oncorhynchus tshawytscha,fall,adult,NA,paper also has MMR and AS if needed,CHCH346,12,individual,1,66.4,1,NA,exogenous,wet,0,fresh,post-smolt,Van Wert et al.2023_45,45,3.001,NA,Chilliwack River
2023,Van Wert et al.,Cons. Phys.,5780,NA,18,0,NA,0,NA,1276.9176,NA,7.152204328,8.662158962,Oncorhynchus tshawytscha,fall,adult,NA,paper also has MMR and AS if needed,CHCH347,12,individual,1,75.3,1,NA,exogenous,wet,0,fresh,post-smolt,Van Wert et al.2023_46,46,5.78,NA,Chilliwack River
2023,Van Wert et al.,Cons. Phys.,6351,NA,18,0,NA,0,NA,1467.081,NA,7.291029991,8.75636756,Oncorhynchus tshawytscha,fall,adult,NA,paper also has MMR and AS if needed,CHCH348,12,individual,1,78.4,1,NA,exogenous,wet,0,fresh,post-smolt,Van Wert et al.2023_47,47,6.351,NA,Chilliwack River
2023,Van Wert et al.,Cons. Phys.,5254,NA,12,0,NA,0,NA,1085.37132,NA,6.989677438,8.56674497,Oncorhynchus tshawytscha,summer,adult,NA,paper also has MMR and AS if needed,CHSH101,12,individual,1,74.5,1,NA,exogenous,wet,0,fresh,post-smolt,Van Wert et al.2023_48,48,5.254,NA,Shuswap River
2023,Van Wert et al.,Cons. Phys.,4820,NA,12,0,NA,0,NA,528.6576,NA,6.270340963,8.480529207,Oncorhynchus tshawytscha,summer,adult,NA,paper also has MMR and AS if needed,CHSH102,12,individual,1,74.5,1,NA,exogenous,wet,0,fresh,post-smolt,Van Wert et al.2023_49,49,4.82,NA,Shuswap River
2023,Van Wert et al.,Cons. Phys.,2907,NA,12,0,NA,0,NA,232.32744,NA,5.448147756,7.974876901,Oncorhynchus tshawytscha,summer,adult,NA,paper also has MMR and AS if needed,CHSH103,12,individual,1,62.7,1,NA,exogenous,wet,0,fresh,post-smolt,Van Wert et al.2023_50,50,2.907,NA,Shuswap River
2023,Van Wert et al.,Cons. Phys.,4081,NA,18,0,NA,0,NA,NA,NA,NA,8.314097335,Oncorhynchus tshawytscha,summer,adult,NA,paper also has MMR and AS if needed,CHSH104,12,individual,1,71.8,1,NA,exogenous,wet,0,fresh,post-smolt,Van Wert et al.2023_51,51,4.081,NA,Shuswap River
2023,Van Wert et al.,Cons. Phys.,4086,NA,18,0,NA,0,NA,503.06832,NA,6.220725986,8.315321775,Oncorhynchus tshawytscha,summer,adult,NA,paper also has MMR and AS if needed,CHSH105,12,individual,1,70.6,1,NA,exogenous,wet,0,fresh,post-smolt,Van Wert et al.2023_52,52,4.086,NA,Shuswap River
2023,Van Wert et al.,Cons. Phys.,2212,NA,18,0,NA,0,NA,701.29248,NA,6.552925033,7.701652363,Oncorhynchus tshawytscha,summer,adult,NA,paper also has MMR and AS if needed,CHSH106,12,individual,1,59.1,1,NA,exogenous,wet,0,fresh,post-smolt,Van Wert et al.2023_53,53,2.212,NA,Shuswap River
2023,Van Wert et al.,Cons. Phys.,5402,NA,21,0,NA,0,NA,1285.45992,NA,7.158871848,8.594524534,Oncorhynchus tshawytscha,summer,adult,NA,paper also has MMR and AS if needed,CHSH107,12,individual,1,77.1,1,NA,exogenous,wet,0,fresh,post-smolt,Van Wert et al.2023_54,54,5.402,NA,Shuswap River
2023,Van Wert et al.,Cons. Phys.,2626,NA,21,0,NA,0,NA,553.19316,NA,6.315707235,7.873217055,Oncorhynchus tshawytscha,summer,adult,NA,paper also has MMR and AS if needed,CHSH108,12,individual,1,63,1,NA,exogenous,wet,0,fresh,post-smolt,Van Wert et al.2023_55,55,2.626,NA,Shuswap River
2023,Van Wert et al.,Cons. Phys.,5970,NA,21,0,NA,0,NA,1534.1706,NA,7.335745188,8.694502206,Oncorhynchus tshawytscha,summer,adult,NA,paper also has MMR and AS if needed,CHSH109,12,individual,1,80.3,1,NA,exogenous,wet,0,fresh,post-smolt,Van Wert et al.2023_56,56,5.97,NA,Shuswap River
2023,Van Wert et al.,Cons. Phys.,2596,NA,24,0,NA,0,NA,699.05088,NA,6.549723529,7.861727078,Oncorhynchus tshawytscha,summer,adult,NA,paper also has MMR and AS if needed,CHSH110,12,individual,1,62.9,1,NA,exogenous,wet,0,fresh,post-smolt,Van Wert et al.2023_57,57,2.596,NA,Shuswap River
2023,Van Wert et al.,Cons. Phys.,2694,NA,24,0,NA,0,NA,685.51524,NA,6.530170731,7.898782357,Oncorhynchus tshawytscha,summer,adult,NA,paper also has MMR and AS if needed,CHSH111,12,individual,1,62.9,1,NA,exogenous,wet,0,fresh,post-smolt,Van Wert et al.2023_58,58,2.694,NA,Shuswap River
2023,Van Wert et al.,Cons. Phys.,3409,NA,18,0,NA,0,NA,NA,NA,NA,8.134174272,Oncorhynchus tshawytscha,summer,adult,NA,paper also has MMR and AS if needed,CHSH112,12,individual,1,62.6,1,NA,exogenous,wet,0,fresh,post-smolt,Van Wert et al.2023_59,59,3.409,NA,Shuswap River
2023,Van Wert et al.,Cons. Phys.,3615,NA,18,0,NA,0,NA,636.3846,NA,6.455803098,8.192847135,Oncorhynchus tshawytscha,summer,adult,NA,paper also has MMR and AS if needed,CHSH113,12,individual,1,69.1,1,NA,exogenous,wet,0,fresh,post-smolt,Van Wert et al.2023_60,60,3.615,NA,Shuswap River
2023,Van Wert et al.,Cons. Phys.,4635,NA,18,0,NA,0,NA,NA,NA,NA,8.441391478,Oncorhynchus tshawytscha,summer,adult,NA,paper also has MMR and AS if needed,CHSH114,12,individual,1,74.3,1,NA,exogenous,wet,0,fresh,post-smolt,Van Wert et al.2023_61,61,4.635,NA,Shuswap River
2023,Van Wert et al.,Cons. Phys.,3072,NA,21,0,NA,0,NA,666.3168,NA,6.501765233,8.030084094,Oncorhynchus tshawytscha,summer,adult,NA,paper also has MMR and AS if needed,CHSH116,12,individual,1,66.2,1,NA,exogenous,wet,0,fresh,post-smolt,Van Wert et al.2023_62,62,3.072,NA,Shuswap River
2023,Van Wert et al.,Cons. Phys.,3674,NA,12,0,NA,0,NA,326.47164,NA,5.788343084,8.209036266,Oncorhynchus tshawytscha,summer,adult,NA,paper also has MMR and AS if needed,CHSH117,12,individual,1,70.4,1,NA,exogenous,wet,0,fresh,post-smolt,Van Wert et al.2023_63,63,3.674,NA,Shuswap River
2023,Van Wert et al.,Cons. Phys.,2480,NA,24,0,NA,0,NA,NA,NA,NA,7.816013839,Oncorhynchus tshawytscha,summer,adult,NA,paper also has MMR and AS if needed,CHSH118,12,individual,1,61.8,1,NA,exogenous,wet,0,fresh,post-smolt,Van Wert et al.2023_64,64,2.48,NA,Shuswap River
2023,Van Wert et al.,Cons. Phys.,5438,NA,24,0,NA,0,NA,NA,NA,NA,8.601166625,Oncorhynchus tshawytscha,summer,adult,NA,paper also has MMR and AS if needed,CHSH119,12,individual,1,74.6,1,NA,exogenous,wet,0,fresh,post-smolt,Van Wert et al.2023_65,65,5.438,NA,Shuswap River
2023,Van Wert et al.,Cons. Phys.,5388,NA,12,0,NA,0,NA,646.23672,NA,6.471165876,8.591929538,Oncorhynchus tshawytscha,summer,adult,NA,paper also has MMR and AS if needed,CHSH120,12,individual,1,80.1,1,NA,exogenous,wet,0,fresh,post-smolt,Van Wert et al.2023_66,66,5.388,NA,Shuswap River
2023,Van Wert et al.,Cons. Phys.,1732,NA,12,0,NA,0,NA,261.46272,NA,5.566291711,7.457032089,Oncorhynchus tshawytscha,summer,adult,NA,paper also has MMR and AS if needed,CHSH122,12,individual,1,53.9,1,NA,exogenous,wet,0,fresh,post-smolt,Van Wert et al.2023_67,67,1.732,NA,Shuswap River
2023,Van Wert et al.,Cons. Phys.,6344,NA,21,0,NA,0,NA,1309.02096,NA,7.177034778,8.755264763,Oncorhynchus tshawytscha,summer,adult,NA,paper also has MMR and AS if needed,CHSH123,12,individual,1,84.4,1,NA,exogenous,wet,0,fresh,post-smolt,Van Wert et al.2023_68,68,6.344,NA,Shuswap River
2023,Van Wert et al.,Cons. Phys.,4260,NA,21,0,NA,0,NA,NA,NA,NA,8.357024439,Oncorhynchus tshawytscha,summer,adult,NA,paper also has MMR and AS if needed,CHSH124,12,individual,1,71.6,1,NA,exogenous,wet,0,fresh,post-smolt,Van Wert et al.2023_69,69,4.26,NA,Shuswap River
2023,Van Wert et al.,Cons. Phys.,1426,NA,21,0,NA,0,NA,344.03676,NA,5.840748512,7.262628601,Oncorhynchus tshawytscha,summer,adult,NA,paper also has MMR and AS if needed,CHSH125,12,individual,1,51.8,1,NA,exogenous,wet,0,fresh,post-smolt,Van Wert et al.2023_70,70,1.426,NA,Shuswap River
2023,Van Wert et al.,Cons. Phys.,1789,NA,18,0,NA,0,NA,238.93884,NA,5.47620762,7.489412084,Oncorhynchus tshawytscha,summer,adult,NA,paper also has MMR and AS if needed,CHSH126,12,individual,1,56.2,1,NA,exogenous,wet,0,fresh,post-smolt,Van Wert et al.2023_71,71,1.789,NA,Shuswap River
2023,Van Wert et al.,Cons. Phys.,3972,NA,18,0,NA,0,NA,453.52296,NA,6.117045897,8.287025025,Oncorhynchus tshawytscha,summer,adult,NA,paper also has MMR and AS if needed,CHSH127,12,individual,1,68.3,1,NA,exogenous,wet,0,fresh,post-smolt,Van Wert et al.2023_72,72,3.972,NA,Shuswap River
2023,Van Wert et al.,Cons. Phys.,1466,NA,21,0,NA,0,NA,313.5774,NA,5.74804622,7.290292882,Oncorhynchus tshawytscha,summer,adult,NA,paper also has MMR and AS if needed,CHSH128,12,individual,1,53.3,1,NA,exogenous,wet,0,fresh,post-smolt,Van Wert et al.2023_73,73,1.466,NA,Shuswap River
2023,Van Wert et al.,Cons. Phys.,3145,NA,21,0,NA,0,NA,672.5268,NA,6.511041962,8.053569169,Oncorhynchus tshawytscha,summer,adult,NA,paper also has MMR and AS if needed,CHSH129,12,individual,1,65.7,1,NA,exogenous,wet,0,fresh,post-smolt,Van Wert et al.2023_74,74,3.145,NA,Shuswap River
2023,Van Wert et al.,Cons. Phys.,4501,NA,12,0,NA,0,NA,472.87506,NA,6.15883121,8.412054873,Oncorhynchus tshawytscha,summer,adult,NA,paper also has MMR and AS if needed,CHSH131,12,individual,1,71.9,1,NA,exogenous,wet,0,fresh,post-smolt,Van Wert et al.2023_75,75,4.501,NA,Shuswap River
2023,Van Wert et al.,Cons. Phys.,3500,NA,12,0,NA,0,NA,498.33,NA,6.211262508,8.160518247,Oncorhynchus tshawytscha,summer,adult,NA,paper also has MMR and AS if needed,CHSH132,12,individual,1,65.1,1,NA,exogenous,wet,0,fresh,post-smolt,Van Wert et al.2023_76,76,3.5,NA,Shuswap River
2023,Van Wert et al.,Cons. Phys.,2089,NA,24,0,NA,0,NA,NA,NA,NA,7.644440762,Oncorhynchus tshawytscha,summer,adult,NA,paper also has MMR and AS if needed,CHSH133,12,individual,1,59.4,1,NA,exogenous,wet,0,fresh,post-smolt,Van Wert et al.2023_77,77,2.089,NA,Shuswap River
2023,Van Wert et al.,Cons. Phys.,2782,NA,24,0,NA,0,NA,NA,NA,NA,7.930925372,Oncorhynchus tshawytscha,summer,adult,NA,paper also has MMR and AS if needed,CHSH134,12,individual,1,65.2,1,NA,exogenous,wet,0,fresh,post-smolt,Van Wert et al.2023_78,78,2.782,NA,Shuswap River
2023,Van Wert et al.,Cons. Phys.,5119,NA,18,0,NA,0,NA,1051.34022,NA,6.957821029,8.540714386,Oncorhynchus tshawytscha,summer,adult,NA,paper also has MMR and AS if needed,CHSH135,12,individual,1,80.2,1,NA,exogenous,wet,0,fresh,post-smolt,Van Wert et al.2023_79,79,5.119,NA,Shuswap River
2023,Van Wert et al.,Cons. Phys.,3004,NA,18,0,NA,0,NA,636.96816,NA,6.45671967,8.007700013,Oncorhynchus tshawytscha,summer,adult,NA,paper also has MMR and AS if needed,CHSH136,12,individual,1,65.9,1,NA,exogenous,wet,0,fresh,post-smolt,Van Wert et al.2023_80,80,3.004,NA,Shuswap River
2023,Van Wert et al.,Cons. Phys.,3155,NA,18,0,NA,0,NA,485.5545,NA,6.185291537,8.056743775,Oncorhynchus tshawytscha,summer,adult,NA,paper also has MMR and AS if needed,CHSH137,12,individual,1,63.2,1,NA,exogenous,wet,0,fresh,post-smolt,Van Wert et al.2023_81,81,3.155,NA,Shuswap River
2023,Van Wert et al.,Cons. Phys.,3526,NA,21,0,NA,0,NA,734.95944,NA,6.599815314,8.167919363,Oncorhynchus tshawytscha,summer,adult,NA,paper also has MMR and AS if needed,CHSH138,12,individual,1,68.2,1,NA,exogenous,wet,0,fresh,post-smolt,Van Wert et al.2023_82,82,3.526,NA,Shuswap River
2023,Van Wert et al.,Cons. Phys.,3520,NA,24,0,NA,0,NA,NA,NA,NA,8.166216269,Oncorhynchus tshawytscha,summer,adult,NA,paper also has MMR and AS if needed,CHSH139,12,individual,1,65,1,NA,exogenous,wet,0,fresh,post-smolt,Van Wert et al.2023_83,83,3.52,NA,Shuswap River
2023,Van Wert et al.,Cons. Phys.,2999,NA,24,0,NA,0,NA,NA,NA,NA,8.006034179,Oncorhynchus tshawytscha,summer,adult,NA,paper also has MMR and AS if needed,CHSH140,12,individual,1,64.9,1,NA,exogenous,wet,0,fresh,post-smolt,Van Wert et al.2023_84,84,2.999,NA,Shuswap River
2023,Van Wert et al.,Cons. Phys.,2768,NA,12,0,NA,0,NA,305.25504,NA,5.721147624,7.925880317,Oncorhynchus tshawytscha,summer,adult,NA,paper also has MMR and AS if needed,CHSH141,12,individual,1,65.4,1,NA,exogenous,wet,0,fresh,post-smolt,Van Wert et al.2023_85,85,2.768,NA,Shuswap River
2022,Zillig et al.,Can J Fish. Aq. Sci.,23.85,NA,24,0,NA,0,NA,5.627594484,NA,1.727682083,3.171784217,Oncorhynchus tshawytscha,fall,juvenile,,"dataset has MMR too if needed. Set to DQ for now bc Zillig 2023 seems to contain most of these data. Still need to figure out which ones 2023 doesn’t have, and why",Fish003_20.24_Coleman_5.27.17,20,individual,1,12.7,3,201,exogenous,wet,ns,fresh,post-smolt,Zillig et al.2022_1,1,0.02385,1.164333037,Coleman
2022,Zillig et al.,Can J Fish. Aq. Sci.,22.73,NA,24,0,NA,0,NA,4.949836245,NA,1.599354494,3.123685638,Oncorhynchus tshawytscha,fall,juvenile,,"dataset has MMR too if needed. Set to DQ for now bc Zillig 2023 seems to contain most of these data. Still need to figure out which ones 2023 doesn’t have, and why",Fish005_20.24_Coleman_5.27.17,20,individual,1,12.2,3,201,exogenous,wet,ns,fresh,post-smolt,Zillig et al.2022_2,2,0.02273,1.251756755,Coleman
2022,Zillig et al.,Can J Fish. Aq. Sci.,25.22,NA,22,0,NA,0,NA,6.535982157,NA,1.877322628,3.227637331,Oncorhynchus tshawytscha,fall,juvenile,,"dataset has MMR too if needed. Set to DQ for now bc Zillig 2023 seems to contain most of these data. Still need to figure out which ones 2023 doesn’t have, and why",Fish007_20.22_Coleman_5.28.17,20,individual,1,12.5,3,202,exogenous,wet,ns,fresh,post-smolt,Zillig et al.2022_3,3,0.02522,1.291264,Coleman
2022,Zillig et al.,Can J Fish. Aq. Sci.,24.46,NA,22,0,NA,0,NA,6.699217661,NA,1.901990753,3.19703913,Oncorhynchus tshawytscha,fall,juvenile,,"dataset has MMR too if needed. Set to DQ for now bc Zillig 2023 seems to contain most of these data. Still need to figure out which ones 2023 doesn’t have, and why",Fish010_20.22_Coleman_5.28.17,20,individual,1,12.9,3,202,exogenous,wet,ns,fresh,post-smolt,Zillig et al.2022_4,4,0.02446,1.139429139,Coleman
2022,Zillig et al.,Can J Fish. Aq. Sci.,31.25,NA,24,0,NA,0,NA,10.6535375,NA,2.365891997,3.442019376,Oncorhynchus tshawytscha,fall,juvenile,,"dataset has MMR too if needed. Set to DQ for now bc Zillig 2023 seems to contain most of these data. Still need to figure out which ones 2023 doesn’t have, and why",Fish011_16.24_Coleman_5.29.17,16,individual,1,13.6,3,203,exogenous,wet,ns,fresh,post-smolt,Zillig et al.2022_5,5,0.03125,1.242319484,Coleman
2022,Zillig et al.,Can J Fish. Aq. Sci.,24.22,NA,24,0,NA,0,NA,8.03992588,NA,2.084419864,3.187178738,Oncorhynchus tshawytscha,fall,juvenile,,"dataset has MMR too if needed. Set to DQ for now bc Zillig 2023 seems to contain most of these data. Still need to figure out which ones 2023 doesn’t have, and why",Fish012_16.24_Coleman_5.29.17,16,individual,1,12.6,3,203,exogenous,wet,ns,fresh,post-smolt,Zillig et al.2022_6,6,0.02422,1.210772375,Coleman
2022,Zillig et al.,Can J Fish. Aq. Sci.,20.2,NA,16,0,NA,0,NA,3.730958372,NA,1.316665137,3.005682604,Oncorhynchus tshawytscha,fall,juvenile,,"dataset has MMR too if needed. Set to DQ for now bc Zillig 2023 seems to contain most of these data. Still need to figure out which ones 2023 doesn’t have, and why",Fish015_16.16_Coleman_5.30.17,16,individual,1,12.1,3,204,exogenous,wet,ns,fresh,post-smolt,Zillig et al.2022_7,7,0.0202,1.140237339,Coleman
2022,Zillig et al.,Can J Fish. Aq. Sci.,29.3,NA,12,0,NA,0,NA,2.85949248,NA,1.050644155,3.377587516,Oncorhynchus tshawytscha,fall,juvenile,,"dataset has MMR too if needed. Set to DQ for now bc Zillig 2023 seems to contain most of these data. Still need to figure out which ones 2023 doesn’t have, and why",Fish019_20.12_Coleman_5.31.17,20,individual,1,13.2,3,205,exogenous,wet,ns,fresh,post-smolt,Zillig et al.2022_8,8,0.0293,1.273930768,Coleman
2022,Zillig et al.,Can J Fish. Aq. Sci.,23.17,NA,12,0,NA,0,NA,2.331984533,NA,0.846719636,3.142858338,Oncorhynchus tshawytscha,fall,juvenile,,"dataset has MMR too if needed. Set to DQ for now bc Zillig 2023 seems to contain most of these data. Still need to figure out which ones 2023 doesn’t have, and why",Fish020_20.12_Coleman_5.31.17,20,individual,1,12.2,3,205,exogenous,wet,ns,fresh,post-smolt,Zillig et al.2022_9,9,0.02317,1.275987858,Coleman
2022,Zillig et al.,Can J Fish. Aq. Sci.,32.99,NA,22,0,NA,0,NA,7.736997977,NA,2.046013754,3.496204485,Oncorhynchus tshawytscha,fall,juvenile,,"dataset has MMR too if needed. Set to DQ for now bc Zillig 2023 seems to contain most of these data. Still need to figure out which ones 2023 doesn’t have, and why",Fish021_16.22_Coleman_5.31.17,16,individual,1,13.6,3,205,exogenous,wet,ns,fresh,post-smolt,Zillig et al.2022_10,10,0.03299,1.311491833,Coleman
2022,Zillig et al.,Can J Fish. Aq. Sci.,20.76,NA,22,0,NA,0,NA,5.955792561,NA,1.784364286,3.033028058,Oncorhynchus tshawytscha,fall,juvenile,,"dataset has MMR too if needed. Set to DQ for now bc Zillig 2023 seems to contain most of these data. Still need to figure out which ones 2023 doesn’t have, and why",Fish022_16.22_Coleman_5.31.17,16,individual,1,12.2,3,205,exogenous,wet,ns,fresh,post-smolt,Zillig et al.2022_11,11,0.02076,1.143267498,Coleman
2022,Zillig et al.,Can J Fish. Aq. Sci.,30.8,NA,14,0,NA,0,NA,3.67699024,NA,1.302094548,3.42751469,Oncorhynchus tshawytscha,fall,juvenile,,"dataset has MMR too if needed. Set to DQ for now bc Zillig 2023 seems to contain most of these data. Still need to figure out which ones 2023 doesn’t have, and why",Fish023_20.14_Coleman_6.1.17,20,individual,1,13.3,3,206,exogenous,wet,ns,fresh,post-smolt,Zillig et al.2022_12,12,0.0308,1.309169243,Coleman
2022,Zillig et al.,Can J Fish. Aq. Sci.,22.2,NA,20,0,NA,0,NA,4.03655316,NA,1.395391149,3.100092289,Oncorhynchus tshawytscha,fall,juvenile,,"dataset has MMR too if needed. Set to DQ for now bc Zillig 2023 seems to contain most of these data. Still need to figure out which ones 2023 doesn’t have, and why",Fish025_16.20_Coleman_6.1.17,16,individual,1,12.3,3,206,exogenous,wet,ns,fresh,post-smolt,Zillig et al.2022_13,13,0.0222,1.192992299,Coleman
2022,Zillig et al.,Can J Fish. Aq. Sci.,22.2,NA,20,0,NA,0,NA,4.595807876,NA,1.525144557,3.100092289,Oncorhynchus tshawytscha,fall,juvenile,,"dataset has MMR too if needed. Set to DQ for now bc Zillig 2023 seems to contain most of these data. Still need to figure out which ones 2023 doesn’t have, and why",Fish026_16.20_Coleman_6.1.17,16,individual,1,12.4,3,206,exogenous,wet,ns,fresh,post-smolt,Zillig et al.2022_14,14,0.0222,1.16436172,Coleman
2022,Zillig et al.,Can J Fish. Aq. Sci.,19.73,NA,18,0,NA,0,NA,2.397259152,NA,0.874326065,2.98214032,Oncorhynchus tshawytscha,fall,juvenile,,"dataset has MMR too if needed. Set to DQ for now bc Zillig 2023 seems to contain most of these data. Still need to figure out which ones 2023 doesn’t have, and why",Fish027_20.18_Coleman_6.3.17,20,individual,1,11.9,3,208,exogenous,wet,ns,fresh,post-smolt,Zillig et al.2022_15,15,0.01973,1.170809401,Coleman
2022,Zillig et al.,Can J Fish. Aq. Sci.,18.4,NA,18,0,NA,0,NA,2.611035918,NA,0.959747046,2.912350665,Oncorhynchus tshawytscha,fall,juvenile,,"dataset has MMR too if needed. Set to DQ for now bc Zillig 2023 seems to contain most of these data. Still need to figure out which ones 2023 doesn’t have, and why",Fish028_20.18_Coleman_6.3.17,20,individual,1,11.6,3,208,exogenous,wet,ns,fresh,post-smolt,Zillig et al.2022_16,16,0.0184,1.178810119,Coleman
2022,Zillig et al.,Can J Fish. Aq. Sci.,23.2,NA,14,0,NA,0,NA,2.666951956,NA,0.980936231,3.144152279,Oncorhynchus tshawytscha,fall,juvenile,,"dataset has MMR too if needed. Set to DQ for now bc Zillig 2023 seems to contain most of these data. Still need to figure out which ones 2023 doesn’t have, and why",Fish029_16.14_Coleman_6.3.17,16,individual,1,12.7,3,208,exogenous,wet,ns,fresh,post-smolt,Zillig et al.2022_17,17,0.0232,1.13260069,Coleman
2022,Zillig et al.,Can J Fish. Aq. Sci.,19.89,NA,14,0,NA,0,NA,2.636241377,NA,0.969354182,2.990217093,Oncorhynchus tshawytscha,fall,juvenile,,"dataset has MMR too if needed. Set to DQ for now bc Zillig 2023 seems to contain most of these data. Still need to figure out which ones 2023 doesn’t have, and why",Fish030_16.14_Coleman_6.3.17,16,individual,1,11.9,3,208,exogenous,wet,ns,fresh,post-smolt,Zillig et al.2022_18,18,0.01989,1.180304054,Coleman
2022,Zillig et al.,Can J Fish. Aq. Sci.,19.26,NA,12,0,NA,0,NA,1.823251414,NA,0.600621398,2.958030406,Oncorhynchus tshawytscha,fall,juvenile,,"dataset has MMR too if needed. Set to DQ for now bc Zillig 2023 seems to contain most of these data. Still need to figure out which ones 2023 doesn’t have, and why",Fish031_16.12_Coleman_6.4.17,16,individual,1,11.9,3,209,exogenous,wet,ns,fresh,post-smolt,Zillig et al.2022_19,19,0.01926,1.142918858,Coleman
2022,Zillig et al.,Can J Fish. Aq. Sci.,22.23,NA,12,0,NA,0,NA,1.950063617,NA,0.667861996,3.101442728,Oncorhynchus tshawytscha,fall,juvenile,,"dataset has MMR too if needed. Set to DQ for now bc Zillig 2023 seems to contain most of these data. Still need to figure out which ones 2023 doesn’t have, and why",Fish032_16.12_Coleman_6.4.17,16,individual,1,12.5,3,209,exogenous,wet,ns,fresh,post-smolt,Zillig et al.2022_20,20,0.02223,1.138176,Coleman
2022,Zillig et al.,Can J Fish. Aq. Sci.,24.79,NA,20,0,NA,0,NA,4.488704052,NA,1.50156403,3.210440346,Oncorhynchus tshawytscha,fall,juvenile,,"dataset has MMR too if needed. Set to DQ for now bc Zillig 2023 seems to contain most of these data. Still need to figure out which ones 2023 doesn’t have, and why",Fish033_20.20_Coleman_6.4.17,20,individual,1,12.8,3,209,exogenous,wet,ns,fresh,post-smolt,Zillig et al.2022_21,21,0.02479,1.182079315,Coleman
2022,Zillig et al.,Can J Fish. Aq. Sci.,21.3,NA,10,0,NA,0,NA,1.889837975,NA,0.636491098,3.058707073,Oncorhynchus tshawytscha,fall,juvenile,,"dataset has MMR too if needed. Set to DQ for now bc Zillig 2023 seems to contain most of these data. Still need to figure out which ones 2023 doesn’t have, and why",Fish035_20.10_Coleman_6.5.17,20,individual,1,12.1,3,210,exogenous,wet,ns,fresh,post-smolt,Zillig et al.2022_22,22,0.0213,1.202329471,Coleman
2022,Zillig et al.,Can J Fish. Aq. Sci.,17.67,NA,10,0,NA,0,NA,1.063170857,NA,0.061255817,2.871868286,Oncorhynchus tshawytscha,fall,juvenile,,"dataset has MMR too if needed. Set to DQ for now bc Zillig 2023 seems to contain most of these data. Still need to figure out which ones 2023 doesn’t have, and why",Fish036_20.10_Coleman_6.5.17,20,individual,1,11.3,3,210,exogenous,wet,ns,fresh,post-smolt,Zillig et al.2022_23,23,0.01767,1.224619637,Coleman
2022,Zillig et al.,Can J Fish. Aq. Sci.,26.59,NA,8,0,NA,0,NA,1.678540727,NA,0.517924801,3.280535205,Oncorhynchus tshawytscha,fall,juvenile,,"dataset has MMR too if needed. Set to DQ for now bc Zillig 2023 seems to contain most of these data. Still need to figure out which ones 2023 doesn’t have, and why",Fish037_16.8_Coleman_6.5.17,16,individual,1,13.3,3,210,exogenous,wet,ns,fresh,post-smolt,Zillig et al.2022_24,24,0.02659,1.130221109,Coleman
2022,Zillig et al.,Can J Fish. Aq. Sci.,18.99,NA,8,0,NA,0,NA,0.948078788,NA,-0.05331767,2.943912525,Oncorhynchus tshawytscha,fall,juvenile,,"dataset has MMR too if needed. Set to DQ for now bc Zillig 2023 seems to contain most of these data. Still need to figure out which ones 2023 doesn’t have, and why",Fish038_16.8_Coleman_6.5.17,16,individual,1,11.9,3,210,exogenous,wet,ns,fresh,post-smolt,Zillig et al.2022_25,25,0.01899,1.126896631,Coleman
2022,Zillig et al.,Can J Fish. Aq. Sci.,20.51,NA,10,0,NA,0,NA,1.630102804,NA,0.488643083,3.020912572,Oncorhynchus tshawytscha,fall,juvenile,,"dataset has MMR too if needed. Set to DQ for now bc Zillig 2023 seems to contain most of these data. Still need to figure out which ones 2023 doesn’t have, and why",Fish039_16.10_Coleman_6.6.17,16,individual,1,12.1,3,211,exogenous,wet,ns,fresh,post-smolt,Zillig et al.2022_26,26,0.02051,1.157736031,Coleman
2022,Zillig et al.,Can J Fish. Aq. Sci.,28.19,NA,8,0,NA,0,NA,1.786010787,NA,0.579984522,3.338967305,Oncorhynchus tshawytscha,fall,juvenile,,"dataset has MMR too if needed. Set to DQ for now bc Zillig 2023 seems to contain most of these data. Still need to figure out which ones 2023 doesn’t have, and why",Fish040_20.8_Coleman_6.6.17,20,individual,1,13.5,3,211,exogenous,wet,ns,fresh,post-smolt,Zillig et al.2022_27,27,0.02819,1.145760301,Coleman
2022,Zillig et al.,Can J Fish. Aq. Sci.,22.81,NA,8,0,NA,0,NA,1.215084594,NA,0.194813699,3.127199036,Oncorhynchus tshawytscha,fall,juvenile,,"dataset has MMR too if needed. Set to DQ for now bc Zillig 2023 seems to contain most of these data. Still need to figure out which ones 2023 doesn’t have, and why",Fish041_20.8_Coleman_6.6.17,20,individual,1,12.8,3,211,exogenous,wet,ns,fresh,post-smolt,Zillig et al.2022_28,28,0.02281,1.087665558,Coleman
2022,Zillig et al.,Can J Fish. Aq. Sci.,24.96,NA,10,0,NA,0,NA,2.334816307,NA,0.847933219,3.217274544,Oncorhynchus tshawytscha,fall,juvenile,,"dataset has MMR too if needed. Set to DQ for now bc Zillig 2023 seems to contain most of these data. Still need to figure out which ones 2023 doesn’t have, and why",Fish042_16.10_Coleman_6.6.17,16,individual,1,12.9,3,211,exogenous,wet,ns,fresh,post-smolt,Zillig et al.2022_29,29,0.02496,1.162720823,Coleman
2022,Zillig et al.,Can J Fish. Aq. Sci.,23.08,NA,16,0,NA,0,NA,3.028015695,NA,1.107907519,3.138966442,Oncorhynchus tshawytscha,fall,juvenile,,"dataset has MMR too if needed. Set to DQ for now bc Zillig 2023 seems to contain most of these data. Still need to figure out which ones 2023 doesn’t have, and why",Fish043_20.16_Coleman_6.7.17,20,individual,1,12.5,3,212,exogenous,wet,ns,fresh,post-smolt,Zillig et al.2022_30,30,0.02308,1.181696,Coleman
2022,Zillig et al.,Can J Fish. Aq. Sci.,21.16,NA,16,0,NA,0,NA,2.854080377,NA,1.048749682,3.052112607,Oncorhynchus tshawytscha,fall,juvenile,,"dataset has MMR too if needed. Set to DQ for now bc Zillig 2023 seems to contain most of these data. Still need to figure out which ones 2023 doesn’t have, and why",Fish044_20.16_Coleman_6.7.17,20,individual,1,12.4,3,212,exogenous,wet,ns,fresh,post-smolt,Zillig et al.2022_31,31,0.02116,1.109815045,Coleman
2022,Zillig et al.,Can J Fish. Aq. Sci.,20.63,NA,18,0,NA,0,NA,3.066280898,NA,1.120465393,3.026746327,Oncorhynchus tshawytscha,fall,juvenile,,"dataset has MMR too if needed. Set to DQ for now bc Zillig 2023 seems to contain most of these data. Still need to figure out which ones 2023 doesn’t have, and why",Fish045_16.18_Coleman_6.7.17,16,individual,1,12,3,212,exogenous,wet,ns,fresh,post-smolt,Zillig et al.2022_32,32,0.02063,1.193865741,Coleman
2022,Zillig et al.,Can J Fish. Aq. Sci.,19.99,NA,18,0,NA,0,NA,3.513477017,NA,1.25660615,2.995232149,Oncorhynchus tshawytscha,fall,juvenile,,"dataset has MMR too if needed. Set to DQ for now bc Zillig 2023 seems to contain most of these data. Still need to figure out which ones 2023 doesn’t have, and why",Fish046_16.18_Coleman_6.7.17,16,individual,1,12.2,3,212,exogenous,wet,ns,fresh,post-smolt,Zillig et al.2022_33,33,0.01999,1.100863068,Coleman
2022,Zillig et al.,Can J Fish. Aq. Sci.,23.77,NA,14,0,NA,0,NA,2.796935769,NA,1.02852445,3.168424281,Oncorhynchus tshawytscha,fall,juvenile,,"dataset has MMR too if needed. Set to DQ for now bc Zillig 2023 seems to contain most of these data. Still need to figure out which ones 2023 doesn’t have, and why",Fish047_20.14_Coleman_6.8.17,20,individual,1,12.6,3,213,exogenous,wet,ns,fresh,post-smolt,Zillig et al.2022_34,34,0.02377,1.188276604,Coleman
2022,Zillig et al.,Can J Fish. Aq. Sci.,29.57,NA,14,0,NA,0,NA,2.531019117,NA,0.928622035,3.386760334,Oncorhynchus tshawytscha,fall,juvenile,,"dataset has MMR too if needed. Set to DQ for now bc Zillig 2023 seems to contain most of these data. Still need to figure out which ones 2023 doesn’t have, and why",Fish048_20.14_Coleman_6.8.17,20,individual,1,13.4,3,213,exogenous,wet,ns,fresh,post-smolt,Zillig et al.2022_35,35,0.02957,1.228957684,Coleman
2022,Zillig et al.,Can J Fish. Aq. Sci.,27.81,NA,12,0,NA,0,NA,2.744157885,NA,1.009474246,3.325395668,Oncorhynchus tshawytscha,fall,juvenile,,"dataset has MMR too if needed. Set to DQ for now bc Zillig 2023 seems to contain most of these data. Still need to figure out which ones 2023 doesn’t have, and why",Fish052_20.12_Coleman_6.10.17,20,individual,1,13.2,3,214,exogenous,wet,ns,fresh,post-smolt,Zillig et al.2022_36,36,0.02781,1.209147258,Coleman
2022,Zillig et al.,Can J Fish. Aq. Sci.,21.99,NA,8,0,NA,0,NA,1.164692214,NA,0.152456858,3.090587805,Oncorhynchus tshawytscha,fall,juvenile,,"dataset has MMR too if needed. Set to DQ for now bc Zillig 2023 seems to contain most of these data. Still need to figure out which ones 2023 doesn’t have, and why",Fish054_16.8_Coleman_6.10.17,16,individual,1,12.7,3,214,exogenous,wet,ns,fresh,post-smolt,Zillig et al.2022_37,37,0.02199,1.073529706,Coleman
2022,Zillig et al.,Can J Fish. Aq. Sci.,26.2,NA,24,0,NA,0,NA,6.8718277,NA,1.927430112,3.265759411,Oncorhynchus tshawytscha,fall,juvenile,,"dataset has MMR too if needed. Set to DQ for now bc Zillig 2023 seems to contain most of these data. Still need to figure out which ones 2023 doesn’t have, and why",Fish055_16.24_Coleman_6.11.17,16,individual,1,13,3,216,exogenous,wet,ns,fresh,post-smolt,Zillig et al.2022_38,38,0.0262,1.192535275,Coleman
2022,Zillig et al.,Can J Fish. Aq. Sci.,21.71,NA,24,0,NA,0,NA,5.515282214,NA,1.707522823,3.077772984,Oncorhynchus tshawytscha,fall,juvenile,,"dataset has MMR too if needed. Set to DQ for now bc Zillig 2023 seems to contain most of these data. Still need to figure out which ones 2023 doesn’t have, and why",Fish056_16.24_Coleman_6.11.17,16,individual,1,12.2,3,216,exogenous,wet,ns,fresh,post-smolt,Zillig et al.2022_39,39,0.02171,1.195584652,Coleman
2022,Zillig et al.,Can J Fish. Aq. Sci.,23.64,NA,16,0,NA,0,NA,2.578228834,NA,0.947102665,3.162940193,Oncorhynchus tshawytscha,fall,juvenile,,"dataset has MMR too if needed. Set to DQ for now bc Zillig 2023 seems to contain most of these data. Still need to figure out which ones 2023 doesn’t have, and why",Fish057_20.16_Coleman_6.11.17,20,individual,1,12.9,3,216,exogenous,wet,ns,fresh,post-smolt,Zillig et al.2022_40,40,0.02364,1.101230779,Coleman
2022,Zillig et al.,Can J Fish. Aq. Sci.,25.26,NA,16,0,NA,0,NA,3.116293365,NA,1.136644271,3.229222117,Oncorhynchus tshawytscha,fall,juvenile,,"dataset has MMR too if needed. Set to DQ for now bc Zillig 2023 seems to contain most of these data. Still need to figure out which ones 2023 doesn’t have, and why",Fish058_20.16_Coleman_6.11.17,20,individual,1,13,3,216,exogenous,wet,ns,fresh,post-smolt,Zillig et al.2022_41,41,0.02526,1.149749659,Coleman
2022,Zillig et al.,Can J Fish. Aq. Sci.,25.23,NA,12,0,NA,0,NA,2.102053345,NA,0.74291465,3.228033763,Oncorhynchus tshawytscha,fall,juvenile,,"dataset has MMR too if needed. Set to DQ for now bc Zillig 2023 seems to contain most of these data. Still need to figure out which ones 2023 doesn’t have, and why",Fish060_16.12_Coleman_6.12.17,16,individual,1,13.3,3,217,exogenous,wet,ns,fresh,post-smolt,Zillig et al.2022_42,42,0.02523,1.072413636,Coleman
2022,Zillig et al.,Can J Fish. Aq. Sci.,24.5,NA,24,0,NA,0,NA,6.605426591,NA,1.887891522,3.198673118,Oncorhynchus tshawytscha,fall,juvenile,,"dataset has MMR too if needed. Set to DQ for now bc Zillig 2023 seems to contain most of these data. Still need to figure out which ones 2023 doesn’t have, and why",Fish061_20.24_Coleman_6.12.17,20,individual,1,12.8,3,217,exogenous,wet,ns,fresh,post-smolt,Zillig et al.2022_43,43,0.0245,1.168251038,Coleman
2022,Zillig et al.,Can J Fish. Aq. Sci.,22.65,NA,24,0,NA,0,NA,5.233382278,NA,1.655057776,3.120159852,Oncorhynchus tshawytscha,fall,juvenile,,"dataset has MMR too if needed. Set to DQ for now bc Zillig 2023 seems to contain most of these data. Still need to figure out which ones 2023 doesn’t have, and why",Fish062_20.24_Coleman_6.12.17,20,individual,1,12.4,3,217,exogenous,wet,ns,fresh,post-smolt,Zillig et al.2022_44,44,0.02265,1.187963647,Coleman
2022,Zillig et al.,Can J Fish. Aq. Sci.,23.3,NA,22,0,NA,0,NA,4.322682018,NA,1.463876047,3.148453361,Oncorhynchus tshawytscha,fall,juvenile,,"dataset has MMR too if needed. Set to DQ for now bc Zillig 2023 seems to contain most of these data. Still need to figure out which ones 2023 doesn’t have, and why",Fish063_20.22_Coleman_6.13.17,20,individual,1,12.7,3,218,exogenous,wet,ns,fresh,post-smolt,Zillig et al.2022_45,45,0.0233,1.13748259,Coleman
2022,Zillig et al.,Can J Fish. Aq. Sci.,25.78,NA,22,0,NA,0,NA,4.932357729,NA,1.595817115,3.249598998,Oncorhynchus tshawytscha,fall,juvenile,,"dataset has MMR too if needed. Set to DQ for now bc Zillig 2023 seems to contain most of these data. Still need to figure out which ones 2023 doesn’t have, and why",Fish064_20.22_Coleman_6.13.17,20,individual,1,13.2,3,218,exogenous,wet,ns,fresh,post-smolt,Zillig et al.2022_46,46,0.02578,1.12088516,Coleman
2022,Zillig et al.,Can J Fish. Aq. Sci.,22.15,NA,20,0,NA,0,NA,3.630306979,NA,1.289317212,3.097837496,Oncorhynchus tshawytscha,fall,juvenile,,"dataset has MMR too if needed. Set to DQ for now bc Zillig 2023 seems to contain most of these data. Still need to figure out which ones 2023 doesn’t have, and why",Fish066_16.20_Coleman_6.13.17,16,individual,1,12.5,3,218,exogenous,wet,ns,fresh,post-smolt,Zillig et al.2022_47,47,0.02215,1.13408,Coleman
2022,Zillig et al.,Can J Fish. Aq. Sci.,28.68,NA,14,0,NA,0,NA,3.662190565,NA,1.298061483,3.356200016,Oncorhynchus tshawytscha,fall,juvenile,,"dataset has MMR too if needed. Set to DQ for now bc Zillig 2023 seems to contain most of these data. Still need to figure out which ones 2023 doesn’t have, and why",Fish067_16.14_Coleman_6.14.17,16,individual,1,13.4,3,219,exogenous,wet,ns,fresh,post-smolt,Zillig et al.2022_48,48,0.02868,1.191968427,Coleman
2022,Zillig et al.,Can J Fish. Aq. Sci.,23.77,NA,18,0,NA,0,NA,3.037704241,NA,1.111102046,3.168424281,Oncorhynchus tshawytscha,fall,juvenile,,"dataset has MMR too if needed. Set to DQ for now bc Zillig 2023 seems to contain most of these data. Still need to figure out which ones 2023 doesn’t have, and why",Fish068_20.18_Coleman_6.14.17,20,individual,1,12.6,3,219,exogenous,wet,ns,fresh,post-smolt,Zillig et al.2022_49,49,0.02377,1.188276604,Coleman
2022,Zillig et al.,Can J Fish. Aq. Sci.,24.59,NA,14,0,NA,0,NA,2.90381693,NA,1.066026054,3.202339856,Oncorhynchus tshawytscha,fall,juvenile,,"dataset has MMR too if needed. Set to DQ for now bc Zillig 2023 seems to contain most of these data. Still need to figure out which ones 2023 doesn’t have, and why",Fish069_16.14_Coleman_6.14.17,16,individual,1,12.7,3,219,exogenous,wet,ns,fresh,post-smolt,Zillig et al.2022_50,50,0.02459,1.200459094,Coleman
2022,Zillig et al.,Can J Fish. Aq. Sci.,24.92,NA,18,0,NA,0,NA,3.337026143,NA,1.205080034,3.215670694,Oncorhynchus tshawytscha,fall,juvenile,,"dataset has MMR too if needed. Set to DQ for now bc Zillig 2023 seems to contain most of these data. Still need to figure out which ones 2023 doesn’t have, and why",Fish070_20.18_Coleman_6.14.17,20,individual,1,12.7,3,219,exogenous,wet,ns,fresh,post-smolt,Zillig et al.2022_51,51,0.02492,1.216569362,Coleman
2022,Zillig et al.,Can J Fish. Aq. Sci.,34.7,NA,8,0,NA,0,NA,2.050512526,NA,0.718089775,3.546739687,Oncorhynchus tshawytscha,fall,juvenile,,"dataset has MMR too if needed. Set to DQ for now bc Zillig 2023 seems to contain most of these data. Still need to figure out which ones 2023 doesn’t have, and why",Fish071_20.8_Coleman_6.15.17,20,individual,1,13.8,3,220,exogenous,wet,ns,fresh,post-smolt,Zillig et al.2022_52,52,0.0347,1.320359564,Coleman
2022,Zillig et al.,Can J Fish. Aq. Sci.,28.24,NA,8,0,NA,0,NA,1.83485629,NA,0.606966163,3.340739413,Oncorhynchus tshawytscha,fall,juvenile,,"dataset has MMR too if needed. Set to DQ for now bc Zillig 2023 seems to contain most of these data. Still need to figure out which ones 2023 doesn’t have, and why",Fish072_20.8_Coleman_6.15.17,20,individual,1,13.1,3,220,exogenous,wet,ns,fresh,post-smolt,Zillig et al.2022_53,53,0.02824,1.256176907,Coleman
2022,Zillig et al.,Can J Fish. Aq. Sci.,23.5,NA,16,0,NA,0,NA,3.493476061,NA,1.250897247,3.157000421,Oncorhynchus tshawytscha,fall,juvenile,,"dataset has MMR too if needed. Set to DQ for now bc Zillig 2023 seems to contain most of these data. Still need to figure out which ones 2023 doesn’t have, and why",Fish073_16.16_Coleman_6.15.17,16,individual,1,12.6,3,220,exogenous,wet,ns,fresh,post-smolt,Zillig et al.2022_54,54,0.0235,1.174779142,Coleman
2022,Zillig et al.,Can J Fish. Aq. Sci.,26.6,NA,20,0,NA,0,NA,4.295569907,NA,1.457584238,3.280911216,Oncorhynchus tshawytscha,fall,juvenile,,"dataset has MMR too if needed. Set to DQ for now bc Zillig 2023 seems to contain most of these data. Still need to figure out which ones 2023 doesn’t have, and why",Fish075_20.20_Coleman_6.19.17,20,individual,1,12.9,3,224,exogenous,wet,ns,fresh,post-smolt,Zillig et al.2022_55,55,0.0266,1.239117543,Coleman
2022,Zillig et al.,Can J Fish. Aq. Sci.,24.89,NA,20,0,NA,0,NA,4.493170455,NA,1.502558567,3.214466116,Oncorhynchus tshawytscha,fall,juvenile,,"dataset has MMR too if needed. Set to DQ for now bc Zillig 2023 seems to contain most of these data. Still need to figure out which ones 2023 doesn’t have, and why",Fish076_20.20_Coleman_6.19.17,20,individual,1,12.8,3,224,exogenous,wet,ns,fresh,post-smolt,Zillig et al.2022_56,56,0.02489,1.186847687,Coleman
2022,Zillig et al.,Can J Fish. Aq. Sci.,30.06,NA,18,0,NA,0,NA,4.586470163,NA,1.523110701,3.403195384,Oncorhynchus tshawytscha,fall,juvenile,,"dataset has MMR too if needed. Set to DQ for now bc Zillig 2023 seems to contain most of these data. Still need to figure out which ones 2023 doesn’t have, and why",Fish077_16.18_Coleman_6.17.17,16,individual,1,13.6,3,222,exogenous,wet,ns,fresh,post-smolt,Zillig et al.2022_57,57,0.03006,1.195011958,Coleman
2022,Zillig et al.,Can J Fish. Aq. Sci.,24.16,NA,18,0,NA,0,NA,4.545136668,NA,1.514057797,3.184698373,Oncorhynchus tshawytscha,fall,juvenile,,"dataset has MMR too if needed. Set to DQ for now bc Zillig 2023 seems to contain most of these data. Still need to figure out which ones 2023 doesn’t have, and why",Fish078_16.18_Coleman_6.17.17,16,individual,1,12.7,3,222,exogenous,wet,ns,fresh,post-smolt,Zillig et al.2022_58,58,0.02416,1.179466926,Coleman
2022,Zillig et al.,Can J Fish. Aq. Sci.,36.21,NA,10,0,NA,0,NA,2.843431167,NA,1.04501148,3.589335324,Oncorhynchus tshawytscha,fall,juvenile,,"dataset has MMR too if needed. Set to DQ for now bc Zillig 2023 seems to contain most of these data. Still need to figure out which ones 2023 doesn’t have, and why",Fish079_20.10_Coleman_6.18.17,20,individual,1,14.2,3,223,exogenous,wet,ns,fresh,post-smolt,Zillig et al.2022_59,59,0.03621,1.264630034,Coleman
2022,Zillig et al.,Can J Fish. Aq. Sci.,30.31,NA,10,0,NA,0,NA,1.938409368,NA,0.661867723,3.411477691,Oncorhynchus tshawytscha,fall,juvenile,,"dataset has MMR too if needed. Set to DQ for now bc Zillig 2023 seems to contain most of these data. Still need to figure out which ones 2023 doesn’t have, and why",Fish080_20.10_Coleman_6.18.17,20,individual,1,13.5,3,223,exogenous,wet,ns,fresh,post-smolt,Zillig et al.2022_60,60,0.03031,1.231926028,Coleman
2022,Zillig et al.,Can J Fish. Aq. Sci.,25.69,NA,10,0,NA,0,NA,2.051784968,NA,0.718710131,3.246101811,Oncorhynchus tshawytscha,fall,juvenile,,"dataset has MMR too if needed. Set to DQ for now bc Zillig 2023 seems to contain most of these data. Still need to figure out which ones 2023 doesn’t have, and why",Fish081_16.10_Coleman_6.18.17,16,individual,1,13.2,3,223,exogenous,wet,ns,fresh,post-smolt,Zillig et al.2022_61,61,0.02569,1.116972062,Coleman
2022,Zillig et al.,Can J Fish. Aq. Sci.,21.33,NA,10,0,NA,0,NA,1.209464325,NA,0.190177555,3.060114532,Oncorhynchus tshawytscha,fall,juvenile,,"dataset has MMR too if needed. Set to DQ for now bc Zillig 2023 seems to contain most of these data. Still need to figure out which ones 2023 doesn’t have, and why",Fish082_16.10_Coleman_6.18.17,16,individual,1,12.2,3,223,exogenous,wet,ns,fresh,post-smolt,Zillig et al.2022_62,62,0.02133,1.174657791,Coleman
2022,Zillig et al.,Can J Fish. Aq. Sci.,27.37,NA,16,0,NA,0,NA,3.845974663,NA,1.347027059,3.309447523,Oncorhynchus tshawytscha,fall,juvenile,,"dataset has MMR too if needed. Set to DQ for now bc Zillig 2023 seems to contain most of these data. Still need to figure out which ones 2023 doesn’t have, and why",Fish083_16.16_Coleman_6.20.17,16,individual,1,13.1,3,225,exogenous,wet,ns,fresh,post-smolt,Zillig et al.2022_63,63,0.02737,1.217477406,Coleman
2022,Zillig et al.,Can J Fish. Aq. Sci.,28.11,NA,16,0,NA,0,NA,3.544102964,NA,1.265285085,3.336125385,Oncorhynchus tshawytscha,fall,juvenile,,"dataset has MMR too if needed. Set to DQ for now bc Zillig 2023 seems to contain most of these data. Still need to figure out which ones 2023 doesn’t have, and why",Fish084_16.16_Coleman_6.20.17,16,individual,1,13.4,3,225,exogenous,wet,ns,fresh,post-smolt,Zillig et al.2022_64,64,0.02811,1.168278678,Coleman
2022,Zillig et al.,Can J Fish. Aq. Sci.,23.43,NA,22,0,NA,0,NA,5.333639846,NA,1.674033903,3.154017253,Oncorhynchus tshawytscha,fall,juvenile,,"dataset has MMR too if needed. Set to DQ for now bc Zillig 2023 seems to contain most of these data. Still need to figure out which ones 2023 doesn’t have, and why",Fish085_16.22_Coleman_6.20.17,16,individual,1,12.5,3,225,exogenous,wet,ns,fresh,post-smolt,Zillig et al.2022_65,65,0.02343,1.199616,Coleman
2022,Zillig et al.,Can J Fish. Aq. Sci.,23.83,NA,22,0,NA,0,NA,4.435614827,NA,1.489666237,3.170945291,Oncorhynchus tshawytscha,fall,juvenile,,"dataset has MMR too if needed. Set to DQ for now bc Zillig 2023 seems to contain most of these data. Still need to figure out which ones 2023 doesn’t have, and why",Fish086_16.22_Coleman_6.20.17,16,individual,1,12.8,3,225,exogenous,wet,ns,fresh,post-smolt,Zillig et al.2022_66,66,0.02383,1.136302948,Coleman
2022,Zillig et al.,Can J Fish. Aq. Sci.,37.19,NA,22,0,NA,0,NA,11.31909084,NA,2.426490755,3.616039908,Oncorhynchus tshawytscha,fall,juvenile,,"dataset has MMR too if needed. Set to DQ for now bc Zillig 2023 seems to contain most of these data. Still need to figure out which ones 2023 doesn’t have, and why",Fish087_11.22_Coleman_6.21.17,11,individual,1,14.6,3,226,exogenous,wet,ns,fresh,post-smolt,Zillig et al.2022_67,67,0.03719,1.19499919,Coleman
2022,Zillig et al.,Can J Fish. Aq. Sci.,24.23,NA,22,0,NA,0,NA,6.603566914,NA,1.887609944,3.187591535,Oncorhynchus tshawytscha,fall,juvenile,,"dataset has MMR too if needed. Set to DQ for now bc Zillig 2023 seems to contain most of these data. Still need to figure out which ones 2023 doesn’t have, and why",Fish088_11.22_Coleman_6.21.17,11,individual,1,13.1,3,226,exogenous,wet,ns,fresh,post-smolt,Zillig et al.2022_68,68,0.02423,1.077803345,Coleman
2022,Zillig et al.,Can J Fish. Aq. Sci.,20.13,NA,24,0,NA,0,NA,6.463828367,NA,1.866221769,3.00221124,Oncorhynchus tshawytscha,fall,juvenile,,"dataset has MMR too if needed. Set to DQ for now bc Zillig 2023 seems to contain most of these data. Still need to figure out which ones 2023 doesn’t have, and why",Fish089_11.24_Coleman_6.21.17,11,individual,1,12,3,226,exogenous,wet,ns,fresh,post-smolt,Zillig et al.2022_69,69,0.02013,1.164930556,Coleman
2022,Zillig et al.,Can J Fish. Aq. Sci.,22.15,NA,24,0,NA,0,NA,7.925389118,NA,2.070071419,3.097837496,Oncorhynchus tshawytscha,fall,juvenile,,"dataset has MMR too if needed. Set to DQ for now bc Zillig 2023 seems to contain most of these data. Still need to figure out which ones 2023 doesn’t have, and why",Fish090_11.24_Coleman_6.21.17,11,individual,1,12.2,3,226,exogenous,wet,ns,fresh,post-smolt,Zillig et al.2022_70,70,0.02215,1.219815756,Coleman
2022,Zillig et al.,Can J Fish. Aq. Sci.,22.4,NA,14,0,NA,0,NA,3.245460364,NA,1.177257209,3.109060959,Oncorhynchus tshawytscha,fall,juvenile,,"dataset has MMR too if needed. Set to DQ for now bc Zillig 2023 seems to contain most of these data. Still need to figure out which ones 2023 doesn’t have, and why",Fish091_11.14_Coleman_6.21.17,11,individual,1,12.7,3,227,exogenous,wet,ns,fresh,post-smolt,Zillig et al.2022_71,71,0.0224,1.093545494,Coleman
2022,Zillig et al.,Can J Fish. Aq. Sci.,21.96,NA,14,0,NA,0,NA,2.534196629,NA,0.929876675,3.089222617,Oncorhynchus tshawytscha,fall,juvenile,,"dataset has MMR too if needed. Set to DQ for now bc Zillig 2023 seems to contain most of these data. Still need to figure out which ones 2023 doesn’t have, and why",Fish092_11.14_Coleman_6.21.17,11,individual,1,12.6,3,227,exogenous,wet,ns,fresh,post-smolt,Zillig et al.2022_72,72,0.02196,1.097793615,Coleman
2022,Zillig et al.,Can J Fish. Aq. Sci.,19.99,NA,16,0,NA,0,NA,3.00309323,NA,1.099642834,2.995232149,Oncorhynchus tshawytscha,fall,juvenile,,"dataset has MMR too if needed. Set to DQ for now bc Zillig 2023 seems to contain most of these data. Still need to figure out which ones 2023 doesn’t have, and why",Fish093_11.16_Coleman_6.21.17,11,individual,1,12.2,3,227,exogenous,wet,ns,fresh,post-smolt,Zillig et al.2022_73,73,0.01999,1.100863068,Coleman
2022,Zillig et al.,Can J Fish. Aq. Sci.,22.09,NA,12,0,NA,0,NA,2.288216596,NA,0.827772735,3.095125017,Oncorhynchus tshawytscha,fall,juvenile,,"dataset has MMR too if needed. Set to DQ for now bc Zillig 2023 seems to contain most of these data. Still need to figure out which ones 2023 doesn’t have, and why",Fish095_11.12_Coleman_6.23.17,11,individual,1,12.2,3,229,exogenous,wet,ns,fresh,post-smolt,Zillig et al.2022_74,74,0.02209,1.216511514,Coleman
2022,Zillig et al.,Can J Fish. Aq. Sci.,27.56,NA,20,0,NA,0,NA,4.672819351,NA,1.541762605,3.316365446,Oncorhynchus tshawytscha,fall,juvenile,,"dataset has MMR too if needed. Set to DQ for now bc Zillig 2023 seems to contain most of these data. Still need to figure out which ones 2023 doesn’t have, and why",Fish097_20.20_Coleman_6.24.17,20,individual,1,12.9,3,229,exogenous,wet,ns,fresh,post-smolt,Zillig et al.2022_75,75,0.02756,1.283837575,Coleman
2022,Zillig et al.,Can J Fish. Aq. Sci.,25.25,NA,20,0,NA,0,NA,4.267580018,NA,1.451046926,3.228826156,Oncorhynchus tshawytscha,fall,juvenile,,"dataset has MMR too if needed. Set to DQ for now bc Zillig 2023 seems to contain most of these data. Still need to figure out which ones 2023 doesn’t have, and why",Fish098_20.20_Coleman_6.24.17,20,individual,1,12.6,3,229,exogenous,wet,ns,fresh,post-smolt,Zillig et al.2022_76,76,0.02525,1.262262695,Coleman
2022,Zillig et al.,Can J Fish. Aq. Sci.,21.3,NA,16,0,NA,0,NA,3.604388247,NA,1.282152061,3.058707073,Oncorhynchus tshawytscha,fall,juvenile,,"dataset has MMR too if needed. Set to DQ for now bc Zillig 2023 seems to contain most of these data. Still need to figure out which ones 2023 doesn’t have, and why",Fish100_11.16_Coleman_6.24.17,11,individual,1,12.3,3,230,exogenous,wet,ns,fresh,post-smolt,Zillig et al.2022_77,77,0.0213,1.144627746,Coleman
2022,Zillig et al.,Can J Fish. Aq. Sci.,23.55,NA,18,0,NA,0,NA,4.041411409,NA,1.39659399,3.15912582,Oncorhynchus tshawytscha,fall,juvenile,,"dataset has MMR too if needed. Set to DQ for now bc Zillig 2023 seems to contain most of these data. Still need to figure out which ones 2023 doesn’t have, and why",Fish101_11.18_Coleman_6.24.17,11,individual,1,12.9,3,230,exogenous,wet,ns,fresh,post-smolt,Zillig et al.2022_78,78,0.02355,1.097038276,Coleman
2022,Zillig et al.,Can J Fish. Aq. Sci.,18.55,NA,18,0,NA,0,NA,2.984184419,NA,1.093326483,2.920469789,Oncorhynchus tshawytscha,fall,juvenile,,"dataset has MMR too if needed. Set to DQ for now bc Zillig 2023 seems to contain most of these data. Still need to figure out which ones 2023 doesn’t have, and why",Fish102_11.18_Coleman_6.24.17,11,individual,1,11.8,3,230,exogenous,wet,ns,fresh,post-smolt,Zillig et al.2022_79,79,0.01855,1.129010269,Coleman
2022,Zillig et al.,Can J Fish. Aq. Sci.,19.24,NA,20,0,NA,0,NA,4.077481591,NA,1.405479541,2.956991445,Oncorhynchus tshawytscha,fall,juvenile,,"dataset has MMR too if needed. Set to DQ for now bc Zillig 2023 seems to contain most of these data. Still need to figure out which ones 2023 doesn’t have, and why",Fish107_11.20_Coleman_6.27.17,11,individual,1,12.3,3,233,exogenous,wet,ns,fresh,post-smolt,Zillig et al.2022_80,80,0.01924,1.033926659,Coleman
2022,Zillig et al.,Can J Fish. Aq. Sci.,24.73,NA,20,0,NA,0,NA,4.661946714,NA,1.539433111,3.208017082,Oncorhynchus tshawytscha,fall,juvenile,,"dataset has MMR too if needed. Set to DQ for now bc Zillig 2023 seems to contain most of these data. Still need to figure out which ones 2023 doesn’t have, and why",Fish108_11.20_Coleman_6.27.17,11,individual,1,13.1,3,233,exogenous,wet,ns,fresh,post-smolt,Zillig et al.2022_81,81,0.02473,1.100044438,Coleman
2022,Zillig et al.,Can J Fish. Aq. Sci.,21.07,NA,22,0,NA,0,NA,5.452338031,NA,1.696044513,3.047850228,Oncorhynchus tshawytscha,fall,juvenile,,"dataset has MMR too if needed. Set to DQ for now bc Zillig 2023 seems to contain most of these data. Still need to figure out which ones 2023 doesn’t have, and why",Fish109_11.22_Coleman_6.27.17,11,individual,1,12.3,3,233,exogenous,wet,ns,fresh,post-smolt,Zillig et al.2022_82,82,0.02107,1.132267916,Coleman
2022,Zillig et al.,Can J Fish. Aq. Sci.,16.62,NA,22,0,NA,0,NA,4.412167014,NA,1.484365955,2.810606789,Oncorhynchus tshawytscha,fall,juvenile,,"dataset has MMR too if needed. Set to DQ for now bc Zillig 2023 seems to contain most of these data. Still need to figure out which ones 2023 doesn’t have, and why",Fish110_11.22_Coleman_6.27.17,11,individual,1,11.6,3,233,exogenous,wet,ns,fresh,post-smolt,Zillig et al.2022_83,83,0.01662,1.064773053,Coleman
2022,Zillig et al.,Can J Fish. Aq. Sci.,18.26,NA,8,0,NA,0,NA,1.349305609,NA,0.299590097,2.904712875,Oncorhynchus tshawytscha,fall,juvenile,,"dataset has MMR too if needed. Set to DQ for now bc Zillig 2023 seems to contain most of these data. Still need to figure out which ones 2023 doesn’t have, and why",Fish111_11.8_Coleman_6.28.17,11,individual,1,11.8,3,234,exogenous,wet,ns,fresh,post-smolt,Zillig et al.2022_84,84,0.01826,1.111359974,Coleman
2022,Zillig et al.,Can J Fish. Aq. Sci.,27.41,NA,10,0,NA,0,NA,2.9516912,NA,1.082378294,3.31090791,Oncorhynchus tshawytscha,fall,juvenile,,"dataset has MMR too if needed. Set to DQ for now bc Zillig 2023 seems to contain most of these data. Still need to figure out which ones 2023 doesn’t have, and why",Fish113_11.10_Coleman_6.28.17,11,individual,1,13.3,3,234,exogenous,wet,ns,fresh,post-smolt,Zillig et al.2022_85,85,0.02741,1.165075615,Coleman
2022,Zillig et al.,Can J Fish. Aq. Sci.,22.91,NA,25,0,NA,0,NA,6.432971261,NA,1.861436525,3.131573496,Oncorhynchus tshawytscha,fall,juvenile,,"dataset has MMR too if needed. Set to DQ for now bc Zillig 2023 seems to contain most of these data. Still need to figure out which ones 2023 doesn’t have, and why",Fish115_16.25_Coleman_7.1.17,16,individual,1,12.6,3,236,exogenous,wet,ns,fresh,post-smolt,Zillig et al.2022_86,86,0.02291,1.145284686,Coleman
2022,Zillig et al.,Can J Fish. Aq. Sci.,24.86,NA,25,0,NA,0,NA,6.362357322,NA,1.850398957,3.213260086,Oncorhynchus tshawytscha,fall,juvenile,,"dataset has MMR too if needed. Set to DQ for now bc Zillig 2023 seems to contain most of these data. Still need to figure out which ones 2023 doesn’t have, and why",Fish116_16.25_Coleman_7.1.17,16,individual,1,12.5,3,236,exogenous,wet,ns,fresh,post-smolt,Zillig et al.2022_87,87,0.02486,1.272832,Coleman
2022,Zillig et al.,Can J Fish. Aq. Sci.,23.49,NA,25,0,NA,0,NA,6.806580165,NA,1.917889816,3.156574799,Oncorhynchus tshawytscha,fall,juvenile,,"dataset has MMR too if needed. Set to DQ for now bc Zillig 2023 seems to contain most of these data. Still need to figure out which ones 2023 doesn’t have, and why",Fish117_16.25_Coleman_7.1.17,16,individual,1,12.6,3,236,exogenous,wet,ns,fresh,post-smolt,Zillig et al.2022_88,88,0.02349,1.174279236,Coleman
2022,Zillig et al.,Can J Fish. Aq. Sci.,25.51,NA,25,0,NA,0,NA,6.591078511,NA,1.885716994,3.239070532,Oncorhynchus tshawytscha,fall,juvenile,,"dataset has MMR too if needed. Set to DQ for now bc Zillig 2023 seems to contain most of these data. Still need to figure out which ones 2023 doesn’t have, and why",Fish119_20.25_Coleman_7.2.17,20,individual,1,12.7,3,237,exogenous,wet,ns,fresh,post-smolt,Zillig et al.2022_89,89,0.02551,1.245372569,Coleman
2022,Zillig et al.,Can J Fish. Aq. Sci.,27.14,NA,25,0,NA,0,NA,6.367191544,NA,1.851158484,3.301008654,Oncorhynchus tshawytscha,fall,juvenile,,"dataset has MMR too if needed. Set to DQ for now bc Zillig 2023 seems to contain most of these data. Still need to figure out which ones 2023 doesn’t have, and why",Fish120_20.25_Coleman_7.2.17,20,individual,1,12.7,3,237,exogenous,wet,ns,fresh,post-smolt,Zillig et al.2022_90,90,0.02714,1.324947532,Coleman
2022,Zillig et al.,Can J Fish. Aq. Sci.,25,NA,25,0,NA,0,NA,6.075446118,NA,1.804255422,3.218875825,Oncorhynchus tshawytscha,fall,juvenile,,"dataset has MMR too if needed. Set to DQ for now bc Zillig 2023 seems to contain most of these data. Still need to figure out which ones 2023 doesn’t have, and why",Fish121_20.25_Coleman_7.2.17,20,individual,1,12.7,3,237,exogenous,wet,ns,fresh,post-smolt,Zillig et al.2022_91,91,0.025,1.220474882,Coleman
2022,Zillig et al.,Can J Fish. Aq. Sci.,18.86,NA,25,0,NA,0,NA,4.819538483,NA,1.572678173,2.937043277,Oncorhynchus tshawytscha,fall,juvenile,,"dataset has MMR too if needed. Set to DQ for now bc Zillig 2023 seems to contain most of these data. Still need to figure out which ones 2023 doesn’t have, and why",Fish122_20.25_Coleman_7.2.17,20,individual,1,11.5,3,237,exogenous,wet,ns,fresh,post-smolt,Zillig et al.2022_92,92,0.01886,1.240075614,Coleman
2022,Zillig et al.,Can J Fish. Aq. Sci.,25.49,NA,12,0,NA,0,NA,1.973424009,NA,0.67977011,3.238286218,Oncorhynchus tshawytscha,fall,juvenile,,"dataset has MMR too if needed. Set to DQ for now bc Zillig 2023 seems to contain most of these data. Still need to figure out which ones 2023 doesn’t have, and why",Fish123_20.12_Coleman_7.3.17,20,individual,1,12.5,3,238,exogenous,wet,ns,fresh,post-smolt,Zillig et al.2022_93,93,0.02549,1.305088,Coleman
2022,Zillig et al.,Can J Fish. Aq. Sci.,24.47,NA,12,0,NA,0,NA,1.890378538,NA,0.636777094,3.197447877,Oncorhynchus tshawytscha,fall,juvenile,,"dataset has MMR too if needed. Set to DQ for now bc Zillig 2023 seems to contain most of these data. Still need to figure out which ones 2023 doesn’t have, and why",Fish124_20.12_Coleman_7.3.17,20,individual,1,12.6,3,238,exogenous,wet,ns,fresh,post-smolt,Zillig et al.2022_94,94,0.02447,1.223270025,Coleman
2022,Zillig et al.,Can J Fish. Aq. Sci.,25.56,NA,10,0,NA,0,NA,2.389767172,NA,0.871195944,3.24102863,Oncorhynchus tshawytscha,fall,juvenile,,"dataset has MMR too if needed. Set to DQ for now bc Zillig 2023 seems to contain most of these data. Still need to figure out which ones 2023 doesn’t have, and why",Fish125_16.10_Coleman_7.3.17,16,individual,1,13.2,3,238,exogenous,wet,ns,fresh,post-smolt,Zillig et al.2022_95,95,0.02556,1.11131981,Coleman
2022,Zillig et al.,Can J Fish. Aq. Sci.,24.41,NA,10,0,NA,0,NA,2.055582972,NA,0.720559492,3.194992884,Oncorhynchus tshawytscha,fall,juvenile,,"dataset has MMR too if needed. Set to DQ for now bc Zillig 2023 seems to contain most of these data. Still need to figure out which ones 2023 doesn’t have, and why",Fish126_16.10_Coleman_7.3.17,16,individual,1,12.9,3,238,exogenous,wet,ns,fresh,post-smolt,Zillig et al.2022_96,96,0.02441,1.137099971,Coleman
2022,Zillig et al.,Can J Fish. Aq. Sci.,19.72,NA,14,0,NA,0,NA,2.15038728,NA,0.765647956,2.981633349,Oncorhynchus tshawytscha,fall,juvenile,,"dataset has MMR too if needed. Set to DQ for now bc Zillig 2023 seems to contain most of these data. Still need to figure out which ones 2023 doesn’t have, and why",Fish128_11.14_Coleman_7.3.17,11,individual,1,11.9,3,239,exogenous,wet,ns,fresh,post-smolt,Zillig et al.2022_97,97,0.01972,1.170215986,Coleman
2022,Zillig et al.,Can J Fish. Aq. Sci.,19.17,NA,8,0,NA,0,NA,1.189475051,NA,0.173512076,2.953346557,Oncorhynchus tshawytscha,fall,juvenile,,"dataset has MMR too if needed. Set to DQ for now bc Zillig 2023 seems to contain most of these data. Still need to figure out which ones 2023 doesn’t have, and why",Fish129_11.8_Coleman_7.3.17,11,individual,1,12.1,3,239,exogenous,wet,ns,fresh,post-smolt,Zillig et al.2022_98,98,0.01917,1.082096524,Coleman
2022,Zillig et al.,Can J Fish. Aq. Sci.,27.69,NA,8,0,NA,0,NA,1.718890441,NA,0.54167899,3.321071337,Oncorhynchus tshawytscha,fall,juvenile,,"dataset has MMR too if needed. Set to DQ for now bc Zillig 2023 seems to contain most of these data. Still need to figure out which ones 2023 doesn’t have, and why",Fish130_11.8_Coleman_7.3.17,11,individual,1,13.2,3,239,exogenous,wet,ns,fresh,post-smolt,Zillig et al.2022_99,99,0.02769,1.203929794,Coleman
2022,Zillig et al.,Can J Fish. Aq. Sci.,18.84,NA,12,0,NA,0,NA,1.657824277,NA,0.505506066,2.935982269,Oncorhynchus tshawytscha,fall,juvenile,,"dataset has MMR too if needed. Set to DQ for now bc Zillig 2023 seems to contain most of these data. Still need to figure out which ones 2023 doesn’t have, and why",Fish132_11.12_Coleman_7.4.17,11,individual,1,11.8,3,240,exogenous,wet,ns,fresh,post-smolt,Zillig et al.2022_100,100,0.01884,1.146660564,Coleman
2022,Zillig et al.,Can J Fish. Aq. Sci.,20.07,NA,10,0,NA,0,NA,1.982302915,NA,0.684259257,2.999226163,Oncorhynchus tshawytscha,fall,juvenile,,"dataset has MMR too if needed. Set to DQ for now bc Zillig 2023 seems to contain most of these data. Still need to figure out which ones 2023 doesn’t have, and why",Fish134_11.10_Coleman_7.4.17,11,individual,1,12.2,3,240,exogenous,wet,ns,fresh,post-smolt,Zillig et al.2022_101,101,0.02007,1.105268723,Coleman
2022,Zillig et al.,Can J Fish. Aq. Sci.,25.22,NA,18,0,NA,0,NA,4.6261614,NA,1.531727453,3.227637331,Oncorhynchus tshawytscha,fall,juvenile,,"dataset has MMR too if needed. Set to DQ for now bc Zillig 2023 seems to contain most of these data. Still need to figure out which ones 2023 doesn’t have, and why",Fish135_11.18_Coleman_7.7.17,11,individual,1,12.7,3,243,exogenous,wet,ns,fresh,post-smolt,Zillig et al.2022_102,102,0.02522,1.231215061,Coleman
2022,Zillig et al.,Can J Fish. Aq. Sci.,23.78,NA,18,0,NA,0,NA,3.683804164,NA,1.303945958,3.168844891,Oncorhynchus tshawytscha,fall,juvenile,,"dataset has MMR too if needed. Set to DQ for now bc Zillig 2023 seems to contain most of these data. Still need to figure out which ones 2023 doesn’t have, and why",Fish136_11.18_Coleman_7.7.17,11,individual,1,12.6,3,243,exogenous,wet,ns,fresh,post-smolt,Zillig et al.2022_103,103,0.02378,1.18877651,Coleman
2022,Zillig et al.,Can J Fish. Aq. Sci.,18.44,NA,20,0,NA,0,NA,2.919249308,NA,1.071326497,2.914522218,Oncorhynchus tshawytscha,fall,juvenile,,"dataset has MMR too if needed. Set to DQ for now bc Zillig 2023 seems to contain most of these data. Still need to figure out which ones 2023 doesn’t have, and why",Fish137_11.20_Coleman_7.7.17,11,individual,1,11.9,3,243,exogenous,wet,ns,fresh,post-smolt,Zillig et al.2022_104,104,0.01844,1.094258761,Coleman
2022,Zillig et al.,Can J Fish. Aq. Sci.,21.09,NA,20,0,NA,0,NA,4.126910181,NA,1.417528987,3.048798994,Oncorhynchus tshawytscha,fall,juvenile,,"dataset has MMR too if needed. Set to DQ for now bc Zillig 2023 seems to contain most of these data. Still need to figure out which ones 2023 doesn’t have, and why",Fish138_11.20_Coleman_7.7.17,11,individual,1,12.3,3,243,exogenous,wet,ns,fresh,post-smolt,Zillig et al.2022_105,105,0.02109,1.133342684,Coleman
2022,Zillig et al.,Can J Fish. Aq. Sci.,24.04,NA,14,0,NA,0,NA,2.168901875,NA,0.774220991,3.17971911,Oncorhynchus tshawytscha,fall,juvenile,,"dataset has MMR too if needed. Set to DQ for now bc Zillig 2023 seems to contain most of these data. Still need to figure out which ones 2023 doesn’t have, and why",Fish143_20.14_Coleman_7.16.17,20,individual,1,12.5,3,251,exogenous,wet,ns,fresh,post-smolt,Zillig et al.2022_106,106,0.02404,1.230848,Coleman
2022,Zillig et al.,Can J Fish. Aq. Sci.,20.56,NA,14,0,NA,0,NA,2.248955678,NA,0.810465965,3.023347441,Oncorhynchus tshawytscha,fall,juvenile,,"dataset has MMR too if needed. Set to DQ for now bc Zillig 2023 seems to contain most of these data. Still need to figure out which ones 2023 doesn’t have, and why",Fish144_20.14_Coleman_7.16.17,20,individual,1,12,3,251,exogenous,wet,ns,fresh,post-smolt,Zillig et al.2022_107,107,0.02056,1.189814815,Coleman
2022,Zillig et al.,Can J Fish. Aq. Sci.,20.63,NA,8,0,NA,0,NA,1.590687183,NA,0.464166113,3.026746327,Oncorhynchus tshawytscha,fall,juvenile,,"dataset has MMR too if needed. Set to DQ for now bc Zillig 2023 seems to contain most of these data. Still need to figure out which ones 2023 doesn’t have, and why",Fish145_16.8_Coleman_7.16.17,16,individual,1,12.2,3,251,exogenous,wet,ns,fresh,post-smolt,Zillig et al.2022_108,108,0.02063,1.136108309,Coleman
2022,Zillig et al.,Can J Fish. Aq. Sci.,19.2,NA,8,0,NA,0,NA,1.241821294,NA,0.216579088,2.954910279,Oncorhynchus tshawytscha,fall,juvenile,,"dataset has MMR too if needed. Set to DQ for now bc Zillig 2023 seems to contain most of these data. Still need to figure out which ones 2023 doesn’t have, and why",Fish146_16.8_Coleman_7.16.17,16,individual,1,12,3,251,exogenous,wet,ns,fresh,post-smolt,Zillig et al.2022_109,109,0.0192,1.111111111,Coleman
2022,Zillig et al.,Can J Fish. Aq. Sci.,18.49,NA,16,0,NA,0,NA,1.721440354,NA,0.543161355,2.917230045,Oncorhynchus tshawytscha,fall,juvenile,,"dataset has MMR too if needed. Set to DQ for now bc Zillig 2023 seems to contain most of these data. Still need to figure out which ones 2023 doesn’t have, and why",Fish147_20.16_Coleman_7.17.17,20,individual,1,11.3,3,252,exogenous,wet,ns,fresh,post-smolt,Zillig et al.2022_110,110,0.01849,1.28144975,Coleman
2022,Zillig et al.,Can J Fish. Aq. Sci.,17.27,NA,16,0,NA,0,NA,2.045760381,NA,0.715769545,2.848970892,Oncorhynchus tshawytscha,fall,juvenile,,"dataset has MMR too if needed. Set to DQ for now bc Zillig 2023 seems to contain most of these data. Still need to figure out which ones 2023 doesn’t have, and why",Fish148_20.16_Coleman_7.17.17,20,individual,1,11.2,3,252,exogenous,wet,ns,fresh,post-smolt,Zillig et al.2022_111,111,0.01727,1.229244488,Coleman
2022,Zillig et al.,Can J Fish. Aq. Sci.,24.02,NA,12,0,NA,0,NA,2.395142406,NA,0.873442689,3.178886817,Oncorhynchus tshawytscha,fall,juvenile,,"dataset has MMR too if needed. Set to DQ for now bc Zillig 2023 seems to contain most of these data. Still need to figure out which ones 2023 doesn’t have, and why",Fish149_16.12_Coleman_7.17.17,16,individual,1,12.8,3,252,exogenous,wet,ns,fresh,post-smolt,Zillig et al.2022_112,112,0.02402,1.145362854,Coleman
2022,Zillig et al.,Can J Fish. Aq. Sci.,22.96,NA,12,0,NA,0,NA,1.814165343,NA,0.595625496,3.133753571,Oncorhynchus tshawytscha,fall,juvenile,,"dataset has MMR too if needed. Set to DQ for now bc Zillig 2023 seems to contain most of these data. Still need to figure out which ones 2023 doesn’t have, and why",Fish150_16.12_Coleman_7.17.17,16,individual,1,12.7,3,252,exogenous,wet,ns,fresh,post-smolt,Zillig et al.2022_113,113,0.02296,1.120884132,Coleman
2022,Zillig et al.,Can J Fish. Aq. Sci.,20.91,NA,10,0,NA,0,NA,2.153303465,NA,0.767003158,3.040227513,Oncorhynchus tshawytscha,fall,juvenile,,"dataset has MMR too if needed. Set to DQ for now bc Zillig 2023 seems to contain most of these data. Still need to figure out which ones 2023 doesn’t have, and why",Fish151_11.10_Coleman_7.17.17,11,individual,1,12.5,3,253,exogenous,wet,ns,fresh,post-smolt,Zillig et al.2022_114,114,0.02091,1.070592,Coleman
2022,Zillig et al.,Can J Fish. Aq. Sci.,18,NA,12,0,NA,0,NA,2.252602631,NA,0.812086273,2.890371758,Oncorhynchus tshawytscha,fall,juvenile,,"dataset has MMR too if needed. Set to DQ for now bc Zillig 2023 seems to contain most of these data. Still need to figure out which ones 2023 doesn’t have, and why",Fish155_11.12_Coleman_7.24.17,11,individual,1,12,3,260,exogenous,wet,ns,fresh,post-smolt,Zillig et al.2022_115,115,0.018,1.041666667,Coleman
2022,Zillig et al.,Can J Fish. Aq. Sci.,28.68,NA,12,0,NA,0,NA,2.563045895,NA,0.941196354,3.356200016,Oncorhynchus tshawytscha,fall,juvenile,,"dataset has MMR too if needed. Set to DQ for now bc Zillig 2023 seems to contain most of these data. Still need to figure out which ones 2023 doesn’t have, and why",Fish156_11.12_Coleman_7.24.17,11,individual,1,13.1,3,260,exogenous,wet,ns,fresh,post-smolt,Zillig et al.2022_116,116,0.02868,1.275749069,Coleman
2022,Zillig et al.,Can J Fish. Aq. Sci.,22.47,NA,16,0,NA,0,NA,2.888383444,NA,1.060696984,3.112181086,Oncorhynchus tshawytscha,fall,juvenile,,"dataset has MMR too if needed. Set to DQ for now bc Zillig 2023 seems to contain most of these data. Still need to figure out which ones 2023 doesn’t have, and why",Fish158_11.16_Coleman_7.24.17,11,individual,1,12.4,3,260,exogenous,wet,ns,fresh,post-smolt,Zillig et al.2022_117,117,0.02247,1.178522876,Coleman
2022,Zillig et al.,Can J Fish. Aq. Sci.,24.34,NA,24,0,NA,0,NA,7.518946115,NA,2.017425984,3.192121088,Oncorhynchus tshawytscha,fall,juvenile,,"dataset has MMR too if needed. Set to DQ for now bc Zillig 2023 seems to contain most of these data. Still need to figure out which ones 2023 doesn’t have, and why",Fish161_11.24_Coleman_8.1.17,11,individual,1,13.9,3,268,exogenous,wet,ns,fresh,post-smolt,Zillig et al.2022_118,118,0.02434,0.90630875,Coleman
2022,Zillig et al.,Can J Fish. Aq. Sci.,20.5,NA,24,0,NA,0,NA,7.368600323,NA,1.997227773,3.020424886,Oncorhynchus tshawytscha,fall,juvenile,,"dataset has MMR too if needed. Set to DQ for now bc Zillig 2023 seems to contain most of these data. Still need to figure out which ones 2023 doesn’t have, and why",Fish165_11.24_Coleman_8.2.17,11,individual,1,12,3,269,exogenous,wet,ns,fresh,post-smolt,Zillig et al.2022_119,119,0.0205,1.186342593,Coleman
2022,Zillig et al.,Can J Fish. Aq. Sci.,28.71,NA,12,0,NA,0,NA,2.986580218,NA,1.094128993,3.357245494,Oncorhynchus tshawytscha,fall,juvenile,,"dataset has MMR too if needed. Set to DQ for now bc Zillig 2023 seems to contain most of these data. Still need to figure out which ones 2023 doesn’t have, and why",Fish915_20.12_FeatherFall_6.5.19,20,individual,1,12.2,3,189,exogenous,wet,ns,fresh,post-smolt,Zillig et al.2022_120,120,0.02871,1.581079474,Feather River
2022,Zillig et al.,Can J Fish. Aq. Sci.,23.47,NA,12,0,NA,0,NA,2.36693731,NA,0.861596845,3.15572301,Oncorhynchus tshawytscha,fall,juvenile,,"dataset has MMR too if needed. Set to DQ for now bc Zillig 2023 seems to contain most of these data. Still need to figure out which ones 2023 doesn’t have, and why",Fish916_20.12_FeatherFall_6.5.19,20,individual,1,12.1,3,189,exogenous,wet,ns,fresh,post-smolt,Zillig et al.2022_121,121,0.02347,1.324820314,Feather River
2022,Zillig et al.,Can J Fish. Aq. Sci.,34.12,NA,10,0,NA,0,NA,4.569858256,NA,1.519482188,3.529883723,Oncorhynchus tshawytscha,fall,juvenile,,"dataset has MMR too if needed. Set to DQ for now bc Zillig 2023 seems to contain most of these data. Still need to figure out which ones 2023 doesn’t have, and why",Fish917_20.10_FeatherFall_6.5.19,20,individual,1,13,3,189,exogenous,wet,ns,fresh,post-smolt,Zillig et al.2022_122,122,0.03412,1.553026855,Feather River
2022,Zillig et al.,Can J Fish. Aq. Sci.,22.71,NA,25,0,NA,0,NA,6.162588166,NA,1.818496846,3.122805356,Oncorhynchus tshawytscha,fall,juvenile,,"dataset has MMR too if needed. Set to DQ for now bc Zillig 2023 seems to contain most of these data. Still need to figure out which ones 2023 doesn’t have, and why",Fish920_20.25_FeatherFall_6.6.19,20,individual,1,12.2,3,190,exogenous,wet,ns,fresh,post-smolt,Zillig et al.2022_123,123,0.02271,1.250655341,Feather River
2022,Zillig et al.,Can J Fish. Aq. Sci.,24.26,NA,12,0,NA,0,NA,3.226980431,NA,1.171546849,3.188828904,Oncorhynchus tshawytscha,fall,juvenile,,"dataset has MMR too if needed. Set to DQ for now bc Zillig 2023 seems to contain most of these data. Still need to figure out which ones 2023 doesn’t have, and why",Fish923_16.12_FeatherFall_6.8.19,16,individual,1,12.5,3,192,exogenous,wet,ns,fresh,post-smolt,Zillig et al.2022_124,124,0.02426,1.242112,Feather River
2022,Zillig et al.,Can J Fish. Aq. Sci.,25.35,NA,12,0,NA,0,NA,2.829412728,NA,1.040069173,3.23277873,Oncorhynchus tshawytscha,fall,juvenile,,"dataset has MMR too if needed. Set to DQ for now bc Zillig 2023 seems to contain most of these data. Still need to figure out which ones 2023 doesn’t have, and why",Fish924_16.12_FeatherFall_6.8.19,16,individual,1,12.6,3,192,exogenous,wet,ns,fresh,post-smolt,Zillig et al.2022_125,125,0.02535,1.267261755,Feather River
2022,Zillig et al.,Can J Fish. Aq. Sci.,22.22,NA,10,0,NA,0,NA,1.898620105,NA,0.641127362,3.100992784,Oncorhynchus tshawytscha,fall,juvenile,,"dataset has MMR too if needed. Set to DQ for now bc Zillig 2023 seems to contain most of these data. Still need to figure out which ones 2023 doesn’t have, and why",Fish925_16.10_FeatherFall_6.8.19,16,individual,1,12.3,3,192,exogenous,wet,ns,fresh,post-smolt,Zillig et al.2022_126,126,0.02222,1.194067067,Feather River
2022,Zillig et al.,Can J Fish. Aq. Sci.,29.9,NA,10,0,NA,0,NA,2.739903381,NA,1.007922657,3.39785848,Oncorhynchus tshawytscha,fall,juvenile,,"dataset has MMR too if needed. Set to DQ for now bc Zillig 2023 seems to contain most of these data. Still need to figure out which ones 2023 doesn’t have, and why",Fish926_16.10_FeatherFall_6.8.19,16,individual,1,13.1,3,192,exogenous,wet,ns,fresh,post-smolt,Zillig et al.2022_127,127,0.0299,1.330017335,Feather River
2022,Zillig et al.,Can J Fish. Aq. Sci.,22.86,NA,16,0,NA,0,NA,2.983659734,NA,1.093150646,3.129388658,Oncorhynchus tshawytscha,fall,juvenile,,"dataset has MMR too if needed. Set to DQ for now bc Zillig 2023 seems to contain most of these data. Still need to figure out which ones 2023 doesn’t have, and why",Fish931_20.16_FeatherFall_6.10.19,20,individual,1,12.7,3,194,exogenous,wet,ns,fresh,post-smolt,Zillig et al.2022_128,128,0.02286,1.116002232,Feather River
2022,Zillig et al.,Can J Fish. Aq. Sci.,26.44,NA,16,0,NA,0,NA,3.287869603,NA,1.190239818,3.274878015,Oncorhynchus tshawytscha,fall,juvenile,,"dataset has MMR too if needed. Set to DQ for now bc Zillig 2023 seems to contain most of these data. Still need to figure out which ones 2023 doesn’t have, and why",Fish932_20.16_FeatherFall_6.10.19,20,individual,1,12.4,3,194,exogenous,wet,ns,fresh,post-smolt,Zillig et al.2022_129,129,0.02644,1.386744319,Feather River
2022,Zillig et al.,Can J Fish. Aq. Sci.,22.21,NA,14,0,NA,0,NA,2.870502952,NA,1.054487259,3.100542638,Oncorhynchus tshawytscha,fall,juvenile,,"dataset has MMR too if needed. Set to DQ for now bc Zillig 2023 seems to contain most of these data. Still need to figure out which ones 2023 doesn’t have, and why",Fish933_20.14_FeatherFall_6.10.19,20,individual,1,12.5,3,194,exogenous,wet,ns,fresh,post-smolt,Zillig et al.2022_130,130,0.02221,1.137152,Feather River
2022,Zillig et al.,Can J Fish. Aq. Sci.,22.53,NA,14,0,NA,0,NA,3.195966826,NA,1.161889648,3.114847754,Oncorhynchus tshawytscha,fall,juvenile,,"dataset has MMR too if needed. Set to DQ for now bc Zillig 2023 seems to contain most of these data. Still need to figure out which ones 2023 doesn’t have, and why",Fish934_20.14_FeatherFall_6.10.19,20,individual,1,12.4,3,194,exogenous,wet,ns,fresh,post-smolt,Zillig et al.2022_131,131,0.02253,1.1816698,Feather River
2022,Zillig et al.,Can J Fish. Aq. Sci.,24.89,NA,22,0,NA,0,NA,4.970388103,NA,1.603497926,3.214466116,Oncorhynchus tshawytscha,fall,juvenile,,"dataset has MMR too if needed. Set to DQ for now bc Zillig 2023 seems to contain most of these data. Still need to figure out which ones 2023 doesn’t have, and why",Fish936_20.22_FeatherFall_6.12.19,20,individual,1,12.3,3,196,exogenous,wet,ns,fresh,post-smolt,Zillig et al.2022_132,132,0.02489,1.337548573,Feather River
2022,Zillig et al.,Can J Fish. Aq. Sci.,24.96,NA,18,0,NA,0,NA,4.564527767,NA,1.518315062,3.217274544,Oncorhynchus tshawytscha,fall,juvenile,,"dataset has MMR too if needed. Set to DQ for now bc Zillig 2023 seems to contain most of these data. Still need to figure out which ones 2023 doesn’t have, and why",Fish937_20.18_FeatherFall_6.12.19,20,individual,1,12.9,3,196,exogenous,wet,ns,fresh,post-smolt,Zillig et al.2022_133,133,0.02496,1.162720823,Feather River
2022,Zillig et al.,Can J Fish. Aq. Sci.,25.54,NA,18,0,NA,0,NA,4.804053067,NA,1.569459951,3.240245851,Oncorhynchus tshawytscha,fall,juvenile,,"dataset has MMR too if needed. Set to DQ for now bc Zillig 2023 seems to contain most of these data. Still need to figure out which ones 2023 doesn’t have, and why",Fish938_20.18_FeatherFall_6.12.19,20,individual,1,12.3,3,196,exogenous,wet,ns,fresh,post-smolt,Zillig et al.2022_134,134,0.02554,1.372478527,Feather River
2022,Zillig et al.,Can J Fish. Aq. Sci.,25.73,NA,14,0,NA,0,NA,2.547934012,NA,0.935282839,3.247657626,Oncorhynchus tshawytscha,fall,juvenile,,"dataset has MMR too if needed. Set to DQ for now bc Zillig 2023 seems to contain most of these data. Still need to figure out which ones 2023 doesn’t have, and why",Fish943_16.14_FeatherFall_6.15.19,16,individual,1,12.5,3,199,exogenous,wet,ns,fresh,post-smolt,Zillig et al.2022_135,135,0.02573,1.317376,Feather River
2022,Zillig et al.,Can J Fish. Aq. Sci.,29.52,NA,18,0,NA,0,NA,5.417125191,NA,1.689565267,3.385068,Oncorhynchus tshawytscha,fall,juvenile,,"dataset has MMR too if needed. Set to DQ for now bc Zillig 2023 seems to contain most of these data. Still need to figure out which ones 2023 doesn’t have, and why",Fish945_16.18_FeatherFall_6.15.19,16,individual,1,13.3,3,199,exogenous,wet,ns,fresh,post-smolt,Zillig et al.2022_136,136,0.02952,1.254762209,Feather River
2022,Zillig et al.,Can J Fish. Aq. Sci.,26.07,NA,10,0,NA,0,NA,2.457635145,NA,0.899199564,3.260785228,Oncorhynchus tshawytscha,fall,juvenile,,"dataset has MMR too if needed. Set to DQ for now bc Zillig 2023 seems to contain most of these data. Still need to figure out which ones 2023 doesn’t have, and why",Fish949_16.10_FeatherFall_6.16.19,16,individual,1,12.7,3,200,exogenous,wet,ns,fresh,post-smolt,Zillig et al.2022_137,137,0.02607,1.272711207,Feather River
2022,Zillig et al.,Can J Fish. Aq. Sci.,27.99,NA,10,0,NA,0,NA,1.961826878,NA,0.67387612,3.331847304,Oncorhynchus tshawytscha,fall,juvenile,,"dataset has MMR too if needed. Set to DQ for now bc Zillig 2023 seems to contain most of these data. Still need to figure out which ones 2023 doesn’t have, and why",Fish950_16.10_FeatherFall_6.16.19,16,individual,1,13.1,3,200,exogenous,wet,ns,fresh,post-smolt,Zillig et al.2022_138,138,0.02799,1.245056361,Feather River
2022,Zillig et al.,Can J Fish. Aq. Sci.,25.51,NA,8,0,NA,0,NA,1.661039008,NA,0.507443315,3.239070532,Oncorhynchus tshawytscha,fall,juvenile,,"dataset has MMR too if needed. Set to DQ for now bc Zillig 2023 seems to contain most of these data. Still need to figure out which ones 2023 doesn’t have, and why",Fish951_16.8_FeatherFall_6.17.19,16,individual,1,12.7,3,201,exogenous,wet,ns,fresh,post-smolt,Zillig et al.2022_139,139,0.02551,1.245372569,Feather River
2022,Zillig et al.,Can J Fish. Aq. Sci.,30.38,NA,8,0,NA,0,NA,1.888218302,NA,0.635633687,3.413784497,Oncorhynchus tshawytscha,fall,juvenile,,"dataset has MMR too if needed. Set to DQ for now bc Zillig 2023 seems to contain most of these data. Still need to figure out which ones 2023 doesn’t have, and why",Fish952_16.8_FeatherFall_6.17.19,16,individual,1,13.6,3,201,exogenous,wet,ns,fresh,post-smolt,Zillig et al.2022_140,140,0.03038,1.20773331,Feather River
2022,Zillig et al.,Can J Fish. Aq. Sci.,21.12,NA,8,0,NA,0,NA,1.812300513,NA,0.59459704,3.050220459,Oncorhynchus tshawytscha,fall,juvenile,,"dataset has MMR too if needed. Set to DQ for now bc Zillig 2023 seems to contain most of these data. Still need to figure out which ones 2023 doesn’t have, and why",Fish953_16.8_FeatherFall_6.17.19,16,individual,1,12.2,3,201,exogenous,wet,ns,fresh,post-smolt,Zillig et al.2022_141,141,0.02112,1.163092946,Feather River
2022,Zillig et al.,Can J Fish. Aq. Sci.,24.49,NA,8,0,NA,0,NA,1.952571657,NA,0.669147302,3.198264871,Oncorhynchus tshawytscha,fall,juvenile,,"dataset has MMR too if needed. Set to DQ for now bc Zillig 2023 seems to contain most of these data. Still need to figure out which ones 2023 doesn’t have, and why",Fish954_16.8_FeatherFall_6.17.19,16,individual,1,12.6,3,201,exogenous,wet,ns,fresh,post-smolt,Zillig et al.2022_142,142,0.02449,1.224269837,Feather River
2022,Zillig et al.,Can J Fish. Aq. Sci.,20.44,NA,14,0,NA,0,NA,2.423500239,NA,0.885212875,3.017493765,Oncorhynchus tshawytscha,fall,juvenile,,"dataset has MMR too if needed. Set to DQ for now bc Zillig 2023 seems to contain most of these data. Still need to figure out which ones 2023 doesn’t have, and why",Fish955_16.14_FeatherFall_6.18.19,16,individual,1,11.9,3,202,exogenous,wet,ns,fresh,post-smolt,Zillig et al.2022_143,143,0.02044,1.212941924,Feather River
2022,Zillig et al.,Can J Fish. Aq. Sci.,20.86,NA,14,0,NA,0,NA,2.356297979,NA,0.857091734,3.03783345,Oncorhynchus tshawytscha,fall,juvenile,,"dataset has MMR too if needed. Set to DQ for now bc Zillig 2023 seems to contain most of these data. Still need to figure out which ones 2023 doesn’t have, and why",Fish956_16.14_FeatherFall_6.18.19,16,individual,1,12,3,202,exogenous,wet,ns,fresh,post-smolt,Zillig et al.2022_144,144,0.02086,1.207175926,Feather River
2022,Zillig et al.,Can J Fish. Aq. Sci.,20.86,NA,12,0,NA,0,NA,2.321251996,NA,0.842106694,3.03783345,Oncorhynchus tshawytscha,fall,juvenile,,"dataset has MMR too if needed. Set to DQ for now bc Zillig 2023 seems to contain most of these data. Still need to figure out which ones 2023 doesn’t have, and why",Fish957_16.12_FeatherFall_6.18.19,16,individual,1,12.2,3,202,exogenous,wet,ns,fresh,post-smolt,Zillig et al.2022_145,145,0.02086,1.148774567,Feather River
2022,Zillig et al.,Can J Fish. Aq. Sci.,21.92,NA,12,0,NA,0,NA,2.419346395,NA,0.883497419,3.087399462,Oncorhynchus tshawytscha,fall,juvenile,,"dataset has MMR too if needed. Set to DQ for now bc Zillig 2023 seems to contain most of these data. Still need to figure out which ones 2023 doesn’t have, and why",Fish958_16.12_FeatherFall_6.18.19,16,individual,1,12.5,3,202,exogenous,wet,ns,fresh,post-smolt,Zillig et al.2022_146,146,0.02192,1.122304,Feather River
2022,Zillig et al.,Can J Fish. Aq. Sci.,28.69,NA,20,0,NA,0,NA,5.247587806,NA,1.657768506,3.35654863,Oncorhynchus tshawytscha,fall,juvenile,,"dataset has MMR too if needed. Set to DQ for now bc Zillig 2023 seems to contain most of these data. Still need to figure out which ones 2023 doesn’t have, and why",Fish963_20.20_FeatherFall_6.22.19,20,individual,1,12.9,3,206,exogenous,wet,ns,fresh,post-smolt,Zillig et al.2022_147,147,0.02869,1.336476779,Feather River
2022,Zillig et al.,Can J Fish. Aq. Sci.,20.87,NA,20,0,NA,0,NA,4.12320745,NA,1.416631368,3.038312721,Oncorhynchus tshawytscha,fall,juvenile,,"dataset has MMR too if needed. Set to DQ for now bc Zillig 2023 seems to contain most of these data. Still need to figure out which ones 2023 doesn’t have, and why",Fish964_20.20_FeatherFall_6.22.19,20,individual,1,12.1,3,206,exogenous,wet,ns,fresh,post-smolt,Zillig et al.2022_148,148,0.02087,1.178057092,Feather River
2022,Zillig et al.,Can J Fish. Aq. Sci.,26.23,NA,20,0,NA,0,NA,5.679357699,NA,1.736838145,3.266903794,Oncorhynchus tshawytscha,fall,juvenile,,"dataset has MMR too if needed. Set to DQ for now bc Zillig 2023 seems to contain most of these data. Still need to figure out which ones 2023 doesn’t have, and why",Fish965_20.20_FeatherFall_6.22.19,20,individual,1,12.5,3,206,exogenous,wet,ns,fresh,post-smolt,Zillig et al.2022_149,149,0.02623,1.342976,Feather River
2022,Zillig et al.,Can J Fish. Aq. Sci.,22.93,NA,20,0,NA,0,NA,4.822099486,NA,1.573209411,3.132446097,Oncorhynchus tshawytscha,fall,juvenile,,"dataset has MMR too if needed. Set to DQ for now bc Zillig 2023 seems to contain most of these data. Still need to figure out which ones 2023 doesn’t have, and why",Fish966_20.20_FeatherFall_6.22.19,20,individual,1,12.3,3,206,exogenous,wet,ns,fresh,post-smolt,Zillig et al.2022_150,150,0.02293,1.232221325,Feather River
2022,Zillig et al.,Can J Fish. Aq. Sci.,28.17,NA,16,0,NA,0,NA,3.991906109,NA,1.384268838,3.338257582,Oncorhynchus tshawytscha,fall,juvenile,,"dataset has MMR too if needed. Set to DQ for now bc Zillig 2023 seems to contain most of these data. Still need to figure out which ones 2023 doesn’t have, and why",Fish967_20.16_FeatherFall_6.23.19,20,individual,1,13.1,3,207,exogenous,wet,ns,fresh,post-smolt,Zillig et al.2022_151,151,0.02817,1.253063154,Feather River
2022,Zillig et al.,Can J Fish. Aq. Sci.,23.59,NA,10,0,NA,0,NA,1.839807963,NA,0.609661198,3.160822893,Oncorhynchus tshawytscha,fall,juvenile,,"dataset has MMR too if needed. Set to DQ for now bc Zillig 2023 seems to contain most of these data. Still need to figure out which ones 2023 doesn’t have, and why",Fish969_20.10_FeatherFall_6.23.19,20,individual,1,12.6,3,207,exogenous,wet,ns,fresh,post-smolt,Zillig et al.2022_152,152,0.02359,1.179278296,Feather River
2022,Zillig et al.,Can J Fish. Aq. Sci.,29.66,NA,10,0,NA,0,NA,2.775274915,NA,1.020749811,3.389799337,Oncorhynchus tshawytscha,fall,juvenile,,"dataset has MMR too if needed. Set to DQ for now bc Zillig 2023 seems to contain most of these data. Still need to figure out which ones 2023 doesn’t have, and why",Fish970_20.10_FeatherFall_6.23.19,20,individual,1,12.5,3,207,exogenous,wet,ns,fresh,post-smolt,Zillig et al.2022_153,153,0.02966,1.518592,Feather River
2022,Zillig et al.,Can J Fish. Aq. Sci.,21.38,NA,8,0,NA,0,NA,1.228985876,NA,0.206189338,3.062455906,Oncorhynchus tshawytscha,fall,juvenile,,"dataset has MMR too if needed. Set to DQ for now bc Zillig 2023 seems to contain most of these data. Still need to figure out which ones 2023 doesn’t have, and why",Fish971_20.8_FeatherFall_6.24.19,20,individual,1,12,3,208,exogenous,wet,ns,fresh,post-smolt,Zillig et al.2022_154,154,0.02138,1.237268519,Feather River
2022,Zillig et al.,Can J Fish. Aq. Sci.,22.38,NA,8,0,NA,0,NA,1.258529411,NA,0.229943905,3.108167703,Oncorhynchus tshawytscha,fall,juvenile,,"dataset has MMR too if needed. Set to DQ for now bc Zillig 2023 seems to contain most of these data. Still need to figure out which ones 2023 doesn’t have, and why",Fish972_20.8_FeatherFall_6.24.19,20,individual,1,12.2,3,208,exogenous,wet,ns,fresh,post-smolt,Zillig et al.2022_155,155,0.02238,1.232482014,Feather River
2022,Zillig et al.,Can J Fish. Aq. Sci.,21.95,NA,12,0,NA,0,NA,2.336980915,NA,0.848859889,3.08876714,Oncorhynchus tshawytscha,fall,juvenile,,"dataset has MMR too if needed. Set to DQ for now bc Zillig 2023 seems to contain most of these data. Still need to figure out which ones 2023 doesn’t have, and why",Fish973_20.12_FeatherFall_6.24.19,20,individual,1,12.3,3,208,exogenous,wet,ns,fresh,post-smolt,Zillig et al.2022_156,156,0.02195,1.179557701,Feather River
2022,Zillig et al.,Can J Fish. Aq. Sci.,20.65,NA,12,0,NA,0,NA,2.1209031,NA,0.751841988,3.027715319,Oncorhynchus tshawytscha,fall,juvenile,,"dataset has MMR too if needed. Set to DQ for now bc Zillig 2023 seems to contain most of these data. Still need to figure out which ones 2023 doesn’t have, and why",Fish974_20.12_FeatherFall_6.24.19,20,individual,1,12,3,208,exogenous,wet,ns,fresh,post-smolt,Zillig et al.2022_157,157,0.02065,1.195023148,Feather River
2022,Zillig et al.,Can J Fish. Aq. Sci.,25.44,NA,24,0,NA,0,NA,6.813172056,NA,1.918857806,3.236322738,Oncorhynchus tshawytscha,fall,juvenile,,"dataset has MMR too if needed. Set to DQ for now bc Zillig 2023 seems to contain most of these data. Still need to figure out which ones 2023 doesn’t have, and why",Fish978_16.24_FeatherFall_7.1.19,16,individual,1,12.9,3,215,exogenous,wet,ns,fresh,post-smolt,Zillig et al.2022_158,158,0.02544,1.185080838,Feather River
2022,Zillig et al.,Can J Fish. Aq. Sci.,26.19,NA,14,0,NA,0,NA,2.93361607,NA,1.076235816,3.265377659,Oncorhynchus tshawytscha,fall,juvenile,,"dataset has MMR too if needed. Set to DQ for now bc Zillig 2023 seems to contain most of these data. Still need to figure out which ones 2023 doesn’t have, and why",Fish980_20.14_FeatherFall_7.2.19,20,individual,1,12.9,3,216,exogenous,wet,ns,fresh,post-smolt,Zillig et al.2022_159,159,0.02619,1.220018363,Feather River
2022,Zillig et al.,Can J Fish. Aq. Sci.,23.44,NA,18,0,NA,0,NA,3.962678861,NA,1.376920277,3.154443965,Oncorhynchus tshawytscha,fall,juvenile,,"dataset has MMR too if needed. Set to DQ for now bc Zillig 2023 seems to contain most of these data. Still need to figure out which ones 2023 doesn’t have, and why",Fish981_20.18_FeatherFall_7.2.19,20,individual,1,12.5,3,216,exogenous,wet,ns,fresh,post-smolt,Zillig et al.2022_160,160,0.02344,1.200128,Feather River
2022,Zillig et al.,Can J Fish. Aq. Sci.,26.84,NA,18,0,NA,0,NA,4.423753692,NA,1.486988587,3.289893312,Oncorhynchus tshawytscha,fall,juvenile,,"dataset has MMR too if needed. Set to DQ for now bc Zillig 2023 seems to contain most of these data. Still need to figure out which ones 2023 doesn’t have, and why",Fish982_20.18_FeatherFall_7.2.19,20,individual,1,13.1,3,216,exogenous,wet,ns,fresh,post-smolt,Zillig et al.2022_161,161,0.02684,1.193901848,Feather River
2022,Zillig et al.,Can J Fish. Aq. Sci.,25.92,NA,10,0,NA,0,NA,1.996072764,NA,0.691181632,3.255014871,Oncorhynchus tshawytscha,fall,juvenile,,"dataset has MMR too if needed. Set to DQ for now bc Zillig 2023 seems to contain most of these data. Still need to figure out which ones 2023 doesn’t have, and why",Fish989_20.10_FeatherFall_7.4.19,20,individual,1,12.5,3,218,exogenous,wet,ns,fresh,post-smolt,Zillig et al.2022_162,162,0.02592,1.327104,Feather River
2022,Zillig et al.,Can J Fish. Aq. Sci.,28.76,NA,10,0,NA,0,NA,2.518697037,NA,0.923741719,3.358985533,Oncorhynchus tshawytscha,fall,juvenile,,"dataset has MMR too if needed. Set to DQ for now bc Zillig 2023 seems to contain most of these data. Still need to figure out which ones 2023 doesn’t have, and why",Fish990_20.10_FeatherFall_7.4.19,20,individual,1,12.9,3,218,exogenous,wet,ns,fresh,post-smolt,Zillig et al.2022_163,163,0.02876,1.339737615,Feather River
2022,Zillig et al.,Can J Fish. Aq. Sci.,24.68,NA,22,0,NA,0,NA,5.856704799,NA,1.767587125,3.205993199,Oncorhynchus tshawytscha,fall,juvenile,,"dataset has MMR too if needed. Set to DQ for now bc Zillig 2023 seems to contain most of these data. Still need to figure out which ones 2023 doesn’t have, and why",Fish993_20.22_FeatherFall_7.6.19,20,individual,1,12.6,3,220,exogenous,wet,ns,fresh,post-smolt,Zillig et al.2022_164,164,0.02468,1.233768052,Feather River
2022,Zillig et al.,Can J Fish. Aq. Sci.,23.62,NA,22,0,NA,0,NA,6.448557066,NA,1.863856395,3.162093811,Oncorhynchus tshawytscha,fall,juvenile,,"dataset has MMR too if needed. Set to DQ for now bc Zillig 2023 seems to contain most of these data. Still need to figure out which ones 2023 doesn’t have, and why",Fish997_16.22_FeatherFall_7.7.19,16,individual,1,12.7,3,221,exogenous,wet,ns,fresh,post-smolt,Zillig et al.2022_165,165,0.02362,1.153104668,Feather River
2022,Zillig et al.,Can J Fish. Aq. Sci.,21.96,NA,22,0,NA,0,NA,5.475963719,NA,1.700368282,3.089222617,Oncorhynchus tshawytscha,fall,juvenile,,"dataset has MMR too if needed. Set to DQ for now bc Zillig 2023 seems to contain most of these data. Still need to figure out which ones 2023 doesn’t have, and why",Fish998_16.22_FeatherFall_7.7.19,16,individual,1,12.5,3,221,exogenous,wet,ns,fresh,post-smolt,Zillig et al.2022_166,166,0.02196,1.124352,Feather River
2022,Zillig et al.,Can J Fish. Aq. Sci.,21.52,NA,20,0,NA,0,NA,4.069602972,NA,1.403545445,3.068982735,Oncorhynchus tshawytscha,fall,juvenile,,"dataset has MMR too if needed. Set to DQ for now bc Zillig 2023 seems to contain most of these data. Still need to figure out which ones 2023 doesn’t have, and why",Fish999_16.20_FeatherFall_7.8.19,16,individual,1,12.4,3,222,exogenous,wet,ns,fresh,post-smolt,Zillig et al.2022_167,167,0.02152,1.128696586,Feather River
2022,Zillig et al.,Can J Fish. Aq. Sci.,23.1,NA,20,0,NA,0,NA,5.44260586,NA,1.694257965,3.139832618,Oncorhynchus tshawytscha,fall,juvenile,,"dataset has MMR too if needed. Set to DQ for now bc Zillig 2023 seems to contain most of these data. Still need to figure out which ones 2023 doesn’t have, and why",Fish1000_16.20_FeatherFall_7.8.19,16,individual,1,12.9,3,222,exogenous,wet,ns,fresh,post-smolt,Zillig et al.2022_168,168,0.0231,1.076075761,Feather River
2022,Zillig et al.,Can J Fish. Aq. Sci.,24.38,NA,20,0,NA,0,NA,5.02895255,NA,1.615211722,3.193763124,Oncorhynchus tshawytscha,fall,juvenile,,"dataset has MMR too if needed. Set to DQ for now bc Zillig 2023 seems to contain most of these data. Still need to figure out which ones 2023 doesn’t have, and why",Fish1002_16.20_FeatherFall_7.8.19,16,individual,1,12.8,3,222,exogenous,wet,ns,fresh,post-smolt,Zillig et al.2022_169,169,0.02438,1.162528992,Feather River
2022,Zillig et al.,Can J Fish. Aq. Sci.,31.76,NA,8,0,NA,0,NA,1.284063132,NA,0.250029373,3.458207636,Oncorhynchus tshawytscha,fall,juvenile,,"dataset has MMR too if needed. Set to DQ for now bc Zillig 2023 seems to contain most of these data. Still need to figure out which ones 2023 doesn’t have, and why",Fish1007_20.8_FeatherFall_7.20.19,20,individual,1,12.8,3,234,exogenous,wet,ns,fresh,post-smolt,Zillig et al.2022_170,170,0.03176,1.514434814,Feather River
2022,Zillig et al.,Can J Fish. Aq. Sci.,24.77,NA,24,0,NA,0,NA,7.149656326,NA,1.967064289,3.209633244,Oncorhynchus tshawytscha,fall,juvenile,,"dataset has MMR too if needed. Set to DQ for now bc Zillig 2023 seems to contain most of these data. Still need to figure out which ones 2023 doesn’t have, and why",Fish1009_16.24_FeatherFall_7.20.19,16,individual,1,13.1,3,234,exogenous,wet,ns,fresh,post-smolt,Zillig et al.2022_171,171,0.02477,1.101823725,Feather River
2022,Zillig et al.,Can J Fish. Aq. Sci.,21.04,NA,16,0,NA,0,NA,2.441522472,NA,0.892621809,3.046425388,Oncorhynchus tshawytscha,fall,juvenile,,"dataset has MMR too if needed. Set to DQ for now bc Zillig 2023 seems to contain most of these data. Still need to figure out which ones 2023 doesn’t have, and why",Fish1019_16.16_FeatherFall_7.23.19,16,individual,1,12.4,3,237,exogenous,wet,ns,fresh,post-smolt,Zillig et al.2022_172,172,0.02104,1.103521198,Feather River
2022,Zillig et al.,Can J Fish. Aq. Sci.,25.5,NA,16,0,NA,0,NA,4.093869361,NA,1.409490577,3.238678452,Oncorhynchus tshawytscha,fall,juvenile,,"dataset has MMR too if needed. Set to DQ for now bc Zillig 2023 seems to contain most of these data. Still need to figure out which ones 2023 doesn’t have, and why",Fish1020_16.16_FeatherFall_7.23.19,16,individual,1,12.9,3,237,exogenous,wet,ns,fresh,post-smolt,Zillig et al.2022_173,173,0.0255,1.18787584,Feather River
2022,Zillig et al.,Can J Fish. Aq. Sci.,24.49,NA,16,0,NA,0,NA,4.269501164,NA,1.451496997,3.198264871,Oncorhynchus tshawytscha,fall,juvenile,,"dataset has MMR too if needed. Set to DQ for now bc Zillig 2023 seems to contain most of these data. Still need to figure out which ones 2023 doesn’t have, and why",Fish1021_16.16_FeatherFall_7.23.19,16,individual,1,13.1,3,237,exogenous,wet,ns,fresh,post-smolt,Zillig et al.2022_174,174,0.02449,1.089368713,Feather River
2022,Zillig et al.,Can J Fish. Aq. Sci.,26.14,NA,16,0,NA,0,NA,3.643749964,NA,1.293013361,3.263466708,Oncorhynchus tshawytscha,fall,juvenile,,"dataset has MMR too if needed. Set to DQ for now bc Zillig 2023 seems to contain most of these data. Still need to figure out which ones 2023 doesn’t have, and why",Fish1022_16.16_FeatherFall_7.23.19,16,individual,1,13.2,3,237,exogenous,wet,ns,fresh,post-smolt,Zillig et al.2022_175,175,0.02614,1.136537552,Feather River
2022,Zillig et al.,Can J Fish. Aq. Sci.,24.05,NA,18,0,NA,0,NA,4.087934241,NA,1.408039767,3.180134997,Oncorhynchus tshawytscha,fall,juvenile,,"dataset has MMR too if needed. Set to DQ for now bc Zillig 2023 seems to contain most of these data. Still need to figure out which ones 2023 doesn’t have, and why",Fish1023_11.18_FeatherFall_7.23.19,11,individual,1,12.5,3,238,exogenous,wet,ns,fresh,post-smolt,Zillig et al.2022_176,176,0.02405,1.23136,Feather River
2022,Zillig et al.,Can J Fish. Aq. Sci.,25.65,NA,18,0,NA,0,NA,5.56890387,NA,1.717198243,3.244543572,Oncorhynchus tshawytscha,fall,juvenile,,"dataset has MMR too if needed. Set to DQ for now bc Zillig 2023 seems to contain most of these data. Still need to figure out which ones 2023 doesn’t have, and why",Fish1024_11.18_FeatherFall_7.23.19,11,individual,1,12.8,3,238,exogenous,wet,ns,fresh,post-smolt,Zillig et al.2022_177,177,0.02565,1.223087311,Feather River
2022,Zillig et al.,Can J Fish. Aq. Sci.,23.23,NA,20,0,NA,0,NA,5.958846516,NA,1.784876925,3.145444547,Oncorhynchus tshawytscha,fall,juvenile,,"dataset has MMR too if needed. Set to DQ for now bc Zillig 2023 seems to contain most of these data. Still need to figure out which ones 2023 doesn’t have, and why",Fish1025_11.20_FeatherFall_7.23.19,11,individual,1,12.5,3,238,exogenous,wet,ns,fresh,post-smolt,Zillig et al.2022_178,178,0.02323,1.189376,Feather River
2022,Zillig et al.,Can J Fish. Aq. Sci.,21.68,NA,18,0,NA,0,NA,3.121342532,NA,1.138263208,3.076390177,Oncorhynchus tshawytscha,fall,juvenile,,"dataset has MMR too if needed. Set to DQ for now bc Zillig 2023 seems to contain most of these data. Still need to figure out which ones 2023 doesn’t have, and why",Fish1027_16.18_FeatherFall_7.25.19,16,individual,1,12.5,3,239,exogenous,wet,ns,fresh,post-smolt,Zillig et al.2022_179,179,0.02168,1.110016,Feather River
2022,Zillig et al.,Can J Fish. Aq. Sci.,23.99,NA,18,0,NA,0,NA,4.847816106,NA,1.578528316,3.177637077,Oncorhynchus tshawytscha,fall,juvenile,,"dataset has MMR too if needed. Set to DQ for now bc Zillig 2023 seems to contain most of these data. Still need to figure out which ones 2023 doesn’t have, and why",Fish1028_16.18_FeatherFall_7.25.19,16,individual,1,12.8,3,239,exogenous,wet,ns,fresh,post-smolt,Zillig et al.2022_180,180,0.02399,1.143932343,Feather River
2022,Zillig et al.,Can J Fish. Aq. Sci.,24.18,NA,22,0,NA,0,NA,6.228142536,NA,1.82907814,3.185525845,Oncorhynchus tshawytscha,fall,juvenile,,"dataset has MMR too if needed. Set to DQ for now bc Zillig 2023 seems to contain most of these data. Still need to figure out which ones 2023 doesn’t have, and why",Fish1029_16.22_FeatherFall_7.25.19,16,individual,1,13.1,3,239,exogenous,wet,ns,fresh,post-smolt,Zillig et al.2022_181,181,0.02418,1.075579236,Feather River
2022,Zillig et al.,Can J Fish. Aq. Sci.,22.5,NA,14,0,NA,0,NA,3.150768287,NA,1.147646324,3.113515309,Oncorhynchus tshawytscha,fall,juvenile,,"dataset has MMR too if needed. Set to DQ for now bc Zillig 2023 seems to contain most of these data. Still need to figure out which ones 2023 doesn’t have, and why",Fish1040_16.14_FeatherFall_7.29.19,16,individual,1,12.6,3,243,exogenous,wet,ns,fresh,post-smolt,Zillig et al.2022_182,182,0.0225,1.12478854,Feather River
2022,Zillig et al.,Can J Fish. Aq. Sci.,22.91,NA,18,0,NA,0,NA,4.462043059,NA,1.495606746,3.131573496,Oncorhynchus tshawytscha,fall,juvenile,,"dataset has MMR too if needed. Set to DQ for now bc Zillig 2023 seems to contain most of these data. Still need to figure out which ones 2023 doesn’t have, and why",Fish1042_16.18_FeatherFall_7.29.19,16,individual,1,12.7,3,243,exogenous,wet,ns,fresh,post-smolt,Zillig et al.2022_183,183,0.02291,1.118443182,Feather River
2022,Zillig et al.,Can J Fish. Aq. Sci.,22.94,NA,8,0,NA,0,NA,1.120285896,NA,0.113583917,3.132882112,Oncorhynchus tshawytscha,fall,juvenile,,"dataset has MMR too if needed. Set to DQ for now bc Zillig 2023 seems to contain most of these data. Still need to figure out which ones 2023 doesn’t have, and why",Fish1055_11.8_FeatherFall_8.3.19,11,individual,1,12.6,3,249,exogenous,wet,ns,fresh,post-smolt,Zillig et al.2022_184,184,0.02294,1.146784405,Feather River
2022,Zillig et al.,Can J Fish. Aq. Sci.,21.09,NA,8,0,NA,0,NA,1.471116899,NA,0.386021908,3.048798994,Oncorhynchus tshawytscha,fall,juvenile,,"dataset has MMR too if needed. Set to DQ for now bc Zillig 2023 seems to contain most of these data. Still need to figure out which ones 2023 doesn’t have, and why",Fish1056_11.8_FeatherFall_8.3.19,11,individual,1,12.5,3,249,exogenous,wet,ns,fresh,post-smolt,Zillig et al.2022_185,185,0.02109,1.079808,Feather River
2022,Zillig et al.,Can J Fish. Aq. Sci.,20.98,NA,14,0,NA,0,NA,3.364585198,NA,1.213304686,3.043569603,Oncorhynchus tshawytscha,fall,juvenile,,"dataset has MMR too if needed. Set to DQ for now bc Zillig 2023 seems to contain most of these data. Still need to figure out which ones 2023 doesn’t have, and why",Fish1057_11.14_FeatherFall_8.3.19,11,individual,1,12.3,3,249,exogenous,wet,ns,fresh,post-smolt,Zillig et al.2022_186,186,0.02098,1.127431461,Feather River
2022,Zillig et al.,Can J Fish. Aq. Sci.,21.8,NA,14,0,NA,0,NA,3.0494752,NA,1.11496951,3.08190997,Oncorhynchus tshawytscha,fall,juvenile,,"dataset has MMR too if needed. Set to DQ for now bc Zillig 2023 seems to contain most of these data. Still need to figure out which ones 2023 doesn’t have, and why",Fish1058_11.14_FeatherFall_8.3.19,11,individual,1,12.6,3,249,exogenous,wet,ns,fresh,post-smolt,Zillig et al.2022_187,187,0.0218,1.089795119,Feather River
2022,Zillig et al.,Can J Fish. Aq. Sci.,27.31,NA,10,0,NA,0,NA,2.747161785,NA,1.010568301,3.307252935,Oncorhynchus tshawytscha,fall,juvenile,,"dataset has MMR too if needed. Set to DQ for now bc Zillig 2023 seems to contain most of these data. Still need to figure out which ones 2023 doesn’t have, and why",Fish1059_11.10_FeatherFall_8.5.19,11,individual,1,13.3,3,251,exogenous,wet,ns,fresh,post-smolt,Zillig et al.2022_188,188,0.02731,1.160825066,Feather River
2022,Zillig et al.,Can J Fish. Aq. Sci.,25.54,NA,10,0,NA,0,NA,2.17604131,NA,0.777507313,3.240245851,Oncorhynchus tshawytscha,fall,juvenile,,"dataset has MMR too if needed. Set to DQ for now bc Zillig 2023 seems to contain most of these data. Still need to figure out which ones 2023 doesn’t have, and why",Fish1060_11.10_FeatherFall_8.5.19,11,individual,1,13.3,3,251,exogenous,wet,ns,fresh,post-smolt,Zillig et al.2022_189,189,0.02554,1.08559034,Feather River
2022,Zillig et al.,Can J Fish. Aq. Sci.,28.54,NA,12,0,NA,0,NA,3.816645872,NA,1.339371993,3.351306612,Oncorhynchus tshawytscha,fall,juvenile,,"dataset has MMR too if needed. Set to DQ for now bc Zillig 2023 seems to contain most of these data. Still need to figure out which ones 2023 doesn’t have, and why",Fish1061_11.12_FeatherFall_8.5.19,11,individual,1,13.1,3,251,exogenous,wet,ns,fresh,post-smolt,Zillig et al.2022_190,190,0.02854,1.269521563,Feather River
2022,Zillig et al.,Can J Fish. Aq. Sci.,22.28,NA,12,0,NA,0,NA,2.164817191,NA,0.77233592,3.103689415,Oncorhynchus tshawytscha,fall,juvenile,,"dataset has MMR too if needed. Set to DQ for now bc Zillig 2023 seems to contain most of these data. Still need to figure out which ones 2023 doesn’t have, and why",Fish1062_11.12_FeatherFall_8.5.19,11,individual,1,12.4,3,251,exogenous,wet,ns,fresh,post-smolt,Zillig et al.2022_191,191,0.02228,1.168557618,Feather River
2022,Zillig et al.,Can J Fish. Aq. Sci.,40.9,NA,8,0,NA,0,NA,2.161128261,NA,0.770630428,3.711130063,Oncorhynchus tshawytscha,fall,juvenile,,"dataset has MMR too if needed. Set to DQ for now bc Zillig 2023 seems to contain most of these data. Still need to figure out which ones 2023 doesn’t have, and why",Fish1064_20.8_FeatherFall_8.7.19,20,individual,1,14.3,3,252,exogenous,wet,ns,fresh,post-smolt,Zillig et al.2022_192,192,0.0409,1.398669793,Feather River
2022,Zillig et al.,Can J Fish. Aq. Sci.,23,NA,24,0,NA,0,NA,6.744481599,NA,1.90872463,3.135494216,Oncorhynchus tshawytscha,fall,juvenile,,"dataset has MMR too if needed. Set to DQ for now bc Zillig 2023 seems to contain most of these data. Still need to figure out which ones 2023 doesn’t have, and why",Fish1067_16.24_FeatherFall_8.8.19,16,individual,1,12.7,3,253,exogenous,wet,ns,fresh,post-smolt,Zillig et al.2022_193,193,0.023,1.122836891,Feather River
2022,Zillig et al.,Can J Fish. Aq. Sci.,21.48,NA,24,0,NA,0,NA,5.281537973,NA,1.664217338,3.06712227,Oncorhynchus tshawytscha,fall,juvenile,,"dataset has MMR too if needed. Set to DQ for now bc Zillig 2023 seems to contain most of these data. Still need to figure out which ones 2023 doesn’t have, and why",Fish1068_16.24_FeatherFall_8.8.19,16,individual,1,12.2,3,253,exogenous,wet,ns,fresh,post-smolt,Zillig et al.2022_194,194,0.02148,1.182918394,Feather River
2022,Zillig et al.,Can J Fish. Aq. Sci.,24.81,NA,22,0,NA,0,NA,5.621531958,NA,1.726604217,3.211246798,Oncorhynchus tshawytscha,fall,juvenile,,"dataset has MMR too if needed. Set to DQ for now bc Zillig 2023 seems to contain most of these data. Still need to figure out which ones 2023 doesn’t have, and why",Fish1070_16.22_FeatherFall_8.8.19,16,individual,1,13,3,253,exogenous,wet,ns,fresh,post-smolt,Zillig et al.2022_195,195,0.02481,1.129267183,Feather River
2022,Zillig et al.,Can J Fish. Aq. Sci.,26.96,NA,16,0,NA,0,NA,3.896062675,NA,1.359966473,3.294354286,Oncorhynchus tshawytscha,fall,juvenile,,"dataset has MMR too if needed. Set to DQ for now bc Zillig 2023 seems to contain most of these data. Still need to figure out which ones 2023 doesn’t have, and why",Fish1072_20.16_FeatherFall_8.9.19,20,individual,1,12.8,3,254,exogenous,wet,ns,fresh,post-smolt,Zillig et al.2022_196,196,0.02696,1.285552979,Feather River
2022,Zillig et al.,Can J Fish. Aq. Sci.,23.39,NA,14,0,NA,0,NA,2.570808403,NA,0.944220403,3.152308581,Oncorhynchus tshawytscha,fall,juvenile,,"dataset has MMR too if needed. Set to DQ for now bc Zillig 2023 seems to contain most of these data. Still need to figure out which ones 2023 doesn’t have, and why",Fish1073_20.14_FeatherFall_8.9.19,20,individual,1,12.1,3,254,exogenous,wet,ns,fresh,post-smolt,Zillig et al.2022_197,197,0.02339,1.320304522,Feather River
2022,Zillig et al.,Can J Fish. Aq. Sci.,31.06,NA,22,0,NA,0,NA,5.66872653,NA,1.734964495,3.435920818,Oncorhynchus tshawytscha,fall,juvenile,,"dataset has MMR too if needed. Set to DQ for now bc Zillig 2023 seems to contain most of these data. Still need to figure out which ones 2023 doesn’t have, and why",Fish1075_20.22_FeatherFall_8.10.19,20,individual,1,12.8,3,255,exogenous,wet,ns,fresh,post-smolt,Zillig et al.2022_198,198,0.03106,1.481056213,Feather River
2022,Zillig et al.,Can J Fish. Aq. Sci.,29.94,NA,24,0,NA,0,NA,7.181039632,NA,1.971444168,3.399195379,Oncorhynchus tshawytscha,fall,juvenile,,"dataset has MMR too if needed. Set to DQ for now bc Zillig 2023 seems to contain most of these data. Still need to figure out which ones 2023 doesn’t have, and why",Fish1077_20.24_FeatherFall_8.10.19,20,individual,1,13.1,3,255,exogenous,wet,ns,fresh,post-smolt,Zillig et al.2022_199,199,0.02994,1.331796622,Feather River
2022,Zillig et al.,Can J Fish. Aq. Sci.,27.45,NA,24,0,NA,0,NA,5.802527901,NA,1.758293668,3.312366168,Oncorhynchus tshawytscha,fall,juvenile,,"dataset has MMR too if needed. Set to DQ for now bc Zillig 2023 seems to contain most of these data. Still need to figure out which ones 2023 doesn’t have, and why",Fish1078_20.24_FeatherFall_8.10.19,20,individual,1,12.7,3,255,exogenous,wet,ns,fresh,post-smolt,Zillig et al.2022_200,200,0.02745,1.34008142,Feather River
2022,Zillig et al.,Can J Fish. Aq. Sci.,22.51,NA,10,0,NA,0,NA,1.654856287,NA,0.503714169,3.113959655,Oncorhynchus tshawytscha,fall,juvenile,,"dataset has MMR too if needed. Set to DQ for now bc Zillig 2023 seems to contain most of these data. Still need to figure out which ones 2023 doesn’t have, and why",Fish1083_11.10_FeatherFall_8.12.19,11,individual,1,12.7,3,258,exogenous,wet,ns,fresh,post-smolt,Zillig et al.2022_201,201,0.02251,1.098915584,Feather River
2022,Zillig et al.,Can J Fish. Aq. Sci.,22.19,NA,10,0,NA,0,NA,2.268244447,NA,0.819006161,3.099641737,Oncorhynchus tshawytscha,fall,juvenile,,"dataset has MMR too if needed. Set to DQ for now bc Zillig 2023 seems to contain most of these data. Still need to figure out which ones 2023 doesn’t have, and why",Fish1084_11.10_FeatherFall_8.12.19,11,individual,1,12.6,3,258,exogenous,wet,ns,fresh,post-smolt,Zillig et al.2022_202,202,0.02219,1.109291453,Feather River
2022,Zillig et al.,Can J Fish. Aq. Sci.,22.66,NA,8,0,NA,0,NA,2.069434744,NA,0.7272755,3.120601256,Oncorhynchus tshawytscha,fall,juvenile,,"dataset has MMR too if needed. Set to DQ for now bc Zillig 2023 seems to contain most of these data. Still need to figure out which ones 2023 doesn’t have, and why",Fish1085_11.8_FeatherFall_8.12.19,11,individual,1,12.6,3,258,exogenous,wet,ns,fresh,post-smolt,Zillig et al.2022_203,203,0.02266,1.132787036,Feather River
2022,Zillig et al.,Can J Fish. Aq. Sci.,27.44,NA,8,0,NA,0,NA,1.957831553,NA,0.671837511,3.312001803,Oncorhynchus tshawytscha,fall,juvenile,,"dataset has MMR too if needed. Set to DQ for now bc Zillig 2023 seems to contain most of these data. Still need to figure out which ones 2023 doesn’t have, and why",Fish1086_11.8_FeatherFall_8.12.19,11,individual,1,13.2,3,258,exogenous,wet,ns,fresh,post-smolt,Zillig et al.2022_204,204,0.02744,1.193060077,Feather River
2022,Zillig et al.,Can J Fish. Aq. Sci.,25.31,NA,24,0,NA,0,NA,4.524302624,NA,1.509463449,3.231199575,Oncorhynchus tshawytscha,fall,juvenile,,"dataset has MMR too if needed. Set to DQ for now bc Zillig 2023 seems to contain most of these data. Still need to figure out which ones 2023 doesn’t have, and why",Fish1087_20.24_FeatherFall_8.14.19,20,individual,1,12.2,3,259,exogenous,wet,ns,fresh,post-smolt,Zillig et al.2022_205,205,0.02531,1.393839132,Feather River
2022,Zillig et al.,Can J Fish. Aq. Sci.,32.59,NA,22,0,NA,0,NA,5.143126468,NA,1.637661157,3.484005493,Oncorhynchus tshawytscha,fall,juvenile,,"dataset has MMR too if needed. Set to DQ for now bc Zillig 2023 seems to contain most of these data. Still need to figure out which ones 2023 doesn’t have, and why",Fish1090_20.22_FeatherFall_8.14.19,20,individual,1,13.3,3,259,exogenous,wet,ns,fresh,post-smolt,Zillig et al.2022_206,206,0.03259,1.385254079,Feather River
2022,Zillig et al.,Can J Fish. Aq. Sci.,24.47,NA,16,0,NA,0,NA,4.516464676,NA,1.507729536,3.197447877,Oncorhynchus tshawytscha,fall,juvenile,,"dataset has MMR too if needed. Set to DQ for now bc Zillig 2023 seems to contain most of these data. Still need to figure out which ones 2023 doesn’t have, and why",Fish1091_11.16_FeatherFall_8.14.19,11,individual,1,12.7,3,260,exogenous,wet,ns,fresh,post-smolt,Zillig et al.2022_207,207,0.02447,1.194600814,Feather River
2022,Zillig et al.,Can J Fish. Aq. Sci.,25.19,NA,16,0,NA,0,NA,5.253161884,NA,1.658830159,3.22644709,Oncorhynchus tshawytscha,fall,juvenile,,"dataset has MMR too if needed. Set to DQ for now bc Zillig 2023 seems to contain most of these data. Still need to figure out which ones 2023 doesn’t have, and why",Fish1092_11.16_FeatherFall_8.14.19,11,individual,1,12.7,3,260,exogenous,wet,ns,fresh,post-smolt,Zillig et al.2022_208,208,0.02519,1.229750491,Feather River
2022,Zillig et al.,Can J Fish. Aq. Sci.,24.77,NA,18,0,NA,0,NA,5.815900593,NA,1.760595648,3.209633244,Oncorhynchus tshawytscha,fall,juvenile,,"dataset has MMR too if needed. Set to DQ for now bc Zillig 2023 seems to contain most of these data. Still need to figure out which ones 2023 doesn’t have, and why",Fish1093_11.18_FeatherFall_8.14.19,11,individual,1,12.7,3,260,exogenous,wet,ns,fresh,post-smolt,Zillig et al.2022_209,209,0.02477,1.209246513,Feather River
2022,Zillig et al.,Can J Fish. Aq. Sci.,27.31,NA,18,0,NA,0,NA,6.860963309,NA,1.925847856,3.307252935,Oncorhynchus tshawytscha,fall,juvenile,,"dataset has MMR too if needed. Set to DQ for now bc Zillig 2023 seems to contain most of these data. Still need to figure out which ones 2023 doesn’t have, and why",Fish1094_11.18_FeatherFall_8.14.19,11,individual,1,13.2,3,260,exogenous,wet,ns,fresh,post-smolt,Zillig et al.2022_210,210,0.02731,1.187407825,Feather River
2022,Zillig et al.,Can J Fish. Aq. Sci.,20.72,NA,8,0,NA,0,NA,2.078626322,NA,0.731707254,3.031099417,Oncorhynchus tshawytscha,fall,juvenile,,"dataset has MMR too if needed. Set to DQ for now bc Zillig 2023 seems to contain most of these data. Still need to figure out which ones 2023 doesn’t have, and why",Fish1101_20.8_FeatherFall_8.17.19,20,individual,1,11.7,3,262,exogenous,wet,ns,fresh,post-smolt,Zillig et al.2022_211,211,0.02072,1.293695793,Feather River
2022,Zillig et al.,Can J Fish. Aq. Sci.,25.06,NA,20,0,NA,0,NA,6.669178428,NA,1.897496678,3.221272949,Oncorhynchus tshawytscha,fall,juvenile,,"dataset has MMR too if needed. Set to DQ for now bc Zillig 2023 seems to contain most of these data. Still need to figure out which ones 2023 doesn’t have, and why",Fish1111_11.20_FeatherFall_9.7.19,11,individual,1,12.9,3,284,exogenous,wet,ns,fresh,post-smolt,Zillig et al.2022_212,212,0.02506,1.167379159,Feather River
2022,Zillig et al.,Can J Fish. Aq. Sci.,24.42,NA,20,0,NA,0,NA,5.508406462,NA,1.706275373,3.195402469,Oncorhynchus tshawytscha,fall,juvenile,,"dataset has MMR too if needed. Set to DQ for now bc Zillig 2023 seems to contain most of these data. Still need to figure out which ones 2023 doesn’t have, and why",Fish1112_11.20_FeatherFall_9.7.19,11,individual,1,13,3,284,exogenous,wet,ns,fresh,post-smolt,Zillig et al.2022_213,213,0.02442,1.111515703,Feather River
2022,Zillig et al.,Can J Fish. Aq. Sci.,25.62,NA,16,0,NA,0,NA,5.18914951,NA,1.646569813,3.243373296,Oncorhynchus tshawytscha,fall,juvenile,,"dataset has MMR too if needed. Set to DQ for now bc Zillig 2023 seems to contain most of these data. Still need to figure out which ones 2023 doesn’t have, and why",Fish1113_11.16_FeatherFall_9.7.19,11,individual,1,13.2,3,284,exogenous,wet,ns,fresh,post-smolt,Zillig et al.2022_214,214,0.02562,1.113928542,Feather River
2022,Zillig et al.,Can J Fish. Aq. Sci.,22.97,NA,16,0,NA,0,NA,4.153871345,NA,1.424040754,3.134189017,Oncorhynchus tshawytscha,fall,juvenile,,"dataset has MMR too if needed. Set to DQ for now bc Zillig 2023 seems to contain most of these data. Still need to figure out which ones 2023 doesn’t have, and why",Fish1114_11.16_FeatherFall_9.7.19,11,individual,1,12.9,3,284,exogenous,wet,ns,fresh,post-smolt,Zillig et al.2022_215,215,0.02297,1.070019924,Feather River
2022,Zillig et al.,Can J Fish. Aq. Sci.,26.13,NA,12,0,NA,0,NA,2.977312699,NA,1.091021115,3.26308408,Oncorhynchus tshawytscha,fall,juvenile,,"dataset has MMR too if needed. Set to DQ for now bc Zillig 2023 seems to contain most of these data. Still need to figure out which ones 2023 doesn’t have, and why",Fish1123_11.12_FeatherFall_9.10.19,11,individual,1,13.3,3,287,exogenous,wet,ns,fresh,post-smolt,Zillig et al.2022_216,216,0.02613,1.110668582,Feather River
2022,Zillig et al.,Can J Fish. Aq. Sci.,27.92,NA,12,0,NA,0,NA,3.141211271,NA,1.144608481,3.329343278,Oncorhynchus tshawytscha,fall,juvenile,,"dataset has MMR too if needed. Set to DQ for now bc Zillig 2023 seems to contain most of these data. Still need to figure out which ones 2023 doesn’t have, and why",Fish1124_11.12_FeatherFall_9.10.19,11,individual,1,13.2,3,287,exogenous,wet,ns,fresh,post-smolt,Zillig et al.2022_217,217,0.02792,1.213929933,Feather River
2022,Zillig et al.,Can J Fish. Aq. Sci.,25.76,NA,14,0,NA,0,NA,3.967588943,NA,1.378158591,3.248822901,Oncorhynchus tshawytscha,fall,juvenile,,"dataset has MMR too if needed. Set to DQ for now bc Zillig 2023 seems to contain most of these data. Still need to figure out which ones 2023 doesn’t have, and why",Fish1125_11.14_FeatherFall_9.10.19,11,individual,1,13.3,3,287,exogenous,wet,ns,fresh,post-smolt,Zillig et al.2022_218,218,0.02576,1.094941549,Feather River
2022,Zillig et al.,Can J Fish. Aq. Sci.,28.68,NA,14,0,NA,0,NA,3.968208242,NA,1.378314668,3.356200016,Oncorhynchus tshawytscha,fall,juvenile,,"dataset has MMR too if needed. Set to DQ for now bc Zillig 2023 seems to contain most of these data. Still need to figure out which ones 2023 doesn’t have, and why",Fish1126_11.14_FeatherFall_9.10.19,11,individual,1,13.6,3,287,exogenous,wet,ns,fresh,post-smolt,Zillig et al.2022_219,219,0.02868,1.14015113,Feather River
2022,Zillig et al.,Can J Fish. Aq. Sci.,23.29,NA,23,0,NA,0,NA,7.20523684,NA,1.9748081,3.148024084,Oncorhynchus tshawytscha,fall,juvenile,,"dataset has MMR too if needed. Set to DQ for now bc Zillig 2023 seems to contain most of these data. Still need to figure out which ones 2023 doesn’t have, and why",Fish1127_11.23_FeatherFall_9.11.19,11,individual,1,12.5,3,288,exogenous,wet,ns,fresh,post-smolt,Zillig et al.2022_220,220,0.02329,1.192448,Feather River
2022,Zillig et al.,Can J Fish. Aq. Sci.,25.86,NA,23,0,NA,0,NA,8.33007749,NA,2.119872759,3.252697373,Oncorhynchus tshawytscha,fall,juvenile,,"dataset has MMR too if needed. Set to DQ for now bc Zillig 2023 seems to contain most of these data. Still need to figure out which ones 2023 doesn’t have, and why",Fish1128_11.23_FeatherFall_9.11.19,11,individual,1,13.2,3,288,exogenous,wet,ns,fresh,post-smolt,Zillig et al.2022_221,221,0.02586,1.124363469,Feather River
2022,Zillig et al.,Can J Fish. Aq. Sci.,24.53,NA,22,0,NA,0,NA,7.199120549,NA,1.973958873,3.199896858,Oncorhynchus tshawytscha,fall,juvenile,,"dataset has MMR too if needed. Set to DQ for now bc Zillig 2023 seems to contain most of these data. Still need to figure out which ones 2023 doesn’t have, and why",Fish1129_11.22_FeatherFall_9.11.19,11,individual,1,12.9,3,288,exogenous,wet,ns,fresh,post-smolt,Zillig et al.2022_222,222,0.02453,1.142689975,Feather River
2022,Zillig et al.,Can J Fish. Aq. Sci.,25.19,NA,22,0,NA,0,NA,7.256684052,NA,1.981922982,3.22644709,Oncorhynchus tshawytscha,fall,juvenile,,"dataset has MMR too if needed. Set to DQ for now bc Zillig 2023 seems to contain most of these data. Still need to figure out which ones 2023 doesn’t have, and why",Fish1130_11.22_FeatherFall_9.11.19,11,individual,1,13.3,3,288,exogenous,wet,ns,fresh,post-smolt,Zillig et al.2022_223,223,0.02519,1.070713416,Feather River
2022,Zillig et al.,Can J Fish. Aq. Sci.,24.27,NA,22,0,NA,0,NA,6.869538337,NA,1.927096904,3.18924102,Oncorhynchus tshawytscha,fall,juvenile,,"dataset has MMR too if needed. Set to DQ for now bc Zillig 2023 seems to contain most of these data. Still need to figure out which ones 2023 doesn’t have, and why",Fish1139_11.22_FeatherFall_9.15.19,11,individual,1,13.2,3,292,exogenous,wet,ns,fresh,post-smolt,Zillig et al.2022_224,224,0.02427,1.055232073,Feather River
2022,Zillig et al.,Can J Fish. Aq. Sci.,29.24,NA,22,0,NA,0,NA,8.223773181,NA,2.107029128,3.375537635,Oncorhynchus tshawytscha,fall,juvenile,,"dataset has MMR too if needed. Set to DQ for now bc Zillig 2023 seems to contain most of these data. Still need to figure out which ones 2023 doesn’t have, and why",Fish1140_11.22_FeatherFall_9.15.19,11,individual,1,13.4,3,292,exogenous,wet,ns,fresh,post-smolt,Zillig et al.2022_225,225,0.02924,1.215242566,Feather River
2022,Zillig et al.,Can J Fish. Aq. Sci.,25.04,NA,23,0,NA,0,NA,7.239179319,NA,1.979507846,3.220474546,Oncorhynchus tshawytscha,fall,juvenile,,"dataset has MMR too if needed. Set to DQ for now bc Zillig 2023 seems to contain most of these data. Still need to figure out which ones 2023 doesn’t have, and why",Fish1141_11.23_FeatherFall_9.15.19,11,individual,1,13.2,3,292,exogenous,wet,ns,fresh,post-smolt,Zillig et al.2022_226,226,0.02504,1.088710799,Feather River
2022,Zillig et al.,Can J Fish. Aq. Sci.,31.74,NA,23,0,NA,0,NA,9.506058299,NA,2.251929311,3.457577715,Oncorhynchus tshawytscha,fall,juvenile,,"dataset has MMR too if needed. Set to DQ for now bc Zillig 2023 seems to contain most of these data. Still need to figure out which ones 2023 doesn’t have, and why",Fish1142_11.23_FeatherFall_9.15.19,11,individual,1,14.1,3,292,exogenous,wet,ns,fresh,post-smolt,Zillig et al.2022_227,227,0.03174,1.132268915,Feather River
2022,Zillig et al.,Can J Fish. Aq. Sci.,28.22,NA,10,0,NA,0,NA,3.07530723,NA,1.123404808,3.340030946,Oncorhynchus tshawytscha,fall,juvenile,,"dataset has MMR too if needed. Set to DQ for now bc Zillig 2023 seems to contain most of these data. Still need to figure out which ones 2023 doesn’t have, and why",Fish1143_11.10_FeatherFall_9.16.19,11,individual,1,13.7,3,293,exogenous,wet,ns,fresh,post-smolt,Zillig et al.2022_228,228,0.02822,1.097476698,Feather River
2022,Zillig et al.,Can J Fish. Aq. Sci.,27.29,NA,10,0,NA,0,NA,2.81078012,NA,1.033462068,3.306520335,Oncorhynchus tshawytscha,fall,juvenile,,"dataset has MMR too if needed. Set to DQ for now bc Zillig 2023 seems to contain most of these data. Still need to figure out which ones 2023 doesn’t have, and why",Fish1144_11.10_FeatherFall_9.16.19,11,individual,1,13.4,3,293,exogenous,wet,ns,fresh,post-smolt,Zillig et al.2022_229,229,0.02729,1.134198688,Feather River
2022,Zillig et al.,Can J Fish. Aq. Sci.,27.23,NA,20,0,NA,0,NA,6.908820662,NA,1.932798952,3.304319307,Oncorhynchus tshawytscha,fall,juvenile,,"dataset has MMR too if needed. Set to DQ for now bc Zillig 2023 seems to contain most of these data. Still need to figure out which ones 2023 doesn’t have, and why",Fish1153_11.20_FeatherFall_9.20.19,11,individual,1,13.4,3,297,exogenous,wet,ns,fresh,post-smolt,Zillig et al.2022_230,230,0.02723,1.13170503,Feather River
2022,Zillig et al.,Can J Fish. Aq. Sci.,30.59,NA,20,0,NA,0,NA,5.97840111,NA,1.788153159,3.420673158,Oncorhynchus tshawytscha,fall,juvenile,,"dataset has MMR too if needed. Set to DQ for now bc Zillig 2023 seems to contain most of these data. Still need to figure out which ones 2023 doesn’t have, and why",Fish1154_11.20_FeatherFall_9.20.19,11,individual,1,14.1,3,297,exogenous,wet,ns,fresh,post-smolt,Zillig et al.2022_231,231,0.03059,1.091244679,Feather River
2022,Zillig et al.,Can J Fish. Aq. Sci.,33.96,NA,12,0,NA,0,NA,2.73415117,NA,1.005821029,3.525183361,Oncorhynchus tshawytscha,spring,juvenile,,"dataset has MMR too if needed. Set to DQ for now bc Zillig 2023 seems to contain most of these data. Still need to figure out which ones 2023 doesn’t have, and why",Fish855_20.12_FeatherSpring_5.15.19,20,individual,1,13.5,3,184,exogenous,wet,ns,fresh,post-smolt,Zillig et al.2022_232,232,0.03396,1.380277397,Feather River
2022,Zillig et al.,Can J Fish. Aq. Sci.,31.43,NA,10,0,NA,0,NA,2.393797011,NA,0.872880813,3.447762851,Oncorhynchus tshawytscha,spring,juvenile,,"dataset has MMR too if needed. Set to DQ for now bc Zillig 2023 seems to contain most of these data. Still need to figure out which ones 2023 doesn’t have, and why",Fish857_20.10_FeatherSpring_5.15.19,20,individual,1,13.5,3,184,exogenous,wet,ns,fresh,post-smolt,Zillig et al.2022_233,233,0.03143,1.277447544,Feather River
2022,Zillig et al.,Can J Fish. Aq. Sci.,36.27,NA,10,0,NA,0,NA,2.748471584,NA,1.01104497,3.590990953,Oncorhynchus tshawytscha,spring,juvenile,,"dataset has MMR too if needed. Set to DQ for now bc Zillig 2023 seems to contain most of these data. Still need to figure out which ones 2023 doesn’t have, and why",Fish858_20.10_FeatherSpring_5.15.19,20,individual,1,13.8,3,184,exogenous,wet,ns,fresh,post-smolt,Zillig et al.2022_234,234,0.03627,1.380099175,Feather River
2022,Zillig et al.,Can J Fish. Aq. Sci.,26.07,NA,8,0,NA,0,NA,2.165558203,NA,0.772678159,3.260785228,Oncorhynchus tshawytscha,spring,juvenile,,"dataset has MMR too if needed. Set to DQ for now bc Zillig 2023 seems to contain most of these data. Still need to figure out which ones 2023 doesn’t have, and why",Fish865_16.8_FeatherSpring_5.20.19,16,individual,1,12.8,3,189,exogenous,wet,ns,fresh,post-smolt,Zillig et al.2022_235,235,0.02607,1.243114471,Feather River
2022,Zillig et al.,Can J Fish. Aq. Sci.,29.12,NA,8,0,NA,0,NA,1.662545017,NA,0.508349571,3.371425223,Oncorhynchus tshawytscha,spring,juvenile,,"dataset has MMR too if needed. Set to DQ for now bc Zillig 2023 seems to contain most of these data. Still need to figure out which ones 2023 doesn’t have, and why",Fish866_16.8_FeatherSpring_5.20.19,16,individual,1,13.5,3,189,exogenous,wet,ns,fresh,post-smolt,Zillig et al.2022_236,236,0.02912,1.183559417,Feather River
2022,Zillig et al.,Can J Fish. Aq. Sci.,29.93,NA,12,0,NA,0,NA,3.964212805,NA,1.377307299,3.398861322,Oncorhynchus tshawytscha,spring,juvenile,,"dataset has MMR too if needed. Set to DQ for now bc Zillig 2023 seems to contain most of these data. Still need to figure out which ones 2023 doesn’t have, and why",Fish867_16.12_FeatherSpring_5.21.19,16,individual,1,13.4,3,190,exogenous,wet,ns,fresh,post-smolt,Zillig et al.2022_237,237,0.02993,1.243919631,Feather River
2022,Zillig et al.,Can J Fish. Aq. Sci.,35.04,NA,12,0,NA,0,NA,3.594850226,NA,1.279502329,3.556490266,Oncorhynchus tshawytscha,spring,juvenile,,"dataset has MMR too if needed. Set to DQ for now bc Zillig 2023 seems to contain most of these data. Still need to figure out which ones 2023 doesn’t have, and why",Fish868_16.12_FeatherSpring_5.21.19,16,individual,1,14.3,3,190,exogenous,wet,ns,fresh,post-smolt,Zillig et al.2022_238,238,0.03504,1.198273583,Feather River
2022,Zillig et al.,Can J Fish. Aq. Sci.,34.83,NA,10,0,NA,0,NA,2.579911119,NA,0.947754948,3.550479084,Oncorhynchus tshawytscha,spring,juvenile,,"dataset has MMR too if needed. Set to DQ for now bc Zillig 2023 seems to contain most of these data. Still need to figure out which ones 2023 doesn’t have, and why",Fish869_16.10_FeatherSpring_5.21.19,16,individual,1,14.1,3,190,exogenous,wet,ns,fresh,post-smolt,Zillig et al.2022_239,239,0.03483,1.242499254,Feather River
2022,Zillig et al.,Can J Fish. Aq. Sci.,31.04,NA,10,0,NA,0,NA,2.609729338,NA,0.959246514,3.435276695,Oncorhynchus tshawytscha,spring,juvenile,,"dataset has MMR too if needed. Set to DQ for now bc Zillig 2023 seems to contain most of these data. Still need to figure out which ones 2023 doesn’t have, and why",Fish870_16.10_FeatherSpring_5.21.19,16,individual,1,13.7,3,190,exogenous,wet,ns,fresh,post-smolt,Zillig et al.2022_240,240,0.03104,1.207146588,Feather River
2022,Zillig et al.,Can J Fish. Aq. Sci.,32.85,NA,24,0,NA,0,NA,9.710026738,NA,2.273159036,3.491951745,Oncorhynchus tshawytscha,spring,juvenile,,"dataset has MMR too if needed. Set to DQ for now bc Zillig 2023 seems to contain most of these data. Still need to figure out which ones 2023 doesn’t have, and why",Fish872_16.24_FeatherSpring_5.22.19,16,individual,1,13.2,3,191,exogenous,wet,ns,fresh,post-smolt,Zillig et al.2022_241,241,0.03285,1.428280741,Feather River
2022,Zillig et al.,Can J Fish. Aq. Sci.,23.68,NA,22,0,NA,0,NA,5.684531789,NA,1.737748765,3.16463081,Oncorhynchus tshawytscha,spring,juvenile,,"dataset has MMR too if needed. Set to DQ for now bc Zillig 2023 seems to contain most of these data. Still need to figure out which ones 2023 doesn’t have, and why",Fish873_16.22_FeatherSpring_5.22.19,16,individual,1,13,3,191,exogenous,wet,ns,fresh,post-smolt,Zillig et al.2022_242,242,0.02368,1.077833409,Feather River
2022,Zillig et al.,Can J Fish. Aq. Sci.,26.82,NA,22,0,NA,0,NA,6.488188322,NA,1.869983343,3.289147878,Oncorhynchus tshawytscha,spring,juvenile,,"dataset has MMR too if needed. Set to DQ for now bc Zillig 2023 seems to contain most of these data. Still need to figure out which ones 2023 doesn’t have, and why",Fish874_16.22_FeatherSpring_5.22.19,16,individual,1,13.2,3,191,exogenous,wet,ns,fresh,post-smolt,Zillig et al.2022_243,243,0.02682,1.166103181,Feather River
2022,Zillig et al.,Can J Fish. Aq. Sci.,21.76,NA,18,0,NA,0,NA,4.062754193,NA,1.401861116,3.080073422,Oncorhynchus tshawytscha,spring,juvenile,,"dataset has MMR too if needed. Set to DQ for now bc Zillig 2023 seems to contain most of these data. Still need to figure out which ones 2023 doesn’t have, and why",Fish875_16.18_FeatherSpring_5.23.19,16,individual,1,12.3,3,192,exogenous,wet,ns,fresh,post-smolt,Zillig et al.2022_244,244,0.02176,1.169347406,Feather River
2022,Zillig et al.,Can J Fish. Aq. Sci.,36.22,NA,14,0,NA,0,NA,4.363074511,NA,1.473176972,3.589611452,Oncorhynchus tshawytscha,spring,juvenile,,"dataset has MMR too if needed. Set to DQ for now bc Zillig 2023 seems to contain most of these data. Still need to figure out which ones 2023 doesn’t have, and why",Fish877_16.14_FeatherSpring_5.23.19,16,individual,1,14.2,3,192,exogenous,wet,ns,fresh,post-smolt,Zillig et al.2022_245,245,0.03622,1.264979283,Feather River
2022,Zillig et al.,Can J Fish. Aq. Sci.,24.31,NA,14,0,NA,0,NA,3.64652582,NA,1.293774884,3.190887788,Oncorhynchus tshawytscha,spring,juvenile,,"dataset has MMR too if needed. Set to DQ for now bc Zillig 2023 seems to contain most of these data. Still need to figure out which ones 2023 doesn’t have, and why",Fish878_16.14_FeatherSpring_5.23.19,16,individual,1,12.6,3,192,exogenous,wet,ns,fresh,post-smolt,Zillig et al.2022_246,246,0.02431,1.215271529,Feather River
2022,Zillig et al.,Can J Fish. Aq. Sci.,24.22,NA,10,0,NA,0,NA,1.30065732,NA,0.262869768,3.187178738,Oncorhynchus tshawytscha,spring,juvenile,,"dataset has MMR too if needed. Set to DQ for now bc Zillig 2023 seems to contain most of these data. Still need to figure out which ones 2023 doesn’t have, and why",Fish879_20.10_FeatherSpring_5.25.19,20,individual,1,12.2,3,194,exogenous,wet,ns,fresh,post-smolt,Zillig et al.2022_247,247,0.02422,1.333812081,Feather River
2022,Zillig et al.,Can J Fish. Aq. Sci.,31.62,NA,8,0,NA,0,NA,2.104000801,NA,0.743840675,3.453789832,Oncorhynchus tshawytscha,spring,juvenile,,"dataset has MMR too if needed. Set to DQ for now bc Zillig 2023 seems to contain most of these data. Still need to figure out which ones 2023 doesn’t have, and why",Fish881_20.8_FeatherSpring_5.25.19,20,individual,1,12.8,3,194,exogenous,wet,ns,fresh,post-smolt,Zillig et al.2022_248,248,0.03162,1.507759094,Feather River
2022,Zillig et al.,Can J Fish. Aq. Sci.,26.37,NA,8,0,NA,0,NA,0.839344689,NA,-0.175133824,3.272227,Oncorhynchus tshawytscha,spring,juvenile,,"dataset has MMR too if needed. Set to DQ for now bc Zillig 2023 seems to contain most of these data. Still need to figure out which ones 2023 doesn’t have, and why",Fish882_20.8_FeatherSpring_5.25.19,20,individual,1,12.6,3,194,exogenous,wet,ns,fresh,post-smolt,Zillig et al.2022_249,249,0.02637,1.318252169,Feather River
2022,Zillig et al.,Can J Fish. Aq. Sci.,20.92,NA,22,0,NA,0,NA,5.618147366,NA,1.726001959,3.040705639,Oncorhynchus tshawytscha,spring,juvenile,,"dataset has MMR too if needed. Set to DQ for now bc Zillig 2023 seems to contain most of these data. Still need to figure out which ones 2023 doesn’t have, and why",Fish884_20.22_FeatherSpring_5.26.19,20,individual,1,12.4,3,195,exogenous,wet,ns,fresh,post-smolt,Zillig et al.2022_250,250,0.02092,1.097227351,Feather River
2022,Zillig et al.,Can J Fish. Aq. Sci.,27.44,NA,18,0,NA,0,NA,3.601068155,NA,1.281230511,3.312001803,Oncorhynchus tshawytscha,spring,juvenile,,"dataset has MMR too if needed. Set to DQ for now bc Zillig 2023 seems to contain most of these data. Still need to figure out which ones 2023 doesn’t have, and why",Fish885_20.18_FeatherSpring_5.26.19,20,individual,1,12.6,3,195,exogenous,wet,ns,fresh,post-smolt,Zillig et al.2022_251,251,0.02744,1.371742112,Feather River
2022,Zillig et al.,Can J Fish. Aq. Sci.,24.19,NA,18,0,NA,0,NA,3.360848642,NA,1.212193514,3.185939325,Oncorhynchus tshawytscha,spring,juvenile,,"dataset has MMR too if needed. Set to DQ for now bc Zillig 2023 seems to contain most of these data. Still need to figure out which ones 2023 doesn’t have, and why",Fish886_20.18_FeatherSpring_5.26.19,20,individual,1,12.7,3,195,exogenous,wet,ns,fresh,post-smolt,Zillig et al.2022_252,252,0.02419,1.180931496,Feather River
2022,Zillig et al.,Can J Fish. Aq. Sci.,23.74,NA,14,0,NA,0,NA,2.784803602,NA,1.024177351,3.167161389,Oncorhynchus tshawytscha,spring,juvenile,,"dataset has MMR too if needed. Set to DQ for now bc Zillig 2023 seems to contain most of these data. Still need to figure out which ones 2023 doesn’t have, and why",Fish889_20.14_FeatherSpring_5.27.19,20,individual,1,12.5,3,196,exogenous,wet,ns,fresh,post-smolt,Zillig et al.2022_253,253,0.02374,1.215488,Feather River
2022,Zillig et al.,Can J Fish. Aq. Sci.,25.84,NA,14,0,NA,0,NA,2.575938937,NA,0.946214103,3.251923679,Oncorhynchus tshawytscha,spring,juvenile,,"dataset has MMR too if needed. Set to DQ for now bc Zillig 2023 seems to contain most of these data. Still need to figure out which ones 2023 doesn’t have, and why",Fish890_20.14_FeatherSpring_5.27.19,20,individual,1,12.4,3,196,exogenous,wet,ns,fresh,post-smolt,Zillig et al.2022_254,254,0.02584,1.355275083,Feather River
2022,Zillig et al.,Can J Fish. Aq. Sci.,25.41,NA,8,0,NA,0,NA,1.620459157,NA,0.482709539,3.235142797,Oncorhynchus tshawytscha,spring,juvenile,,"dataset has MMR too if needed. Set to DQ for now bc Zillig 2023 seems to contain most of these data. Still need to figure out which ones 2023 doesn’t have, and why",Fish893_20.8_FeatherSpring_5.28.19,20,individual,1,12.5,3,197,exogenous,wet,ns,fresh,post-smolt,Zillig et al.2022_255,255,0.02541,1.300992,Feather River
2022,Zillig et al.,Can J Fish. Aq. Sci.,24.94,NA,8,0,NA,0,NA,1.705572992,NA,0.53390112,3.21647294,Oncorhynchus tshawytscha,spring,juvenile,,"dataset has MMR too if needed. Set to DQ for now bc Zillig 2023 seems to contain most of these data. Still need to figure out which ones 2023 doesn’t have, and why",Fish894_20.8_FeatherSpring_5.28.19,20,individual,1,11.9,3,197,exogenous,wet,ns,fresh,post-smolt,Zillig et al.2022_256,256,0.02494,1.479979041,Feather River
2022,Zillig et al.,Can J Fish. Aq. Sci.,24.16,NA,14,0,NA,0,NA,3.167709113,NA,1.153008649,3.184698373,Oncorhynchus tshawytscha,spring,juvenile,,"dataset has MMR too if needed. Set to DQ for now bc Zillig 2023 seems to contain most of these data. Still need to figure out which ones 2023 doesn’t have, and why",Fish895_16.14_FeatherSpring_5.29.19,16,individual,1,12.5,3,198,exogenous,wet,ns,fresh,post-smolt,Zillig et al.2022_257,257,0.02416,1.236992,Feather River
2022,Zillig et al.,Can J Fish. Aq. Sci.,22.47,NA,14,0,NA,0,NA,2.601212092,NA,0.955977525,3.112181086,Oncorhynchus tshawytscha,spring,juvenile,,"dataset has MMR too if needed. Set to DQ for now bc Zillig 2023 seems to contain most of these data. Still need to figure out which ones 2023 doesn’t have, and why",Fish896_16.14_FeatherSpring_5.29.19,16,individual,1,12.5,3,198,exogenous,wet,ns,fresh,post-smolt,Zillig et al.2022_258,258,0.02247,1.150464,Feather River
2022,Zillig et al.,Can J Fish. Aq. Sci.,23.57,NA,18,0,NA,0,NA,4.866774303,NA,1.582431357,3.159974717,Oncorhynchus tshawytscha,spring,juvenile,,"dataset has MMR too if needed. Set to DQ for now bc Zillig 2023 seems to contain most of these data. Still need to figure out which ones 2023 doesn’t have, and why",Fish897_16.18_FeatherSpring_5.29.19,16,individual,1,12.8,3,198,exogenous,wet,ns,fresh,post-smolt,Zillig et al.2022_259,259,0.02357,1.123905182,Feather River
2022,Zillig et al.,Can J Fish. Aq. Sci.,28.19,NA,18,0,NA,0,NA,5.780653415,NA,1.754516724,3.338967305,Oncorhynchus tshawytscha,spring,juvenile,,"dataset has MMR too if needed. Set to DQ for now bc Zillig 2023 seems to contain most of these data. Still need to figure out which ones 2023 doesn’t have, and why",Fish898_16.18_FeatherSpring_5.29.19,16,individual,1,13.6,3,198,exogenous,wet,ns,fresh,post-smolt,Zillig et al.2022_260,260,0.02819,1.12067156,Feather River
2022,Zillig et al.,Can J Fish. Aq. Sci.,21.35,NA,8,0,NA,0,NA,1.425448266,NA,0.354486337,3.06105174,Oncorhynchus tshawytscha,spring,juvenile,,"dataset has MMR too if needed. Set to DQ for now bc Zillig 2023 seems to contain most of these data. Still need to figure out which ones 2023 doesn’t have, and why",Fish899_16.8_FeatherSpring_5.30.19,16,individual,1,12.5,3,199,exogenous,wet,ns,fresh,post-smolt,Zillig et al.2022_261,261,0.02135,1.09312,Feather River
2022,Zillig et al.,Can J Fish. Aq. Sci.,23.03,NA,8,0,NA,0,NA,1.216432619,NA,0.195922493,3.136797714,Oncorhynchus tshawytscha,spring,juvenile,,"dataset has MMR too if needed. Set to DQ for now bc Zillig 2023 seems to contain most of these data. Still need to figure out which ones 2023 doesn’t have, and why",Fish900_16.8_FeatherSpring_5.30.19,16,individual,1,12.6,3,199,exogenous,wet,ns,fresh,post-smolt,Zillig et al.2022_262,262,0.02303,1.151283559,Feather River
2022,Zillig et al.,Can J Fish. Aq. Sci.,20.41,NA,10,0,NA,0,NA,1.406802583,NA,0.341319457,3.016024977,Oncorhynchus tshawytscha,spring,juvenile,,"dataset has MMR too if needed. Set to DQ for now bc Zillig 2023 seems to contain most of these data. Still need to figure out which ones 2023 doesn’t have, and why",Fish903_16.10_FeatherSpring_6.2.19,16,individual,1,12.2,3,202,exogenous,wet,ns,fresh,post-smolt,Zillig et al.2022_263,263,0.02041,1.123992757,Feather River
2022,Zillig et al.,Can J Fish. Aq. Sci.,20.54,NA,10,0,NA,0,NA,1.251694135,NA,0.224497942,3.022374205,Oncorhynchus tshawytscha,spring,juvenile,,"dataset has MMR too if needed. Set to DQ for now bc Zillig 2023 seems to contain most of these data. Still need to figure out which ones 2023 doesn’t have, and why",Fish904_16.10_FeatherSpring_6.2.19,16,individual,1,12.2,3,202,exogenous,wet,ns,fresh,post-smolt,Zillig et al.2022_264,264,0.02054,1.131151947,Feather River
2022,Zillig et al.,Can J Fish. Aq. Sci.,25.11,NA,24,0,NA,0,NA,7.480976914,NA,2.012363387,3.223266173,Oncorhynchus tshawytscha,spring,juvenile,,"dataset has MMR too if needed. Set to DQ for now bc Zillig 2023 seems to contain most of these data. Still need to figure out which ones 2023 doesn’t have, and why",Fish905_16.24_FeatherSpring_6.2.19,16,individual,1,12.3,3,202,exogenous,wet,ns,fresh,post-smolt,Zillig et al.2022_265,265,0.02511,1.349371019,Feather River
2022,Zillig et al.,Can J Fish. Aq. Sci.,26.95,NA,24,0,NA,0,NA,7.653263514,NA,2.03513216,3.293983297,Oncorhynchus tshawytscha,spring,juvenile,,"dataset has MMR too if needed. Set to DQ for now bc Zillig 2023 seems to contain most of these data. Still need to figure out which ones 2023 doesn’t have, and why",Fish906_16.24_FeatherSpring_6.2.19,16,individual,1,13.2,3,202,exogenous,wet,ns,fresh,post-smolt,Zillig et al.2022_266,266,0.02695,1.171755433,Feather River
2022,Zillig et al.,Can J Fish. Aq. Sci.,23.93,NA,14,0,NA,0,NA,1.751978978,NA,0.560745994,3.175132902,Oncorhynchus tshawytscha,spring,juvenile,,"dataset has MMR too if needed. Set to DQ for now bc Zillig 2023 seems to contain most of these data. Still need to figure out which ones 2023 doesn’t have, and why",Fish907_20.14_FeatherSpring_6.3.19,20,individual,1,12.3,3,203,exogenous,wet,ns,fresh,post-smolt,Zillig et al.2022_267,267,0.02393,1.285959717,Feather River
2022,Zillig et al.,Can J Fish. Aq. Sci.,20.66,NA,14,0,NA,0,NA,1.570849383,NA,0.451616481,3.028199464,Oncorhynchus tshawytscha,spring,juvenile,,"dataset has MMR too if needed. Set to DQ for now bc Zillig 2023 seems to contain most of these data. Still need to figure out which ones 2023 doesn’t have, and why",Fish908_20.14_FeatherSpring_6.3.19,20,individual,1,12.1,3,203,exogenous,wet,ns,fresh,post-smolt,Zillig et al.2022_268,268,0.02066,1.166203139,Feather River
2022,Zillig et al.,Can J Fish. Aq. Sci.,26,NA,16,0,NA,0,NA,3.136011154,NA,1.142951659,3.258096538,Oncorhynchus tshawytscha,spring,juvenile,,"dataset has MMR too if needed. Set to DQ for now bc Zillig 2023 seems to contain most of these data. Still need to figure out which ones 2023 doesn’t have, and why",Fish909_20.16_FeatherSpring_6.3.19,20,individual,1,12.7,3,203,exogenous,wet,ns,fresh,post-smolt,Zillig et al.2022_269,269,0.026,1.269293877,Feather River
2022,Zillig et al.,Can J Fish. Aq. Sci.,19.46,NA,16,0,NA,0,NA,2.530894806,NA,0.928572918,2.968361077,Oncorhynchus tshawytscha,spring,juvenile,,"dataset has MMR too if needed. Set to DQ for now bc Zillig 2023 seems to contain most of these data. Still need to figure out which ones 2023 doesn’t have, and why",Fish910_20.16_FeatherSpring_6.3.19,20,individual,1,11.8,3,203,exogenous,wet,ns,fresh,post-smolt,Zillig et al.2022_270,270,0.01946,1.184395678,Feather River
2022,Zillig et al.,Can J Fish. Aq. Sci.,23.73,NA,20,0,NA,0,NA,3.810314589,NA,1.337711755,3.16674007,Oncorhynchus tshawytscha,spring,juvenile,,"dataset has MMR too if needed. Set to DQ for now bc Zillig 2023 seems to contain most of these data. Still need to figure out which ones 2023 doesn’t have, and why",Fish912_20.20_FeatherSpring_6.4.19,20,individual,1,12.8,3,204,exogenous,wet,ns,fresh,post-smolt,Zillig et al.2022_271,271,0.02373,1.131534576,Feather River
2022,Zillig et al.,Can J Fish. Aq. Sci.,23.22,NA,22,0,NA,0,NA,5.114493181,NA,1.63207831,3.145013976,Oncorhynchus tshawytscha,spring,juvenile,,"dataset has MMR too if needed. Set to DQ for now bc Zillig 2023 seems to contain most of these data. Still need to figure out which ones 2023 doesn’t have, and why",Fish913_20.22_FeatherSpring_6.4.19,20,individual,1,12.4,3,204,exogenous,wet,ns,fresh,post-smolt,Zillig et al.2022_272,272,0.02322,1.217859421,Feather River
2022,Zillig et al.,Can J Fish. Aq. Sci.,24.69,NA,22,0,NA,0,NA,5.099343553,NA,1.629111816,3.206398303,Oncorhynchus tshawytscha,spring,juvenile,,"dataset has MMR too if needed. Set to DQ for now bc Zillig 2023 seems to contain most of these data. Still need to figure out which ones 2023 doesn’t have, and why",Fish914_20.22_FeatherSpring_6.4.19,20,individual,1,12.2,3,204,exogenous,wet,ns,fresh,post-smolt,Zillig et al.2022_273,273,0.02469,1.359695305,Feather River
2022,Zillig et al.,Can J Fish. Aq. Sci.,22.1,NA,20,0,NA,0,NA,4.244115846,NA,1.445533517,3.095577609,Oncorhynchus tshawytscha,spring,juvenile,,"dataset has MMR too if needed. Set to DQ for now bc Zillig 2023 seems to contain most of these data. Still need to figure out which ones 2023 doesn’t have, and why",Fish927_16.20_FeatherSpring_6.9.19,16,individual,1,12.9,3,209,exogenous,wet,ns,fresh,post-smolt,Zillig et al.2022_274,274,0.0221,1.029492395,Feather River
2022,Zillig et al.,Can J Fish. Aq. Sci.,20.07,NA,20,0,NA,0,NA,4.433260887,NA,1.489135405,2.999226163,Oncorhynchus tshawytscha,spring,juvenile,,"dataset has MMR too if needed. Set to DQ for now bc Zillig 2023 seems to contain most of these data. Still need to figure out which ones 2023 doesn’t have, and why",Fish928_16.20_FeatherSpring_6.9.19,16,individual,1,12.2,3,209,exogenous,wet,ns,fresh,post-smolt,Zillig et al.2022_275,275,0.02007,1.105268723,Feather River
2022,Zillig et al.,Can J Fish. Aq. Sci.,24.24,NA,12,0,NA,0,NA,2.582623229,NA,0.948805638,3.188004161,Oncorhynchus tshawytscha,spring,juvenile,,"dataset has MMR too if needed. Set to DQ for now bc Zillig 2023 seems to contain most of these data. Still need to figure out which ones 2023 doesn’t have, and why",Fish929_16.12_FeatherSpring_6.9.19,16,individual,1,12.8,3,209,exogenous,wet,ns,fresh,post-smolt,Zillig et al.2022_276,276,0.02424,1.155853271,Feather River
2022,Zillig et al.,Can J Fish. Aq. Sci.,25.92,NA,12,0,NA,0,NA,2.597825142,NA,0.954674611,3.255014871,Oncorhynchus tshawytscha,spring,juvenile,,"dataset has MMR too if needed. Set to DQ for now bc Zillig 2023 seems to contain most of these data. Still need to figure out which ones 2023 doesn’t have, and why",Fish930_16.12_FeatherSpring_6.9.19,16,individual,1,12.9,3,209,exogenous,wet,ns,fresh,post-smolt,Zillig et al.2022_277,277,0.02592,1.207440854,Feather River
2022,Zillig et al.,Can J Fish. Aq. Sci.,26.16,NA,16,0,NA,0,NA,3.693971065,NA,1.306702049,3.264231527,Oncorhynchus tshawytscha,spring,juvenile,,"dataset has MMR too if needed. Set to DQ for now bc Zillig 2023 seems to contain most of these data. Still need to figure out which ones 2023 doesn’t have, and why",Fish939_16.16_FeatherSpring_6.13.19,16,individual,1,13.1,3,213,exogenous,wet,ns,fresh,post-smolt,Zillig et al.2022_278,278,0.02616,1.163653962,Feather River
2022,Zillig et al.,Can J Fish. Aq. Sci.,22.12,NA,16,0,NA,0,NA,3.32799311,NA,1.202369453,3.096482177,Oncorhynchus tshawytscha,spring,juvenile,,"dataset has MMR too if needed. Set to DQ for now bc Zillig 2023 seems to contain most of these data. Still need to figure out which ones 2023 doesn’t have, and why",Fish940_16.16_FeatherSpring_6.13.19,16,individual,1,12.3,3,213,exogenous,wet,ns,fresh,post-smolt,Zillig et al.2022_279,279,0.02212,1.188693227,Feather River
2022,Zillig et al.,Can J Fish. Aq. Sci.,20.78,NA,20,0,NA,0,NA,4.673922395,NA,1.541998632,3.033990986,Oncorhynchus tshawytscha,spring,juvenile,,"dataset has MMR too if needed. Set to DQ for now bc Zillig 2023 seems to contain most of these data. Still need to figure out which ones 2023 doesn’t have, and why",Fish941_16.20_FeatherSpring_6.13.19,16,individual,1,12.1,3,213,exogenous,wet,ns,fresh,post-smolt,Zillig et al.2022_280,280,0.02078,1.172976827,Feather River
2022,Zillig et al.,Can J Fish. Aq. Sci.,17.89,NA,20,0,NA,0,NA,3.865626142,NA,1.352123672,2.884241898,Oncorhynchus tshawytscha,spring,juvenile,,"dataset has MMR too if needed. Set to DQ for now bc Zillig 2023 seems to contain most of these data. Still need to figure out which ones 2023 doesn’t have, and why",Fish942_16.20_FeatherSpring_6.13.19,16,individual,1,11.6,3,213,exogenous,wet,ns,fresh,post-smolt,Zillig et al.2022_281,281,0.01789,1.146136578,Feather River
2022,Zillig et al.,Can J Fish. Aq. Sci.,25.97,NA,24,0,NA,0,NA,6.944539445,NA,1.937955659,3.256942026,Oncorhynchus tshawytscha,spring,juvenile,,"dataset has MMR too if needed. Set to DQ for now bc Zillig 2023 seems to contain most of these data. Still need to figure out which ones 2023 doesn’t have, and why",Fish960_16.24_FeatherSpring_6.19.19,16,individual,1,13,3,219,exogenous,wet,ns,fresh,post-smolt,Zillig et al.2022_282,282,0.02597,1.182066454,Feather River
2022,Zillig et al.,Can J Fish. Aq. Sci.,22.09,NA,22,0,NA,0,NA,6.366770851,NA,1.85109241,3.095125017,Oncorhynchus tshawytscha,spring,juvenile,,"dataset has MMR too if needed. Set to DQ for now bc Zillig 2023 seems to contain most of these data. Still need to figure out which ones 2023 doesn’t have, and why",Fish961_16.22_FeatherSpring_6.19.19,16,individual,1,12.5,3,219,exogenous,wet,ns,fresh,post-smolt,Zillig et al.2022_283,283,0.02209,1.131008,Feather River
2022,Zillig et al.,Can J Fish. Aq. Sci.,25.21,NA,22,0,NA,0,NA,5.437785484,NA,1.693371898,3.227240741,Oncorhynchus tshawytscha,spring,juvenile,,"dataset has MMR too if needed. Set to DQ for now bc Zillig 2023 seems to contain most of these data. Still need to figure out which ones 2023 doesn’t have, and why",Fish962_16.22_FeatherSpring_6.19.19,16,individual,1,13,3,219,exogenous,wet,ns,fresh,post-smolt,Zillig et al.2022_284,284,0.02521,1.147473828,Feather River
2022,Zillig et al.,Can J Fish. Aq. Sci.,20.59,NA,16,0,NA,0,NA,2.412772848,NA,0.880776646,3.024805521,Oncorhynchus tshawytscha,spring,juvenile,,"dataset has MMR too if needed. Set to DQ for now bc Zillig 2023 seems to contain most of these data. Still need to figure out which ones 2023 doesn’t have, and why",Fish983_20.16_FeatherSpring_7.3.19,20,individual,1,11.9,3,233,exogenous,wet,ns,fresh,post-smolt,Zillig et al.2022_285,285,0.02059,1.221843161,Feather River
2022,Zillig et al.,Can J Fish. Aq. Sci.,24.12,NA,16,0,NA,0,NA,2.807237657,NA,1.03220096,3.183041372,Oncorhynchus tshawytscha,spring,juvenile,,"dataset has MMR too if needed. Set to DQ for now bc Zillig 2023 seems to contain most of these data. Still need to figure out which ones 2023 doesn’t have, and why",Fish984_20.16_FeatherSpring_7.3.19,20,individual,1,12.8,3,233,exogenous,wet,ns,fresh,post-smolt,Zillig et al.2022_286,286,0.02412,1.150131226,Feather River
2022,Zillig et al.,Can J Fish. Aq. Sci.,27.71,NA,18,0,NA,0,NA,4.390472921,NA,1.479436948,3.321793359,Oncorhynchus tshawytscha,spring,juvenile,,"dataset has MMR too if needed. Set to DQ for now bc Zillig 2023 seems to contain most of these data. Still need to figure out which ones 2023 doesn’t have, and why",Fish985_20.18_FeatherSpring_7.3.19,20,individual,1,12.9,3,233,exogenous,wet,ns,fresh,post-smolt,Zillig et al.2022_287,287,0.02771,1.29082508,Feather River
2022,Zillig et al.,Can J Fish. Aq. Sci.,30.24,NA,18,0,NA,0,NA,4.275447914,NA,1.452888872,3.409165551,Oncorhynchus tshawytscha,spring,juvenile,,"dataset has MMR too if needed. Set to DQ for now bc Zillig 2023 seems to contain most of these data. Still need to figure out which ones 2023 doesn’t have, and why",Fish986_20.18_FeatherSpring_7.3.19,20,individual,1,13.2,3,233,exogenous,wet,ns,fresh,post-smolt,Zillig et al.2022_288,288,0.03024,1.314800902,Feather River
2022,Zillig et al.,Can J Fish. Aq. Sci.,19.26,NA,16,0,NA,0,NA,2.665051388,NA,0.98022334,2.958030406,Oncorhynchus tshawytscha,spring,juvenile,,"dataset has MMR too if needed. Set to DQ for now bc Zillig 2023 seems to contain most of these data. Still need to figure out which ones 2023 doesn’t have, and why",Fish995_16.16_FeatherSpring_7.7.19,16,individual,1,12.6,3,237,exogenous,wet,ns,fresh,post-smolt,Zillig et al.2022_289,289,0.01926,0.96281899,Feather River
2022,Zillig et al.,Can J Fish. Aq. Sci.,29.65,NA,16,0,NA,0,NA,4.81439849,NA,1.571611113,3.389462125,Oncorhynchus tshawytscha,spring,juvenile,,"dataset has MMR too if needed. Set to DQ for now bc Zillig 2023 seems to contain most of these data. Still need to figure out which ones 2023 doesn’t have, and why",Fish996_16.16_FeatherSpring_7.7.19,16,individual,1,13.5,3,237,exogenous,wet,ns,fresh,post-smolt,Zillig et al.2022_290,290,0.02965,1.205100848,Feather River
2022,Zillig et al.,Can J Fish. Aq. Sci.,25.76,NA,24,0,NA,0,NA,8.32439722,NA,2.119190627,3.248822901,Oncorhynchus tshawytscha,spring,juvenile,,"dataset has MMR too if needed. Set to DQ for now bc Zillig 2023 seems to contain most of these data. Still need to figure out which ones 2023 doesn’t have, and why",Fish1003_11.24_FeatherSpring_7.9.19,11,individual,1,13.1,3,240,exogenous,wet,ns,fresh,post-smolt,Zillig et al.2022_291,291,0.02576,1.145861088,Feather River
2022,Zillig et al.,Can J Fish. Aq. Sci.,22.94,NA,22,0,NA,0,NA,6.537661009,NA,1.877579458,3.132882112,Oncorhynchus tshawytscha,spring,juvenile,,"dataset has MMR too if needed. Set to DQ for now bc Zillig 2023 seems to contain most of these data. Still need to figure out which ones 2023 doesn’t have, and why",Fish1005_11.22_FeatherSpring_7.9.19,11,individual,1,12.5,3,240,exogenous,wet,ns,fresh,post-smolt,Zillig et al.2022_292,292,0.02294,1.174528,Feather River
2022,Zillig et al.,Can J Fish. Aq. Sci.,22.22,NA,22,0,NA,0,NA,6.524812811,NA,1.875612265,3.100992784,Oncorhynchus tshawytscha,spring,juvenile,,"dataset has MMR too if needed. Set to DQ for now bc Zillig 2023 seems to contain most of these data. Still need to figure out which ones 2023 doesn’t have, and why",Fish1006_11.22_FeatherSpring_7.9.19,11,individual,1,12.5,3,240,exogenous,wet,ns,fresh,post-smolt,Zillig et al.2022_293,293,0.02222,1.137664,Feather River
2022,Zillig et al.,Can J Fish. Aq. Sci.,27.06,NA,14,0,NA,0,NA,3.589397088,NA,1.277984246,3.298056623,Oncorhynchus tshawytscha,spring,juvenile,,"dataset has MMR too if needed. Set to DQ for now bc Zillig 2023 seems to contain most of these data. Still need to figure out which ones 2023 doesn’t have, and why",Fish1011_11.14_FeatherSpring_7.20.19,11,individual,1,13.4,3,251,exogenous,wet,ns,fresh,post-smolt,Zillig et al.2022_294,294,0.02706,1.124639666,Feather River
2022,Zillig et al.,Can J Fish. Aq. Sci.,32.93,NA,14,0,NA,0,NA,5.543895514,NA,1.712697415,3.494384096,Oncorhynchus tshawytscha,spring,juvenile,,"dataset has MMR too if needed. Set to DQ for now bc Zillig 2023 seems to contain most of these data. Still need to figure out which ones 2023 doesn’t have, and why",Fish1012_11.14_FeatherSpring_7.20.19,11,individual,1,13.9,3,251,exogenous,wet,ns,fresh,post-smolt,Zillig et al.2022_295,295,0.03293,1.226160524,Feather River
2022,Zillig et al.,Can J Fish. Aq. Sci.,23.74,NA,12,0,NA,0,NA,3.11459351,NA,1.136098649,3.167161389,Oncorhynchus tshawytscha,spring,juvenile,,"dataset has MMR too if needed. Set to DQ for now bc Zillig 2023 seems to contain most of these data. Still need to figure out which ones 2023 doesn’t have, and why",Fish1013_11.12_FeatherSpring_7.20.19,11,individual,1,12.5,3,251,exogenous,wet,ns,fresh,post-smolt,Zillig et al.2022_296,296,0.02374,1.215488,Feather River
2022,Zillig et al.,Can J Fish. Aq. Sci.,21.54,NA,12,0,NA,0,NA,3.116939307,NA,1.136851529,3.069911672,Oncorhynchus tshawytscha,spring,juvenile,,"dataset has MMR too if needed. Set to DQ for now bc Zillig 2023 seems to contain most of these data. Still need to figure out which ones 2023 doesn’t have, and why",Fish1014_11.12_FeatherSpring_7.20.19,11,individual,1,12.5,3,251,exogenous,wet,ns,fresh,post-smolt,Zillig et al.2022_297,297,0.02154,1.102848,Feather River
2022,Zillig et al.,Can J Fish. Aq. Sci.,24.18,NA,14,0,NA,0,NA,2.96401233,NA,1.086543867,3.185525845,Oncorhynchus tshawytscha,spring,juvenile,,"dataset has MMR too if needed. Set to DQ for now bc Zillig 2023 seems to contain most of these data. Still need to figure out which ones 2023 doesn’t have, and why",Fish1015_11.14_FeatherSpring_7.21.19,11,individual,1,12.6,3,252,exogenous,wet,ns,fresh,post-smolt,Zillig et al.2022_298,298,0.02418,1.208772751,Feather River
2022,Zillig et al.,Can J Fish. Aq. Sci.,24,NA,14,0,NA,0,NA,3.015252101,NA,1.103683442,3.17805383,Oncorhynchus tshawytscha,spring,juvenile,,"dataset has MMR too if needed. Set to DQ for now bc Zillig 2023 seems to contain most of these data. Still need to figure out which ones 2023 doesn’t have, and why",Fish1016_11.14_FeatherSpring_7.21.19,11,individual,1,12.4,3,252,exogenous,wet,ns,fresh,post-smolt,Zillig et al.2022_299,299,0.024,1.258769427,Feather River
2022,Zillig et al.,Can J Fish. Aq. Sci.,21.96,NA,8,0,NA,0,NA,2.185702193,NA,0.781937147,3.089222617,Oncorhynchus tshawytscha,spring,juvenile,,"dataset has MMR too if needed. Set to DQ for now bc Zillig 2023 seems to contain most of these data. Still need to figure out which ones 2023 doesn’t have, and why",Fish1017_11.8_FeatherSpring_7.21.19,11,individual,1,12.5,3,252,exogenous,wet,ns,fresh,post-smolt,Zillig et al.2022_300,300,0.02196,1.124352,Feather River
2022,Zillig et al.,Can J Fish. Aq. Sci.,24.94,NA,8,0,NA,0,NA,2.055930388,NA,0.720728489,3.21647294,Oncorhynchus tshawytscha,spring,juvenile,,"dataset has MMR too if needed. Set to DQ for now bc Zillig 2023 seems to contain most of these data. Still need to figure out which ones 2023 doesn’t have, and why",Fish1018_11.8_FeatherSpring_7.21.19,11,individual,1,12.8,3,252,exogenous,wet,ns,fresh,post-smolt,Zillig et al.2022_301,301,0.02494,1.189231873,Feather River
2022,Zillig et al.,Can J Fish. Aq. Sci.,25.19,NA,24,0,NA,0,NA,7.938781784,NA,2.071759836,3.22644709,Oncorhynchus tshawytscha,spring,juvenile,,"dataset has MMR too if needed. Set to DQ for now bc Zillig 2023 seems to contain most of these data. Still need to figure out which ones 2023 doesn’t have, and why",Fish1035_11.24_FeatherSpring_7.27.19,11,individual,1,12.4,3,258,exogenous,wet,ns,fresh,post-smolt,Zillig et al.2022_302,302,0.02519,1.321183411,Feather River
2022,Zillig et al.,Can J Fish. Aq. Sci.,20.23,NA,14,0,NA,0,NA,2.32013019,NA,0.841623301,3.007166651,Oncorhynchus tshawytscha,spring,juvenile,,"dataset has MMR too if needed. Set to DQ for now bc Zillig 2023 seems to contain most of these data. Still need to figure out which ones 2023 doesn’t have, and why",Fish1039_16.14_FeatherSpring_7.29.19,16,individual,1,12.5,3,259,exogenous,wet,ns,fresh,post-smolt,Zillig et al.2022_303,303,0.02023,1.035776,Feather River
2022,Zillig et al.,Can J Fish. Aq. Sci.,21.49,NA,18,0,NA,0,NA,4.303088224,NA,1.459332957,3.067587711,Oncorhynchus tshawytscha,spring,juvenile,,"dataset has MMR too if needed. Set to DQ for now bc Zillig 2023 seems to contain most of these data. Still need to figure out which ones 2023 doesn’t have, and why",Fish1041_16.18_FeatherSpring_7.29.19,16,individual,1,12.6,3,259,exogenous,wet,ns,fresh,post-smolt,Zillig et al.2022_304,304,0.02149,1.074298032,Feather River
2022,Zillig et al.,Can J Fish. Aq. Sci.,26.6,NA,12,0,NA,0,NA,1.814155176,NA,0.595619892,3.280911216,Oncorhynchus tshawytscha,spring,juvenile,,"dataset has MMR too if needed. Set to DQ for now bc Zillig 2023 seems to contain most of these data. Still need to figure out which ones 2023 doesn’t have, and why",Fish1047_20.12_FeatherSpring_7.31.19,20,individual,1,12.4,3,261,exogenous,wet,ns,fresh,post-smolt,Zillig et al.2022_305,305,0.0266,1.395136115,Feather River
2022,Zillig et al.,Can J Fish. Aq. Sci.,23.3,NA,12,0,NA,0,NA,1.626933705,NA,0.486697081,3.148453361,Oncorhynchus tshawytscha,spring,juvenile,,"dataset has MMR too if needed. Set to DQ for now bc Zillig 2023 seems to contain most of these data. Still need to figure out which ones 2023 doesn’t have, and why",Fish1048_20.12_FeatherSpring_7.31.19,20,individual,1,12.3,3,261,exogenous,wet,ns,fresh,post-smolt,Zillig et al.2022_306,306,0.0233,1.25210453,Feather River
2022,Zillig et al.,Can J Fish. Aq. Sci.,22.78,NA,20,0,NA,0,NA,4.647848252,NA,1.536404371,3.125882958,Oncorhynchus tshawytscha,spring,juvenile,,"dataset has MMR too if needed. Set to DQ for now bc Zillig 2023 seems to contain most of these data. Still need to figure out which ones 2023 doesn’t have, and why",Fish1049_20.20_FeatherSpring_7.31.19,20,individual,1,12.1,3,261,exogenous,wet,ns,fresh,post-smolt,Zillig et al.2022_307,307,0.02278,1.285871613,Feather River
2022,Zillig et al.,Can J Fish. Aq. Sci.,19.95,NA,20,0,NA,0,NA,2.928363675,NA,1.074443794,2.993229143,Oncorhynchus tshawytscha,spring,juvenile,,"dataset has MMR too if needed. Set to DQ for now bc Zillig 2023 seems to contain most of these data. Still need to figure out which ones 2023 doesn’t have, and why",Fish1050_20.20_FeatherSpring_7.31.19,20,individual,1,11.7,3,261,exogenous,wet,ns,fresh,post-smolt,Zillig et al.2022_308,308,0.01995,1.24561926,Feather River
2022,Zillig et al.,Can J Fish. Aq. Sci.,20.64,NA,18,0,NA,0,NA,4.151773788,NA,1.423535662,3.027230941,Oncorhynchus tshawytscha,spring,juvenile,,"dataset has MMR too if needed. Set to DQ for now bc Zillig 2023 seems to contain most of these data. Still need to figure out which ones 2023 doesn’t have, and why",Fish1051_11.18_FeatherSpring_7.31.19,11,individual,1,12.1,3,262,exogenous,wet,ns,fresh,post-smolt,Zillig et al.2022_309,309,0.02064,1.165074192,Feather River
2022,Zillig et al.,Can J Fish. Aq. Sci.,19.46,NA,18,0,NA,0,NA,4.151367015,NA,1.423437681,2.968361077,Oncorhynchus tshawytscha,spring,juvenile,,"dataset has MMR too if needed. Set to DQ for now bc Zillig 2023 seems to contain most of these data. Still need to figure out which ones 2023 doesn’t have, and why",Fish1052_11.18_FeatherSpring_7.31.19,11,individual,1,12,3,262,exogenous,wet,ns,fresh,post-smolt,Zillig et al.2022_310,310,0.01946,1.126157407,Feather River
2022,Zillig et al.,Can J Fish. Aq. Sci.,25.02,NA,16,0,NA,0,NA,4.871918487,NA,1.583487799,3.219675505,Oncorhynchus tshawytscha,spring,juvenile,,"dataset has MMR too if needed. Set to DQ for now bc Zillig 2023 seems to contain most of these data. Still need to figure out which ones 2023 doesn’t have, and why",Fish1053_11.16_FeatherSpring_7.31.19,11,individual,1,13.1,3,262,exogenous,wet,ns,fresh,post-smolt,Zillig et al.2022_311,311,0.02502,1.112944271,Feather River
2022,Zillig et al.,Can J Fish. Aq. Sci.,26.97,NA,16,0,NA,0,NA,5.157772586,NA,1.640504817,3.294725137,Oncorhynchus tshawytscha,spring,juvenile,,"dataset has MMR too if needed. Set to DQ for now bc Zillig 2023 seems to contain most of these data. Still need to figure out which ones 2023 doesn’t have, and why",Fish1054_11.16_FeatherSpring_7.31.19,11,individual,1,13.2,3,262,exogenous,wet,ns,fresh,post-smolt,Zillig et al.2022_312,312,0.02697,1.17262501,Feather River
2022,Zillig et al.,Can J Fish. Aq. Sci.,28.48,NA,18,0,NA,0,NA,5.644026244,NA,1.730597684,3.349202087,Oncorhynchus tshawytscha,spring,juvenile,,"dataset has MMR too if needed. Set to DQ for now bc Zillig 2023 seems to contain most of these data. Still need to figure out which ones 2023 doesn’t have, and why",Fish1079_11.18_FeatherSpring_8.11.19,11,individual,1,13.4,3,273,exogenous,wet,ns,fresh,post-smolt,Zillig et al.2022_313,313,0.02848,1.183656234,Feather River
2022,Zillig et al.,Can J Fish. Aq. Sci.,23.52,NA,18,0,NA,0,NA,4.238704023,NA,1.444257568,3.157851123,Oncorhynchus tshawytscha,spring,juvenile,,"dataset has MMR too if needed. Set to DQ for now bc Zillig 2023 seems to contain most of these data. Still need to figure out which ones 2023 doesn’t have, and why",Fish1080_11.18_FeatherSpring_8.11.19,11,individual,1,12.8,3,273,exogenous,wet,ns,fresh,post-smolt,Zillig et al.2022_314,314,0.02352,1.121520996,Feather River
2022,Zillig et al.,Can J Fish. Aq. Sci.,23.44,NA,16,0,NA,0,NA,4.209685296,NA,1.437387893,3.154443965,Oncorhynchus tshawytscha,spring,juvenile,,"dataset has MMR too if needed. Set to DQ for now bc Zillig 2023 seems to contain most of these data. Still need to figure out which ones 2023 doesn’t have, and why",Fish1081_11.16_FeatherSpring_8.11.19,11,individual,1,12.8,3,273,exogenous,wet,ns,fresh,post-smolt,Zillig et al.2022_315,315,0.02344,1.117706299,Feather River
2022,Zillig et al.,Can J Fish. Aq. Sci.,24.16,NA,22,0,NA,0,NA,4.455804725,NA,1.494207679,3.184698373,Oncorhynchus tshawytscha,spring,juvenile,,"dataset has MMR too if needed. Set to DQ for now bc Zillig 2023 seems to contain most of these data. Still need to figure out which ones 2023 doesn’t have, and why",Fish1089_20.22_FeatherSpring_8.14.19,20,individual,1,12.3,3,275,exogenous,wet,ns,fresh,post-smolt,Zillig et al.2022_316,316,0.02416,1.298319547,Feather River
2022,Zillig et al.,Can J Fish. Aq. Sci.,23.4,NA,10,0,NA,0,NA,2.395503705,NA,0.873593524,3.152736022,Oncorhynchus tshawytscha,spring,juvenile,,"dataset has MMR too if needed. Set to DQ for now bc Zillig 2023 seems to contain most of these data. Still need to figure out which ones 2023 doesn’t have, and why",Fish1095_11.10_FeatherSpring_8.15.19,11,individual,1,12.3,3,277,exogenous,wet,ns,fresh,post-smolt,Zillig et al.2022_317,317,0.0234,1.257478369,Feather River
2022,Zillig et al.,Can J Fish. Aq. Sci.,22.25,NA,10,0,NA,0,NA,2.15804334,NA,0.76920195,3.102342009,Oncorhynchus tshawytscha,spring,juvenile,,"dataset has MMR too if needed. Set to DQ for now bc Zillig 2023 seems to contain most of these data. Still need to figure out which ones 2023 doesn’t have, and why",Fish1096_11.10_FeatherSpring_8.15.19,11,individual,1,12.9,3,277,exogenous,wet,ns,fresh,post-smolt,Zillig et al.2022_318,318,0.02225,1.0364799,Feather River
2022,Zillig et al.,Can J Fish. Aq. Sci.,25.24,NA,12,0,NA,0,NA,3.920709875,NA,1.366272728,3.228430038,Oncorhynchus tshawytscha,spring,juvenile,,"dataset has MMR too if needed. Set to DQ for now bc Zillig 2023 seems to contain most of these data. Still need to figure out which ones 2023 doesn’t have, and why",Fish1097_11.12_FeatherSpring_8.15.19,11,individual,1,13.1,3,277,exogenous,wet,ns,fresh,post-smolt,Zillig et al.2022_319,319,0.02524,1.122730352,Feather River
2022,Zillig et al.,Can J Fish. Aq. Sci.,24.07,NA,12,0,NA,0,NA,3.179959198,NA,1.156868366,3.180966252,Oncorhynchus tshawytscha,spring,juvenile,,"dataset has MMR too if needed. Set to DQ for now bc Zillig 2023 seems to contain most of these data. Still need to figure out which ones 2023 doesn’t have, and why",Fish1098_11.12_FeatherSpring_8.15.19,11,individual,1,12.7,3,277,exogenous,wet,ns,fresh,post-smolt,Zillig et al.2022_320,320,0.02407,1.175073216,Feather River
2022,Zillig et al.,Can J Fish. Aq. Sci.,25.45,NA,24,0,NA,0,NA,5.422446672,NA,1.690547129,3.236715743,Oncorhynchus tshawytscha,spring,juvenile,,"dataset has MMR too if needed. Set to DQ for now bc Zillig 2023 seems to contain most of these data. Still need to figure out which ones 2023 doesn’t have, and why",Fish1105_20.24_FeatherSpring_9.6.19,20,individual,1,12.9,3,298,exogenous,wet,ns,fresh,post-smolt,Zillig et al.2022_321,321,0.02545,1.185546672,Feather River
2022,Zillig et al.,Can J Fish. Aq. Sci.,24.49,NA,24,0,NA,0,NA,4.361615252,NA,1.472842459,3.198264871,Oncorhynchus tshawytscha,spring,juvenile,,"dataset has MMR too if needed. Set to DQ for now bc Zillig 2023 seems to contain most of these data. Still need to figure out which ones 2023 doesn’t have, and why",Fish1106_20.24_FeatherSpring_9.6.19,20,individual,1,12.2,3,298,exogenous,wet,ns,fresh,post-smolt,Zillig et al.2022_322,322,0.02449,1.348681167,Feather River
2022,Zillig et al.,Can J Fish. Aq. Sci.,16.61,NA,10,0,NA,0,NA,0.977724372,NA,-0.022527477,2.810004924,Oncorhynchus tshawytscha,spring,juvenile,,"dataset has MMR too if needed. Set to DQ for now bc Zillig 2023 seems to contain most of these data. Still need to figure out which ones 2023 doesn’t have, and why",Fish1107_20.10_FeatherSpring_9.7.19,20,individual,1,10.9,3,299,exogenous,wet,ns,fresh,post-smolt,Zillig et al.2022_323,323,0.01661,1.28259676,Feather River
2022,Zillig et al.,Can J Fish. Aq. Sci.,21.63,NA,10,0,NA,0,NA,1.477181051,NA,0.390135577,3.07408124,Oncorhynchus tshawytscha,spring,juvenile,,"dataset has MMR too if needed. Set to DQ for now bc Zillig 2023 seems to contain most of these data. Still need to figure out which ones 2023 doesn’t have, and why",Fish1108_20.10_FeatherSpring_9.7.19,20,individual,1,11.8,3,299,exogenous,wet,ns,fresh,post-smolt,Zillig et al.2022_324,324,0.02163,1.316468578,Feather River
2022,Zillig et al.,Can J Fish. Aq. Sci.,23.65,NA,12,0,NA,0,NA,2.325372958,NA,0.843880438,3.163363115,Oncorhynchus tshawytscha,spring,juvenile,,"dataset has MMR too if needed. Set to DQ for now bc Zillig 2023 seems to contain most of these data. Still need to figure out which ones 2023 doesn’t have, and why",Fish1109_20.12_FeatherSpring_9.7.19,20,individual,1,12.6,3,299,exogenous,wet,ns,fresh,post-smolt,Zillig et al.2022_325,325,0.02365,1.182277732,Feather River
2022,Zillig et al.,Can J Fish. Aq. Sci.,20.85,NA,12,0,NA,0,NA,1.758008704,NA,0.56418175,3.037353948,Oncorhynchus tshawytscha,spring,juvenile,,"dataset has MMR too if needed. Set to DQ for now bc Zillig 2023 seems to contain most of these data. Still need to figure out which ones 2023 doesn’t have, and why",Fish1110_20.12_FeatherSpring_9.7.19,20,individual,1,12,3,299,exogenous,wet,ns,fresh,post-smolt,Zillig et al.2022_326,326,0.02085,1.206597222,Feather River
2022,Zillig et al.,Can J Fish. Aq. Sci.,26.89,NA,8,0,NA,0,NA,1.745074421,NA,0.556797203,3.29175447,Oncorhynchus tshawytscha,spring,juvenile,,"dataset has MMR too if needed. Set to DQ for now bc Zillig 2023 seems to contain most of these data. Still need to figure out which ones 2023 doesn’t have, and why",Fish1115_11.8_FeatherSpring_9.8.19,11,individual,1,13.5,3,301,exogenous,wet,ns,fresh,post-smolt,Zillig et al.2022_327,327,0.02689,1.092922827,Feather River
2022,Zillig et al.,Can J Fish. Aq. Sci.,21.23,NA,8,0,NA,0,NA,1.818898045,NA,0.598230848,3.055415276,Oncorhynchus tshawytscha,spring,juvenile,,"dataset has MMR too if needed. Set to DQ for now bc Zillig 2023 seems to contain most of these data. Still need to figure out which ones 2023 doesn’t have, and why",Fish1116_11.8_FeatherSpring_9.8.19,11,individual,1,12.7,3,301,exogenous,wet,ns,fresh,post-smolt,Zillig et al.2022_328,328,0.02123,1.03642727,Feather River
2022,Zillig et al.,Can J Fish. Aq. Sci.,24.11,NA,16,0,NA,0,NA,5.273576286,NA,1.662708744,3.182626692,Oncorhynchus tshawytscha,spring,juvenile,,"dataset has MMR too if needed. Set to DQ for now bc Zillig 2023 seems to contain most of these data. Still need to figure out which ones 2023 doesn’t have, and why",Fish1117_11.16_FeatherSpring_9.8.19,11,individual,1,12.9,3,301,exogenous,wet,ns,fresh,post-smolt,Zillig et al.2022_329,329,0.02411,1.123124961,Feather River
2022,Zillig et al.,Can J Fish. Aq. Sci.,27.02,NA,16,0,NA,0,NA,4.75989313,NA,1.560225216,3.296577333,Oncorhynchus tshawytscha,spring,juvenile,,"dataset has MMR too if needed. Set to DQ for now bc Zillig 2023 seems to contain most of these data. Still need to figure out which ones 2023 doesn’t have, and why",Fish1118_11.16_FeatherSpring_9.8.19,11,individual,1,13.4,3,301,exogenous,wet,ns,fresh,post-smolt,Zillig et al.2022_330,330,0.02702,1.122977228,Feather River
2022,Zillig et al.,Can J Fish. Aq. Sci.,22.03,NA,22,0,NA,0,NA,6.129176739,NA,1.813060441,3.092405161,Oncorhynchus tshawytscha,spring,juvenile,,"dataset has MMR too if needed. Set to DQ for now bc Zillig 2023 seems to contain most of these data. Still need to figure out which ones 2023 doesn’t have, and why",Fish1120_11.22_FeatherSpring_9.9.19,11,individual,1,12.7,3,302,exogenous,wet,ns,fresh,post-smolt,Zillig et al.2022_331,331,0.02203,1.075482466,Feather River
2022,Zillig et al.,Can J Fish. Aq. Sci.,21.63,NA,20,0,NA,0,NA,5.695385536,NA,1.739656292,3.07408124,Oncorhynchus tshawytscha,spring,juvenile,,"dataset has MMR too if needed. Set to DQ for now bc Zillig 2023 seems to contain most of these data. Still need to figure out which ones 2023 doesn’t have, and why",Fish1121_11.20_FeatherSpring_9.9.19,11,individual,1,12.9,3,302,exogenous,wet,ns,fresh,post-smolt,Zillig et al.2022_332,332,0.02163,1.007598213,Feather River
2022,Zillig et al.,Can J Fish. Aq. Sci.,25.44,NA,20,0,NA,0,NA,5.792171952,NA,1.756507343,3.236322738,Oncorhynchus tshawytscha,spring,juvenile,,"dataset has MMR too if needed. Set to DQ for now bc Zillig 2023 seems to contain most of these data. Still need to figure out which ones 2023 doesn’t have, and why",Fish1122_11.20_FeatherSpring_9.9.19,11,individual,1,13.2,3,302,exogenous,wet,ns,fresh,post-smolt,Zillig et al.2022_333,333,0.02544,1.106102346,Feather River
2022,Zillig et al.,Can J Fish. Aq. Sci.,28.59,NA,24,0,NA,0,NA,8.561637521,NA,2.147291471,3.353057006,Oncorhynchus tshawytscha,spring,juvenile,,"dataset has MMR too if needed. Set to DQ for now bc Zillig 2023 seems to contain most of these data. Still need to figure out which ones 2023 doesn’t have, and why",Fish1135_11.24_FeatherSpring_9.14.19,11,individual,1,13.6,3,307,exogenous,wet,ns,fresh,post-smolt,Zillig et al.2022_334,334,0.02859,1.13657325,Feather River
2022,Zillig et al.,Can J Fish. Aq. Sci.,27.95,NA,24,0,NA,0,NA,9.463246894,NA,2.247415548,3.3304172,Oncorhynchus tshawytscha,spring,juvenile,,"dataset has MMR too if needed. Set to DQ for now bc Zillig 2023 seems to contain most of these data. Still need to figure out which ones 2023 doesn’t have, and why",Fish1136_11.24_FeatherSpring_9.14.19,11,individual,1,13.3,3,307,exogenous,wet,ns,fresh,post-smolt,Zillig et al.2022_335,335,0.02795,1.188028582,Feather River
2022,Zillig et al.,Can J Fish. Aq. Sci.,30.99,NA,20,0,NA,0,NA,8.664928487,NA,2.15928367,3.433664572,Oncorhynchus tshawytscha,spring,juvenile,,"dataset has MMR too if needed. Set to DQ for now bc Zillig 2023 seems to contain most of these data. Still need to figure out which ones 2023 doesn’t have, and why",Fish1137_11.20_FeatherSpring_9.14.19,11,individual,1,13.5,3,307,exogenous,wet,ns,fresh,post-smolt,Zillig et al.2022_336,336,0.03099,1.259564091,Feather River
2022,Zillig et al.,Can J Fish. Aq. Sci.,27.89,NA,20,0,NA,0,NA,6.778121239,NA,1.91369996,3.328268202,Oncorhynchus tshawytscha,spring,juvenile,,"dataset has MMR too if needed. Set to DQ for now bc Zillig 2023 seems to contain most of these data. Still need to figure out which ones 2023 doesn’t have, and why",Fish1145_11.20_FeatherSpring_9.16.19,11,individual,1,14.4,3,309,exogenous,wet,ns,fresh,post-smolt,Zillig et al.2022_337,337,0.02789,0.934030457,Feather River
2022,Zillig et al.,Can J Fish. Aq. Sci.,28.4,NA,20,0,NA,0,NA,6.360048213,NA,1.850035958,3.346389145,Oncorhynchus tshawytscha,spring,juvenile,,"dataset has MMR too if needed. Set to DQ for now bc Zillig 2023 seems to contain most of these data. Still need to figure out which ones 2023 doesn’t have, and why",Fish1146_11.20_FeatherSpring_9.16.19,11,individual,1,13.8,3,309,exogenous,wet,ns,fresh,post-smolt,Zillig et al.2022_338,338,0.0284,1.080640104,Feather River
2022,Zillig et al.,Can J Fish. Aq. Sci.,30.08,NA,10,0,NA,0,NA,4.118390202,NA,1.415462359,3.403860499,Oncorhynchus tshawytscha,spring,juvenile,,"dataset has MMR too if needed. Set to DQ for now bc Zillig 2023 seems to contain most of these data. Still need to figure out which ones 2023 doesn’t have, and why",Fish1151_11.10_FeatherSpring_9.20.19,11,individual,1,13.2,3,313,exogenous,wet,ns,fresh,post-smolt,Zillig et al.2022_339,339,0.03008,1.307844283,Feather River
2022,Zillig et al.,Can J Fish. Aq. Sci.,28.16,NA,10,0,NA,0,NA,2.84289135,NA,1.044821615,3.337902531,Oncorhynchus tshawytscha,spring,juvenile,,"dataset has MMR too if needed. Set to DQ for now bc Zillig 2023 seems to contain most of these data. Still need to figure out which ones 2023 doesn’t have, and why",Fish1152_11.10_FeatherSpring_9.20.19,11,individual,1,13.9,3,313,exogenous,wet,ns,fresh,post-smolt,Zillig et al.2022_340,340,0.02816,1.048547839,Feather River
2022,Zillig et al.,Can J Fish. Aq. Sci.,18.84,NA,24,0,NA,0,NA,3.533247172,NA,1.262217327,2.935982269,Oncorhynchus tshawytscha,spring,juvenile,,"dataset has MMR too if needed. Set to DQ for now bc Zillig 2023 seems to contain most of these data. Still need to figure out which ones 2023 doesn’t have, and why",Fish1203_20.24_FeatherSpring_10.14.19,20,individual,1,11.8,3,336,exogenous,wet,ns,fresh,post-smolt,Zillig et al.2022_341,341,0.01884,1.146660564,Feather River
2022,Zillig et al.,Can J Fish. Aq. Sci.,25.13,NA,24,0,NA,0,NA,4.673247031,NA,1.541854126,3.224062352,Oncorhynchus tshawytscha,spring,juvenile,,"dataset has MMR too if needed. Set to DQ for now bc Zillig 2023 seems to contain most of these data. Still need to figure out which ones 2023 doesn’t have, and why",Fish1204_20.24_FeatherSpring_10.14.19,20,individual,1,12.6,3,336,exogenous,wet,ns,fresh,post-smolt,Zillig et al.2022_342,342,0.02513,1.256263822,Feather River
2022,Zillig et al.,Can J Fish. Aq. Sci.,21.62,NA,20,0,NA,0,NA,3.557603685,NA,1.269087196,3.073618812,Oncorhynchus tshawytscha,spring,juvenile,,"dataset has MMR too if needed. Set to DQ for now bc Zillig 2023 seems to contain most of these data. Still need to figure out which ones 2023 doesn’t have, and why",Fish1205_20.20_FeatherSpring_10.14.19,20,individual,1,11.8,3,336,exogenous,wet,ns,fresh,post-smolt,Zillig et al.2022_343,343,0.02162,1.315859947,Feather River
2022,Zillig et al.,Can J Fish. Aq. Sci.,25.74,NA,20,0,NA,0,NA,3.234708456,NA,1.173938802,3.248046202,Oncorhynchus tshawytscha,spring,juvenile,,"dataset has MMR too if needed. Set to DQ for now bc Zillig 2023 seems to contain most of these data. Still need to figure out which ones 2023 doesn’t have, and why",Fish1206_20.20_FeatherSpring_10.14.19,20,individual,1,12.4,3,336,exogenous,wet,ns,fresh,post-smolt,Zillig et al.2022_344,344,0.02574,1.35003021,Feather River
2022,Zillig et al.,Can J Fish. Aq. Sci.,21.1,NA,24,0,NA,0,NA,6.395695781,NA,1.85562523,3.04927304,Oncorhynchus tshawytscha,winter,juvenile,,"dataset has MMR too if needed. Set to DQ for now bc Zillig 2023 seems to contain most of these data. Still need to figure out which ones 2023 doesn’t have, and why",Fish553_16.24_WINTER_5.28.18,16,individual,1,12.1,3,217,exogenous,wet,ns,fresh,post-smolt,Zillig et al.2022_345,345,0.0211,1.191039992,Sacramento
2022,Zillig et al.,Can J Fish. Aq. Sci.,25.56,NA,24,0,NA,0,NA,8.276187443,NA,2.113382409,3.24102863,Oncorhynchus tshawytscha,winter,juvenile,,"dataset has MMR too if needed. Set to DQ for now bc Zillig 2023 seems to contain most of these data. Still need to figure out which ones 2023 doesn’t have, and why",Fish554_16.24_WINTER_5.28.18,16,individual,1,12.8,3,217,exogenous,wet,ns,fresh,post-smolt,Zillig et al.2022_346,346,0.02556,1.218795776,Sacramento
2022,Zillig et al.,Can J Fish. Aq. Sci.,24.32,NA,14,0,NA,0,NA,3.630132916,NA,1.289269263,3.191299057,Oncorhynchus tshawytscha,winter,juvenile,,"dataset has MMR too if needed. Set to DQ for now bc Zillig 2023 seems to contain most of these data. Still need to figure out which ones 2023 doesn’t have, and why",Fish555_16.14_WINTER_5.29.18,16,individual,1,12.6,3,218,exogenous,wet,ns,fresh,post-smolt,Zillig et al.2022_347,347,0.02432,1.215771435,Sacramento
2022,Zillig et al.,Can J Fish. Aq. Sci.,19.3,NA,14,0,NA,0,NA,2.74627144,NA,1.010244152,2.960105096,Oncorhynchus tshawytscha,winter,juvenile,,"dataset has MMR too if needed. Set to DQ for now bc Zillig 2023 seems to contain most of these data. Still need to figure out which ones 2023 doesn’t have, and why",Fish556_16.14_WINTER_5.29.18,16,individual,1,11.9,3,218,exogenous,wet,ns,fresh,post-smolt,Zillig et al.2022_348,348,0.0193,1.145292521,Sacramento
2022,Zillig et al.,Can J Fish. Aq. Sci.,21.58,NA,10,0,NA,0,NA,2.433398768,NA,0.88928895,3.07176696,Oncorhynchus tshawytscha,winter,juvenile,,"dataset has MMR too if needed. Set to DQ for now bc Zillig 2023 seems to contain most of these data. Still need to figure out which ones 2023 doesn’t have, and why",Fish559_16.10_WINTER_5.30.18,16,individual,1,12.1,3,219,exogenous,wet,ns,fresh,post-smolt,Zillig et al.2022_349,349,0.02158,1.218134741,Sacramento
2022,Zillig et al.,Can J Fish. Aq. Sci.,22.72,NA,10,0,NA,0,NA,2.123243912,NA,0.752945066,3.123245594,Oncorhynchus tshawytscha,winter,juvenile,,"dataset has MMR too if needed. Set to DQ for now bc Zillig 2023 seems to contain most of these data. Still need to figure out which ones 2023 doesn’t have, and why",Fish560_16.10_WINTER_5.30.18,16,individual,1,12.6,3,219,exogenous,wet,ns,fresh,post-smolt,Zillig et al.2022_350,350,0.02272,1.135786472,Sacramento
2022,Zillig et al.,Can J Fish. Aq. Sci.,21.97,NA,22,0,NA,0,NA,6.426175418,NA,1.860379559,3.089677886,Oncorhynchus tshawytscha,winter,juvenile,,"dataset has MMR too if needed. Set to DQ for now bc Zillig 2023 seems to contain most of these data. Still need to figure out which ones 2023 doesn’t have, and why",Fish561_16.22_WINTER_5.30.18,16,individual,1,12.4,3,219,exogenous,wet,ns,fresh,post-smolt,Zillig et al.2022_351,351,0.02197,1.152298513,Sacramento
2022,Zillig et al.,Can J Fish. Aq. Sci.,28.33,NA,22,0,NA,0,NA,8.164327661,NA,2.099774379,3.343921314,Oncorhynchus tshawytscha,winter,juvenile,,"dataset has MMR too if needed. Set to DQ for now bc Zillig 2023 seems to contain most of these data. Still need to figure out which ones 2023 doesn’t have, and why",Fish562_16.22_WINTER_5.30.18,16,individual,1,13.3,3,219,exogenous,wet,ns,fresh,post-smolt,Zillig et al.2022_352,352,0.02833,1.20418067,Sacramento
2022,Zillig et al.,Can J Fish. Aq. Sci.,19.07,NA,12,0,NA,0,NA,2.271891027,NA,0.820612536,2.94811642,Oncorhynchus tshawytscha,winter,juvenile,,"dataset has MMR too if needed. Set to DQ for now bc Zillig 2023 seems to contain most of these data. Still need to figure out which ones 2023 doesn’t have, and why",Fish563_16.12_WINTER_5.31.18,16,individual,1,12,3,220,exogenous,wet,ns,fresh,post-smolt,Zillig et al.2022_353,353,0.01907,1.103587963,Sacramento
2022,Zillig et al.,Can J Fish. Aq. Sci.,16.21,NA,12,0,NA,0,NA,2.421088649,NA,0.884217294,2.785628336,Oncorhynchus tshawytscha,winter,juvenile,,"dataset has MMR too if needed. Set to DQ for now bc Zillig 2023 seems to contain most of these data. Still need to figure out which ones 2023 doesn’t have, and why",Fish564_16.12_WINTER_5.31.18,16,individual,1,11.4,3,220,exogenous,wet,ns,fresh,post-smolt,Zillig et al.2022_354,354,0.01621,1.094128828,Sacramento
2022,Zillig et al.,Can J Fish. Aq. Sci.,19.45,NA,14,0,NA,0,NA,2.583921096,NA,0.94930805,2.96784707,Oncorhynchus tshawytscha,winter,juvenile,,"dataset has MMR too if needed. Set to DQ for now bc Zillig 2023 seems to contain most of these data. Still need to figure out which ones 2023 doesn’t have, and why",Fish565_16.14_WINTER_5.31.18,16,individual,1,11.8,3,220,exogenous,wet,ns,fresh,post-smolt,Zillig et al.2022_355,355,0.01945,1.183787047,Sacramento
2022,Zillig et al.,Can J Fish. Aq. Sci.,22.41,NA,14,0,NA,0,NA,3.72199431,NA,1.31425963,3.109507288,Oncorhynchus tshawytscha,winter,juvenile,,"dataset has MMR too if needed. Set to DQ for now bc Zillig 2023 seems to contain most of these data. Still need to figure out which ones 2023 doesn’t have, and why",Fish566_16.14_WINTER_5.31.18,16,individual,1,12.7,3,220,exogenous,wet,ns,fresh,post-smolt,Zillig et al.2022_356,356,0.02241,1.094033684,Sacramento
2022,Zillig et al.,Can J Fish. Aq. Sci.,18,NA,18,0,NA,0,NA,3.453451508,NA,1.239374168,2.890371758,Oncorhynchus tshawytscha,winter,juvenile,,"dataset has MMR too if needed. Set to DQ for now bc Zillig 2023 seems to contain most of these data. Still need to figure out which ones 2023 doesn’t have, and why",Fish567_16.18_WINTER_6.2.18,16,individual,1,11.5,3,222,exogenous,wet,ns,fresh,post-smolt,Zillig et al.2022_357,357,0.018,1.183529218,Sacramento
2022,Zillig et al.,Can J Fish. Aq. Sci.,20.41,NA,18,0,NA,0,NA,3.09160495,NA,1.128690357,3.016024977,Oncorhynchus tshawytscha,winter,juvenile,,"dataset has MMR too if needed. Set to DQ for now bc Zillig 2023 seems to contain most of these data. Still need to figure out which ones 2023 doesn’t have, and why",Fish568_16.18_WINTER_6.2.18,16,individual,1,12.3,3,222,exogenous,wet,ns,fresh,post-smolt,Zillig et al.2022_358,358,0.02041,1.096800577,Sacramento
2022,Zillig et al.,Can J Fish. Aq. Sci.,19.44,NA,20,0,NA,0,NA,3.715832276,NA,1.312602684,2.967332799,Oncorhynchus tshawytscha,winter,juvenile,,"dataset has MMR too if needed. Set to DQ for now bc Zillig 2023 seems to contain most of these data. Still need to figure out which ones 2023 doesn’t have, and why",Fish569_16.20_WINTER_6.2.18,16,individual,1,12,3,222,exogenous,wet,ns,fresh,post-smolt,Zillig et al.2022_359,359,0.01944,1.125,Sacramento
2022,Zillig et al.,Can J Fish. Aq. Sci.,20.98,NA,20,0,NA,0,NA,5.244870555,NA,1.657250562,3.043569603,Oncorhynchus tshawytscha,winter,juvenile,,"dataset has MMR too if needed. Set to DQ for now bc Zillig 2023 seems to contain most of these data. Still need to figure out which ones 2023 doesn’t have, and why",Fish570_16.20_WINTER_6.2.18,16,individual,1,12.5,3,222,exogenous,wet,ns,fresh,post-smolt,Zillig et al.2022_360,360,0.02098,1.074176,Sacramento
2022,Zillig et al.,Can J Fish. Aq. Sci.,23.91,NA,8,0,NA,0,NA,1.296187879,NA,0.259427556,3.174296781,Oncorhynchus tshawytscha,winter,juvenile,,"dataset has MMR too if needed. Set to DQ for now bc Zillig 2023 seems to contain most of these data. Still need to figure out which ones 2023 doesn’t have, and why",Fish571_16.8_WINTER_6.12.18,16,individual,1,12.7,3,232,exogenous,wet,ns,fresh,post-smolt,Zillig et al.2022_361,361,0.02391,1.167262177,Sacramento
2022,Zillig et al.,Can J Fish. Aq. Sci.,25.25,NA,8,0,NA,0,NA,1.777150681,NA,0.575011341,3.228826156,Oncorhynchus tshawytscha,winter,juvenile,,"dataset has MMR too if needed. Set to DQ for now bc Zillig 2023 seems to contain most of these data. Still need to figure out which ones 2023 doesn’t have, and why",Fish572_16.8_WINTER_6.12.18,16,individual,1,13,3,232,exogenous,wet,ns,fresh,post-smolt,Zillig et al.2022_362,362,0.02525,1.149294492,Sacramento
2022,Zillig et al.,Can J Fish. Aq. Sci.,24.35,NA,8,0,NA,0,NA,1.730586095,NA,0.548460134,3.19253185,Oncorhynchus tshawytscha,winter,juvenile,,"dataset has MMR too if needed. Set to DQ for now bc Zillig 2023 seems to contain most of these data. Still need to figure out which ones 2023 doesn’t have, and why",Fish574_16.8_WINTER_6.11.18,16,individual,1,12.7,3,231,exogenous,wet,ns,fresh,post-smolt,Zillig et al.2022_363,363,0.02435,1.188742535,Sacramento
2022,Zillig et al.,Can J Fish. Aq. Sci.,21.87,NA,12,0,NA,0,NA,2.888509191,NA,1.060740518,3.085115835,Oncorhynchus tshawytscha,winter,juvenile,,"dataset has MMR too if needed. Set to DQ for now bc Zillig 2023 seems to contain most of these data. Still need to figure out which ones 2023 doesn’t have, and why",Fish575_16.12_WINTER_6.12.18,16,individual,1,12.1,3,232,exogenous,wet,ns,fresh,post-smolt,Zillig et al.2022_364,364,0.02187,1.234504485,Sacramento
2022,Zillig et al.,Can J Fish. Aq. Sci.,19.44,NA,12,0,NA,0,NA,2.056093316,NA,0.720807734,2.967332799,Oncorhynchus tshawytscha,winter,juvenile,,"dataset has MMR too if needed. Set to DQ for now bc Zillig 2023 seems to contain most of these data. Still need to figure out which ones 2023 doesn’t have, and why",Fish576_16.12_WINTER_6.12.18,16,individual,1,11.6,3,232,exogenous,wet,ns,fresh,post-smolt,Zillig et al.2022_365,365,0.01944,1.245438517,Sacramento
2022,Zillig et al.,Can J Fish. Aq. Sci.,20.96,NA,24,0,NA,0,NA,6.637635271,NA,1.892755766,3.042615859,Oncorhynchus tshawytscha,winter,juvenile,,"dataset has MMR too if needed. Set to DQ for now bc Zillig 2023 seems to contain most of these data. Still need to figure out which ones 2023 doesn’t have, and why",Fish577_16.24_WINTER_6.18.18,16,individual,1,12.3,3,238,exogenous,wet,ns,fresh,post-smolt,Zillig et al.2022_366,366,0.02096,1.126356693,Sacramento
2022,Zillig et al.,Can J Fish. Aq. Sci.,19.8,NA,24,0,NA,0,NA,5.815721263,NA,1.760564813,2.985681938,Oncorhynchus tshawytscha,winter,juvenile,,"dataset has MMR too if needed. Set to DQ for now bc Zillig 2023 seems to contain most of these data. Still need to figure out which ones 2023 doesn’t have, and why",Fish578_16.24_WINTER_6.18.18,16,individual,1,11.9,3,238,exogenous,wet,ns,fresh,post-smolt,Zillig et al.2022_367,367,0.0198,1.174963312,Sacramento
2022,Zillig et al.,Can J Fish. Aq. Sci.,19.67,NA,16,0,NA,0,NA,2.869078462,NA,1.053990885,2.979094632,Oncorhynchus tshawytscha,winter,juvenile,,"dataset has MMR too if needed. Set to DQ for now bc Zillig 2023 seems to contain most of these data. Still need to figure out which ones 2023 doesn’t have, and why",Fish581_16.16_WINTER_6.19.18,16,individual,1,12.2,3,239,exogenous,wet,ns,fresh,post-smolt,Zillig et al.2022_368,368,0.01967,1.083240447,Sacramento
2022,Zillig et al.,Can J Fish. Aq. Sci.,20.28,NA,16,0,NA,0,NA,3.782954505,NA,1.330505319,3.009635179,Oncorhynchus tshawytscha,winter,juvenile,,"dataset has MMR too if needed. Set to DQ for now bc Zillig 2023 seems to contain most of these data. Still need to figure out which ones 2023 doesn’t have, and why",Fish582_16.16_WINTER_6.19.18,16,individual,1,12.2,3,239,exogenous,wet,ns,fresh,post-smolt,Zillig et al.2022_369,369,0.02028,1.116833568,Sacramento
2022,Zillig et al.,Can J Fish. Aq. Sci.,20.41,NA,20,0,NA,0,NA,4.277360789,NA,1.453336181,3.016024977,Oncorhynchus tshawytscha,winter,juvenile,,"dataset has MMR too if needed. Set to DQ for now bc Zillig 2023 seems to contain most of these data. Still need to figure out which ones 2023 doesn’t have, and why",Fish583_16.20_WINTER_6.19.18,16,individual,1,12.2,3,239,exogenous,wet,ns,fresh,post-smolt,Zillig et al.2022_370,370,0.02041,1.123992757,Sacramento
2022,Zillig et al.,Can J Fish. Aq. Sci.,16.78,NA,20,0,NA,0,NA,3.171900418,NA,1.154330909,2.820187701,Oncorhynchus tshawytscha,winter,juvenile,,"dataset has MMR too if needed. Set to DQ for now bc Zillig 2023 seems to contain most of these data. Still need to figure out which ones 2023 doesn’t have, and why",Fish584_16.20_WINTER_6.19.18,16,individual,1,11.1,3,239,exogenous,wet,ns,fresh,post-smolt,Zillig et al.2022_371,371,0.01678,1.226939138,Sacramento
2022,Zillig et al.,Can J Fish. Aq. Sci.,23.75,NA,16,0,NA,0,NA,4.740267381,NA,1.556093544,3.16758253,Oncorhynchus tshawytscha,winter,juvenile,,"dataset has MMR too if needed. Set to DQ for now bc Zillig 2023 seems to contain most of these data. Still need to figure out which ones 2023 doesn’t have, and why",Fish585_11.16_WINTER_6.20.18,11,individual,1,12.5,3,241,exogenous,wet,ns,fresh,post-smolt,Zillig et al.2022_372,372,0.02375,1.216,Sacramento
2022,Zillig et al.,Can J Fish. Aq. Sci.,20.33,NA,16,0,NA,0,NA,4.880122994,NA,1.585170423,3.012097628,Oncorhynchus tshawytscha,winter,juvenile,,"dataset has MMR too if needed. Set to DQ for now bc Zillig 2023 seems to contain most of these data. Still need to figure out which ones 2023 doesn’t have, and why",Fish586_11.16_WINTER_6.20.18,11,individual,1,11.7,3,241,exogenous,wet,ns,fresh,post-smolt,Zillig et al.2022_373,373,0.02033,1.269345341,Sacramento
2022,Zillig et al.,Can J Fish. Aq. Sci.,26.05,NA,14,0,NA,0,NA,4.272651183,NA,1.452234521,3.260017768,Oncorhynchus tshawytscha,winter,juvenile,,"dataset has MMR too if needed. Set to DQ for now bc Zillig 2023 seems to contain most of these data. Still need to figure out which ones 2023 doesn’t have, and why",Fish587_11.14_WINTER_6.20.18,11,individual,1,12.5,3,241,exogenous,wet,ns,fresh,post-smolt,Zillig et al.2022_374,374,0.02605,1.33376,Sacramento
2022,Zillig et al.,Can J Fish. Aq. Sci.,19.42,NA,14,0,NA,0,NA,3.118749449,NA,1.137432104,2.966303463,Oncorhynchus tshawytscha,winter,juvenile,,"dataset has MMR too if needed. Set to DQ for now bc Zillig 2023 seems to contain most of these data. Still need to figure out which ones 2023 doesn’t have, and why",Fish588_11.14_WINTER_6.20.18,11,individual,1,12.3,3,241,exogenous,wet,ns,fresh,post-smolt,Zillig et al.2022_375,375,0.01942,1.043599569,Sacramento
2022,Zillig et al.,Can J Fish. Aq. Sci.,23,NA,25,0,NA,0,NA,7.733784712,NA,2.045598356,3.135494216,Oncorhynchus tshawytscha,winter,juvenile,,"dataset has MMR too if needed. Set to DQ for now bc Zillig 2023 seems to contain most of these data. Still need to figure out which ones 2023 doesn’t have, and why",Fish589_16.25_WINTER_6.22.18,16,individual,1,12.3,3,242,exogenous,wet,ns,fresh,post-smolt,Zillig et al.2022_376,376,0.023,1.235983012,Sacramento
2022,Zillig et al.,Can J Fish. Aq. Sci.,22.01,NA,25,0,NA,0,NA,8.49192939,NA,2.139116229,3.091496896,Oncorhynchus tshawytscha,winter,juvenile,,"dataset has MMR too if needed. Set to DQ for now bc Zillig 2023 seems to contain most of these data. Still need to figure out which ones 2023 doesn’t have, and why",Fish590_16.25_WINTER_6.22.18,16,individual,1,12,3,242,exogenous,wet,ns,fresh,post-smolt,Zillig et al.2022_377,377,0.02201,1.273726852,Sacramento
2022,Zillig et al.,Can J Fish. Aq. Sci.,22.19,NA,22,0,NA,0,NA,5.62452145,NA,1.727135869,3.099641737,Oncorhynchus tshawytscha,winter,juvenile,,"dataset has MMR too if needed. Set to DQ for now bc Zillig 2023 seems to contain most of these data. Still need to figure out which ones 2023 doesn’t have, and why",Fish591_16.22_WINTER_6.22.18,16,individual,1,12.1,3,242,exogenous,wet,ns,fresh,post-smolt,Zillig et al.2022_378,378,0.02219,1.252567651,Sacramento
2022,Zillig et al.,Can J Fish. Aq. Sci.,22.13,NA,22,0,NA,0,NA,5.967413494,NA,1.786313583,3.096934154,Oncorhynchus tshawytscha,winter,juvenile,,"dataset has MMR too if needed. Set to DQ for now bc Zillig 2023 seems to contain most of these data. Still need to figure out which ones 2023 doesn’t have, and why",Fish592_16.22_WINTER_6.22.18,16,individual,1,12.2,3,242,exogenous,wet,ns,fresh,post-smolt,Zillig et al.2022_379,379,0.02213,1.218714342,Sacramento
2022,Zillig et al.,Can J Fish. Aq. Sci.,22.08,NA,10,0,NA,0,NA,2.926448715,NA,1.073789645,3.094672221,Oncorhynchus tshawytscha,winter,juvenile,,"dataset has MMR too if needed. Set to DQ for now bc Zillig 2023 seems to contain most of these data. Still need to figure out which ones 2023 doesn’t have, and why",Fish593_11.10_WINTER_6.22.18,11,individual,1,12.2,3,243,exogenous,wet,ns,fresh,post-smolt,Zillig et al.2022_380,380,0.02208,1.215960807,Sacramento
2022,Zillig et al.,Can J Fish. Aq. Sci.,24.29,NA,10,0,NA,0,NA,2.940406392,NA,1.0785478,3.190064743,Oncorhynchus tshawytscha,winter,juvenile,,"dataset has MMR too if needed. Set to DQ for now bc Zillig 2023 seems to contain most of these data. Still need to figure out which ones 2023 doesn’t have, and why",Fish594_11.10_WINTER_6.22.18,11,individual,1,12.6,3,243,exogenous,wet,ns,fresh,post-smolt,Zillig et al.2022_381,381,0.02429,1.214271717,Sacramento
2022,Zillig et al.,Can J Fish. Aq. Sci.,19.9,NA,18,0,NA,0,NA,5.497605733,NA,1.704312676,2.990719732,Oncorhynchus tshawytscha,winter,juvenile,,"dataset has MMR too if needed. Set to DQ for now bc Zillig 2023 seems to contain most of these data. Still need to figure out which ones 2023 doesn’t have, and why",Fish595_11.18_WINTER_6.22.18,11,individual,1,11.6,3,243,exogenous,wet,ns,fresh,post-smolt,Zillig et al.2022_382,382,0.0199,1.27490877,Sacramento
2022,Zillig et al.,Can J Fish. Aq. Sci.,25.11,NA,18,0,NA,0,NA,5.731035346,NA,1.745896203,3.223266173,Oncorhynchus tshawytscha,winter,juvenile,,"dataset has MMR too if needed. Set to DQ for now bc Zillig 2023 seems to contain most of these data. Still need to figure out which ones 2023 doesn’t have, and why",Fish596_11.18_WINTER_6.22.18,11,individual,1,12.4,3,243,exogenous,wet,ns,fresh,post-smolt,Zillig et al.2022_383,383,0.02511,1.316987513,Sacramento
2022,Zillig et al.,Can J Fish. Aq. Sci.,24.12,NA,8,0,NA,0,NA,2.804459689,NA,1.031210896,3.183041372,Oncorhynchus tshawytscha,winter,juvenile,,"dataset has MMR too if needed. Set to DQ for now bc Zillig 2023 seems to contain most of these data. Still need to figure out which ones 2023 doesn’t have, and why",Fish597_11.8_WINTER_6.23.18,11,individual,1,12.4,3,244,exogenous,wet,ns,fresh,post-smolt,Zillig et al.2022_384,384,0.02412,1.265063274,Sacramento
2022,Zillig et al.,Can J Fish. Aq. Sci.,22.68,NA,8,0,NA,0,NA,2.324236017,NA,0.84339139,3.121483479,Oncorhynchus tshawytscha,winter,juvenile,,"dataset has MMR too if needed. Set to DQ for now bc Zillig 2023 seems to contain most of these data. Still need to figure out which ones 2023 doesn’t have, and why",Fish598_11.8_WINTER_6.23.18,11,individual,1,11.9,3,244,exogenous,wet,ns,fresh,post-smolt,Zillig et al.2022_385,385,0.02268,1.345867067,Sacramento
2022,Zillig et al.,Can J Fish. Aq. Sci.,22.04,NA,24,0,NA,0,NA,7.713467899,NA,2.042967879,3.092858984,Oncorhynchus tshawytscha,winter,juvenile,,"dataset has MMR too if needed. Set to DQ for now bc Zillig 2023 seems to contain most of these data. Still need to figure out which ones 2023 doesn’t have, and why",Fish600_11.24_WINTER_6.23.18,11,individual,1,11.8,3,244,exogenous,wet,ns,fresh,post-smolt,Zillig et al.2022_386,386,0.02204,1.341422443,Sacramento
2022,Zillig et al.,Can J Fish. Aq. Sci.,18.71,NA,8,0,NA,0,NA,1.528058081,NA,0.423997701,2.92905814,Oncorhynchus tshawytscha,winter,juvenile,,"dataset has MMR too if needed. Set to DQ for now bc Zillig 2023 seems to contain most of these data. Still need to figure out which ones 2023 doesn’t have, and why",Fish603_11.8_WINTER_6.24.18,11,individual,1,11.8,3,245,exogenous,wet,ns,fresh,post-smolt,Zillig et al.2022_387,387,0.01871,1.138748363,Sacramento
2022,Zillig et al.,Can J Fish. Aq. Sci.,17.63,NA,8,0,NA,0,NA,1.376853714,NA,0.319800978,2.869601996,Oncorhynchus tshawytscha,winter,juvenile,,"dataset has MMR too if needed. Set to DQ for now bc Zillig 2023 seems to contain most of these data. Still need to figure out which ones 2023 doesn’t have, and why",Fish604_11.8_WINTER_6.24.18,11,individual,1,11.3,3,245,exogenous,wet,ns,fresh,post-smolt,Zillig et al.2022_388,388,0.01763,1.221847436,Sacramento
2022,Zillig et al.,Can J Fish. Aq. Sci.,25.23,NA,10,0,NA,0,NA,2.18470024,NA,0.781478629,3.228033763,Oncorhynchus tshawytscha,winter,juvenile,,"dataset has MMR too if needed. Set to DQ for now bc Zillig 2023 seems to contain most of these data. Still need to figure out which ones 2023 doesn’t have, and why",Fish605_16.10_WINTER_6.26.18,16,individual,1,12.6,3,246,exogenous,wet,ns,fresh,post-smolt,Zillig et al.2022_389,389,0.02523,1.261262883,Sacramento
2022,Zillig et al.,Can J Fish. Aq. Sci.,21.83,NA,10,0,NA,0,NA,1.947001176,NA,0.666290331,3.083285171,Oncorhynchus tshawytscha,winter,juvenile,,"dataset has MMR too if needed. Set to DQ for now bc Zillig 2023 seems to contain most of these data. Still need to figure out which ones 2023 doesn’t have, and why",Fish606_16.10_WINTER_6.26.18,16,individual,1,11.9,3,246,exogenous,wet,ns,fresh,post-smolt,Zillig et al.2022_390,390,0.02183,1.295426722,Sacramento
2022,Zillig et al.,Can J Fish. Aq. Sci.,18.76,NA,22,0,NA,0,NA,4.608598274,NA,1.527923749,2.931726944,Oncorhynchus tshawytscha,winter,juvenile,,"dataset has MMR too if needed. Set to DQ for now bc Zillig 2023 seems to contain most of these data. Still need to figure out which ones 2023 doesn’t have, and why",Fish607_16.22_WINTER_6.26.18,16,individual,1,11.8,3,246,exogenous,wet,ns,fresh,post-smolt,Zillig et al.2022_391,391,0.01876,1.141791517,Sacramento
2022,Zillig et al.,Can J Fish. Aq. Sci.,17.12,NA,22,0,NA,0,NA,4.571977125,NA,1.519945743,2.840247371,Oncorhynchus tshawytscha,winter,juvenile,,"dataset has MMR too if needed. Set to DQ for now bc Zillig 2023 seems to contain most of these data. Still need to figure out which ones 2023 doesn’t have, and why",Fish608_16.22_WINTER_6.26.18,16,individual,1,11.8,3,246,exogenous,wet,ns,fresh,post-smolt,Zillig et al.2022_392,392,0.01712,1.041976054,Sacramento
2022,Zillig et al.,Can J Fish. Aq. Sci.,28.74,NA,8,0,NA,0,NA,1.987064143,NA,0.686658245,3.358289881,Oncorhynchus tshawytscha,winter,juvenile,,"dataset has MMR too if needed. Set to DQ for now bc Zillig 2023 seems to contain most of these data. Still need to figure out which ones 2023 doesn’t have, and why",Fish609_20.8_WINTER_7.2.18,20,individual,1,12.7,3,252,exogenous,wet,ns,fresh,post-smolt,Zillig et al.2022_393,393,0.02874,1.403057924,Sacramento
2022,Zillig et al.,Can J Fish. Aq. Sci.,22.82,NA,8,0,NA,0,NA,1.383114484,NA,0.324337829,3.127637344,Oncorhynchus tshawytscha,winter,juvenile,,"dataset has MMR too if needed. Set to DQ for now bc Zillig 2023 seems to contain most of these data. Still need to figure out which ones 2023 doesn’t have, and why",Fish610_20.8_WINTER_7.2.18,20,individual,1,12.5,3,252,exogenous,wet,ns,fresh,post-smolt,Zillig et al.2022_394,394,0.02282,1.168384,Sacramento
2022,Zillig et al.,Can J Fish. Aq. Sci.,25.69,NA,10,0,NA,0,NA,1.812844584,NA,0.594897205,3.246101811,Oncorhynchus tshawytscha,winter,juvenile,,"dataset has MMR too if needed. Set to DQ for now bc Zillig 2023 seems to contain most of these data. Still need to figure out which ones 2023 doesn’t have, and why",Fish611_20.10_WINTER_7.2.18,20,individual,1,12.7,3,252,exogenous,wet,ns,fresh,post-smolt,Zillig et al.2022_395,395,0.02569,1.254159989,Sacramento
2022,Zillig et al.,Can J Fish. Aq. Sci.,29.16,NA,10,0,NA,0,NA,2.826707344,NA,1.039112551,3.372797907,Oncorhynchus tshawytscha,winter,juvenile,,"dataset has MMR too if needed. Set to DQ for now bc Zillig 2023 seems to contain most of these data. Still need to figure out which ones 2023 doesn’t have, and why",Fish612_20.10_WINTER_7.2.18,20,individual,1,13.1,3,252,exogenous,wet,ns,fresh,post-smolt,Zillig et al.2022_396,396,0.02916,1.297100518,Sacramento
2022,Zillig et al.,Can J Fish. Aq. Sci.,26.18,NA,14,0,NA,0,NA,3.911760015,NA,1.363987404,3.26499576,Oncorhynchus tshawytscha,winter,juvenile,,"dataset has MMR too if needed. Set to DQ for now bc Zillig 2023 seems to contain most of these data. Still need to figure out which ones 2023 doesn’t have, and why",Fish613_11.14_WINTER_7.3.18,11,individual,1,12.5,3,254,exogenous,wet,ns,fresh,post-smolt,Zillig et al.2022_397,397,0.02618,1.340416,Sacramento
2022,Zillig et al.,Can J Fish. Aq. Sci.,20.84,NA,14,0,NA,0,NA,2.857527327,NA,1.04995668,3.036874217,Oncorhynchus tshawytscha,winter,juvenile,,"dataset has MMR too if needed. Set to DQ for now bc Zillig 2023 seems to contain most of these data. Still need to figure out which ones 2023 doesn’t have, and why",Fish614_11.14_WINTER_7.3.18,11,individual,1,11.9,3,254,exogenous,wet,ns,fresh,post-smolt,Zillig et al.2022_398,398,0.02084,1.236678557,Sacramento
2022,Zillig et al.,Can J Fish. Aq. Sci.,21.13,NA,16,0,NA,0,NA,3.841562789,NA,1.34587926,3.050693832,Oncorhynchus tshawytscha,winter,juvenile,,"dataset has MMR too if needed. Set to DQ for now bc Zillig 2023 seems to contain most of these data. Still need to figure out which ones 2023 doesn’t have, and why",Fish615_11.16_WINTER_7.3.18,11,individual,1,12.2,3,254,exogenous,wet,ns,fresh,post-smolt,Zillig et al.2022_399,399,0.02113,1.163643653,Sacramento
2022,Zillig et al.,Can J Fish. Aq. Sci.,18.52,NA,16,0,NA,0,NA,2.567186044,NA,0.942810374,2.918851229,Oncorhynchus tshawytscha,winter,juvenile,,"dataset has MMR too if needed. Set to DQ for now bc Zillig 2023 seems to contain most of these data. Still need to figure out which ones 2023 doesn’t have, and why",Fish617_20.16_WINTER_7.3.18,20,individual,1,11.5,3,253,exogenous,wet,ns,fresh,post-smolt,Zillig et al.2022_400,400,0.01852,1.217720062,Sacramento
2022,Zillig et al.,Can J Fish. Aq. Sci.,23.8,NA,16,0,NA,0,NA,2.873826847,NA,1.055644538,3.169685581,Oncorhynchus tshawytscha,winter,juvenile,,"dataset has MMR too if needed. Set to DQ for now bc Zillig 2023 seems to contain most of these data. Still need to figure out which ones 2023 doesn’t have, and why",Fish618_20.16_WINTER_7.3.18,20,individual,1,12.1,3,253,exogenous,wet,ns,fresh,post-smolt,Zillig et al.2022_401,401,0.0238,1.343447954,Sacramento
2022,Zillig et al.,Can J Fish. Aq. Sci.,26.12,NA,14,0,NA,0,NA,3.436065767,NA,1.234327145,3.262701304,Oncorhynchus tshawytscha,winter,juvenile,,"dataset has MMR too if needed. Set to DQ for now bc Zillig 2023 seems to contain most of these data. Still need to figure out which ones 2023 doesn’t have, and why",Fish619_20.14_WINTER_7.3.18,20,individual,1,12.6,3,253,exogenous,wet,ns,fresh,post-smolt,Zillig et al.2022_402,402,0.02612,1.305754518,Sacramento
2022,Zillig et al.,Can J Fish. Aq. Sci.,20.59,NA,14,0,NA,0,NA,3.03227939,NA,1.109314611,3.024805521,Oncorhynchus tshawytscha,winter,juvenile,,"dataset has MMR too if needed. Set to DQ for now bc Zillig 2023 seems to contain most of these data. Still need to figure out which ones 2023 doesn’t have, and why",Fish620_20.14_WINTER_7.3.18,20,individual,1,11.8,3,253,exogenous,wet,ns,fresh,post-smolt,Zillig et al.2022_403,403,0.02059,1.253170967,Sacramento
2022,Zillig et al.,Can J Fish. Aq. Sci.,17.67,NA,20,0,NA,0,NA,5.601403933,NA,1.723017269,2.871868286,Oncorhynchus tshawytscha,winter,juvenile,,"dataset has MMR too if needed. Set to DQ for now bc Zillig 2023 seems to contain most of these data. Still need to figure out which ones 2023 doesn’t have, and why",Fish621_11.20_WINTER_7.7.18,11,individual,1,11.6,3,255,exogenous,wet,ns,fresh,post-smolt,Zillig et al.2022_404,404,0.01767,1.132042109,Sacramento
2022,Zillig et al.,Can J Fish. Aq. Sci.,22.22,NA,20,0,NA,0,NA,5.558864807,NA,1.715393916,3.100992784,Oncorhynchus tshawytscha,winter,juvenile,,"dataset has MMR too if needed. Set to DQ for now bc Zillig 2023 seems to contain most of these data. Still need to figure out which ones 2023 doesn’t have, and why",Fish622_11.20_WINTER_7.7.18,11,individual,1,12.1,3,255,exogenous,wet,ns,fresh,post-smolt,Zillig et al.2022_405,405,0.02222,1.254261073,Sacramento
2022,Zillig et al.,Can J Fish. Aq. Sci.,22.6,NA,18,0,NA,0,NA,3.540958113,NA,1.264397344,3.117949906,Oncorhynchus tshawytscha,winter,juvenile,,"dataset has MMR too if needed. Set to DQ for now bc Zillig 2023 seems to contain most of these data. Still need to figure out which ones 2023 doesn’t have, and why",Fish623_11.18_WINTER_7.7.18,11,individual,1,12.6,3,255,exogenous,wet,ns,fresh,post-smolt,Zillig et al.2022_406,406,0.0226,1.1297876,Sacramento
2022,Zillig et al.,Can J Fish. Aq. Sci.,24.54,NA,18,0,NA,0,NA,5.529635724,NA,1.710121941,3.200304439,Oncorhynchus tshawytscha,winter,juvenile,,"dataset has MMR too if needed. Set to DQ for now bc Zillig 2023 seems to contain most of these data. Still need to figure out which ones 2023 doesn’t have, and why",Fish624_11.18_WINTER_7.4.18,11,individual,1,12.2,3,255,exogenous,wet,ns,fresh,post-smolt,Zillig et al.2022_407,407,0.02454,1.351434702,Sacramento
2022,Zillig et al.,Can J Fish. Aq. Sci.,19.39,NA,18,0,NA,0,NA,3.078192409,NA,1.124342545,2.964757469,Oncorhynchus tshawytscha,winter,juvenile,,"dataset has MMR too if needed. Set to DQ for now bc Zillig 2023 seems to contain most of these data. Still need to figure out which ones 2023 doesn’t have, and why",Fish625_16.18_WINTER_7.7.18,16,individual,1,12.1,3,257,exogenous,wet,ns,fresh,post-smolt,Zillig et al.2022_408,408,0.01939,1.09451495,Sacramento
2022,Zillig et al.,Can J Fish. Aq. Sci.,20.35,NA,18,0,NA,0,NA,3.015276047,NA,1.103691384,3.013080912,Oncorhynchus tshawytscha,winter,juvenile,,"dataset has MMR too if needed. Set to DQ for now bc Zillig 2023 seems to contain most of these data. Still need to figure out which ones 2023 doesn’t have, and why",Fish626_16.18_WINTER_7.7.18,16,individual,1,12.2,3,257,exogenous,wet,ns,fresh,post-smolt,Zillig et al.2022_409,409,0.02035,1.120688516,Sacramento
2022,Zillig et al.,Can J Fish. Aq. Sci.,21.92,NA,25,0,NA,0,NA,6.99218483,NA,1.944793072,3.087399462,Oncorhynchus tshawytscha,winter,juvenile,,"dataset has MMR too if needed. Set to DQ for now bc Zillig 2023 seems to contain most of these data. Still need to figure out which ones 2023 doesn’t have, and why",Fish627_16.25_WINTER_7.7.18,16,individual,1,12.1,3,257,exogenous,wet,ns,fresh,post-smolt,Zillig et al.2022_410,410,0.02192,1.237326855,Sacramento
2022,Zillig et al.,Can J Fish. Aq. Sci.,20.55,NA,24,0,NA,0,NA,7.418889252,NA,2.004029349,3.022860941,Oncorhynchus tshawytscha,winter,juvenile,,"dataset has MMR too if needed. Set to DQ for now bc Zillig 2023 seems to contain most of these data. Still need to figure out which ones 2023 doesn’t have, and why",Fish633_11.24_WINTER_7.10.18,11,individual,1,12.5,3,261,exogenous,wet,ns,fresh,post-smolt,Zillig et al.2022_411,411,0.02055,1.05216,Sacramento
2022,Zillig et al.,Can J Fish. Aq. Sci.,24.22,NA,22,0,NA,0,NA,7.340696766,NA,1.993433765,3.187178738,Oncorhynchus tshawytscha,winter,juvenile,,"dataset has MMR too if needed. Set to DQ for now bc Zillig 2023 seems to contain most of these data. Still need to figure out which ones 2023 doesn’t have, and why",Fish635_11.22_WINTER_7.10.18,11,individual,1,12.1,3,261,exogenous,wet,ns,fresh,post-smolt,Zillig et al.2022_412,412,0.02422,1.367155859,Sacramento
2022,Zillig et al.,Can J Fish. Aq. Sci.,18.14,NA,22,0,NA,0,NA,6.485605588,NA,1.869585196,2.898119445,Oncorhynchus tshawytscha,winter,juvenile,,"dataset has MMR too if needed. Set to DQ for now bc Zillig 2023 seems to contain most of these data. Still need to figure out which ones 2023 doesn’t have, and why",Fish636_11.22_WINTER_7.10.18,11,individual,1,11.5,3,261,exogenous,wet,ns,fresh,post-smolt,Zillig et al.2022_413,413,0.01814,1.192734446,Sacramento
2022,Zillig et al.,Can J Fish. Aq. Sci.,20.86,NA,12,0,NA,0,NA,2.859479363,NA,1.050639567,3.03783345,Oncorhynchus tshawytscha,winter,juvenile,,"dataset has MMR too if needed. Set to DQ for now bc Zillig 2023 seems to contain most of these data. Still need to figure out which ones 2023 doesn’t have, and why",Fish637_11.12_WINTER_7.11.18,11,individual,1,12.3,3,262,exogenous,wet,ns,fresh,post-smolt,Zillig et al.2022_414,414,0.02086,1.120982854,Sacramento
2022,Zillig et al.,Can J Fish. Aq. Sci.,21.75,NA,12,0,NA,0,NA,3.134957437,NA,1.142615597,3.079613758,Oncorhynchus tshawytscha,winter,juvenile,,"dataset has MMR too if needed. Set to DQ for now bc Zillig 2023 seems to contain most of these data. Still need to figure out which ones 2023 doesn’t have, and why",Fish638_11.12_WINTER_7.11.18,11,individual,1,11.7,3,262,exogenous,wet,ns,fresh,post-smolt,Zillig et al.2022_415,415,0.02175,1.35800596,Sacramento
2022,Zillig et al.,Can J Fish. Aq. Sci.,20.36,NA,10,0,NA,0,NA,2.108639799,NA,0.746043095,3.013572192,Oncorhynchus tshawytscha,winter,juvenile,,"dataset has MMR too if needed. Set to DQ for now bc Zillig 2023 seems to contain most of these data. Still need to figure out which ones 2023 doesn’t have, and why",Fish639_11.10_WINTER_7.11.18,11,individual,1,12.1,3,262,exogenous,wet,ns,fresh,post-smolt,Zillig et al.2022_416,416,0.02036,1.149268922,Sacramento
2022,Zillig et al.,Can J Fish. Aq. Sci.,21.83,NA,10,0,NA,0,NA,2.601191636,NA,0.955969662,3.083285171,Oncorhynchus tshawytscha,winter,juvenile,,"dataset has MMR too if needed. Set to DQ for now bc Zillig 2023 seems to contain most of these data. Still need to figure out which ones 2023 doesn’t have, and why",Fish640_11.10_WINTER_7.11.18,11,individual,1,12.7,3,262,exogenous,wet,ns,fresh,post-smolt,Zillig et al.2022_417,417,0.02183,1.065718667,Sacramento
2022,Zillig et al.,Can J Fish. Aq. Sci.,22.69,NA,8,0,NA,0,NA,1.818518139,NA,0.59802196,3.121924299,Oncorhynchus tshawytscha,winter,juvenile,,"dataset has MMR too if needed. Set to DQ for now bc Zillig 2023 seems to contain most of these data. Still need to figure out which ones 2023 doesn’t have, and why",Fish642_16.8_WINTER_7.21.18,16,individual,1,12.5,3,271,exogenous,wet,ns,fresh,post-smolt,Zillig et al.2022_418,418,0.02269,1.161728,Sacramento
2022,Zillig et al.,Can J Fish. Aq. Sci.,22.55,NA,25,0,NA,0,NA,7.000977616,NA,1.946049799,3.115735066,Oncorhynchus tshawytscha,winter,juvenile,,"dataset has MMR too if needed. Set to DQ for now bc Zillig 2023 seems to contain most of these data. Still need to figure out which ones 2023 doesn’t have, and why",Fish644_16.25_WINTER_7.21.18,16,individual,1,12.5,3,271,exogenous,wet,ns,fresh,post-smolt,Zillig et al.2022_419,419,0.02255,1.15456,Sacramento
2022,Zillig et al.,Can J Fish. Aq. Sci.,22.58,NA,16,0,NA,0,NA,2.839744841,NA,1.043714203,3.117064559,Oncorhynchus tshawytscha,winter,juvenile,,"dataset has MMR too if needed. Set to DQ for now bc Zillig 2023 seems to contain most of these data. Still need to figure out which ones 2023 doesn’t have, and why",Fish645_16.16_WINTER_7.22.18,16,individual,1,12.5,3,272,exogenous,wet,ns,fresh,post-smolt,Zillig et al.2022_420,420,0.02258,1.156096,Sacramento
2022,Zillig et al.,Can J Fish. Aq. Sci.,20.14,NA,16,0,NA,0,NA,2.60662761,NA,0.958057283,3.002707887,Oncorhynchus tshawytscha,winter,juvenile,,"dataset has MMR too if needed. Set to DQ for now bc Zillig 2023 seems to contain most of these data. Still need to figure out which ones 2023 doesn’t have, and why",Fish646_16.16_WINTER_7.22.18,16,individual,1,12.3,3,272,exogenous,wet,ns,fresh,post-smolt,Zillig et al.2022_421,421,0.02014,1.082291212,Sacramento
2022,Zillig et al.,Can J Fish. Aq. Sci.,18.16,NA,20,0,NA,0,NA,2.431275328,NA,0.888415946,2.899221373,Oncorhynchus tshawytscha,winter,juvenile,,"dataset has MMR too if needed. Set to DQ for now bc Zillig 2023 seems to contain most of these data. Still need to figure out which ones 2023 doesn’t have, and why",Fish647_20.20_WINTER_7.22.18,20,individual,1,11.3,3,272,exogenous,wet,ns,fresh,post-smolt,Zillig et al.2022_422,422,0.01816,1.258579095,Sacramento
2022,Zillig et al.,Can J Fish. Aq. Sci.,18.36,NA,20,0,NA,0,NA,3.735948087,NA,1.318001625,2.910174385,Oncorhynchus tshawytscha,winter,juvenile,,"dataset has MMR too if needed. Set to DQ for now bc Zillig 2023 seems to contain most of these data. Still need to figure out which ones 2023 doesn’t have, and why",Fish648_20.20_WINTER_7.22.18,20,individual,1,11.6,3,272,exogenous,wet,ns,fresh,post-smolt,Zillig et al.2022_423,423,0.01836,1.176247489,Sacramento
2022,Zillig et al.,Can J Fish. Aq. Sci.,22.03,NA,22,0,NA,0,NA,7.12040954,NA,1.962965243,3.092405161,Oncorhynchus tshawytscha,winter,juvenile,,"dataset has MMR too if needed. Set to DQ for now bc Zillig 2023 seems to contain most of these data. Still need to figure out which ones 2023 doesn’t have, and why",Fish651_11.22_WINTER_7.22.18,11,individual,1,12.5,3,273,exogenous,wet,ns,fresh,post-smolt,Zillig et al.2022_424,424,0.02203,1.127936,Sacramento
2022,Zillig et al.,Can J Fish. Aq. Sci.,18.86,NA,22,0,NA,0,NA,5.810114325,NA,1.759600248,2.937043277,Oncorhynchus tshawytscha,winter,juvenile,,"dataset has MMR too if needed. Set to DQ for now bc Zillig 2023 seems to contain most of these data. Still need to figure out which ones 2023 doesn’t have, and why",Fish652_11.22_WINTER_7.22.18,11,individual,1,11.9,3,273,exogenous,wet,ns,fresh,post-smolt,Zillig et al.2022_425,425,0.01886,1.119182226,Sacramento
2022,Zillig et al.,Can J Fish. Aq. Sci.,19.41,NA,20,0,NA,0,NA,4.188690587,NA,1.432388176,2.965788397,Oncorhynchus tshawytscha,winter,juvenile,,"dataset has MMR too if needed. Set to DQ for now bc Zillig 2023 seems to contain most of these data. Still need to figure out which ones 2023 doesn’t have, and why",Fish653_11.20_WINTER_7.23.18,11,individual,1,12.3,3,274,exogenous,wet,ns,fresh,post-smolt,Zillig et al.2022_426,426,0.01941,1.043062186,Sacramento
2022,Zillig et al.,Can J Fish. Aq. Sci.,20.6,NA,20,0,NA,0,NA,5.423050771,NA,1.69065853,3.025291076,Oncorhynchus tshawytscha,winter,juvenile,,"dataset has MMR too if needed. Set to DQ for now bc Zillig 2023 seems to contain most of these data. Still need to figure out which ones 2023 doesn’t have, and why",Fish654_11.20_WINTER_7.23.18,11,individual,1,12.6,3,274,exogenous,wet,ns,fresh,post-smolt,Zillig et al.2022_427,427,0.0206,1.029806396,Sacramento
2022,Zillig et al.,Can J Fish. Aq. Sci.,21.32,NA,12,0,NA,0,NA,3.656877089,NA,1.296609529,3.059645599,Oncorhynchus tshawytscha,winter,juvenile,,"dataset has MMR too if needed. Set to DQ for now bc Zillig 2023 seems to contain most of these data. Still need to figure out which ones 2023 doesn’t have, and why",Fish655_11.12_WINTER_7.23.18,11,individual,1,12.3,3,274,exogenous,wet,ns,fresh,post-smolt,Zillig et al.2022_428,428,0.02132,1.145702514,Sacramento
2022,Zillig et al.,Can J Fish. Aq. Sci.,18.76,NA,12,0,NA,0,NA,2.619293444,NA,0.962904603,2.931726944,Oncorhynchus tshawytscha,winter,juvenile,,"dataset has MMR too if needed. Set to DQ for now bc Zillig 2023 seems to contain most of these data. Still need to figure out which ones 2023 doesn’t have, and why",Fish656_11.12_WINTER_7.23.18,11,individual,1,12.2,3,274,exogenous,wet,ns,fresh,post-smolt,Zillig et al.2022_429,429,0.01876,1.033126121,Sacramento
2022,Zillig et al.,Can J Fish. Aq. Sci.,22.98,NA,8,0,NA,0,NA,1.546357041,NA,0.435901868,3.134624272,Oncorhynchus tshawytscha,winter,juvenile,,"dataset has MMR too if needed. Set to DQ for now bc Zillig 2023 seems to contain most of these data. Still need to figure out which ones 2023 doesn’t have, and why",Fish661_16.8_WINTER_7.27.18,16,individual,1,12.6,3,277,exogenous,wet,ns,fresh,post-smolt,Zillig et al.2022_430,430,0.02298,1.148784029,Sacramento
2022,Zillig et al.,Can J Fish. Aq. Sci.,25.38,NA,8,0,NA,0,NA,1.577758993,NA,0.456005482,3.233961462,Oncorhynchus tshawytscha,winter,juvenile,,"dataset has MMR too if needed. Set to DQ for now bc Zillig 2023 seems to contain most of these data. Still need to figure out which ones 2023 doesn’t have, and why",Fish662_16.8_WINTER_7.27.18,16,individual,1,13.1,3,277,exogenous,wet,ns,fresh,post-smolt,Zillig et al.2022_431,431,0.02538,1.128957858,Sacramento
2022,Zillig et al.,Can J Fish. Aq. Sci.,21.68,NA,16,0,NA,0,NA,4.371724742,NA,1.475157609,3.076390177,Oncorhynchus tshawytscha,winter,juvenile,,"dataset has MMR too if needed. Set to DQ for now bc Zillig 2023 seems to contain most of these data. Still need to figure out which ones 2023 doesn’t have, and why",Fish665_11.16_WINTER_7.27.18,11,individual,1,12.6,3,278,exogenous,wet,ns,fresh,post-smolt,Zillig et al.2022_432,432,0.02168,1.083796246,Sacramento
2022,Zillig et al.,Can J Fish. Aq. Sci.,22.55,NA,16,0,NA,0,NA,3.894169645,NA,1.359480472,3.115735066,Oncorhynchus tshawytscha,winter,juvenile,,"dataset has MMR too if needed. Set to DQ for now bc Zillig 2023 seems to contain most of these data. Still need to figure out which ones 2023 doesn’t have, and why",Fish666_11.16_WINTER_7.27.18,11,individual,1,12.6,3,278,exogenous,wet,ns,fresh,post-smolt,Zillig et al.2022_433,433,0.02255,1.12728807,Sacramento
2022,Zillig et al.,Can J Fish. Aq. Sci.,23.08,NA,23,0,NA,0,NA,9.591406764,NA,2.260867569,3.138966442,Oncorhynchus tshawytscha,winter,juvenile,,"dataset has MMR too if needed. Set to DQ for now bc Zillig 2023 seems to contain most of these data. Still need to figure out which ones 2023 doesn’t have, and why",Fish667_11.23_WINTER_7.27.18,11,individual,1,12.1,3,278,exogenous,wet,ns,fresh,post-smolt,Zillig et al.2022_434,434,0.02308,1.302805831,Sacramento
2022,Zillig et al.,Can J Fish. Aq. Sci.,23.21,NA,23,0,NA,0,NA,7.481856602,NA,2.01248097,3.14458322,Oncorhynchus tshawytscha,winter,juvenile,,"dataset has MMR too if needed. Set to DQ for now bc Zillig 2023 seems to contain most of these data. Still need to figure out which ones 2023 doesn’t have, and why",Fish668_11.23_WINTER_7.27.18,11,individual,1,12.8,3,278,exogenous,wet,ns,fresh,post-smolt,Zillig et al.2022_435,435,0.02321,1.106739044,Sacramento
2022,Zillig et al.,Can J Fish. Aq. Sci.,19.54,NA,23,0,NA,0,NA,5.972797781,NA,1.787215458,2.972463647,Oncorhynchus tshawytscha,winter,juvenile,,"dataset has MMR too if needed. Set to DQ for now bc Zillig 2023 seems to contain most of these data. Still need to figure out which ones 2023 doesn’t have, and why",Fish678_11.23_WINTER_8.10.18,11,individual,1,12.5,3,292,exogenous,wet,ns,fresh,post-smolt,Zillig et al.2022_436,436,0.01954,1.000448,Sacramento
2022,Zillig et al.,Can J Fish. Aq. Sci.,21.97,NA,23,0,NA,0,NA,5.139699657,NA,1.636994645,3.089677886,Oncorhynchus tshawytscha,winter,juvenile,,"dataset has MMR too if needed. Set to DQ for now bc Zillig 2023 seems to contain most of these data. Still need to figure out which ones 2023 doesn’t have, and why",Fish685_11.11_WINTER_8.10.18,11,individual,1,12.6,3,292,exogenous,wet,ns,fresh,post-smolt,Zillig et al.2022_437,437,0.02197,1.098293521,Sacramento
2022,Zillig et al.,Can J Fish. Aq. Sci.,18.4,NA,12,0,NA,0,NA,2.117774417,NA,0.750365734,2.912350665,Oncorhynchus tshawytscha,winter,juvenile,,"dataset has MMR too if needed. Set to DQ for now bc Zillig 2023 seems to contain most of these data. Still need to figure out which ones 2023 doesn’t have, and why",Fish696_20.12_WINTER_8.13.18,20,individual,1,11.9,3,294,exogenous,wet,ns,fresh,post-smolt,Zillig et al.2022_438,438,0.0184,1.091885098,Sacramento
2022,Zillig et al.,Can J Fish. Aq. Sci.,23.07,NA,12,0,NA,0,NA,1.957386959,NA,0.6716104,3.138533072,Oncorhynchus tshawytscha,winter,juvenile,,"dataset has MMR too if needed. Set to DQ for now bc Zillig 2023 seems to contain most of these data. Still need to figure out which ones 2023 doesn’t have, and why",Fish697_20.12_WINTER_8.13.18,20,individual,1,12.6,3,294,exogenous,wet,ns,fresh,post-smolt,Zillig et al.2022_439,439,0.02307,1.153283183,Sacramento
2022,Zillig et al.,Can J Fish. Aq. Sci.,21.38,NA,8,0,NA,0,NA,1.004888361,NA,0.004876451,3.062455906,Oncorhynchus tshawytscha,winter,juvenile,,"dataset has MMR too if needed. Set to DQ for now bc Zillig 2023 seems to contain most of these data. Still need to figure out which ones 2023 doesn’t have, and why",Fish700_20.8_WINTER_8.14.18,20,individual,1,11.8,3,295,exogenous,wet,ns,fresh,post-smolt,Zillig et al.2022_440,440,0.02138,1.301252806,Sacramento
2022,Zillig et al.,Can J Fish. Aq. Sci.,26.79,NA,8,0,NA,0,NA,1.232589155,NA,0.209116961,3.288028684,Oncorhynchus tshawytscha,winter,juvenile,,"dataset has MMR too if needed. Set to DQ for now bc Zillig 2023 seems to contain most of these data. Still need to figure out which ones 2023 doesn’t have, and why",Fish701_20.8_WINTER_8.14.18,20,individual,1,12.7,3,295,exogenous,wet,ns,fresh,post-smolt,Zillig et al.2022_441,441,0.02679,1.307860883,Sacramento
2022,Zillig et al.,Can J Fish. Aq. Sci.,20.55,NA,25,0,NA,0,NA,5.695840274,NA,1.739736132,3.022860941,Oncorhynchus tshawytscha,winter,juvenile,,"dataset has MMR too if needed. Set to DQ for now bc Zillig 2023 seems to contain most of these data. Still need to figure out which ones 2023 doesn’t have, and why",Fish702_20.25_WINTER_8.14.18,20,individual,1,11.6,3,295,exogenous,wet,ns,fresh,post-smolt,Zillig et al.2022_442,442,0.02055,1.316551519,Sacramento
2022,Zillig et al.,Can J Fish. Aq. Sci.,23.03,NA,25,0,NA,0,NA,6.229478727,NA,1.829292658,3.136797714,Oncorhynchus tshawytscha,winter,juvenile,,"dataset has MMR too if needed. Set to DQ for now bc Zillig 2023 seems to contain most of these data. Still need to figure out which ones 2023 doesn’t have, and why",Fish703_20.25_WINTER_8.14.18,20,individual,1,12.2,3,295,exogenous,wet,ns,fresh,post-smolt,Zillig et al.2022_443,443,0.02303,1.268277962,Sacramento
2022,Zillig et al.,Can J Fish. Aq. Sci.,18.68,NA,10,0,NA,0,NA,1.526548403,NA,0.423009241,2.927453433,Oncorhynchus tshawytscha,winter,juvenile,,"dataset has MMR too if needed. Set to DQ for now bc Zillig 2023 seems to contain most of these data. Still need to figure out which ones 2023 doesn’t have, and why",Fish712_20.10_WINTER_8.22.18,20,individual,1,11.3,3,303,exogenous,wet,ns,fresh,post-smolt,Zillig et al.2022_444,444,0.01868,1.294617703,Sacramento
2022,Zillig et al.,Can J Fish. Aq. Sci.,20.28,NA,10,0,NA,0,NA,1.543676547,NA,0.43416694,3.009635179,Oncorhynchus tshawytscha,winter,juvenile,,"dataset has MMR too if needed. Set to DQ for now bc Zillig 2023 seems to contain most of these data. Still need to figure out which ones 2023 doesn’t have, and why",Fish713_20.10_WINTER_8.22.18,20,individual,1,11.9,3,304,exogenous,wet,ns,fresh,post-smolt,Zillig et al.2022_445,445,0.02028,1.203447271,Sacramento
2022,Zillig et al.,Can J Fish. Aq. Sci.,22.06,NA,14,0,NA,0,NA,2.021731949,NA,0.703954544,3.093766014,Oncorhynchus tshawytscha,winter,juvenile,,"dataset has MMR too if needed. Set to DQ for now bc Zillig 2023 seems to contain most of these data. Still need to figure out which ones 2023 doesn’t have, and why",Fish715_20.14_WINTER_8.23.18,20,individual,1,11.8,3,304,exogenous,wet,ns,fresh,post-smolt,Zillig et al.2022_446,446,0.02206,1.342639705,Sacramento
2022,Zillig et al.,Can J Fish. Aq. Sci.,19.02,NA,14,0,NA,0,NA,1.906072182,NA,0.645044675,2.945491057,Oncorhynchus tshawytscha,winter,juvenile,,"dataset has MMR too if needed. Set to DQ for now bc Zillig 2023 seems to contain most of these data. Still need to figure out which ones 2023 doesn’t have, and why",Fish716_20.14_WINTER_8.23.18,20,individual,1,11.6,3,304,exogenous,wet,ns,fresh,post-smolt,Zillig et al.2022_447,447,0.01902,1.218530895,Sacramento
2022,Zillig et al.,Can J Fish. Aq. Sci.,19.8,NA,16,0,NA,0,NA,1.751922539,NA,0.560713778,2.985681938,Oncorhynchus tshawytscha,winter,juvenile,,"dataset has MMR too if needed. Set to DQ for now bc Zillig 2023 seems to contain most of these data. Still need to figure out which ones 2023 doesn’t have, and why",Fish718_20.16_WINTER_8.23.18,20,individual,1,11.6,3,304,exogenous,wet,ns,fresh,post-smolt,Zillig et al.2022_448,448,0.0198,1.268502194,Sacramento
2022,Zillig et al.,Can J Fish. Aq. Sci.,16.4,NA,22,0,NA,0,NA,2.710883175,NA,0.997274477,2.797281335,Oncorhynchus tshawytscha,winter,juvenile,,"dataset has MMR too if needed. Set to DQ for now bc Zillig 2023 seems to contain most of these data. Still need to figure out which ones 2023 doesn’t have, and why",Fish797_20.22_WINTER_10.1.18,20,individual,1,10.7,3,343,exogenous,wet,ns,fresh,post-smolt,Zillig et al.2022_449,449,0.0164,1.338728518,Sacramento
2022,Zillig et al.,Can J Fish. Aq. Sci.,17.48,NA,22,0,NA,0,NA,2.928638909,NA,1.074537779,2.86105737,Oncorhynchus tshawytscha,winter,juvenile,,"dataset has MMR too if needed. Set to DQ for now bc Zillig 2023 seems to contain most of these data. Still need to figure out which ones 2023 doesn’t have, and why",Fish798_20.22_WINTER_10.1.18,20,individual,1,11.2,3,343,exogenous,wet,ns,fresh,post-smolt,Zillig et al.2022_450,450,0.01748,1.244191873,Sacramento
2022,Zillig et al.,Can J Fish. Aq. Sci.,15.22,NA,12,0,NA,0,NA,1.682833988,NA,0.52047927,2.722610352,Oncorhynchus tshawytscha,winter,juvenile,,"dataset has MMR too if needed. Set to DQ for now bc Zillig 2023 seems to contain most of these data. Still need to figure out which ones 2023 doesn’t have, and why",Fish823_20.12_WINTER_10.16.18,20,individual,1,10.8,3,358,exogenous,wet,ns,fresh,post-smolt,Zillig et al.2022_451,451,0.01522,1.208212671,Sacramento
2022,Zillig et al.,Can J Fish. Aq. Sci.,16.16,NA,12,0,NA,0,NA,1.263310554,NA,0.233735699,2.782539053,Oncorhynchus tshawytscha,winter,juvenile,,"dataset has MMR too if needed. Set to DQ for now bc Zillig 2023 seems to contain most of these data. Still need to figure out which ones 2023 doesn’t have, and why",Fish824_20.12_WINTER_10.16.18,20,individual,1,11,3,358,exogenous,wet,ns,fresh,post-smolt,Zillig et al.2022_452,452,0.01616,1.214124718,Sacramento
2022,Zillig et al.,Can J Fish. Aq. Sci.,13.23,NA,16,0,NA,0,NA,0.86952449,NA,-0.13980878,2.582486978,Oncorhynchus tshawytscha,winter,juvenile,,"dataset has MMR too if needed. Set to DQ for now bc Zillig 2023 seems to contain most of these data. Still need to figure out which ones 2023 doesn’t have, and why",Fish825_20.16_WINTER_10.16.18,20,individual,1,10.4,3,358,exogenous,wet,ns,fresh,post-smolt,Zillig et al.2022_453,453,0.01323,1.176142183,Sacramento
2022,Zillig et al.,Can J Fish. Aq. Sci.,15.72,NA,16,0,NA,0,NA,2.166279839,NA,0.773011336,2.754933787,Oncorhynchus tshawytscha,winter,juvenile,,"dataset has MMR too if needed. Set to DQ for now bc Zillig 2023 seems to contain most of these data. Still need to figure out which ones 2023 doesn’t have, and why",Fish826_20.16_WINTER_10.16.18,20,individual,1,11,3,358,exogenous,wet,ns,fresh,post-smolt,Zillig et al.2022_454,454,0.01572,1.181066867,Sacramento
2022,Zillig et al.,Can J Fish. Aq. Sci.,15.9,NA,18,0,NA,0,NA,2.148825849,NA,0.764921576,2.766319109,Oncorhynchus tshawytscha,winter,juvenile,,"dataset has MMR too if needed. Set to DQ for now bc Zillig 2023 seems to contain most of these data. Still need to figure out which ones 2023 doesn’t have, and why",Fish833_20.18_WINTER_12.11.18,20,individual,1,12,3,414,exogenous,wet,ns,fresh,post-smolt,Zillig et al.2022_455,455,0.0159,0.920138889,Sacramento
2022,Zillig et al.,Can J Fish. Aq. Sci.,22.3,NA,18,0,NA,0,NA,1.755437575,NA,0.562718156,3.104586678,Oncorhynchus tshawytscha,winter,juvenile,,"dataset has MMR too if needed. Set to DQ for now bc Zillig 2023 seems to contain most of these data. Still need to figure out which ones 2023 doesn’t have, and why",Fish834_20.18_WINTER_12.11.18,20,individual,1,12.9,3,414,exogenous,wet,ns,fresh,post-smolt,Zillig et al.2022_456,456,0.0223,1.038809068,Sacramento
2022,Zillig et al.,Can J Fish. Aq. Sci.,23.6,NA,25,0,NA,0,NA,5.9380078,NA,1.78137369,3.161246712,Oncorhynchus tshawytscha,winter,juvenile,,"dataset has MMR too if needed. Set to DQ for now bc Zillig 2023 seems to contain most of these data. Still need to figure out which ones 2023 doesn’t have, and why",Fish835_20.25_WINTER_12.11.18,20,individual,1,12.8,3,414,exogenous,wet,ns,fresh,post-smolt,Zillig et al.2022_457,457,0.0236,1.125335693,Sacramento
2022,Zillig et al.,Can J Fish. Aq. Sci.,25.2,NA,25,0,NA,0,NA,4.814562796,NA,1.571645241,3.226843995,Oncorhynchus tshawytscha,winter,juvenile,,"dataset has MMR too if needed. Set to DQ for now bc Zillig 2023 seems to contain most of these data. Still need to figure out which ones 2023 doesn’t have, and why",Fish836_20.25_WINTER_12.11.18,20,individual,1,13.5,3,414,exogenous,wet,ns,fresh,post-smolt,Zillig et al.2022_458,458,0.0252,1.024234111,Sacramento
2022,Zillig et al.,Can J Fish. Aq. Sci.,13.5,NA,24,0,NA,0,NA,2.806557424,NA,1.031958616,2.602689685,Oncorhynchus tshawytscha,winter,juvenile,,"dataset has MMR too if needed. Set to DQ for now bc Zillig 2023 seems to contain most of these data. Still need to figure out which ones 2023 doesn’t have, and why",Fish838_20.24_WINTER_12.12.18,20,individual,1,10.7,3,415,exogenous,wet,ns,fresh,post-smolt,Zillig et al.2022_459,459,0.0135,1.102002134,Sacramento
2022,Zillig et al.,Can J Fish. Aq. Sci.,32.9,NA,22,0,NA,0,NA,12.47917385,NA,2.524061163,3.493472658,Oncorhynchus tshawytscha,winter,juvenile,,"dataset has MMR too if needed. Set to DQ for now bc Zillig 2023 seems to contain most of these data. Still need to figure out which ones 2023 doesn’t have, and why",Fish839_20.22_WINTER_12.12.18,20,individual,1,14.2,3,415,exogenous,wet,ns,fresh,post-smolt,Zillig et al.2022_460,460,0.0329,1.149028669,Sacramento
2022,Zillig et al.,Can J Fish. Aq. Sci.,13.8,NA,22,0,NA,0,NA,2.968298688,NA,1.087988956,2.624668592,Oncorhynchus tshawytscha,winter,juvenile,,"dataset has MMR too if needed. Set to DQ for now bc Zillig 2023 seems to contain most of these data. Still need to figure out which ones 2023 doesn’t have, and why",Fish840_20.22.WINTER_12.12.18,20,individual,1,11.7,3,415,exogenous,wet,ns,fresh,post-smolt,Zillig et al.2022_461,461,0.0138,0.861631368,Sacramento
2022,Zillig et al.,Can J Fish. Aq. Sci.,23.85,NA,20,0,NA,0,NA,4.030520311,NA,1.393895477,3.171784217,Oncorhynchus tshawytscha,winter,juvenile,,"dataset has MMR too if needed. Set to DQ for now bc Zillig 2023 seems to contain most of these data. Still need to figure out which ones 2023 doesn’t have, and why",Fish841_20.20_Winter_1.22.2019,20,individual,1,12.7,3,456,exogenous,wet,ns,fresh,post-smolt,Zillig et al.2022_462,462,0.02385,1.164333037,Sacramento
2022,Zillig et al.,Can J Fish. Aq. Sci.,22.15,NA,20,0,NA,0,NA,2.200459727,NA,0.788666305,3.097837496,Oncorhynchus tshawytscha,winter,juvenile,,"dataset has MMR too if needed. Set to DQ for now bc Zillig 2023 seems to contain most of these data. Still need to figure out which ones 2023 doesn’t have, and why",Fish842_20.20_Winter_1.22.2019,20,individual,1,12.1,3,456,exogenous,wet,ns,fresh,post-smolt,Zillig et al.2022_463,463,0.02215,1.250309755,Sacramento
2022,Zillig et al.,Can J Fish. Aq. Sci.,24.87,NA,18,0,NA,0,NA,2.663904011,NA,0.97979272,3.213662258,Oncorhynchus tshawytscha,winter,juvenile,,"dataset has MMR too if needed. Set to DQ for now bc Zillig 2023 seems to contain most of these data. Still need to figure out which ones 2023 doesn’t have, and why",Fish843_20.18_Winter_1.22.2019,20,individual,1,12.5,3,456,exogenous,wet,ns,fresh,post-smolt,Zillig et al.2022_464,464,0.02487,1.273344,Sacramento
2022,Zillig et al.,Can J Fish. Aq. Sci.,33.13,NA,18,0,NA,0,NA,4.195947375,NA,1.434119149,3.500439216,Oncorhynchus tshawytscha,winter,juvenile,,"dataset has MMR too if needed. Set to DQ for now bc Zillig 2023 seems to contain most of these data. Still need to figure out which ones 2023 doesn’t have, and why",Fish844_20.18_Winter_1.22.2019,20,individual,1,13.7,3,456,exogenous,wet,ns,fresh,post-smolt,Zillig et al.2022_465,465,0.03313,1.288426754,Sacramento
2022,Zillig et al.,Can J Fish. Aq. Sci.,22.82,NA,24,0,NA,0,NA,3.952831937,NA,1.374432268,3.127637344,Oncorhynchus tshawytscha,winter,juvenile,,"dataset has MMR too if needed. Set to DQ for now bc Zillig 2023 seems to contain most of these data. Still need to figure out which ones 2023 doesn’t have, and why",Fish846_20.24_Winter_1.23.2019,20,individual,1,12.3,3,457,exogenous,wet,ns,fresh,post-smolt,Zillig et al.2022_466,466,0.02282,1.226310102,Sacramento
2022,Zillig et al.,Can J Fish. Aq. Sci.,17.22,NA,22,0,NA,0,NA,3.043655767,NA,1.113059348,2.846071499,Oncorhynchus tshawytscha,winter,juvenile,,"dataset has MMR too if needed. Set to DQ for now bc Zillig 2023 seems to contain most of these data. Still need to figure out which ones 2023 doesn’t have, and why",Fish847_20.22_Winter_1.23.2019,20,individual,1,11.3,3,457,exogenous,wet,ns,fresh,post-smolt,Zillig et al.2022_467,467,0.01722,1.193432379,Sacramento
2022,Zillig et al.,Can J Fish. Aq. Sci.,19.6,NA,22,0,NA,0,NA,3.743499636,NA,1.320020906,2.975529566,Oncorhynchus tshawytscha,winter,juvenile,,"dataset has MMR too if needed. Set to DQ for now bc Zillig 2023 seems to contain most of these data. Still need to figure out which ones 2023 doesn’t have, and why",Fish848_20.22_Winter_1.23.2019,20,individual,1,11.5,3,457,exogenous,wet,ns,fresh,post-smolt,Zillig et al.2022_468,468,0.0196,1.288731816,Sacramento
2022,Zillig et al.,Can J Fish. Aq. Sci.,17.89,NA,24,0,NA,0,NA,4.056203554,NA,1.400247451,2.884241898,Oncorhynchus tshawytscha,winter,juvenile,,"dataset has MMR too if needed. Set to DQ for now bc Zillig 2023 seems to contain most of these data. Still need to figure out which ones 2023 doesn’t have, and why",Fish850_20.24_Winter_1.24.2019,20,individual,1,11.7,3,458,exogenous,wet,ns,fresh,post-smolt,Zillig et al.2022_469,469,0.01789,1.116998925,Sacramento
2023,Zillig et al.,Cons. Phys.,23.85,,24,0,NA,0,NA,5.627594484,NA,1.727682083,3.171784217,Oncorhynchus tshawytscha,NA,juvenile,NA,,Fish003_20.24_Coleman_5.27.17,,,1,12.7,1,201,exogenous,wet,,fresh,,Zillig et al.2023_1,1,0.02385,1.164333037,Coleman
2023,Zillig et al.,Cons. Phys.,22.73,,24,0,NA,0,NA,4.949836245,NA,1.599354494,3.123685638,Oncorhynchus tshawytscha,NA,juvenile,NA,,Fish005_20.24_Coleman_5.27.17,,,1,12.2,1,201,exogenous,wet,,fresh,,Zillig et al.2023_2,2,0.02273,1.251756755,Coleman
2023,Zillig et al.,Cons. Phys.,25.22,,22,0,NA,0,NA,6.535982157,NA,1.877322628,3.227637331,Oncorhynchus tshawytscha,NA,juvenile,NA,,Fish007_20.22_Coleman_5.28.17,,,1,12.5,1,202,exogenous,wet,,fresh,,Zillig et al.2023_3,3,0.02522,1.291264,Coleman
2023,Zillig et al.,Cons. Phys.,24.46,,22,0,NA,0,NA,6.699217661,NA,1.901990753,3.19703913,Oncorhynchus tshawytscha,NA,juvenile,NA,,Fish010_20.22_Coleman_5.28.17,,,1,12.9,1,202,exogenous,wet,,fresh,,Zillig et al.2023_4,4,0.02446,1.139429139,Coleman
2023,Zillig et al.,Cons. Phys.,31.25,,24,0,NA,0,NA,10.6535375,NA,2.365891997,3.442019376,Oncorhynchus tshawytscha,NA,juvenile,NA,,Fish011_16.24_Coleman_5.29.17,,,1,13.6,1,203,exogenous,wet,,fresh,,Zillig et al.2023_5,5,0.03125,1.242319484,Coleman
2023,Zillig et al.,Cons. Phys.,24.22,,24,0,NA,0,NA,8.03992588,NA,2.084419864,3.187178738,Oncorhynchus tshawytscha,NA,juvenile,NA,,Fish012_16.24_Coleman_5.29.17,,,1,12.6,1,203,exogenous,wet,,fresh,,Zillig et al.2023_6,6,0.02422,1.210772375,Coleman
2023,Zillig et al.,Cons. Phys.,20.2,,16,0,NA,0,NA,3.730958372,NA,1.316665137,3.005682604,Oncorhynchus tshawytscha,NA,juvenile,NA,,Fish015_16.16_Coleman_5.30.17,,,1,12.1,1,204,exogenous,wet,,fresh,,Zillig et al.2023_7,7,0.0202,1.140237339,Coleman
2023,Zillig et al.,Cons. Phys.,29.3,,12,0,NA,0,NA,2.85949248,NA,1.050644155,3.377587516,Oncorhynchus tshawytscha,NA,juvenile,NA,,Fish019_20.12_Coleman_5.31.17,,,1,13.2,1,205,exogenous,wet,,fresh,,Zillig et al.2023_8,8,0.0293,1.273930768,Coleman
2023,Zillig et al.,Cons. Phys.,23.17,,12,0,NA,0,NA,2.331984533,NA,0.846719636,3.142858338,Oncorhynchus tshawytscha,NA,juvenile,NA,,Fish020_20.12_Coleman_5.31.17,,,1,12.2,1,205,exogenous,wet,,fresh,,Zillig et al.2023_9,9,0.02317,1.275987858,Coleman
2023,Zillig et al.,Cons. Phys.,32.99,,22,0,NA,0,NA,7.736997977,NA,2.046013754,3.496204485,Oncorhynchus tshawytscha,NA,juvenile,NA,,Fish021_16.22_Coleman_5.31.17,,,1,13.6,1,205,exogenous,wet,,fresh,,Zillig et al.2023_10,10,0.03299,1.311491833,Coleman
2023,Zillig et al.,Cons. Phys.,20.76,,22,0,NA,0,NA,5.955792561,NA,1.784364286,3.033028058,Oncorhynchus tshawytscha,NA,juvenile,NA,,Fish022_16.22_Coleman_5.31.17,,,1,12.2,1,205,exogenous,wet,,fresh,,Zillig et al.2023_11,11,0.02076,1.143267498,Coleman
2023,Zillig et al.,Cons. Phys.,30.8,,14,0,NA,0,NA,3.67699024,NA,1.302094548,3.42751469,Oncorhynchus tshawytscha,NA,juvenile,NA,,Fish023_20.14_Coleman_6.1.17,,,1,13.3,1,206,exogenous,wet,,fresh,,Zillig et al.2023_12,12,0.0308,1.309169243,Coleman
2023,Zillig et al.,Cons. Phys.,22.2,,20,0,NA,0,NA,4.03655316,NA,1.395391149,3.100092289,Oncorhynchus tshawytscha,NA,juvenile,NA,,Fish025_16.20_Coleman_6.1.17,,,1,12.3,1,206,exogenous,wet,,fresh,,Zillig et al.2023_13,13,0.0222,1.192992299,Coleman
2023,Zillig et al.,Cons. Phys.,22.2,,20,0,NA,0,NA,4.595807876,NA,1.525144557,3.100092289,Oncorhynchus tshawytscha,NA,juvenile,NA,,Fish026_16.20_Coleman_6.1.17,,,1,12.4,1,206,exogenous,wet,,fresh,,Zillig et al.2023_14,14,0.0222,1.16436172,Coleman
2023,Zillig et al.,Cons. Phys.,19.73,,18,0,NA,0,NA,2.397259152,NA,0.874326065,2.98214032,Oncorhynchus tshawytscha,NA,juvenile,NA,,Fish027_20.18_Coleman_6.3.17,,,1,11.9,1,208,exogenous,wet,,fresh,,Zillig et al.2023_15,15,0.01973,1.170809401,Coleman
2023,Zillig et al.,Cons. Phys.,18.4,,18,0,NA,0,NA,2.611035918,NA,0.959747046,2.912350665,Oncorhynchus tshawytscha,NA,juvenile,NA,,Fish028_20.18_Coleman_6.3.17,,,1,11.6,1,208,exogenous,wet,,fresh,,Zillig et al.2023_16,16,0.0184,1.178810119,Coleman
2023,Zillig et al.,Cons. Phys.,23.2,,14,0,NA,0,NA,2.666951956,NA,0.980936231,3.144152279,Oncorhynchus tshawytscha,NA,juvenile,NA,,Fish029_16.14_Coleman_6.3.17,,,1,12.7,1,208,exogenous,wet,,fresh,,Zillig et al.2023_17,17,0.0232,1.13260069,Coleman
2023,Zillig et al.,Cons. Phys.,19.89,,14,0,NA,0,NA,2.636241377,NA,0.969354182,2.990217093,Oncorhynchus tshawytscha,NA,juvenile,NA,,Fish030_16.14_Coleman_6.3.17,,,1,11.9,1,208,exogenous,wet,,fresh,,Zillig et al.2023_18,18,0.01989,1.180304054,Coleman
2023,Zillig et al.,Cons. Phys.,19.26,,12,0,NA,0,NA,1.823251414,NA,0.600621398,2.958030406,Oncorhynchus tshawytscha,NA,juvenile,NA,,Fish031_16.12_Coleman_6.4.17,,,1,11.9,1,209,exogenous,wet,,fresh,,Zillig et al.2023_19,19,0.01926,1.142918858,Coleman
2023,Zillig et al.,Cons. Phys.,22.23,,12,0,NA,0,NA,1.950063617,NA,0.667861996,3.101442728,Oncorhynchus tshawytscha,NA,juvenile,NA,,Fish032_16.12_Coleman_6.4.17,,,1,12.5,1,209,exogenous,wet,,fresh,,Zillig et al.2023_20,20,0.02223,1.138176,Coleman
2023,Zillig et al.,Cons. Phys.,24.79,,20,0,NA,0,NA,4.488704052,NA,1.50156403,3.210440346,Oncorhynchus tshawytscha,NA,juvenile,NA,,Fish033_20.20_Coleman_6.4.17,,,1,12.8,1,209,exogenous,wet,,fresh,,Zillig et al.2023_21,21,0.02479,1.182079315,Coleman
2023,Zillig et al.,Cons. Phys.,21.3,,10,0,NA,0,NA,1.889837975,NA,0.636491098,3.058707073,Oncorhynchus tshawytscha,NA,juvenile,NA,,Fish035_20.10_Coleman_6.5.17,,,1,12.1,1,210,exogenous,wet,,fresh,,Zillig et al.2023_22,22,0.0213,1.202329471,Coleman
2023,Zillig et al.,Cons. Phys.,17.67,,10,0,NA,0,NA,1.063170857,NA,0.061255817,2.871868286,Oncorhynchus tshawytscha,NA,juvenile,NA,,Fish036_20.10_Coleman_6.5.17,,,1,11.3,1,210,exogenous,wet,,fresh,,Zillig et al.2023_23,23,0.01767,1.224619637,Coleman
2023,Zillig et al.,Cons. Phys.,26.59,,8,0,NA,0,NA,1.678540727,NA,0.517924801,3.280535205,Oncorhynchus tshawytscha,NA,juvenile,NA,,Fish037_16.8_Coleman_6.5.17,,,1,13.3,1,210,exogenous,wet,,fresh,,Zillig et al.2023_24,24,0.02659,1.130221109,Coleman
2023,Zillig et al.,Cons. Phys.,18.99,,8,0,NA,0,NA,0.948078788,NA,-0.05331767,2.943912525,Oncorhynchus tshawytscha,NA,juvenile,NA,,Fish038_16.8_Coleman_6.5.17,,,1,11.9,1,210,exogenous,wet,,fresh,,Zillig et al.2023_25,25,0.01899,1.126896631,Coleman
2023,Zillig et al.,Cons. Phys.,20.51,,10,0,NA,0,NA,1.630102804,NA,0.488643083,3.020912572,Oncorhynchus tshawytscha,NA,juvenile,NA,,Fish039_16.10_Coleman_6.6.17,,,1,12.1,1,211,exogenous,wet,,fresh,,Zillig et al.2023_26,26,0.02051,1.157736031,Coleman
2023,Zillig et al.,Cons. Phys.,28.19,,8,0,NA,0,NA,1.786010787,NA,0.579984522,3.338967305,Oncorhynchus tshawytscha,NA,juvenile,NA,,Fish040_20.8_Coleman_6.6.17,,,1,13.5,1,211,exogenous,wet,,fresh,,Zillig et al.2023_27,27,0.02819,1.145760301,Coleman
2023,Zillig et al.,Cons. Phys.,22.81,,8,0,NA,0,NA,1.215084594,NA,0.194813699,3.127199036,Oncorhynchus tshawytscha,NA,juvenile,NA,,Fish041_20.8_Coleman_6.6.17,,,1,12.8,1,211,exogenous,wet,,fresh,,Zillig et al.2023_28,28,0.02281,1.087665558,Coleman
2023,Zillig et al.,Cons. Phys.,24.96,,10,0,NA,0,NA,2.334816307,NA,0.847933219,3.217274544,Oncorhynchus tshawytscha,NA,juvenile,NA,,Fish042_16.10_Coleman_6.6.17,,,1,12.9,1,211,exogenous,wet,,fresh,,Zillig et al.2023_29,29,0.02496,1.162720823,Coleman
2023,Zillig et al.,Cons. Phys.,23.08,,16,0,NA,0,NA,3.028015695,NA,1.107907519,3.138966442,Oncorhynchus tshawytscha,NA,juvenile,NA,,Fish043_20.16_Coleman_6.7.17,,,1,12.5,1,212,exogenous,wet,,fresh,,Zillig et al.2023_30,30,0.02308,1.181696,Coleman
2023,Zillig et al.,Cons. Phys.,21.16,,16,0,NA,0,NA,2.854080377,NA,1.048749682,3.052112607,Oncorhynchus tshawytscha,NA,juvenile,NA,,Fish044_20.16_Coleman_6.7.17,,,1,12.4,1,212,exogenous,wet,,fresh,,Zillig et al.2023_31,31,0.02116,1.109815045,Coleman
2023,Zillig et al.,Cons. Phys.,20.63,,18,0,NA,0,NA,3.066280898,NA,1.120465393,3.026746327,Oncorhynchus tshawytscha,NA,juvenile,NA,,Fish045_16.18_Coleman_6.7.17,,,1,12,1,212,exogenous,wet,,fresh,,Zillig et al.2023_32,32,0.02063,1.193865741,Coleman
2023,Zillig et al.,Cons. Phys.,19.99,,18,0,NA,0,NA,3.513477017,NA,1.25660615,2.995232149,Oncorhynchus tshawytscha,NA,juvenile,NA,,Fish046_16.18_Coleman_6.7.17,,,1,12.2,1,212,exogenous,wet,,fresh,,Zillig et al.2023_33,33,0.01999,1.100863068,Coleman
2023,Zillig et al.,Cons. Phys.,23.77,,14,0,NA,0,NA,2.796935769,NA,1.02852445,3.168424281,Oncorhynchus tshawytscha,NA,juvenile,NA,,Fish047_20.14_Coleman_6.8.17,,,1,12.6,1,213,exogenous,wet,,fresh,,Zillig et al.2023_34,34,0.02377,1.188276604,Coleman
2023,Zillig et al.,Cons. Phys.,29.57,,14,0,NA,0,NA,2.531019117,NA,0.928622035,3.386760334,Oncorhynchus tshawytscha,NA,juvenile,NA,,Fish048_20.14_Coleman_6.8.17,,,1,13.4,1,213,exogenous,wet,,fresh,,Zillig et al.2023_35,35,0.02957,1.228957684,Coleman
2023,Zillig et al.,Cons. Phys.,27.81,,12,0,NA,0,NA,2.744157885,NA,1.009474246,3.325395668,Oncorhynchus tshawytscha,NA,juvenile,NA,,Fish052_20.12_Coleman_6.10.17,,,1,13.2,1,214,exogenous,wet,,fresh,,Zillig et al.2023_36,36,0.02781,1.209147258,Coleman
2023,Zillig et al.,Cons. Phys.,21.99,,8,0,NA,0,NA,1.164692214,NA,0.152456858,3.090587805,Oncorhynchus tshawytscha,NA,juvenile,NA,,Fish054_16.8_Coleman_6.10.17,,,1,12.7,1,214,exogenous,wet,,fresh,,Zillig et al.2023_37,37,0.02199,1.073529706,Coleman
2023,Zillig et al.,Cons. Phys.,26.2,,24,0,NA,0,NA,6.8718277,NA,1.927430112,3.265759411,Oncorhynchus tshawytscha,NA,juvenile,NA,,Fish055_16.24_Coleman_6.11.17,,,1,13,1,216,exogenous,wet,,fresh,,Zillig et al.2023_38,38,0.0262,1.192535275,Coleman
2023,Zillig et al.,Cons. Phys.,21.71,,24,0,NA,0,NA,5.515282214,NA,1.707522823,3.077772984,Oncorhynchus tshawytscha,NA,juvenile,NA,,Fish056_16.24_Coleman_6.11.17,,,1,12.2,1,216,exogenous,wet,,fresh,,Zillig et al.2023_39,39,0.02171,1.195584652,Coleman
2023,Zillig et al.,Cons. Phys.,23.64,,16,0,NA,0,NA,2.578228834,NA,0.947102665,3.162940193,Oncorhynchus tshawytscha,NA,juvenile,NA,,Fish057_20.16_Coleman_6.11.17,,,1,12.9,1,216,exogenous,wet,,fresh,,Zillig et al.2023_40,40,0.02364,1.101230779,Coleman
2023,Zillig et al.,Cons. Phys.,25.26,,16,0,NA,0,NA,3.116293365,NA,1.136644271,3.229222117,Oncorhynchus tshawytscha,NA,juvenile,NA,,Fish058_20.16_Coleman_6.11.17,,,1,13,1,216,exogenous,wet,,fresh,,Zillig et al.2023_41,41,0.02526,1.149749659,Coleman
2023,Zillig et al.,Cons. Phys.,25.23,,12,0,NA,0,NA,2.102053345,NA,0.74291465,3.228033763,Oncorhynchus tshawytscha,NA,juvenile,NA,,Fish060_16.12_Coleman_6.12.17,,,1,13.3,1,217,exogenous,wet,,fresh,,Zillig et al.2023_42,42,0.02523,1.072413636,Coleman
2023,Zillig et al.,Cons. Phys.,24.5,,24,0,NA,0,NA,6.605426591,NA,1.887891522,3.198673118,Oncorhynchus tshawytscha,NA,juvenile,NA,,Fish061_20.24_Coleman_6.12.17,,,1,12.8,1,217,exogenous,wet,,fresh,,Zillig et al.2023_43,43,0.0245,1.168251038,Coleman
2023,Zillig et al.,Cons. Phys.,22.65,,24,0,NA,0,NA,5.233382278,NA,1.655057776,3.120159852,Oncorhynchus tshawytscha,NA,juvenile,NA,,Fish062_20.24_Coleman_6.12.17,,,1,12.4,1,217,exogenous,wet,,fresh,,Zillig et al.2023_44,44,0.02265,1.187963647,Coleman
2023,Zillig et al.,Cons. Phys.,23.3,,22,0,NA,0,NA,4.322682018,NA,1.463876047,3.148453361,Oncorhynchus tshawytscha,NA,juvenile,NA,,Fish063_20.22_Coleman_6.13.17,,,1,12.7,1,218,exogenous,wet,,fresh,,Zillig et al.2023_45,45,0.0233,1.13748259,Coleman
2023,Zillig et al.,Cons. Phys.,25.78,,22,0,NA,0,NA,4.932357729,NA,1.595817115,3.249598998,Oncorhynchus tshawytscha,NA,juvenile,NA,,Fish064_20.22_Coleman_6.13.17,,,1,13.2,1,218,exogenous,wet,,fresh,,Zillig et al.2023_46,46,0.02578,1.12088516,Coleman
2023,Zillig et al.,Cons. Phys.,22.15,,20,0,NA,0,NA,3.630306979,NA,1.289317212,3.097837496,Oncorhynchus tshawytscha,NA,juvenile,NA,,Fish066_16.20_Coleman_6.13.17,,,1,12.5,1,218,exogenous,wet,,fresh,,Zillig et al.2023_47,47,0.02215,1.13408,Coleman
2023,Zillig et al.,Cons. Phys.,28.68,,14,0,NA,0,NA,3.662190565,NA,1.298061483,3.356200016,Oncorhynchus tshawytscha,NA,juvenile,NA,,Fish067_16.14_Coleman_6.14.17,,,1,13.4,1,219,exogenous,wet,,fresh,,Zillig et al.2023_48,48,0.02868,1.191968427,Coleman
2023,Zillig et al.,Cons. Phys.,23.77,,18,0,NA,0,NA,3.037704241,NA,1.111102046,3.168424281,Oncorhynchus tshawytscha,NA,juvenile,NA,,Fish068_20.18_Coleman_6.14.17,,,1,12.6,1,219,exogenous,wet,,fresh,,Zillig et al.2023_49,49,0.02377,1.188276604,Coleman
2023,Zillig et al.,Cons. Phys.,24.59,,14,0,NA,0,NA,2.90381693,NA,1.066026054,3.202339856,Oncorhynchus tshawytscha,NA,juvenile,NA,,Fish069_16.14_Coleman_6.14.17,,,1,12.7,1,219,exogenous,wet,,fresh,,Zillig et al.2023_50,50,0.02459,1.200459094,Coleman
2023,Zillig et al.,Cons. Phys.,24.92,,18,0,NA,0,NA,3.337026143,NA,1.205080034,3.215670694,Oncorhynchus tshawytscha,NA,juvenile,NA,,Fish070_20.18_Coleman_6.14.17,,,1,12.7,1,219,exogenous,wet,,fresh,,Zillig et al.2023_51,51,0.02492,1.216569362,Coleman
2023,Zillig et al.,Cons. Phys.,34.7,,8,0,NA,0,NA,2.050512526,NA,0.718089775,3.546739687,Oncorhynchus tshawytscha,NA,juvenile,NA,,Fish071_20.8_Coleman_6.15.17,,,1,13.8,1,220,exogenous,wet,,fresh,,Zillig et al.2023_52,52,0.0347,1.320359564,Coleman
2023,Zillig et al.,Cons. Phys.,28.24,,8,0,NA,0,NA,1.83485629,NA,0.606966163,3.340739413,Oncorhynchus tshawytscha,NA,juvenile,NA,,Fish072_20.8_Coleman_6.15.17,,,1,13.1,1,220,exogenous,wet,,fresh,,Zillig et al.2023_53,53,0.02824,1.256176907,Coleman
2023,Zillig et al.,Cons. Phys.,23.5,,16,0,NA,0,NA,3.493476061,NA,1.250897247,3.157000421,Oncorhynchus tshawytscha,NA,juvenile,NA,,Fish073_16.16_Coleman_6.15.17,,,1,12.6,1,220,exogenous,wet,,fresh,,Zillig et al.2023_54,54,0.0235,1.174779142,Coleman
2023,Zillig et al.,Cons. Phys.,26.6,,20,0,NA,0,NA,4.295569907,NA,1.457584238,3.280911216,Oncorhynchus tshawytscha,NA,juvenile,NA,,Fish075_20.20_Coleman_6.19.17,,,1,12.9,1,224,exogenous,wet,,fresh,,Zillig et al.2023_55,55,0.0266,1.239117543,Coleman
2023,Zillig et al.,Cons. Phys.,24.89,,20,0,NA,0,NA,4.493170455,NA,1.502558567,3.214466116,Oncorhynchus tshawytscha,NA,juvenile,NA,,Fish076_20.20_Coleman_6.19.17,,,1,12.8,1,224,exogenous,wet,,fresh,,Zillig et al.2023_56,56,0.02489,1.186847687,Coleman
2023,Zillig et al.,Cons. Phys.,30.06,,18,0,NA,0,NA,4.586470163,NA,1.523110701,3.403195384,Oncorhynchus tshawytscha,NA,juvenile,NA,,Fish077_16.18_Coleman_6.17.17,,,1,13.6,1,222,exogenous,wet,,fresh,,Zillig et al.2023_57,57,0.03006,1.195011958,Coleman
2023,Zillig et al.,Cons. Phys.,24.16,,18,0,NA,0,NA,4.545136668,NA,1.514057797,3.184698373,Oncorhynchus tshawytscha,NA,juvenile,NA,,Fish078_16.18_Coleman_6.17.17,,,1,12.7,1,222,exogenous,wet,,fresh,,Zillig et al.2023_58,58,0.02416,1.179466926,Coleman
2023,Zillig et al.,Cons. Phys.,36.21,,10,0,NA,0,NA,2.843431167,NA,1.04501148,3.589335324,Oncorhynchus tshawytscha,NA,juvenile,NA,,Fish079_20.10_Coleman_6.18.17,,,1,14.2,1,223,exogenous,wet,,fresh,,Zillig et al.2023_59,59,0.03621,1.264630034,Coleman
2023,Zillig et al.,Cons. Phys.,30.31,,10,0,NA,0,NA,1.938409368,NA,0.661867723,3.411477691,Oncorhynchus tshawytscha,NA,juvenile,NA,,Fish080_20.10_Coleman_6.18.17,,,1,13.5,1,223,exogenous,wet,,fresh,,Zillig et al.2023_60,60,0.03031,1.231926028,Coleman
2023,Zillig et al.,Cons. Phys.,25.69,,10,0,NA,0,NA,2.051784968,NA,0.718710131,3.246101811,Oncorhynchus tshawytscha,NA,juvenile,NA,,Fish081_16.10_Coleman_6.18.17,,,1,13.2,1,223,exogenous,wet,,fresh,,Zillig et al.2023_61,61,0.02569,1.116972062,Coleman
2023,Zillig et al.,Cons. Phys.,21.33,,10,0,NA,0,NA,1.209464325,NA,0.190177555,3.060114532,Oncorhynchus tshawytscha,NA,juvenile,NA,,Fish082_16.10_Coleman_6.18.17,,,1,12.2,1,223,exogenous,wet,,fresh,,Zillig et al.2023_62,62,0.02133,1.174657791,Coleman
2023,Zillig et al.,Cons. Phys.,27.37,,16,0,NA,0,NA,3.845974663,NA,1.347027059,3.309447523,Oncorhynchus tshawytscha,NA,juvenile,NA,,Fish083_16.16_Coleman_6.20.17,,,1,13.1,1,225,exogenous,wet,,fresh,,Zillig et al.2023_63,63,0.02737,1.217477406,Coleman
2023,Zillig et al.,Cons. Phys.,28.11,,16,0,NA,0,NA,3.544102964,NA,1.265285085,3.336125385,Oncorhynchus tshawytscha,NA,juvenile,NA,,Fish084_16.16_Coleman_6.20.17,,,1,13.4,1,225,exogenous,wet,,fresh,,Zillig et al.2023_64,64,0.02811,1.168278678,Coleman
2023,Zillig et al.,Cons. Phys.,23.43,,22,0,NA,0,NA,5.333639846,NA,1.674033903,3.154017253,Oncorhynchus tshawytscha,NA,juvenile,NA,,Fish085_16.22_Coleman_6.20.17,,,1,12.5,1,225,exogenous,wet,,fresh,,Zillig et al.2023_65,65,0.02343,1.199616,Coleman
2023,Zillig et al.,Cons. Phys.,23.83,,22,0,NA,0,NA,4.435614827,NA,1.489666237,3.170945291,Oncorhynchus tshawytscha,NA,juvenile,NA,,Fish086_16.22_Coleman_6.20.17,,,1,12.8,1,225,exogenous,wet,,fresh,,Zillig et al.2023_66,66,0.02383,1.136302948,Coleman
2023,Zillig et al.,Cons. Phys.,37.19,,22,0,NA,0,NA,11.31909084,NA,2.426490755,3.616039908,Oncorhynchus tshawytscha,NA,juvenile,NA,,Fish087_11.22_Coleman_6.21.17,,,1,14.6,1,226,exogenous,wet,,fresh,,Zillig et al.2023_67,67,0.03719,1.19499919,Coleman
2023,Zillig et al.,Cons. Phys.,24.23,,22,0,NA,0,NA,6.603566914,NA,1.887609944,3.187591535,Oncorhynchus tshawytscha,NA,juvenile,NA,,Fish088_11.22_Coleman_6.21.17,,,1,13.1,1,226,exogenous,wet,,fresh,,Zillig et al.2023_68,68,0.02423,1.077803345,Coleman
2023,Zillig et al.,Cons. Phys.,20.13,,24,0,NA,0,NA,6.463828367,NA,1.866221769,3.00221124,Oncorhynchus tshawytscha,NA,juvenile,NA,,Fish089_11.24_Coleman_6.21.17,,,1,12,1,226,exogenous,wet,,fresh,,Zillig et al.2023_69,69,0.02013,1.164930556,Coleman
2023,Zillig et al.,Cons. Phys.,22.15,,24,0,NA,0,NA,7.925389118,NA,2.070071419,3.097837496,Oncorhynchus tshawytscha,NA,juvenile,NA,,Fish090_11.24_Coleman_6.21.17,,,1,12.2,1,226,exogenous,wet,,fresh,,Zillig et al.2023_70,70,0.02215,1.219815756,Coleman
2023,Zillig et al.,Cons. Phys.,22.4,,14,0,NA,0,NA,3.245460364,NA,1.177257209,3.109060959,Oncorhynchus tshawytscha,NA,juvenile,NA,,Fish091_11.14_Coleman_6.21.17,,,1,12.7,1,227,exogenous,wet,,fresh,,Zillig et al.2023_71,71,0.0224,1.093545494,Coleman
2023,Zillig et al.,Cons. Phys.,21.96,,14,0,NA,0,NA,2.534196629,NA,0.929876675,3.089222617,Oncorhynchus tshawytscha,NA,juvenile,NA,,Fish092_11.14_Coleman_6.21.17,,,1,12.6,1,227,exogenous,wet,,fresh,,Zillig et al.2023_72,72,0.02196,1.097793615,Coleman
2023,Zillig et al.,Cons. Phys.,19.99,,16,0,NA,0,NA,3.00309323,NA,1.099642834,2.995232149,Oncorhynchus tshawytscha,NA,juvenile,NA,,Fish093_11.16_Coleman_6.21.17,,,1,12.2,1,227,exogenous,wet,,fresh,,Zillig et al.2023_73,73,0.01999,1.100863068,Coleman
2023,Zillig et al.,Cons. Phys.,22.09,,12,0,NA,0,NA,2.288216596,NA,0.827772735,3.095125017,Oncorhynchus tshawytscha,NA,juvenile,NA,,Fish095_11.12_Coleman_6.23.17,,,1,12.2,1,229,exogenous,wet,,fresh,,Zillig et al.2023_74,74,0.02209,1.216511514,Coleman
2023,Zillig et al.,Cons. Phys.,27.56,,20,0,NA,0,NA,4.672819351,NA,1.541762605,3.316365446,Oncorhynchus tshawytscha,NA,juvenile,NA,,Fish097_20.20_Coleman_6.24.17,,,1,12.9,1,229,exogenous,wet,,fresh,,Zillig et al.2023_75,75,0.02756,1.283837575,Coleman
2023,Zillig et al.,Cons. Phys.,25.25,,20,0,NA,0,NA,4.267580018,NA,1.451046926,3.228826156,Oncorhynchus tshawytscha,NA,juvenile,NA,,Fish098_20.20_Coleman_6.24.17,,,1,12.6,1,229,exogenous,wet,,fresh,,Zillig et al.2023_76,76,0.02525,1.262262695,Coleman
2023,Zillig et al.,Cons. Phys.,21.3,,16,0,NA,0,NA,3.604388247,NA,1.282152061,3.058707073,Oncorhynchus tshawytscha,NA,juvenile,NA,,Fish100_11.16_Coleman_6.24.17,,,1,12.3,1,230,exogenous,wet,,fresh,,Zillig et al.2023_77,77,0.0213,1.144627746,Coleman
2023,Zillig et al.,Cons. Phys.,23.55,,18,0,NA,0,NA,4.041411409,NA,1.39659399,3.15912582,Oncorhynchus tshawytscha,NA,juvenile,NA,,Fish101_11.18_Coleman_6.24.17,,,1,12.9,1,230,exogenous,wet,,fresh,,Zillig et al.2023_78,78,0.02355,1.097038276,Coleman
2023,Zillig et al.,Cons. Phys.,18.55,,18,0,NA,0,NA,2.984184419,NA,1.093326483,2.920469789,Oncorhynchus tshawytscha,NA,juvenile,NA,,Fish102_11.18_Coleman_6.24.17,,,1,11.8,1,230,exogenous,wet,,fresh,,Zillig et al.2023_79,79,0.01855,1.129010269,Coleman
2023,Zillig et al.,Cons. Phys.,19.24,,20,0,NA,0,NA,4.077481591,NA,1.405479541,2.956991445,Oncorhynchus tshawytscha,NA,juvenile,NA,,Fish107_11.20_Coleman_6.27.17,,,1,12.3,1,233,exogenous,wet,,fresh,,Zillig et al.2023_80,80,0.01924,1.033926659,Coleman
2023,Zillig et al.,Cons. Phys.,24.73,,20,0,NA,0,NA,4.661946714,NA,1.539433111,3.208017082,Oncorhynchus tshawytscha,NA,juvenile,NA,,Fish108_11.20_Coleman_6.27.17,,,1,13.1,1,233,exogenous,wet,,fresh,,Zillig et al.2023_81,81,0.02473,1.100044438,Coleman
2023,Zillig et al.,Cons. Phys.,21.07,,22,0,NA,0,NA,5.452338031,NA,1.696044513,3.047850228,Oncorhynchus tshawytscha,NA,juvenile,NA,,Fish109_11.22_Coleman_6.27.17,,,1,12.3,1,233,exogenous,wet,,fresh,,Zillig et al.2023_82,82,0.02107,1.132267916,Coleman
2023,Zillig et al.,Cons. Phys.,16.62,,22,0,NA,0,NA,4.412167014,NA,1.484365955,2.810606789,Oncorhynchus tshawytscha,NA,juvenile,NA,,Fish110_11.22_Coleman_6.27.17,,,1,11.6,1,233,exogenous,wet,,fresh,,Zillig et al.2023_83,83,0.01662,1.064773053,Coleman
2023,Zillig et al.,Cons. Phys.,18.26,,8,0,NA,0,NA,1.349305609,NA,0.299590097,2.904712875,Oncorhynchus tshawytscha,NA,juvenile,NA,,Fish111_11.8_Coleman_6.28.17,,,1,11.8,1,234,exogenous,wet,,fresh,,Zillig et al.2023_84,84,0.01826,1.111359974,Coleman
2023,Zillig et al.,Cons. Phys.,27.41,,10,0,NA,0,NA,2.9516912,NA,1.082378294,3.31090791,Oncorhynchus tshawytscha,NA,juvenile,NA,,Fish113_11.10_Coleman_6.28.17,,,1,13.3,1,234,exogenous,wet,,fresh,,Zillig et al.2023_85,85,0.02741,1.165075615,Coleman
2023,Zillig et al.,Cons. Phys.,22.91,,25,0,NA,0,NA,6.432971261,NA,1.861436525,3.131573496,Oncorhynchus tshawytscha,NA,juvenile,NA,,Fish115_16.25_Coleman_7.1.17,,,1,12.6,1,236,exogenous,wet,,fresh,,Zillig et al.2023_86,86,0.02291,1.145284686,Coleman
2023,Zillig et al.,Cons. Phys.,24.86,,25,0,NA,0,NA,6.362357322,NA,1.850398957,3.213260086,Oncorhynchus tshawytscha,NA,juvenile,NA,,Fish116_16.25_Coleman_7.1.17,,,1,12.5,1,236,exogenous,wet,,fresh,,Zillig et al.2023_87,87,0.02486,1.272832,Coleman
2023,Zillig et al.,Cons. Phys.,23.49,,25,0,NA,0,NA,6.806580165,NA,1.917889816,3.156574799,Oncorhynchus tshawytscha,NA,juvenile,NA,,Fish117_16.25_Coleman_7.1.17,,,1,12.6,1,236,exogenous,wet,,fresh,,Zillig et al.2023_88,88,0.02349,1.174279236,Coleman
2023,Zillig et al.,Cons. Phys.,25.51,,25,0,NA,0,NA,6.591078511,NA,1.885716994,3.239070532,Oncorhynchus tshawytscha,NA,juvenile,NA,,Fish119_20.25_Coleman_7.2.17,,,1,12.7,1,237,exogenous,wet,,fresh,,Zillig et al.2023_89,89,0.02551,1.245372569,Coleman
2023,Zillig et al.,Cons. Phys.,27.14,,25,0,NA,0,NA,6.367191544,NA,1.851158484,3.301008654,Oncorhynchus tshawytscha,NA,juvenile,NA,,Fish120_20.25_Coleman_7.2.17,,,1,12.7,1,237,exogenous,wet,,fresh,,Zillig et al.2023_90,90,0.02714,1.324947532,Coleman
2023,Zillig et al.,Cons. Phys.,25,,25,0,NA,0,NA,6.075446118,NA,1.804255422,3.218875825,Oncorhynchus tshawytscha,NA,juvenile,NA,,Fish121_20.25_Coleman_7.2.17,,,1,12.7,1,237,exogenous,wet,,fresh,,Zillig et al.2023_91,91,0.025,1.220474882,Coleman
2023,Zillig et al.,Cons. Phys.,18.86,,25,0,NA,0,NA,4.819538483,NA,1.572678173,2.937043277,Oncorhynchus tshawytscha,NA,juvenile,NA,,Fish122_20.25_Coleman_7.2.17,,,1,11.5,1,237,exogenous,wet,,fresh,,Zillig et al.2023_92,92,0.01886,1.240075614,Coleman
2023,Zillig et al.,Cons. Phys.,25.49,,12,0,NA,0,NA,1.973424009,NA,0.67977011,3.238286218,Oncorhynchus tshawytscha,NA,juvenile,NA,,Fish123_20.12_Coleman_7.3.17,,,1,12.5,1,238,exogenous,wet,,fresh,,Zillig et al.2023_93,93,0.02549,1.305088,Coleman
2023,Zillig et al.,Cons. Phys.,24.47,,12,0,NA,0,NA,1.890378538,NA,0.636777094,3.197447877,Oncorhynchus tshawytscha,NA,juvenile,NA,,Fish124_20.12_Coleman_7.3.17,,,1,12.6,1,238,exogenous,wet,,fresh,,Zillig et al.2023_94,94,0.02447,1.223270025,Coleman
2023,Zillig et al.,Cons. Phys.,25.56,,10,0,NA,0,NA,2.389767172,NA,0.871195944,3.24102863,Oncorhynchus tshawytscha,NA,juvenile,NA,,Fish125_16.10_Coleman_7.3.17,,,1,13.2,1,238,exogenous,wet,,fresh,,Zillig et al.2023_95,95,0.02556,1.11131981,Coleman
2023,Zillig et al.,Cons. Phys.,24.41,,10,0,NA,0,NA,2.055582972,NA,0.720559492,3.194992884,Oncorhynchus tshawytscha,NA,juvenile,NA,,Fish126_16.10_Coleman_7.3.17,,,1,12.9,1,238,exogenous,wet,,fresh,,Zillig et al.2023_96,96,0.02441,1.137099971,Coleman
2023,Zillig et al.,Cons. Phys.,19.72,,14,0,NA,0,NA,2.15038728,NA,0.765647956,2.981633349,Oncorhynchus tshawytscha,NA,juvenile,NA,,Fish128_11.14_Coleman_7.3.17,,,1,11.9,1,239,exogenous,wet,,fresh,,Zillig et al.2023_97,97,0.01972,1.170215986,Coleman
2023,Zillig et al.,Cons. Phys.,19.17,,8,0,NA,0,NA,1.189475051,NA,0.173512076,2.953346557,Oncorhynchus tshawytscha,NA,juvenile,NA,,Fish129_11.8_Coleman_7.3.17,,,1,12.1,1,239,exogenous,wet,,fresh,,Zillig et al.2023_98,98,0.01917,1.082096524,Coleman
2023,Zillig et al.,Cons. Phys.,27.69,,8,0,NA,0,NA,1.718890441,NA,0.54167899,3.321071337,Oncorhynchus tshawytscha,NA,juvenile,NA,,Fish130_11.8_Coleman_7.3.17,,,1,13.2,1,239,exogenous,wet,,fresh,,Zillig et al.2023_99,99,0.02769,1.203929794,Coleman
2023,Zillig et al.,Cons. Phys.,18.84,,12,0,NA,0,NA,1.657824277,NA,0.505506066,2.935982269,Oncorhynchus tshawytscha,NA,juvenile,NA,,Fish132_11.12_Coleman_7.4.17,,,1,11.8,1,240,exogenous,wet,,fresh,,Zillig et al.2023_100,100,0.01884,1.146660564,Coleman
2023,Zillig et al.,Cons. Phys.,20.07,,10,0,NA,0,NA,1.982302915,NA,0.684259257,2.999226163,Oncorhynchus tshawytscha,NA,juvenile,NA,,Fish134_11.10_Coleman_7.4.17,,,1,12.2,1,240,exogenous,wet,,fresh,,Zillig et al.2023_101,101,0.02007,1.105268723,Coleman
2023,Zillig et al.,Cons. Phys.,25.22,,18,0,NA,0,NA,4.6261614,NA,1.531727453,3.227637331,Oncorhynchus tshawytscha,NA,juvenile,NA,,Fish135_11.18_Coleman_7.7.17,,,1,12.7,1,243,exogenous,wet,,fresh,,Zillig et al.2023_102,102,0.02522,1.231215061,Coleman
2023,Zillig et al.,Cons. Phys.,23.78,,18,0,NA,0,NA,3.683804164,NA,1.303945958,3.168844891,Oncorhynchus tshawytscha,NA,juvenile,NA,,Fish136_11.18_Coleman_7.7.17,,,1,12.6,1,243,exogenous,wet,,fresh,,Zillig et al.2023_103,103,0.02378,1.18877651,Coleman
2023,Zillig et al.,Cons. Phys.,18.44,,20,0,NA,0,NA,2.919249308,NA,1.071326497,2.914522218,Oncorhynchus tshawytscha,NA,juvenile,NA,,Fish137_11.20_Coleman_7.7.17,,,1,11.9,1,243,exogenous,wet,,fresh,,Zillig et al.2023_104,104,0.01844,1.094258761,Coleman
2023,Zillig et al.,Cons. Phys.,21.09,,20,0,NA,0,NA,4.126910181,NA,1.417528987,3.048798994,Oncorhynchus tshawytscha,NA,juvenile,NA,,Fish138_11.20_Coleman_7.7.17,,,1,12.3,1,243,exogenous,wet,,fresh,,Zillig et al.2023_105,105,0.02109,1.133342684,Coleman
2023,Zillig et al.,Cons. Phys.,24.04,,14,0,NA,0,NA,2.168901875,NA,0.774220991,3.17971911,Oncorhynchus tshawytscha,NA,juvenile,NA,,Fish143_20.14_Coleman_7.16.17,,,1,12.5,1,251,exogenous,wet,,fresh,,Zillig et al.2023_106,106,0.02404,1.230848,Coleman
2023,Zillig et al.,Cons. Phys.,20.56,,14,0,NA,0,NA,2.248955678,NA,0.810465965,3.023347441,Oncorhynchus tshawytscha,NA,juvenile,NA,,Fish144_20.14_Coleman_7.16.17,,,1,12,1,251,exogenous,wet,,fresh,,Zillig et al.2023_107,107,0.02056,1.189814815,Coleman
2023,Zillig et al.,Cons. Phys.,20.63,,8,0,NA,0,NA,1.590687183,NA,0.464166113,3.026746327,Oncorhynchus tshawytscha,NA,juvenile,NA,,Fish145_16.8_Coleman_7.16.17,,,1,12.2,1,251,exogenous,wet,,fresh,,Zillig et al.2023_108,108,0.02063,1.136108309,Coleman
2023,Zillig et al.,Cons. Phys.,19.2,,8,0,NA,0,NA,1.241821294,NA,0.216579088,2.954910279,Oncorhynchus tshawytscha,NA,juvenile,NA,,Fish146_16.8_Coleman_7.16.17,,,1,12,1,251,exogenous,wet,,fresh,,Zillig et al.2023_109,109,0.0192,1.111111111,Coleman
2023,Zillig et al.,Cons. Phys.,18.49,,16,0,NA,0,NA,1.721440354,NA,0.543161355,2.917230045,Oncorhynchus tshawytscha,NA,juvenile,NA,,Fish147_20.16_Coleman_7.17.17,,,1,11.3,1,252,exogenous,wet,,fresh,,Zillig et al.2023_110,110,0.01849,1.28144975,Coleman
2023,Zillig et al.,Cons. Phys.,17.27,,16,0,NA,0,NA,2.045760381,NA,0.715769545,2.848970892,Oncorhynchus tshawytscha,NA,juvenile,NA,,Fish148_20.16_Coleman_7.17.17,,,1,11.2,1,252,exogenous,wet,,fresh,,Zillig et al.2023_111,111,0.01727,1.229244488,Coleman
2023,Zillig et al.,Cons. Phys.,24.02,,12,0,NA,0,NA,2.395142406,NA,0.873442689,3.178886817,Oncorhynchus tshawytscha,NA,juvenile,NA,,Fish149_16.12_Coleman_7.17.17,,,1,12.8,1,252,exogenous,wet,,fresh,,Zillig et al.2023_112,112,0.02402,1.145362854,Coleman
2023,Zillig et al.,Cons. Phys.,22.96,,12,0,NA,0,NA,1.814165343,NA,0.595625496,3.133753571,Oncorhynchus tshawytscha,NA,juvenile,NA,,Fish150_16.12_Coleman_7.17.17,,,1,12.7,1,252,exogenous,wet,,fresh,,Zillig et al.2023_113,113,0.02296,1.120884132,Coleman
2023,Zillig et al.,Cons. Phys.,20.91,,10,0,NA,0,NA,2.153303465,NA,0.767003158,3.040227513,Oncorhynchus tshawytscha,NA,juvenile,NA,,Fish151_11.10_Coleman_7.17.17,,,1,12.5,1,253,exogenous,wet,,fresh,,Zillig et al.2023_114,114,0.02091,1.070592,Coleman
2023,Zillig et al.,Cons. Phys.,18,,12,0,NA,0,NA,2.252602631,NA,0.812086273,2.890371758,Oncorhynchus tshawytscha,NA,juvenile,NA,,Fish155_11.12_Coleman_7.24.17,,,1,12,1,260,exogenous,wet,,fresh,,Zillig et al.2023_115,115,0.018,1.041666667,Coleman
2023,Zillig et al.,Cons. Phys.,28.68,,12,0,NA,0,NA,2.563045895,NA,0.941196354,3.356200016,Oncorhynchus tshawytscha,NA,juvenile,NA,,Fish156_11.12_Coleman_7.24.17,,,1,13.1,1,260,exogenous,wet,,fresh,,Zillig et al.2023_116,116,0.02868,1.275749069,Coleman
2023,Zillig et al.,Cons. Phys.,22.47,,16,0,NA,0,NA,2.888383444,NA,1.060696984,3.112181086,Oncorhynchus tshawytscha,NA,juvenile,NA,,Fish158_11.16_Coleman_7.24.17,,,1,12.4,1,260,exogenous,wet,,fresh,,Zillig et al.2023_117,117,0.02247,1.178522876,Coleman
2023,Zillig et al.,Cons. Phys.,24.34,,24,0,NA,0,NA,7.518946115,NA,2.017425984,3.192121088,Oncorhynchus tshawytscha,NA,juvenile,NA,,Fish161_11.24_Coleman_8.1.17,,,1,13.9,1,268,exogenous,wet,,fresh,,Zillig et al.2023_118,118,0.02434,0.90630875,Coleman
2023,Zillig et al.,Cons. Phys.,20.5,,24,0,NA,0,NA,7.368600323,NA,1.997227773,3.020424886,Oncorhynchus tshawytscha,NA,juvenile,NA,,Fish165_11.24_Coleman_8.2.17,,,1,12,1,269,exogenous,wet,,fresh,,Zillig et al.2023_119,119,0.0205,1.186342593,Coleman
2023,Zillig et al.,Cons. Phys.,25.06,,24,0,NA,0,NA,7.566420065,NA,2.023720045,3.221272949,Oncorhynchus tshawytscha,NA,juvenile,NA,,Fish174_16.24_ElkRiver_8.16.17,,,1,12.6,1,215,exogenous,wet,,fresh,,Zillig et al.2023_120,120,0.02506,1.25276448,Elk River
2023,Zillig et al.,Cons. Phys.,23.7,,20,0,NA,0,NA,5.33041927,NA,1.673429897,3.165475048,Oncorhynchus tshawytscha,NA,juvenile,NA,,Fish175_16.20_ElkRiver_8.17.17,,,1,12.3,1,216,exogenous,wet,,fresh,,Zillig et al.2023_121,121,0.0237,1.273599887,Elk River
2023,Zillig et al.,Cons. Phys.,25.31,,20,0,NA,0,NA,5.553630754,NA,1.714451904,3.231199575,Oncorhynchus tshawytscha,NA,juvenile,NA,,Fish176_16.20_ElkRiver_8.17.17,,,1,12.9,1,216,exogenous,wet,,fresh,,Zillig et al.2023_122,122,0.02531,1.179025001,Elk River
2023,Zillig et al.,Cons. Phys.,23.45,,12,0,NA,0,NA,1.914063514,NA,0.649228477,3.154870495,Oncorhynchus tshawytscha,NA,juvenile,NA,,Fish178_20.12_ElkRiver_8.17.17,,,1,12.1,1,216,exogenous,wet,,fresh,,Zillig et al.2023_123,123,0.02345,1.323691366,Elk River
2023,Zillig et al.,Cons. Phys.,24.78,,14,0,NA,0,NA,2.558466706,NA,0.939408136,3.210036876,Oncorhynchus tshawytscha,NA,juvenile,NA,,Fish179_20.14_ElkRiver_8.19.17,,,1,12.9,1,218,exogenous,wet,,fresh,,Zillig et al.2023_124,124,0.02478,1.154335817,Elk River
2023,Zillig et al.,Cons. Phys.,22.13,,14,0,NA,0,NA,2.284186113,NA,0.826009774,3.096934154,Oncorhynchus tshawytscha,NA,juvenile,NA,,Fish180_20.14_ElkRiver_8.19.17,,,1,11.7,1,218,exogenous,wet,,fresh,,Zillig et al.2023_125,125,0.02213,1.381732041,Elk River
2023,Zillig et al.,Cons. Phys.,19.46,,22,0,NA,0,NA,3.976395082,NA,1.38037565,2.968361077,Oncorhynchus tshawytscha,NA,juvenile,NA,,Fish181_16.22_ElkRiver_8.19.17,,,1,12,1,218,exogenous,wet,,fresh,,Zillig et al.2023_126,126,0.01946,1.126157407,Elk River
2023,Zillig et al.,Cons. Phys.,18.19,,22,0,NA,0,NA,4.305467824,NA,1.459885802,2.900871993,Oncorhynchus tshawytscha,NA,juvenile,NA,,Fish182_16.22_ElkRiver_8.19.17,,,1,11.6,1,218,exogenous,wet,,fresh,,Zillig et al.2023_127,127,0.01819,1.165356308,Elk River
2023,Zillig et al.,Cons. Phys.,25.34,,24,0,NA,0,NA,6.410024564,NA,1.857863103,3.232384175,Oncorhynchus tshawytscha,NA,juvenile,NA,,Fish183_20.24_ElkRiver_8.20.17,,,1,12.4,1,219,exogenous,wet,,fresh,,Zillig et al.2023_128,128,0.02534,1.32905072,Elk River
2023,Zillig et al.,Cons. Phys.,20.25,,8,0,NA,0,NA,2.153279437,NA,0.766991999,3.008154794,Oncorhynchus tshawytscha,NA,juvenile,NA,,Fish185_16.8_ElkRiver_8.20.17,,,1,11.8,1,219,exogenous,wet,,fresh,,Zillig et al.2023_129,129,0.02025,1.232477517,Elk River
2023,Zillig et al.,Cons. Phys.,21.88,,8,0,NA,0,NA,1.541192624,NA,0.432556548,3.085572978,Oncorhynchus tshawytscha,NA,juvenile,NA,,Fish186_16.8_ElkRiver_8.20.17,,,1,12.3,1,219,exogenous,wet,,fresh,,Zillig et al.2023_130,130,0.02188,1.175796013,Elk River
2023,Zillig et al.,Cons. Phys.,22.55,,16,0,NA,0,NA,2.63241645,NA,0.967902227,3.115735066,Oncorhynchus tshawytscha,NA,juvenile,NA,,Fish188_20.16_ElkRiver_8.21.17,,,1,12.2,1,220,exogenous,wet,,fresh,,Zillig et al.2023_131,131,0.02255,1.241844031,Elk River
2023,Zillig et al.,Cons. Phys.,21.5,,12,0,NA,0,NA,1.696277826,NA,0.528436336,3.068052935,Oncorhynchus tshawytscha,NA,juvenile,NA,,Fish192_16.12_ElkRiver_8.22.17,,,1,11.8,1,221,exogenous,wet,,fresh,,Zillig et al.2023_132,132,0.0215,1.308556376,Elk River
2023,Zillig et al.,Cons. Phys.,22.47,,25,0,NA,0,NA,6.092163419,NA,1.80700326,3.112181086,Oncorhynchus tshawytscha,NA,juvenile,NA,,Fish193_20.25_ElkRiver_8.22.17,,,1,11.7,1,221,exogenous,wet,,fresh,,Zillig et al.2023_133,133,0.02247,1.40296064,Elk River
2023,Zillig et al.,Cons. Phys.,24.97,,8,0,NA,0,NA,2.302389417,NA,0.833947461,3.217675104,Oncorhynchus tshawytscha,NA,juvenile,NA,,Fish195_20.8_ElkRiver_8.23.17,,,1,12.7,1,222,exogenous,wet,,fresh,,Zillig et al.2023_134,134,0.02497,1.219010312,Elk River
2023,Zillig et al.,Cons. Phys.,19.67,,24,0,NA,0,NA,5.806801564,NA,1.759029914,2.979094632,Oncorhynchus tshawytscha,NA,juvenile,NA,,Fish198_16.24_ElkRiver_8.23.17,,,1,12,1,222,exogenous,wet,,fresh,,Zillig et al.2023_135,135,0.01967,1.138310185,Elk River
2023,Zillig et al.,Cons. Phys.,20.41,,22,0,NA,0,NA,4.042059022,NA,1.396754221,3.016024977,Oncorhynchus tshawytscha,NA,juvenile,NA,,Fish199_20.22_ElkRiver_8.24.17,,,1,11.9,1,223,exogenous,wet,,fresh,,Zillig et al.2023_136,136,0.02041,1.211161677,Elk River
2023,Zillig et al.,Cons. Phys.,25.49,,22,0,NA,0,NA,5.060261094,NA,1.621418082,3.238286218,Oncorhynchus tshawytscha,NA,juvenile,NA,,Fish200_20.22_ElkRiver_8.24.17,,,1,12,1,223,exogenous,wet,,fresh,,Zillig et al.2023_137,137,0.02549,1.475115741,Elk River
2023,Zillig et al.,Cons. Phys.,22.36,,24,0,NA,0,NA,5.567053081,NA,1.716865844,3.107273648,Oncorhynchus tshawytscha,NA,juvenile,NA,,Fish201_20.24_ElkRiver_8.24.17,,,1,12.1,1,223,exogenous,wet,,fresh,,Zillig et al.2023_138,138,0.02236,1.262163708,Elk River
2023,Zillig et al.,Cons. Phys.,20.8,,16,0,NA,0,NA,2.316688086,NA,0.840138617,3.034952987,Oncorhynchus tshawytscha,NA,juvenile,NA,,Fish204_20.16_ElkRiver_8.26.17,,,1,11.9,1,225,exogenous,wet,,fresh,,Zillig et al.2023_139,139,0.0208,1.234304893,Elk River
2023,Zillig et al.,Cons. Phys.,25.46,,18,0,NA,0,NA,3.448510383,NA,1.237942365,3.237108593,Oncorhynchus tshawytscha,NA,juvenile,NA,,Fish207_20.18_ElkRiver_8.27.17,,,1,12.7,1,226,exogenous,wet,,fresh,,Zillig et al.2023_140,140,0.02546,1.24293162,Elk River
2023,Zillig et al.,Cons. Phys.,23.6,,20,0,NA,0,NA,4.367163482,NA,1.47411371,3.161246712,Oncorhynchus tshawytscha,NA,juvenile,NA,,Fish209_20.20_ElkRiver_8.27.17,,,1,12.7,1,226,exogenous,wet,,fresh,,Zillig et al.2023_141,141,0.0236,1.152128289,Elk River
2023,Zillig et al.,Cons. Phys.,21.71,,24,0,NA,0,NA,5.066457783,NA,1.622641911,3.077772984,Oncorhynchus tshawytscha,NA,juvenile,NA,,Fish211_20.24_ElkRiver_8.28.17,,,1,12.2,1,227,exogenous,wet,,fresh,,Zillig et al.2023_142,142,0.02171,1.195584652,Elk River
2023,Zillig et al.,Cons. Phys.,25.3,,22,0,NA,0,NA,6.182802754,NA,1.821771689,3.230804396,Oncorhynchus tshawytscha,NA,juvenile,NA,,Fish212_16.22_ElkRiver_8.28.17,,,1,12.1,1,227,exogenous,wet,,fresh,,Zillig et al.2023_143,143,0.0253,1.428119043,Elk River
2023,Zillig et al.,Cons. Phys.,25.37,,18,0,NA,0,NA,5.038946649,NA,1.617197062,3.233567374,Oncorhynchus tshawytscha,NA,juvenile,NA,,Fish214_16.18_ElkRiver_8.29.17,,,1,12.7,1,228,exogenous,wet,,fresh,,Zillig et al.2023_144,144,0.02537,1.23853791,Elk River
2023,Zillig et al.,Cons. Phys.,22.01,,18,0,NA,0,NA,3.27192506,NA,1.185378515,3.091496896,Oncorhynchus tshawytscha,NA,juvenile,NA,,Fish215_20.18_ElkRiver_8.29.17,,,1,12,1,228,exogenous,wet,,fresh,,Zillig et al.2023_145,145,0.02201,1.273726852,Elk River
2023,Zillig et al.,Cons. Phys.,20.88,,18,0,NA,0,NA,3.383378511,NA,1.21887477,3.038791763,Oncorhynchus tshawytscha,NA,juvenile,NA,,Fish216_20.18_ElkRiver_8.29.17,,,1,12,1,228,exogenous,wet,,fresh,,Zillig et al.2023_146,146,0.02088,1.208333333,Elk River
2023,Zillig et al.,Cons. Phys.,29.39,,8,0,NA,0,NA,2.120746138,NA,0.751767979,3.38065448,Oncorhynchus tshawytscha,NA,juvenile,NA,,Fish228_20.8_ElkRiver_9.13.17,,,1,13,1,243,exogenous,wet,,fresh,,Zillig et al.2023_147,147,0.02939,1.337733273,Elk River
2023,Zillig et al.,Cons. Phys.,24.63,,14,0,NA,0,NA,2.757606132,NA,1.01436296,3.203965212,Oncorhynchus tshawytscha,NA,juvenile,NA,,Fish230_20.14_ElkRiver_9.14.17,,,1,12.5,1,244,exogenous,wet,,fresh,,Zillig et al.2023_148,148,0.02463,1.261056,Elk River
2023,Zillig et al.,Cons. Phys.,24.46,,14,0,NA,0,NA,2.869164071,NA,1.054020723,3.19703913,Oncorhynchus tshawytscha,NA,juvenile,NA,,Fish231_20.14_ElkRiver_9.14.17,,,1,12.5,1,244,exogenous,wet,,fresh,,Zillig et al.2023_149,149,0.02446,1.252352,Elk River
2023,Zillig et al.,Cons. Phys.,21.82,,10,0,NA,0,NA,1.371917471,NA,0.316209375,3.08282698,Oncorhynchus tshawytscha,NA,juvenile,NA,,Fish232_16.10_ElkRiver_9.14.17,,,1,12.1,1,244,exogenous,wet,,fresh,,Zillig et al.2023_150,150,0.02182,1.231682115,Elk River
2023,Zillig et al.,Cons. Phys.,23,,10,0,NA,0,NA,1.896864073,NA,0.640202035,3.135494216,Oncorhynchus tshawytscha,NA,juvenile,NA,,Fish233_16.10_ElkRiver_9.14.17,,,1,12.6,1,244,exogenous,wet,,fresh,,Zillig et al.2023_151,151,0.023,1.149783841,Elk River
2023,Zillig et al.,Cons. Phys.,25.15,,20,0,NA,0,NA,4.790463126,NA,1.566627093,3.224857897,Oncorhynchus tshawytscha,NA,juvenile,NA,,Fish234_16.20_ElkRiver_9.15.17,,,1,12.5,1,245,exogenous,wet,,fresh,,Zillig et al.2023_152,152,0.02515,1.28768,Elk River
2023,Zillig et al.,Cons. Phys.,23.96,,20,0,NA,0,NA,5.073729517,NA,1.624076152,3.176385773,Oncorhynchus tshawytscha,NA,juvenile,NA,,Fish235_16.20_ElkRiver_9.15.17,,,1,12.7,1,245,exogenous,wet,,fresh,,Zillig et al.2023_153,153,0.02396,1.169703127,Elk River
2023,Zillig et al.,Cons. Phys.,25.86,,24,0,NA,0,NA,7.408589877,NA,2.002640121,3.252697373,Oncorhynchus tshawytscha,NA,juvenile,NA,,Fish236_20.24_ElkRiver_9.15.17,,,1,12.4,1,245,exogenous,wet,,fresh,,Zillig et al.2023_154,154,0.02586,1.356324058,Elk River
2023,Zillig et al.,Cons. Phys.,30.28,,24,0,NA,0,NA,7.193588251,NA,1.973190109,3.410487429,Oncorhynchus tshawytscha,NA,juvenile,NA,,Fish237_20.24_ElkRiver_9.15.17,,,1,13.4,1,245,exogenous,wet,,fresh,,Zillig et al.2023_155,155,0.03028,1.258465968,Elk River
2023,Zillig et al.,Cons. Phys.,23.99,,18,0,NA,0,NA,4.34614515,NA,1.46928928,3.177637077,Oncorhynchus tshawytscha,NA,juvenile,NA,,Fish238_20.18_ElkRiver_9.16.17,,,1,12.3,1,246,exogenous,wet,,fresh,,Zillig et al.2023_156,156,0.02399,1.28918402,Elk River
2023,Zillig et al.,Cons. Phys.,27.33,,12,0,NA,0,NA,2.236071146,NA,0.804720373,3.307985,Oncorhynchus tshawytscha,NA,juvenile,NA,,Fish239_20.12_ElkRiver_9.17.17,,,1,13,1,247,exogenous,wet,,fresh,,Zillig et al.2023_157,157,0.02733,1.243969049,Elk River
2023,Zillig et al.,Cons. Phys.,21.81,,16,0,NA,0,NA,3.854698486,NA,1.34929279,3.08236858,Oncorhynchus tshawytscha,NA,juvenile,NA,,Fish240_16.16_ElkRiver_9.16.17,,,1,12.3,1,246,exogenous,wet,,fresh,,Zillig et al.2023_158,158,0.02181,1.172034326,Elk River
2023,Zillig et al.,Cons. Phys.,27.99,,16,0,NA,0,NA,3.659947447,NA,1.297448789,3.331847304,Oncorhynchus tshawytscha,NA,juvenile,NA,,Fish241_16.16_ElkRiver_9.16.17,,,1,13,1,246,exogenous,wet,,fresh,,Zillig et al.2023_159,159,0.02799,1.274010014,Elk River
2023,Zillig et al.,Cons. Phys.,25.14,,12,0,NA,0,NA,2.642393852,NA,0.971685268,3.224460203,Oncorhynchus tshawytscha,NA,juvenile,NA,,Fish242_20.12_ElkRiver_9.17.17,,,1,12.7,1,247,exogenous,wet,,fresh,,Zillig et al.2023_160,160,0.02514,1.227309541,Elk River
2023,Zillig et al.,Cons. Phys.,26.3,,10,0,NA,0,NA,2.344988833,NA,0.85228064,3.269568939,Oncorhynchus tshawytscha,NA,juvenile,NA,,Fish245_20.10_ElkRiver_9.18.17,,,1,12.5,1,248,exogenous,wet,,fresh,,Zillig et al.2023_161,161,0.0263,1.34656,Elk River
2023,Zillig et al.,Cons. Phys.,26.34,,10,0,NA,0,NA,2.525991612,NA,0.926633703,3.271088696,Oncorhynchus tshawytscha,NA,juvenile,NA,,Fish246_20.10_ElkRiver_9.18.17,,,1,12.8,1,248,exogenous,wet,,fresh,,Zillig et al.2023_162,162,0.02634,1.255989075,Elk River
2023,Zillig et al.,Cons. Phys.,32.2,,22,0,NA,0,NA,9.90667255,NA,2.293208525,3.471966453,Oncorhynchus tshawytscha,NA,juvenile,NA,,Fish259_11.22_ElkRiver_9.20.17,,,1,13.8,1,251,exogenous,wet,,fresh,,Zillig et al.2023_163,163,0.0322,1.225232794,Elk River
2023,Zillig et al.,Cons. Phys.,22.25,,22,0,NA,0,NA,7.260670352,NA,1.98247216,3.102342009,Oncorhynchus tshawytscha,NA,juvenile,NA,,Fish260_11.22_ElkRiver_9.20.17,,,1,12.2,1,251,exogenous,wet,,fresh,,Zillig et al.2023_164,164,0.02225,1.225322824,Elk River
2023,Zillig et al.,Cons. Phys.,27.95,,8,0,NA,0,NA,1.705980104,NA,0.534139786,3.3304172,Oncorhynchus tshawytscha,NA,juvenile,NA,,Fish263_16.8_ElkRiver_9.23.17,,,1,13.2,1,253,exogenous,wet,,fresh,,Zillig et al.2023_165,165,0.02795,1.215234299,Elk River
2023,Zillig et al.,Cons. Phys.,28.55,,8,0,NA,0,NA,1.478683457,NA,0.391152136,3.351656936,Oncorhynchus tshawytscha,NA,juvenile,NA,,Fish264_16.8_ElkRiver_9.23.17,,,1,13.3,1,253,exogenous,wet,,fresh,,Zillig et al.2023_166,166,0.02855,1.213531879,Elk River
2023,Zillig et al.,Cons. Phys.,25.81,,10,0,NA,0,NA,2.129743843,NA,0.756001711,3.250762014,Oncorhynchus tshawytscha,NA,juvenile,NA,,Fish265_16.10_ElkRiver_9.24.17,,,1,13.2,1,254,exogenous,wet,,fresh,,Zillig et al.2023_167,167,0.02581,1.122189526,Elk River
2023,Zillig et al.,Cons. Phys.,22.39,,16,0,NA,0,NA,2.585521119,NA,0.949927081,3.108614431,Oncorhynchus tshawytscha,NA,juvenile,NA,,Fish267_20.16_ElkRiver_9.24.17,,,1,12,1,254,exogenous,wet,,fresh,,Zillig et al.2023_168,168,0.02239,1.295717593,Elk River
2023,Zillig et al.,Cons. Phys.,25.55,,16,0,NA,0,NA,2.37304734,NA,0.864174927,3.240637317,Oncorhynchus tshawytscha,NA,juvenile,NA,,Fish268_20.16_ElkRiver_9.24.17,,,1,12.3,1,254,exogenous,wet,,fresh,,Zillig et al.2023_169,169,0.02555,1.373015911,Elk River
2023,Zillig et al.,Cons. Phys.,30.1,,22,0,NA,0,NA,6.786462171,NA,1.914929771,3.404525172,Oncorhynchus tshawytscha,NA,juvenile,NA,,Fish269_20.22_ElkRiver_9.25.17,,,1,13.4,1,255,exogenous,wet,,fresh,,Zillig et al.2023_170,170,0.0301,1.250984995,Elk River
2023,Zillig et al.,Cons. Phys.,27.61,,22,0,NA,0,NA,6.502400837,NA,1.872171468,3.318178026,Oncorhynchus tshawytscha,NA,juvenile,NA,,Fish270_20.22_ElkRiver_9.25.17,,,1,12.7,1,255,exogenous,wet,,fresh,,Zillig et al.2023_171,171,0.02761,1.34789246,Elk River
2023,Zillig et al.,Cons. Phys.,27.13,,12,0,NA,0,NA,1.9710745,NA,0.678578826,3.300640127,Oncorhynchus tshawytscha,NA,juvenile,NA,,Fish271_16.12_ElkRiver_9.25.17,,,1,13.2,1,255,exogenous,wet,,fresh,,Zillig et al.2023_172,172,0.02713,1.179581629,Elk River
2023,Zillig et al.,Cons. Phys.,25.41,,12,0,NA,0,NA,2.985316719,NA,1.093705845,3.235142797,Oncorhynchus tshawytscha,NA,juvenile,NA,,Fish272_16.12_ElkRiver_9.25.17,,,1,12.8,1,255,exogenous,wet,,fresh,,Zillig et al.2023_173,173,0.02541,1.211643219,Elk River
2023,Zillig et al.,Cons. Phys.,25.73,,20,0,NA,0,NA,7.136611235,NA,1.965238047,3.247657626,Oncorhynchus tshawytscha,NA,juvenile,NA,,Fish276_11.20_ElkRiver_9.25.17,,,1,13.1,1,256,exogenous,wet,,fresh,,Zillig et al.2023_174,174,0.02573,1.144526623,Elk River
2023,Zillig et al.,Cons. Phys.,31.4,,20,0,NA,0,NA,5.535718986,NA,1.711221456,3.446807893,Oncorhynchus tshawytscha,NA,juvenile,NA,,Fish278_20.20_ElkRiver_9.27.17,,,1,13.4,1,257,exogenous,wet,,fresh,,Zillig et al.2023_175,175,0.0314,1.305014247,Elk River
2023,Zillig et al.,Cons. Phys.,22.61,,16,0,NA,0,NA,4.057815221,NA,1.400644706,3.118392286,Oncorhynchus tshawytscha,NA,juvenile,NA,,Fish279_16.16_ElkRiver_9.27.17,,,1,12.2,1,257,exogenous,wet,,fresh,,Zillig et al.2023_176,176,0.02261,1.245148272,Elk River
2023,Zillig et al.,Cons. Phys.,23.46,,16,0,NA,0,NA,4.074608266,NA,1.404774611,3.155296843,Oncorhynchus tshawytscha,NA,juvenile,NA,,Fish280_16.16_ElkRiver_9.27.17,,,1,12.8,1,257,exogenous,wet,,fresh,,Zillig et al.2023_177,177,0.02346,1.118659973,Elk River
2023,Zillig et al.,Cons. Phys.,30.14,,12,0,NA,0,NA,2.509034454,NA,0.919898,3.405853193,Oncorhynchus tshawytscha,NA,juvenile,NA,,Fish289_20.12_ElkRiver_10.1.17,,,1,12.1,1,261,exogenous,wet,,fresh,,Zillig et al.2023_178,178,0.03014,1.701324425,Elk River
2023,Zillig et al.,Cons. Phys.,29.27,,12,0,NA,0,NA,2.409688601,NA,0.879497528,3.376563101,Oncorhynchus tshawytscha,NA,juvenile,NA,,Fish290_20.12_ElkRiver_10.1.17,,,1,13.2,1,261,exogenous,wet,,fresh,,Zillig et al.2023_179,179,0.02927,1.272626402,Elk River
2023,Zillig et al.,Cons. Phys.,26.25,,10,0,NA,0,NA,1.660398412,NA,0.507057581,3.267665989,Oncorhynchus tshawytscha,NA,juvenile,NA,,Fish294_20.10_ElkRiver_10.2.17,,,1,12.7,1,262,exogenous,wet,,fresh,,Zillig et al.2023_180,180,0.02625,1.281498626,Elk River
2023,Zillig et al.,Cons. Phys.,26.83,,8,0,NA,0,NA,1.792860763,NA,0.583812536,3.289520664,Oncorhynchus tshawytscha,NA,juvenile,NA,,Fish296_20.8_ElkRiver_10.2.17,,,1,12.2,1,262,exogenous,wet,,fresh,,Zillig et al.2023_181,181,0.02683,1.477546579,Elk River
2023,Zillig et al.,Cons. Phys.,21.86,,25,0,NA,0,NA,6.873580893,NA,1.927685207,3.084658483,Oncorhynchus tshawytscha,NA,juvenile,NA,,Fish297_20.25_ElkRiver_10.3.17,,,1,11.9,1,263,exogenous,wet,,fresh,,Zillig et al.2023_182,182,0.02186,1.29720697,Elk River
2023,Zillig et al.,Cons. Phys.,29.69,,25,0,NA,0,NA,8.521573781,NA,2.14260104,3.390810289,Oncorhynchus tshawytscha,NA,juvenile,NA,,Fish298_20.25_ElkRiver_10.3.17,,,1,12.9,1,263,exogenous,wet,,fresh,,Zillig et al.2023_183,183,0.02969,1.383060145,Elk River
2023,Zillig et al.,Cons. Phys.,26.37,,18,0,NA,0,NA,6.019978889,NA,1.795083752,3.272227,Oncorhynchus tshawytscha,NA,juvenile,NA,,Fish301_11.18_ElkRiver_10.3.17,,,1,13,1,264,exogenous,wet,,fresh,,Zillig et al.2023_184,184,0.02637,1.2002731,Elk River
2023,Zillig et al.,Cons. Phys.,30.34,,18,0,NA,0,NA,6.12000053,NA,1.811562183,3.412466974,Oncorhynchus tshawytscha,NA,juvenile,NA,,Fish302_11.18_ElkRiver_10.3.17,,,1,13.4,1,264,exogenous,wet,,fresh,,Zillig et al.2023_185,185,0.03034,1.260959626,Elk River
2023,Zillig et al.,Cons. Phys.,27.87,,18,0,NA,0,NA,6.564291341,NA,1.881644557,3.327550841,Oncorhynchus tshawytscha,NA,juvenile,NA,,Fish303_11.18_ElkRiver_10.3.17,,,1,13.2,1,264,exogenous,wet,,fresh,,Zillig et al.2023_186,186,0.02787,1.21175599,Elk River
2023,Zillig et al.,Cons. Phys.,25.57,,18,0,NA,0,NA,5.503794861,NA,1.705437829,3.241419789,Oncorhynchus tshawytscha,NA,juvenile,NA,,Fish304_11.18_ElkRiver_10.3.17,,,1,12.6,1,264,exogenous,wet,,fresh,,Zillig et al.2023_187,187,0.02557,1.278259687,Elk River
2023,Zillig et al.,Cons. Phys.,31.02,,10,0,NA,0,NA,2.973493076,NA,1.089737382,3.434632158,Oncorhynchus tshawytscha,NA,juvenile,NA,,Fish306_20.10_ElkRiver_10.5.17,,,1,13.3,1,265,exogenous,wet,,fresh,,Zillig et al.2023_188,188,0.03102,1.318520452,Elk River
2023,Zillig et al.,Cons. Phys.,26.41,,8,0,NA,0,NA,1.925311168,NA,0.6550876,3.273742726,Oncorhynchus tshawytscha,NA,juvenile,NA,,Fish307_20.8_ElkRiver_10.5.17,,,1,13.1,1,265,exogenous,wet,,fresh,,Zillig et al.2023_189,189,0.02641,1.174774509,Elk River
2023,Zillig et al.,Cons. Phys.,27.05,,8,0,NA,0,NA,1.590098911,NA,0.463796223,3.297687005,Oncorhynchus tshawytscha,NA,juvenile,NA,,Fish308_20.8_ElkRiver_10.5.17,,,1,12.4,1,265,exogenous,wet,,fresh,,Zillig et al.2023_190,190,0.02705,1.418738042,Elk River
2023,Zillig et al.,Cons. Phys.,27.7,,20,0,NA,0,NA,5.333730338,NA,1.674050869,3.321432413,Oncorhynchus tshawytscha,NA,juvenile,NA,,Fish309_20.20_ElkRiver_10.7.17,,,1,12.9,1,267,exogenous,wet,,fresh,,Zillig et al.2023_191,191,0.0277,1.290359246,Elk River
2023,Zillig et al.,Cons. Phys.,20.74,,20,0,NA,0,NA,3.231246472,NA,1.172867967,3.032064203,Oncorhynchus tshawytscha,NA,juvenile,NA,,Fish310_20.20_ElkRiver_10.7.17,,,1,12.2,1,267,exogenous,wet,,fresh,,Zillig et al.2023_192,192,0.02074,1.142166084,Elk River
2023,Zillig et al.,Cons. Phys.,29.89,,16,0,NA,0,NA,5.686545563,NA,1.738102957,3.397523976,Oncorhynchus tshawytscha,NA,juvenile,NA,,Fish313_11.16_ElkRiver_10.7.17,,,1,13.3,1,268,exogenous,wet,,fresh,,Zillig et al.2023_193,193,0.02989,1.270489242,Elk River
2023,Zillig et al.,Cons. Phys.,28.25,,16,0,NA,0,NA,4.621039848,NA,1.530619755,3.341093458,Oncorhynchus tshawytscha,NA,juvenile,NA,,Fish314_11.16_ElkRiver_10.7.17,,,1,13.2,1,268,exogenous,wet,,fresh,,Zillig et al.2023_194,194,0.02825,1.228277959,Elk River
2023,Zillig et al.,Cons. Phys.,25.07,,12,0,NA,0,NA,3.474726744,NA,1.245515841,3.221671912,Oncorhynchus tshawytscha,NA,juvenile,NA,,Fish317_11.12_ElkRiver_10.8.17,,,1,12.7,1,269,exogenous,wet,,fresh,,Zillig et al.2023_195,195,0.02507,1.223892212,Elk River
2023,Zillig et al.,Cons. Phys.,26.72,,12,0,NA,0,NA,3.041650714,NA,1.112400366,3.285412349,Oncorhynchus tshawytscha,NA,juvenile,NA,,Fish318_11.12_ElkRiver_10.8.17,,,1,12.9,1,269,exogenous,wet,,fresh,,Zillig et al.2023_196,196,0.02672,1.244707547,Elk River
2023,Zillig et al.,Cons. Phys.,21.69,,14,0,NA,0,NA,3.633795739,NA,1.29027776,3.076851325,Oncorhynchus tshawytscha,NA,juvenile,NA,,Fish319_11.14_ElkRiver_10.8.17,,,1,12.6,1,269,exogenous,wet,,fresh,,Zillig et al.2023_197,197,0.02169,1.084296152,Elk River
2023,Zillig et al.,Cons. Phys.,24.33,,14,0,NA,0,NA,3.795513897,NA,1.333819816,3.191710157,Oncorhynchus tshawytscha,NA,juvenile,NA,,Fish320_11.14_ElkRiver_10.8.17,,,1,12.8,1,269,exogenous,wet,,fresh,,Zillig et al.2023_198,198,0.02433,1.160144806,Elk River
2023,Zillig et al.,Cons. Phys.,27.78,,8,0,NA,0,NA,2.4797769,NA,0.908168596,3.324316337,Oncorhynchus tshawytscha,NA,juvenile,NA,,Fish321_11.8_ElkRiver_10.9.17,,,1,13.1,1,270,exogenous,wet,,fresh,,Zillig et al.2023_199,199,0.02778,1.235715102,Elk River
2023,Zillig et al.,Cons. Phys.,32.11,,8,0,NA,0,NA,2.951158828,NA,1.082197916,3.469167508,Oncorhynchus tshawytscha,NA,juvenile,NA,,Fish322_11.8_ElkRiver_10.9.17,,,1,14.1,1,270,exogenous,wet,,fresh,,Zillig et al.2023_200,200,0.03211,1.145468017,Elk River
2023,Zillig et al.,Cons. Phys.,32.11,,10,0,NA,0,NA,3.819371437,NA,1.340085864,3.469167508,Oncorhynchus tshawytscha,NA,juvenile,NA,,Fish323_11.10_ElkRiver_10.9.17,,,1,14,1,270,exogenous,wet,,fresh,,Zillig et al.2023_201,201,0.03211,1.170189504,Elk River
2023,Zillig et al.,Cons. Phys.,30.37,,10,0,NA,0,NA,3.153051943,NA,1.148370854,3.413455279,Oncorhynchus tshawytscha,NA,juvenile,NA,,Fish324_11.10_ElkRiver_10.9.17,,,1,13.4,1,270,exogenous,wet,,fresh,,Zillig et al.2023_202,202,0.03037,1.262206455,Elk River
2023,Zillig et al.,Cons. Phys.,19.96,,10,0,NA,0,NA,1.298404283,NA,0.261136036,2.993730271,Oncorhynchus tshawytscha,NA,juvenile,NA,,Fish325_16.10_ElkRiver_10.16.17,,,1,11.7,1,276,exogenous,wet,,fresh,,Zillig et al.2023_203,203,0.01996,1.246243631,Elk River
2023,Zillig et al.,Cons. Phys.,21.45,,10,0,NA,0,NA,1.603984879,NA,0.472491083,3.065724645,Oncorhynchus tshawytscha,NA,juvenile,NA,,Fish326_16.10_ElkRiver_10.16.17,,,1,12.1,1,276,exogenous,wet,,fresh,,Zillig et al.2023_204,204,0.02145,1.21079658,Elk River
2023,Zillig et al.,Cons. Phys.,24.03,,25,0,NA,0,NA,5.901441178,NA,1.775196588,3.17930305,Oncorhynchus tshawytscha,NA,juvenile,NA,,Fish327_20.25_ElkRiver_10.16.17,,,1,12.4,1,276,exogenous,wet,,fresh,,Zillig et al.2023_205,205,0.02403,1.260342889,Elk River
2023,Zillig et al.,Cons. Phys.,23.87,,25,0,NA,0,NA,6.983102213,NA,1.943493261,3.17262244,Oncorhynchus tshawytscha,NA,juvenile,NA,,Fish328_20.25_ElkRiver_10.16.17,,,1,12.7,1,276,exogenous,wet,,fresh,,Zillig et al.2023_206,206,0.02387,1.165309417,Elk River
2023,Zillig et al.,Cons. Phys.,23.44,,18,0,NA,0,NA,3.479090192,NA,1.246770821,3.154443965,Oncorhynchus tshawytscha,NA,juvenile,NA,,Fish329_16.18_ElkRiver_10.17.17,,,1,12.3,1,277,exogenous,wet,,fresh,,Zillig et al.2023_207,207,0.02344,1.259627905,Elk River
2023,Zillig et al.,Cons. Phys.,22.89,,18,0,NA,0,NA,3.971074571,NA,1.379036731,3.130700134,Oncorhynchus tshawytscha,NA,juvenile,NA,,Fish330_16.18_ElkRiver_10.17.17,,,1,12.7,1,277,exogenous,wet,,fresh,,Zillig et al.2023_208,208,0.02289,1.117466802,Elk River
2023,Zillig et al.,Cons. Phys.,21.74,,24,0,NA,0,NA,6.852152875,NA,1.924562891,3.079153882,Oncorhynchus tshawytscha,NA,juvenile,NA,,Fish332_16.24_ElkRiver_10.17.17,,,1,12.5,1,277,exogenous,wet,,fresh,,Zillig et al.2023_209,209,0.02174,1.113088,Elk River
2023,Zillig et al.,Cons. Phys.,24.8,,14,0,NA,0,NA,3.242882931,NA,1.176462728,3.210843653,Oncorhynchus tshawytscha,NA,juvenile,NA,,Fish333_16.14_ElkRiver_10.18.17,,,1,13,1,278,exogenous,wet,,fresh,,Zillig et al.2023_210,210,0.0248,1.128812016,Elk River
2023,Zillig et al.,Cons. Phys.,24.44,,14,0,NA,0,NA,2.721161385,NA,1.001058769,3.196221134,Oncorhynchus tshawytscha,NA,juvenile,NA,,Fish334_16.14_ElkRiver_10.18.17,,,1,12.6,1,278,exogenous,wet,,fresh,,Zillig et al.2023_211,211,0.02444,1.221770307,Elk River
2023,Zillig et al.,Cons. Phys.,21.45,,18,0,NA,0,NA,3.735919557,NA,1.317993988,3.065724645,Oncorhynchus tshawytscha,NA,juvenile,NA,,Fish335_16.18_ElkRiver_10.18.17,,,1,12.1,1,278,exogenous,wet,,fresh,,Zillig et al.2023_212,212,0.02145,1.21079658,Elk River
2023,Zillig et al.,Cons. Phys.,19.61,,18,0,NA,0,NA,4.045439589,NA,1.397590219,2.97603964,Oncorhynchus tshawytscha,NA,juvenile,NA,,Fish336_16.18_ElkRiver_10.18.17,,,1,12.1,1,278,exogenous,wet,,fresh,,Zillig et al.2023_213,213,0.01961,1.106933377,Elk River
2023,Zillig et al.,Cons. Phys.,22,,14,0,NA,0,NA,3.164778536,NA,1.15208308,3.091042453,Oncorhynchus tshawytscha,NA,juvenile,NA,,Fish337_16.14_ElkRiver_10.19.17,,,1,12.1,1,279,exogenous,wet,,fresh,,Zillig et al.2023_214,214,0.022,1.241842646,Elk River
2023,Zillig et al.,Cons. Phys.,24.76,,14,0,NA,0,NA,2.959095086,NA,1.084883507,3.209229448,Oncorhynchus tshawytscha,NA,juvenile,NA,,Fish338_16.14_ElkRiver_10.19.17,,,1,12.5,1,279,exogenous,wet,,fresh,,Zillig et al.2023_215,215,0.02476,1.267712,Elk River
2023,Zillig et al.,Cons. Phys.,25.41,,24,0,NA,0,NA,8.161028133,NA,2.099370158,3.235142797,Oncorhynchus tshawytscha,NA,juvenile,NA,,Fish347_16.24_ElkRiver_10.21.17,,,1,12.8,1,281,exogenous,wet,,fresh,,Zillig et al.2023_216,216,0.02541,1.211643219,Elk River
2023,Zillig et al.,Cons. Phys.,32,,24,0,NA,0,NA,10.07892589,NA,2.310446699,3.465735903,Oncorhynchus tshawytscha,NA,juvenile,NA,,Fish348_16.24_ElkRiver_10.21.17,,,1,13.8,1,281,exogenous,wet,,fresh,,Zillig et al.2023_217,217,0.032,1.217622653,Elk River
2023,Zillig et al.,Cons. Phys.,28.17,,22,0,NA,0,NA,7.522313897,NA,2.01787379,3.338257582,Oncorhynchus tshawytscha,NA,juvenile,NA,,Fish353_16.22_ElkRiver_10.23.17,,,1,13.5,1,283,exogenous,wet,,fresh,,Zillig et al.2023_218,218,0.02817,1.144947417,Elk River
2023,Zillig et al.,Cons. Phys.,25.59,,22,0,NA,0,NA,8.101918076,NA,2.092100833,3.24220165,Oncorhynchus tshawytscha,NA,juvenile,NA,,Fish354_16.22_ElkRiver_10.23.17,,,1,13.1,1,283,exogenous,wet,,fresh,,Zillig et al.2023_219,219,0.02559,1.138299117,Elk River
2023,Zillig et al.,Cons. Phys.,33.8,,12,0,NA,0,NA,4.127742129,NA,1.417730558,3.520460802,Oncorhynchus tshawytscha,NA,juvenile,NA,,Fish357_11.12_ElkRiver_10.23.17,,,1,14,1,284,exogenous,wet,,fresh,,Zillig et al.2023_220,220,0.0338,1.231778426,Elk River
2023,Zillig et al.,Cons. Phys.,36.89,,12,0,NA,0,NA,5.744140753,NA,1.748180336,3.607940512,Oncorhynchus tshawytscha,NA,juvenile,NA,,Fish358_11.12_ElkRiver_10.23.17,,,1,14.3,1,284,exogenous,wet,,fresh,,Zillig et al.2023_221,221,0.03689,1.261538598,Elk River
2023,Zillig et al.,Cons. Phys.,26.59,,10,0,NA,0,NA,2.947226184,NA,1.080864452,3.280535205,Oncorhynchus tshawytscha,NA,juvenile,NA,,Fish359_11.10_ElkRiver_10.23.17,,,1,13,1,284,exogenous,wet,,fresh,,Zillig et al.2023_222,222,0.02659,1.210286755,Elk River
2023,Zillig et al.,Cons. Phys.,29.85,,10,0,NA,0,NA,3.451974788,NA,1.23894647,3.39618484,Oncorhynchus tshawytscha,NA,juvenile,NA,,Fish360_11.10_ElkRiver_10.23.17,,,1,13.4,1,284,exogenous,wet,,fresh,,Zillig et al.2023_223,223,0.02985,1.240594754,Elk River
2023,Zillig et al.,Cons. Phys.,24.89,,22,0,NA,0,NA,7.690331738,NA,2.039963921,3.214466116,Oncorhynchus tshawytscha,NA,juvenile,NA,,Fish365_11.22_ElkRiver_10.25.17,,,1,12.8,1,286,exogenous,wet,,fresh,,Zillig et al.2023_224,224,0.02489,1.186847687,Elk River
2023,Zillig et al.,Cons. Phys.,25.55,,22,0,NA,0,NA,9.062754463,NA,2.204173098,3.240637317,Oncorhynchus tshawytscha,NA,juvenile,NA,,Fish366_11.22_ElkRiver_10.25.17,,,1,13.2,1,286,exogenous,wet,,fresh,,Zillig et al.2023_225,225,0.02555,1.110885021,Elk River
2023,Zillig et al.,Cons. Phys.,22.03,,20,0,NA,0,NA,5.587304157,NA,1.720496909,3.092405161,Oncorhynchus tshawytscha,NA,juvenile,NA,,Fish373_11.20_ElkRiver_10.28.17,,,1,12.5,1,289,exogenous,wet,,fresh,,Zillig et al.2023_226,226,0.02203,1.127936,Elk River
2023,Zillig et al.,Cons. Phys.,24.84,,20,0,NA,0,NA,5.807051757,NA,1.759072999,3.212455257,Oncorhynchus tshawytscha,NA,juvenile,NA,,Fish374_11.20_ElkRiver_10.28.17,,,1,12.9,1,289,exogenous,wet,,fresh,,Zillig et al.2023_227,227,0.02484,1.157130819,Elk River
2023,Zillig et al.,Cons. Phys.,26.46,,24,0,NA,0,NA,8.939659562,NA,2.190497508,3.275634159,Oncorhynchus tshawytscha,NA,juvenile,NA,,Fish375_11.24_ElkRiver_10.28.17,,,1,13.2,1,289,exogenous,wet,,fresh,,Zillig et al.2023_228,228,0.02646,1.150450789,Elk River
2023,Zillig et al.,Cons. Phys.,22.57,,14,0,NA,0,NA,3.429432058,NA,1.232394667,3.116621591,Oncorhynchus tshawytscha,NA,juvenile,NA,,Fish393_11.14_ElkRiver_11.6.17,,,1,12.7,1,298,exogenous,wet,,fresh,,Zillig et al.2023_229,229,0.02257,1.101844723,Elk River
2023,Zillig et al.,Cons. Phys.,25.63,,14,0,NA,0,NA,3.596465457,NA,1.279951546,3.24376354,Oncorhynchus tshawytscha,NA,juvenile,NA,,Fish394_11.14_ElkRiver_11.6.17,,,1,13,1,298,exogenous,wet,,fresh,,Zillig et al.2023_230,230,0.02563,1.166590806,Elk River
2023,Zillig et al.,Cons. Phys.,25.72,,16,0,NA,0,NA,4.413655654,NA,1.484703293,3.247268899,Oncorhynchus tshawytscha,NA,juvenile,NA,,Fish395_11.16_ElkRiver_11.6.17,,,1,12.9,1,298,exogenous,wet,,fresh,,Zillig et al.2023_231,231,0.02572,1.198124181,Elk River
2023,Zillig et al.,Cons. Phys.,28.16,,16,0,NA,0,NA,5.250154202,NA,1.658257448,3.337902531,Oncorhynchus tshawytscha,NA,juvenile,NA,,Fish396_11.16_ElkRiver_11.6.17,,,1,13.3,1,298,exogenous,wet,,fresh,,Zillig et al.2023_232,232,0.02816,1.196954736,Elk River
2023,Zillig et al.,Cons. Phys.,20.5,,24,0,NA,0,NA,6.778067126,NA,1.913691977,3.020424886,Oncorhynchus tshawytscha,NA,juvenile,NA,,Fish409_11.24_ElkRiver_11.10.17,,,1,12,1,302,exogenous,wet,,fresh,,Zillig et al.2023_233,233,0.0205,1.186342593,Elk River
2023,Zillig et al.,Cons. Phys.,23.15,,24,0,NA,0,NA,7.56384858,NA,2.023380132,3.141994781,Oncorhynchus tshawytscha,NA,juvenile,NA,,Fish410_11.24_ElkRiver_11.10.17,,,1,12.6,1,302,exogenous,wet,,fresh,,Zillig et al.2023_234,234,0.02315,1.157282431,Elk River
2023,Zillig et al.,Cons. Phys.,29.02,,24,0,NA,0,NA,9.343266852,NA,2.234655961,3.367985247,Oncorhynchus tshawytscha,NA,juvenile,NA,,Fish411_11.24_ElkRiver_11.10.17,,,1,13.6,1,302,exogenous,wet,,fresh,,Zillig et al.2023_235,235,0.02902,1.153667566,Elk River
2023,Zillig et al.,Cons. Phys.,24.91,,8,0,NA,0,NA,2.033986591,NA,0.709997705,3.215269329,Oncorhynchus tshawytscha,NA,juvenile,NA,,Fish417_11.8_ElkRiver_11.12.17,,,1,12.6,1,304,exogenous,wet,,fresh,,Zillig et al.2023_236,236,0.02491,1.24526589,Elk River
2023,Zillig et al.,Cons. Phys.,24.96,,8,0,NA,0,NA,1.946294156,NA,0.665927132,3.217274544,Oncorhynchus tshawytscha,NA,juvenile,NA,,Fish418_11.8_ElkRiver_11.12.17,,,1,12.9,1,304,exogenous,wet,,fresh,,Zillig et al.2023_237,237,0.02496,1.162720823,Elk River
2023,Zillig et al.,Cons. Phys.,25.98,,20,0,NA,0,NA,7.106038868,NA,1.960944967,3.257327011,Oncorhynchus tshawytscha,NA,juvenile,NA,,Fish419_11.20_ElkRiver_11.12.17,,,1,13.3,1,304,exogenous,wet,,fresh,,Zillig et al.2023_238,238,0.02598,1.104292757,Elk River
2023,Zillig et al.,Cons. Phys.,21.32,,20,0,NA,0,NA,4.66993709,NA,1.5411456,3.059645599,Oncorhynchus tshawytscha,NA,juvenile,NA,,Fish420_11.20_ElkRiver_11.12.17,,,1,12.2,1,304,exogenous,wet,,fresh,,Zillig et al.2023_239,239,0.02132,1.174107084,Elk River
2023,Zillig et al.,Cons. Phys.,22.97,,12,0,NA,0,NA,2.969704113,NA,1.088462323,3.134189017,Oncorhynchus tshawytscha,NA,juvenile,NA,,Fish427_11.12_ElkRiver_11.14.17,,,1,12.8,1,306,exogenous,wet,,fresh,,Zillig et al.2023_240,240,0.02297,1.095294952,Elk River
2023,Zillig et al.,Cons. Phys.,27.48,,12,0,NA,0,NA,2.604944812,NA,0.957411489,3.313458467,Oncorhynchus tshawytscha,NA,juvenile,NA,,Fish428_11.12_ElkRiver_11.14.17,,,1,13.4,1,306,exogenous,wet,,fresh,,Zillig et al.2023_241,241,0.02748,1.142095271,Elk River
2023,Zillig et al.,Cons. Phys.,28.71,,12,0,NA,0,NA,2.986580218,NA,1.094128993,3.357245494,Oncorhynchus tshawytscha,fall,juvenile,NA,,Fish915_20.12_FeatherFall_6.5.19,,,1,12.2,1,189,exogenous,wet,,fresh,,Zillig et al.2023_242,242,0.02871,1.581079474,Feather Fall
2023,Zillig et al.,Cons. Phys.,23.47,,12,0,NA,0,NA,2.36693731,NA,0.861596845,3.15572301,Oncorhynchus tshawytscha,fall,juvenile,NA,,Fish916_20.12_FeatherFall_6.5.19,,,1,12.1,1,189,exogenous,wet,,fresh,,Zillig et al.2023_243,243,0.02347,1.324820314,Feather Fall
2023,Zillig et al.,Cons. Phys.,34.12,,10,0,NA,0,NA,4.569858256,NA,1.519482188,3.529883723,Oncorhynchus tshawytscha,fall,juvenile,NA,,Fish917_20.10_FeatherFall_6.5.19,,,1,13,1,189,exogenous,wet,,fresh,,Zillig et al.2023_244,244,0.03412,1.553026855,Feather Fall
2023,Zillig et al.,Cons. Phys.,22.71,,25,0,NA,0,NA,6.162588166,NA,1.818496846,3.122805356,Oncorhynchus tshawytscha,fall,juvenile,NA,,Fish920_20.25_FeatherFall_6.6.19,,,1,12.2,1,190,exogenous,wet,,fresh,,Zillig et al.2023_245,245,0.02271,1.250655341,Feather Fall
2023,Zillig et al.,Cons. Phys.,24.26,,12,0,NA,0,NA,3.226980431,NA,1.171546849,3.188828904,Oncorhynchus tshawytscha,fall,juvenile,NA,,Fish923_16.12_FeatherFall_6.8.19,,,1,12.5,1,192,exogenous,wet,,fresh,,Zillig et al.2023_246,246,0.02426,1.242112,Feather Fall
2023,Zillig et al.,Cons. Phys.,25.35,,12,0,NA,0,NA,2.829412728,NA,1.040069173,3.23277873,Oncorhynchus tshawytscha,fall,juvenile,NA,,Fish924_16.12_FeatherFall_6.8.19,,,1,12.6,1,192,exogenous,wet,,fresh,,Zillig et al.2023_247,247,0.02535,1.267261755,Feather Fall
2023,Zillig et al.,Cons. Phys.,22.22,,10,0,NA,0,NA,1.898620105,NA,0.641127362,3.100992784,Oncorhynchus tshawytscha,fall,juvenile,NA,,Fish925_16.10_FeatherFall_6.8.19,,,1,12.3,1,192,exogenous,wet,,fresh,,Zillig et al.2023_248,248,0.02222,1.194067067,Feather Fall
2023,Zillig et al.,Cons. Phys.,29.9,,10,0,NA,0,NA,2.739903381,NA,1.007922657,3.39785848,Oncorhynchus tshawytscha,fall,juvenile,NA,,Fish926_16.10_FeatherFall_6.8.19,,,1,13.1,1,192,exogenous,wet,,fresh,,Zillig et al.2023_249,249,0.0299,1.330017335,Feather Fall
2023,Zillig et al.,Cons. Phys.,22.86,,16,0,NA,0,NA,2.983659734,NA,1.093150646,3.129388658,Oncorhynchus tshawytscha,fall,juvenile,NA,,Fish931_20.16_FeatherFall_6.10.19,,,1,12.7,1,194,exogenous,wet,,fresh,,Zillig et al.2023_250,250,0.02286,1.116002232,Feather Fall
2023,Zillig et al.,Cons. Phys.,26.44,,16,0,NA,0,NA,3.287869603,NA,1.190239818,3.274878015,Oncorhynchus tshawytscha,fall,juvenile,NA,,Fish932_20.16_FeatherFall_6.10.19,,,1,12.4,1,194,exogenous,wet,,fresh,,Zillig et al.2023_251,251,0.02644,1.386744319,Feather Fall
2023,Zillig et al.,Cons. Phys.,22.21,,14,0,NA,0,NA,2.870502952,NA,1.054487259,3.100542638,Oncorhynchus tshawytscha,fall,juvenile,NA,,Fish933_20.14_FeatherFall_6.10.19,,,1,12.5,1,194,exogenous,wet,,fresh,,Zillig et al.2023_252,252,0.02221,1.137152,Feather Fall
2023,Zillig et al.,Cons. Phys.,22.53,,14,0,NA,0,NA,3.195966826,NA,1.161889648,3.114847754,Oncorhynchus tshawytscha,fall,juvenile,NA,,Fish934_20.14_FeatherFall_6.10.19,,,1,12.4,1,194,exogenous,wet,,fresh,,Zillig et al.2023_253,253,0.02253,1.1816698,Feather Fall
2023,Zillig et al.,Cons. Phys.,24.89,,22,0,NA,0,NA,4.970388103,NA,1.603497926,3.214466116,Oncorhynchus tshawytscha,fall,juvenile,NA,,Fish936_20.22_FeatherFall_6.12.19,,,1,12.3,1,196,exogenous,wet,,fresh,,Zillig et al.2023_254,254,0.02489,1.337548573,Feather Fall
2023,Zillig et al.,Cons. Phys.,24.96,,18,0,NA,0,NA,4.564527767,NA,1.518315062,3.217274544,Oncorhynchus tshawytscha,fall,juvenile,NA,,Fish937_20.18_FeatherFall_6.12.19,,,1,12.9,1,196,exogenous,wet,,fresh,,Zillig et al.2023_255,255,0.02496,1.162720823,Feather Fall
2023,Zillig et al.,Cons. Phys.,25.54,,18,0,NA,0,NA,4.804053067,NA,1.569459951,3.240245851,Oncorhynchus tshawytscha,fall,juvenile,NA,,Fish938_20.18_FeatherFall_6.12.19,,,1,12.3,1,196,exogenous,wet,,fresh,,Zillig et al.2023_256,256,0.02554,1.372478527,Feather Fall
2023,Zillig et al.,Cons. Phys.,25.73,,14,0,NA,0,NA,2.547934012,NA,0.935282839,3.247657626,Oncorhynchus tshawytscha,fall,juvenile,NA,,Fish943_16.14_FeatherFall_6.15.19,,,1,12.5,1,199,exogenous,wet,,fresh,,Zillig et al.2023_257,257,0.02573,1.317376,Feather Fall
2023,Zillig et al.,Cons. Phys.,29.52,,18,0,NA,0,NA,5.417125191,NA,1.689565267,3.385068,Oncorhynchus tshawytscha,fall,juvenile,NA,,Fish945_16.18_FeatherFall_6.15.19,,,1,13.3,1,199,exogenous,wet,,fresh,,Zillig et al.2023_258,258,0.02952,1.254762209,Feather Fall
2023,Zillig et al.,Cons. Phys.,26.07,,10,0,NA,0,NA,2.457635145,NA,0.899199564,3.260785228,Oncorhynchus tshawytscha,fall,juvenile,NA,,Fish949_16.10_FeatherFall_6.16.19,,,1,12.7,1,200,exogenous,wet,,fresh,,Zillig et al.2023_259,259,0.02607,1.272711207,Feather Fall
2023,Zillig et al.,Cons. Phys.,27.99,,10,0,NA,0,NA,1.961826878,NA,0.67387612,3.331847304,Oncorhynchus tshawytscha,fall,juvenile,NA,,Fish950_16.10_FeatherFall_6.16.19,,,1,13.1,1,200,exogenous,wet,,fresh,,Zillig et al.2023_260,260,0.02799,1.245056361,Feather Fall
2023,Zillig et al.,Cons. Phys.,25.51,,8,0,NA,0,NA,1.661039008,NA,0.507443315,3.239070532,Oncorhynchus tshawytscha,fall,juvenile,NA,,Fish951_16.8_FeatherFall_6.17.19,,,1,12.7,1,201,exogenous,wet,,fresh,,Zillig et al.2023_261,261,0.02551,1.245372569,Feather Fall
2023,Zillig et al.,Cons. Phys.,30.38,,8,0,NA,0,NA,1.888218302,NA,0.635633687,3.413784497,Oncorhynchus tshawytscha,fall,juvenile,NA,,Fish952_16.8_FeatherFall_6.17.19,,,1,13.6,1,201,exogenous,wet,,fresh,,Zillig et al.2023_262,262,0.03038,1.20773331,Feather Fall
2023,Zillig et al.,Cons. Phys.,21.12,,8,0,NA,0,NA,1.812300513,NA,0.59459704,3.050220459,Oncorhynchus tshawytscha,fall,juvenile,NA,,Fish953_16.8_FeatherFall_6.17.19,,,1,12.2,1,201,exogenous,wet,,fresh,,Zillig et al.2023_263,263,0.02112,1.163092946,Feather Fall
2023,Zillig et al.,Cons. Phys.,24.49,,8,0,NA,0,NA,1.952571657,NA,0.669147302,3.198264871,Oncorhynchus tshawytscha,fall,juvenile,NA,,Fish954_16.8_FeatherFall_6.17.19,,,1,12.6,1,201,exogenous,wet,,fresh,,Zillig et al.2023_264,264,0.02449,1.224269837,Feather Fall
2023,Zillig et al.,Cons. Phys.,20.44,,14,0,NA,0,NA,2.423500239,NA,0.885212875,3.017493765,Oncorhynchus tshawytscha,fall,juvenile,NA,,Fish955_16.14_FeatherFall_6.18.19,,,1,11.9,1,202,exogenous,wet,,fresh,,Zillig et al.2023_265,265,0.02044,1.212941924,Feather Fall
2023,Zillig et al.,Cons. Phys.,20.86,,14,0,NA,0,NA,2.356297979,NA,0.857091734,3.03783345,Oncorhynchus tshawytscha,fall,juvenile,NA,,Fish956_16.14_FeatherFall_6.18.19,,,1,12,1,202,exogenous,wet,,fresh,,Zillig et al.2023_266,266,0.02086,1.207175926,Feather Fall
2023,Zillig et al.,Cons. Phys.,20.86,,12,0,NA,0,NA,2.321251996,NA,0.842106694,3.03783345,Oncorhynchus tshawytscha,fall,juvenile,NA,,Fish957_16.12_FeatherFall_6.18.19,,,1,12.2,1,202,exogenous,wet,,fresh,,Zillig et al.2023_267,267,0.02086,1.148774567,Feather Fall
2023,Zillig et al.,Cons. Phys.,21.92,,12,0,NA,0,NA,2.419346395,NA,0.883497419,3.087399462,Oncorhynchus tshawytscha,fall,juvenile,NA,,Fish958_16.12_FeatherFall_6.18.19,,,1,12.5,1,202,exogenous,wet,,fresh,,Zillig et al.2023_268,268,0.02192,1.122304,Feather Fall
2023,Zillig et al.,Cons. Phys.,28.69,,20,0,NA,0,NA,5.247587806,NA,1.657768506,3.35654863,Oncorhynchus tshawytscha,fall,juvenile,NA,,Fish963_20.20_FeatherFall_6.22.19,,,1,12.9,1,206,exogenous,wet,,fresh,,Zillig et al.2023_269,269,0.02869,1.336476779,Feather Fall
2023,Zillig et al.,Cons. Phys.,20.87,,20,0,NA,0,NA,4.12320745,NA,1.416631368,3.038312721,Oncorhynchus tshawytscha,fall,juvenile,NA,,Fish964_20.20_FeatherFall_6.22.19,,,1,12.1,1,206,exogenous,wet,,fresh,,Zillig et al.2023_270,270,0.02087,1.178057092,Feather Fall
2023,Zillig et al.,Cons. Phys.,26.23,,20,0,NA,0,NA,5.679357699,NA,1.736838145,3.266903794,Oncorhynchus tshawytscha,fall,juvenile,NA,,Fish965_20.20_FeatherFall_6.22.19,,,1,12.5,1,206,exogenous,wet,,fresh,,Zillig et al.2023_271,271,0.02623,1.342976,Feather Fall
2023,Zillig et al.,Cons. Phys.,22.93,,20,0,NA,0,NA,4.822099486,NA,1.573209411,3.132446097,Oncorhynchus tshawytscha,fall,juvenile,NA,,Fish966_20.20_FeatherFall_6.22.19,,,1,12.3,1,206,exogenous,wet,,fresh,,Zillig et al.2023_272,272,0.02293,1.232221325,Feather Fall
2023,Zillig et al.,Cons. Phys.,28.17,,16,0,NA,0,NA,3.991906109,NA,1.384268838,3.338257582,Oncorhynchus tshawytscha,fall,juvenile,NA,,Fish967_20.16_FeatherFall_6.23.19,,,1,13.1,1,207,exogenous,wet,,fresh,,Zillig et al.2023_273,273,0.02817,1.253063154,Feather Fall
2023,Zillig et al.,Cons. Phys.,23.59,,10,0,NA,0,NA,1.839807963,NA,0.609661198,3.160822893,Oncorhynchus tshawytscha,fall,juvenile,NA,,Fish969_20.10_FeatherFall_6.23.19,,,1,12.6,1,207,exogenous,wet,,fresh,,Zillig et al.2023_274,274,0.02359,1.179278296,Feather Fall
2023,Zillig et al.,Cons. Phys.,29.66,,10,0,NA,0,NA,2.775274915,NA,1.020749811,3.389799337,Oncorhynchus tshawytscha,fall,juvenile,NA,,Fish970_20.10_FeatherFall_6.23.19,,,1,12.5,1,207,exogenous,wet,,fresh,,Zillig et al.2023_275,275,0.02966,1.518592,Feather Fall
2023,Zillig et al.,Cons. Phys.,21.38,,8,0,NA,0,NA,1.228985876,NA,0.206189338,3.062455906,Oncorhynchus tshawytscha,fall,juvenile,NA,,Fish971_20.8_FeatherFall_6.24.19,,,1,12,1,208,exogenous,wet,,fresh,,Zillig et al.2023_276,276,0.02138,1.237268519,Feather Fall
2023,Zillig et al.,Cons. Phys.,22.38,,8,0,NA,0,NA,1.258529411,NA,0.229943905,3.108167703,Oncorhynchus tshawytscha,fall,juvenile,NA,,Fish972_20.8_FeatherFall_6.24.19,,,1,12.2,1,208,exogenous,wet,,fresh,,Zillig et al.2023_277,277,0.02238,1.232482014,Feather Fall
2023,Zillig et al.,Cons. Phys.,21.95,,12,0,NA,0,NA,2.336980915,NA,0.848859889,3.08876714,Oncorhynchus tshawytscha,fall,juvenile,NA,,Fish973_20.12_FeatherFall_6.24.19,,,1,12.3,1,208,exogenous,wet,,fresh,,Zillig et al.2023_278,278,0.02195,1.179557701,Feather Fall
2023,Zillig et al.,Cons. Phys.,20.65,,12,0,NA,0,NA,2.1209031,NA,0.751841988,3.027715319,Oncorhynchus tshawytscha,fall,juvenile,NA,,Fish974_20.12_FeatherFall_6.24.19,,,1,12,1,208,exogenous,wet,,fresh,,Zillig et al.2023_279,279,0.02065,1.195023148,Feather Fall
2023,Zillig et al.,Cons. Phys.,25.44,,24,0,NA,0,NA,6.813172056,NA,1.918857806,3.236322738,Oncorhynchus tshawytscha,fall,juvenile,NA,,Fish978_16.24_FeatherFall_7.1.19,,,1,12.9,1,215,exogenous,wet,,fresh,,Zillig et al.2023_280,280,0.02544,1.185080838,Feather Fall
2023,Zillig et al.,Cons. Phys.,26.19,,14,0,NA,0,NA,2.93361607,NA,1.076235816,3.265377659,Oncorhynchus tshawytscha,fall,juvenile,NA,,Fish980_20.14_FeatherFall_7.2.19,,,1,12.9,1,216,exogenous,wet,,fresh,,Zillig et al.2023_281,281,0.02619,1.220018363,Feather Fall
2023,Zillig et al.,Cons. Phys.,23.44,,18,0,NA,0,NA,3.962678861,NA,1.376920277,3.154443965,Oncorhynchus tshawytscha,fall,juvenile,NA,,Fish981_20.18_FeatherFall_7.2.19,,,1,12.5,1,216,exogenous,wet,,fresh,,Zillig et al.2023_282,282,0.02344,1.200128,Feather Fall
2023,Zillig et al.,Cons. Phys.,26.84,,18,0,NA,0,NA,4.423753692,NA,1.486988587,3.289893312,Oncorhynchus tshawytscha,fall,juvenile,NA,,Fish982_20.18_FeatherFall_7.2.19,,,1,13.1,1,216,exogenous,wet,,fresh,,Zillig et al.2023_283,283,0.02684,1.193901848,Feather Fall
2023,Zillig et al.,Cons. Phys.,25.92,,10,0,NA,0,NA,1.996072764,NA,0.691181632,3.255014871,Oncorhynchus tshawytscha,fall,juvenile,NA,,Fish989_20.10_FeatherFall_7.4.19,,,1,12.5,1,218,exogenous,wet,,fresh,,Zillig et al.2023_284,284,0.02592,1.327104,Feather Fall
2023,Zillig et al.,Cons. Phys.,28.76,,10,0,NA,0,NA,2.518697037,NA,0.923741719,3.358985533,Oncorhynchus tshawytscha,fall,juvenile,NA,,Fish990_20.10_FeatherFall_7.4.19,,,1,12.9,1,218,exogenous,wet,,fresh,,Zillig et al.2023_285,285,0.02876,1.339737615,Feather Fall
2023,Zillig et al.,Cons. Phys.,24.68,,22,0,NA,0,NA,5.856704799,NA,1.767587125,3.205993199,Oncorhynchus tshawytscha,fall,juvenile,NA,,Fish993_20.22_FeatherFall_7.6.19,,,1,12.6,1,220,exogenous,wet,,fresh,,Zillig et al.2023_286,286,0.02468,1.233768052,Feather Fall
2023,Zillig et al.,Cons. Phys.,23.62,,22,0,NA,0,NA,6.448557066,NA,1.863856395,3.162093811,Oncorhynchus tshawytscha,fall,juvenile,NA,,Fish997_16.22_FeatherFall_7.7.19,,,1,12.7,1,221,exogenous,wet,,fresh,,Zillig et al.2023_287,287,0.02362,1.153104668,Feather Fall
2023,Zillig et al.,Cons. Phys.,21.96,,22,0,NA,0,NA,5.475963719,NA,1.700368282,3.089222617,Oncorhynchus tshawytscha,fall,juvenile,NA,,Fish998_16.22_FeatherFall_7.7.19,,,1,12.5,1,221,exogenous,wet,,fresh,,Zillig et al.2023_288,288,0.02196,1.124352,Feather Fall
2023,Zillig et al.,Cons. Phys.,21.52,,20,0,NA,0,NA,4.069602972,NA,1.403545445,3.068982735,Oncorhynchus tshawytscha,fall,juvenile,NA,,Fish999_16.20_FeatherFall_7.8.19,,,1,12.4,1,222,exogenous,wet,,fresh,,Zillig et al.2023_289,289,0.02152,1.128696586,Feather Fall
2023,Zillig et al.,Cons. Phys.,23.1,,20,0,NA,0,NA,5.44260586,NA,1.694257965,3.139832618,Oncorhynchus tshawytscha,fall,juvenile,NA,,Fish1000_16.20_FeatherFall_7.8.19,,,1,12.9,1,222,exogenous,wet,,fresh,,Zillig et al.2023_290,290,0.0231,1.076075761,Feather Fall
2023,Zillig et al.,Cons. Phys.,24.38,,20,0,NA,0,NA,5.02895255,NA,1.615211722,3.193763124,Oncorhynchus tshawytscha,fall,juvenile,NA,,Fish1002_16.20_FeatherFall_7.8.19,,,1,12.8,1,222,exogenous,wet,,fresh,,Zillig et al.2023_291,291,0.02438,1.162528992,Feather Fall
2023,Zillig et al.,Cons. Phys.,31.76,,8,0,NA,0,NA,1.284063132,NA,0.250029373,3.458207636,Oncorhynchus tshawytscha,fall,juvenile,NA,,Fish1007_20.8_FeatherFall_7.20.19,,,1,12.8,1,234,exogenous,wet,,fresh,,Zillig et al.2023_292,292,0.03176,1.514434814,Feather Fall
2023,Zillig et al.,Cons. Phys.,24.77,,24,0,NA,0,NA,7.149656326,NA,1.967064289,3.209633244,Oncorhynchus tshawytscha,fall,juvenile,NA,,Fish1009_16.24_FeatherFall_7.20.19,,,1,13.1,1,234,exogenous,wet,,fresh,,Zillig et al.2023_293,293,0.02477,1.101823725,Feather Fall
2023,Zillig et al.,Cons. Phys.,21.04,,16,0,NA,0,NA,2.441522472,NA,0.892621809,3.046425388,Oncorhynchus tshawytscha,fall,juvenile,NA,,Fish1019_16.16_FeatherFall_7.23.19,,,1,12.4,1,237,exogenous,wet,,fresh,,Zillig et al.2023_294,294,0.02104,1.103521198,Feather Fall
2023,Zillig et al.,Cons. Phys.,25.5,,16,0,NA,0,NA,4.093869361,NA,1.409490577,3.238678452,Oncorhynchus tshawytscha,fall,juvenile,NA,,Fish1020_16.16_FeatherFall_7.23.19,,,1,12.9,1,237,exogenous,wet,,fresh,,Zillig et al.2023_295,295,0.0255,1.18787584,Feather Fall
2023,Zillig et al.,Cons. Phys.,24.49,,16,0,NA,0,NA,4.269501164,NA,1.451496997,3.198264871,Oncorhynchus tshawytscha,fall,juvenile,NA,,Fish1021_16.16_FeatherFall_7.23.19,,,1,13.1,1,237,exogenous,wet,,fresh,,Zillig et al.2023_296,296,0.02449,1.089368713,Feather Fall
2023,Zillig et al.,Cons. Phys.,26.14,,16,0,NA,0,NA,3.643749964,NA,1.293013361,3.263466708,Oncorhynchus tshawytscha,fall,juvenile,NA,,Fish1022_16.16_FeatherFall_7.23.19,,,1,13.2,1,237,exogenous,wet,,fresh,,Zillig et al.2023_297,297,0.02614,1.136537552,Feather Fall
2023,Zillig et al.,Cons. Phys.,24.05,,18,0,NA,0,NA,4.087934241,NA,1.408039767,3.180134997,Oncorhynchus tshawytscha,fall,juvenile,NA,,Fish1023_11.18_FeatherFall_7.23.19,,,1,12.5,1,238,exogenous,wet,,fresh,,Zillig et al.2023_298,298,0.02405,1.23136,Feather Fall
2023,Zillig et al.,Cons. Phys.,25.65,,18,0,NA,0,NA,5.56890387,NA,1.717198243,3.244543572,Oncorhynchus tshawytscha,fall,juvenile,NA,,Fish1024_11.18_FeatherFall_7.23.19,,,1,12.8,1,238,exogenous,wet,,fresh,,Zillig et al.2023_299,299,0.02565,1.223087311,Feather Fall
2023,Zillig et al.,Cons. Phys.,23.23,,20,0,NA,0,NA,5.958846516,NA,1.784876925,3.145444547,Oncorhynchus tshawytscha,fall,juvenile,NA,,Fish1025_11.20_FeatherFall_7.23.19,,,1,12.5,1,238,exogenous,wet,,fresh,,Zillig et al.2023_300,300,0.02323,1.189376,Feather Fall
2023,Zillig et al.,Cons. Phys.,21.68,,18,0,NA,0,NA,3.121342532,NA,1.138263208,3.076390177,Oncorhynchus tshawytscha,fall,juvenile,NA,,Fish1027_16.18_FeatherFall_7.25.19,,,1,12.5,1,239,exogenous,wet,,fresh,,Zillig et al.2023_301,301,0.02168,1.110016,Feather Fall
2023,Zillig et al.,Cons. Phys.,23.99,,18,0,NA,0,NA,4.847816106,NA,1.578528316,3.177637077,Oncorhynchus tshawytscha,fall,juvenile,NA,,Fish1028_16.18_FeatherFall_7.25.19,,,1,12.8,1,239,exogenous,wet,,fresh,,Zillig et al.2023_302,302,0.02399,1.143932343,Feather Fall
2023,Zillig et al.,Cons. Phys.,24.18,,22,0,NA,0,NA,6.228142536,NA,1.82907814,3.185525845,Oncorhynchus tshawytscha,fall,juvenile,NA,,Fish1029_16.22_FeatherFall_7.25.19,,,1,13.1,1,239,exogenous,wet,,fresh,,Zillig et al.2023_303,303,0.02418,1.075579236,Feather Fall
2023,Zillig et al.,Cons. Phys.,22.5,,14,0,NA,0,NA,3.150768287,NA,1.147646324,3.113515309,Oncorhynchus tshawytscha,fall,juvenile,NA,,Fish1040_16.14_FeatherFall_7.29.19,,,1,12.6,1,243,exogenous,wet,,fresh,,Zillig et al.2023_304,304,0.0225,1.12478854,Feather Fall
2023,Zillig et al.,Cons. Phys.,22.91,,18,0,NA,0,NA,4.462043059,NA,1.495606746,3.131573496,Oncorhynchus tshawytscha,fall,juvenile,NA,,Fish1042_16.18_FeatherFall_7.29.19,,,1,12.7,1,243,exogenous,wet,,fresh,,Zillig et al.2023_305,305,0.02291,1.118443182,Feather Fall
2023,Zillig et al.,Cons. Phys.,22.94,,8,0,NA,0,NA,1.120285896,NA,0.113583917,3.132882112,Oncorhynchus tshawytscha,fall,juvenile,NA,,Fish1055_11.8_FeatherFall_8.3.19,,,1,12.6,1,249,exogenous,wet,,fresh,,Zillig et al.2023_306,306,0.02294,1.146784405,Feather Fall
2023,Zillig et al.,Cons. Phys.,21.09,,8,0,NA,0,NA,1.471116899,NA,0.386021908,3.048798994,Oncorhynchus tshawytscha,fall,juvenile,NA,,Fish1056_11.8_FeatherFall_8.3.19,,,1,12.5,1,249,exogenous,wet,,fresh,,Zillig et al.2023_307,307,0.02109,1.079808,Feather Fall
2023,Zillig et al.,Cons. Phys.,20.98,,14,0,NA,0,NA,3.364585198,NA,1.213304686,3.043569603,Oncorhynchus tshawytscha,fall,juvenile,NA,,Fish1057_11.14_FeatherFall_8.3.19,,,1,12.3,1,249,exogenous,wet,,fresh,,Zillig et al.2023_308,308,0.02098,1.127431461,Feather Fall
2023,Zillig et al.,Cons. Phys.,21.8,,14,0,NA,0,NA,3.0494752,NA,1.11496951,3.08190997,Oncorhynchus tshawytscha,fall,juvenile,NA,,Fish1058_11.14_FeatherFall_8.3.19,,,1,12.6,1,249,exogenous,wet,,fresh,,Zillig et al.2023_309,309,0.0218,1.089795119,Feather Fall
2023,Zillig et al.,Cons. Phys.,27.31,,10,0,NA,0,NA,2.747161785,NA,1.010568301,3.307252935,Oncorhynchus tshawytscha,fall,juvenile,NA,,Fish1059_11.10_FeatherFall_8.5.19,,,1,13.3,1,251,exogenous,wet,,fresh,,Zillig et al.2023_310,310,0.02731,1.160825066,Feather Fall
2023,Zillig et al.,Cons. Phys.,25.54,,10,0,NA,0,NA,2.17604131,NA,0.777507313,3.240245851,Oncorhynchus tshawytscha,fall,juvenile,NA,,Fish1060_11.10_FeatherFall_8.5.19,,,1,13.3,1,251,exogenous,wet,,fresh,,Zillig et al.2023_311,311,0.02554,1.08559034,Feather Fall
2023,Zillig et al.,Cons. Phys.,28.54,,12,0,NA,0,NA,3.816645872,NA,1.339371993,3.351306612,Oncorhynchus tshawytscha,fall,juvenile,NA,,Fish1061_11.12_FeatherFall_8.5.19,,,1,13.1,1,251,exogenous,wet,,fresh,,Zillig et al.2023_312,312,0.02854,1.269521563,Feather Fall
2023,Zillig et al.,Cons. Phys.,22.28,,12,0,NA,0,NA,2.164817191,NA,0.77233592,3.103689415,Oncorhynchus tshawytscha,fall,juvenile,NA,,Fish1062_11.12_FeatherFall_8.5.19,,,1,12.4,1,251,exogenous,wet,,fresh,,Zillig et al.2023_313,313,0.02228,1.168557618,Feather Fall
2023,Zillig et al.,Cons. Phys.,40.9,,8,0,NA,0,NA,2.161128261,NA,0.770630428,3.711130063,Oncorhynchus tshawytscha,fall,juvenile,NA,,Fish1064_20.8_FeatherFall_8.7.19,,,1,14.3,1,252,exogenous,wet,,fresh,,Zillig et al.2023_314,314,0.0409,1.398669793,Feather Fall
2023,Zillig et al.,Cons. Phys.,23,,24,0,NA,0,NA,6.744481599,NA,1.90872463,3.135494216,Oncorhynchus tshawytscha,fall,juvenile,NA,,Fish1067_16.24_FeatherFall_8.8.19,,,1,12.7,1,253,exogenous,wet,,fresh,,Zillig et al.2023_315,315,0.023,1.122836891,Feather Fall
2023,Zillig et al.,Cons. Phys.,21.48,,24,0,NA,0,NA,5.281537973,NA,1.664217338,3.06712227,Oncorhynchus tshawytscha,fall,juvenile,NA,,Fish1068_16.24_FeatherFall_8.8.19,,,1,12.2,1,253,exogenous,wet,,fresh,,Zillig et al.2023_316,316,0.02148,1.182918394,Feather Fall
2023,Zillig et al.,Cons. Phys.,24.81,,22,0,NA,0,NA,5.621531958,NA,1.726604217,3.211246798,Oncorhynchus tshawytscha,fall,juvenile,NA,,Fish1070_16.22_FeatherFall_8.8.19,,,1,13,1,253,exogenous,wet,,fresh,,Zillig et al.2023_317,317,0.02481,1.129267183,Feather Fall
2023,Zillig et al.,Cons. Phys.,26.96,,16,0,NA,0,NA,3.896062675,NA,1.359966473,3.294354286,Oncorhynchus tshawytscha,fall,juvenile,NA,,Fish1072_20.16_FeatherFall_8.9.19,,,1,12.8,1,254,exogenous,wet,,fresh,,Zillig et al.2023_318,318,0.02696,1.285552979,Feather Fall
2023,Zillig et al.,Cons. Phys.,23.39,,14,0,NA,0,NA,2.570808403,NA,0.944220403,3.152308581,Oncorhynchus tshawytscha,fall,juvenile,NA,,Fish1073_20.14_FeatherFall_8.9.19,,,1,12.1,1,254,exogenous,wet,,fresh,,Zillig et al.2023_319,319,0.02339,1.320304522,Feather Fall
2023,Zillig et al.,Cons. Phys.,31.06,,22,0,NA,0,NA,5.66872653,NA,1.734964495,3.435920818,Oncorhynchus tshawytscha,fall,juvenile,NA,,Fish1075_20.22_FeatherFall_8.10.19,,,1,12.8,1,255,exogenous,wet,,fresh,,Zillig et al.2023_320,320,0.03106,1.481056213,Feather Fall
2023,Zillig et al.,Cons. Phys.,29.94,,24,0,NA,0,NA,7.181039632,NA,1.971444168,3.399195379,Oncorhynchus tshawytscha,fall,juvenile,NA,,Fish1077_20.24_FeatherFall_8.10.19,,,1,13.1,1,255,exogenous,wet,,fresh,,Zillig et al.2023_321,321,0.02994,1.331796622,Feather Fall
2023,Zillig et al.,Cons. Phys.,27.45,,24,0,NA,0,NA,5.802527901,NA,1.758293668,3.312366168,Oncorhynchus tshawytscha,fall,juvenile,NA,,Fish1078_20.24_FeatherFall_8.10.19,,,1,12.7,1,255,exogenous,wet,,fresh,,Zillig et al.2023_322,322,0.02745,1.34008142,Feather Fall
2023,Zillig et al.,Cons. Phys.,22.51,,10,0,NA,0,NA,1.654856287,NA,0.503714169,3.113959655,Oncorhynchus tshawytscha,fall,juvenile,NA,,Fish1083_11.10_FeatherFall_8.12.19,,,1,12.7,1,258,exogenous,wet,,fresh,,Zillig et al.2023_323,323,0.02251,1.098915584,Feather Fall
2023,Zillig et al.,Cons. Phys.,22.19,,10,0,NA,0,NA,2.268244447,NA,0.819006161,3.099641737,Oncorhynchus tshawytscha,fall,juvenile,NA,,Fish1084_11.10_FeatherFall_8.12.19,,,1,12.6,1,258,exogenous,wet,,fresh,,Zillig et al.2023_324,324,0.02219,1.109291453,Feather Fall
2023,Zillig et al.,Cons. Phys.,22.66,,8,0,NA,0,NA,2.069434744,NA,0.7272755,3.120601256,Oncorhynchus tshawytscha,fall,juvenile,NA,,Fish1085_11.8_FeatherFall_8.12.19,,,1,12.6,1,258,exogenous,wet,,fresh,,Zillig et al.2023_325,325,0.02266,1.132787036,Feather Fall
2023,Zillig et al.,Cons. Phys.,27.44,,8,0,NA,0,NA,1.957831553,NA,0.671837511,3.312001803,Oncorhynchus tshawytscha,fall,juvenile,NA,,Fish1086_11.8_FeatherFall_8.12.19,,,1,13.2,1,258,exogenous,wet,,fresh,,Zillig et al.2023_326,326,0.02744,1.193060077,Feather Fall
2023,Zillig et al.,Cons. Phys.,25.31,,24,0,NA,0,NA,4.524302624,NA,1.509463449,3.231199575,Oncorhynchus tshawytscha,fall,juvenile,NA,,Fish1087_20.24_FeatherFall_8.14.19,,,1,12.2,1,259,exogenous,wet,,fresh,,Zillig et al.2023_327,327,0.02531,1.393839132,Feather Fall
2023,Zillig et al.,Cons. Phys.,32.59,,22,0,NA,0,NA,5.143126468,NA,1.637661157,3.484005493,Oncorhynchus tshawytscha,fall,juvenile,NA,,Fish1090_20.22_FeatherFall_8.14.19,,,1,13.3,1,259,exogenous,wet,,fresh,,Zillig et al.2023_328,328,0.03259,1.385254079,Feather Fall
2023,Zillig et al.,Cons. Phys.,24.47,,16,0,NA,0,NA,4.516464676,NA,1.507729536,3.197447877,Oncorhynchus tshawytscha,fall,juvenile,NA,,Fish1091_11.16_FeatherFall_8.14.19,,,1,12.7,1,260,exogenous,wet,,fresh,,Zillig et al.2023_329,329,0.02447,1.194600814,Feather Fall
2023,Zillig et al.,Cons. Phys.,25.19,,16,0,NA,0,NA,5.253161884,NA,1.658830159,3.22644709,Oncorhynchus tshawytscha,fall,juvenile,NA,,Fish1092_11.16_FeatherFall_8.14.19,,,1,12.7,1,260,exogenous,wet,,fresh,,Zillig et al.2023_330,330,0.02519,1.229750491,Feather Fall
2023,Zillig et al.,Cons. Phys.,24.77,,18,0,NA,0,NA,5.815900593,NA,1.760595648,3.209633244,Oncorhynchus tshawytscha,fall,juvenile,NA,,Fish1093_11.18_FeatherFall_8.14.19,,,1,12.7,1,260,exogenous,wet,,fresh,,Zillig et al.2023_331,331,0.02477,1.209246513,Feather Fall
2023,Zillig et al.,Cons. Phys.,27.31,,18,0,NA,0,NA,6.860963309,NA,1.925847856,3.307252935,Oncorhynchus tshawytscha,fall,juvenile,NA,,Fish1094_11.18_FeatherFall_8.14.19,,,1,13.2,1,260,exogenous,wet,,fresh,,Zillig et al.2023_332,332,0.02731,1.187407825,Feather Fall
2023,Zillig et al.,Cons. Phys.,20.72,,8,0,NA,0,NA,2.078626322,NA,0.731707254,3.031099417,Oncorhynchus tshawytscha,fall,juvenile,NA,,Fish1101_20.8_FeatherFall_8.17.19,,,1,11.7,1,262,exogenous,wet,,fresh,,Zillig et al.2023_333,333,0.02072,1.293695793,Feather Fall
2023,Zillig et al.,Cons. Phys.,25.06,,20,0,NA,0,NA,6.669178428,NA,1.897496678,3.221272949,Oncorhynchus tshawytscha,fall,juvenile,NA,,Fish1111_11.20_FeatherFall_9.7.19,,,1,12.9,1,284,exogenous,wet,,fresh,,Zillig et al.2023_334,334,0.02506,1.167379159,Feather Fall
2023,Zillig et al.,Cons. Phys.,24.42,,20,0,NA,0,NA,5.508406462,NA,1.706275373,3.195402469,Oncorhynchus tshawytscha,fall,juvenile,NA,,Fish1112_11.20_FeatherFall_9.7.19,,,1,13,1,284,exogenous,wet,,fresh,,Zillig et al.2023_335,335,0.02442,1.111515703,Feather Fall
2023,Zillig et al.,Cons. Phys.,25.62,,16,0,NA,0,NA,5.18914951,NA,1.646569813,3.243373296,Oncorhynchus tshawytscha,fall,juvenile,NA,,Fish1113_11.16_FeatherFall_9.7.19,,,1,13.2,1,284,exogenous,wet,,fresh,,Zillig et al.2023_336,336,0.02562,1.113928542,Feather Fall
2023,Zillig et al.,Cons. Phys.,22.97,,16,0,NA,0,NA,4.153871345,NA,1.424040754,3.134189017,Oncorhynchus tshawytscha,fall,juvenile,NA,,Fish1114_11.16_FeatherFall_9.7.19,,,1,12.9,1,284,exogenous,wet,,fresh,,Zillig et al.2023_337,337,0.02297,1.070019924,Feather Fall
2023,Zillig et al.,Cons. Phys.,26.13,,12,0,NA,0,NA,2.977312699,NA,1.091021115,3.26308408,Oncorhynchus tshawytscha,fall,juvenile,NA,,Fish1123_11.12_FeatherFall_9.10.19,,,1,13.3,1,287,exogenous,wet,,fresh,,Zillig et al.2023_338,338,0.02613,1.110668582,Feather Fall
2023,Zillig et al.,Cons. Phys.,27.92,,12,0,NA,0,NA,3.141211271,NA,1.144608481,3.329343278,Oncorhynchus tshawytscha,fall,juvenile,NA,,Fish1124_11.12_FeatherFall_9.10.19,,,1,13.2,1,287,exogenous,wet,,fresh,,Zillig et al.2023_339,339,0.02792,1.213929933,Feather Fall
2023,Zillig et al.,Cons. Phys.,25.76,,14,0,NA,0,NA,3.967588943,NA,1.378158591,3.248822901,Oncorhynchus tshawytscha,fall,juvenile,NA,,Fish1125_11.14_FeatherFall_9.10.19,,,1,13.3,1,287,exogenous,wet,,fresh,,Zillig et al.2023_340,340,0.02576,1.094941549,Feather Fall
2023,Zillig et al.,Cons. Phys.,28.68,,14,0,NA,0,NA,3.968208242,NA,1.378314668,3.356200016,Oncorhynchus tshawytscha,fall,juvenile,NA,,Fish1126_11.14_FeatherFall_9.10.19,,,1,13.6,1,287,exogenous,wet,,fresh,,Zillig et al.2023_341,341,0.02868,1.14015113,Feather Fall
2023,Zillig et al.,Cons. Phys.,23.29,,23,0,NA,0,NA,7.20523684,NA,1.9748081,3.148024084,Oncorhynchus tshawytscha,fall,juvenile,NA,,Fish1127_11.23_FeatherFall_9.11.19,,,1,12.5,1,288,exogenous,wet,,fresh,,Zillig et al.2023_342,342,0.02329,1.192448,Feather Fall
2023,Zillig et al.,Cons. Phys.,25.86,,23,0,NA,0,NA,8.33007749,NA,2.119872759,3.252697373,Oncorhynchus tshawytscha,fall,juvenile,NA,,Fish1128_11.23_FeatherFall_9.11.19,,,1,13.2,1,288,exogenous,wet,,fresh,,Zillig et al.2023_343,343,0.02586,1.124363469,Feather Fall
2023,Zillig et al.,Cons. Phys.,24.53,,22,0,NA,0,NA,7.199120549,NA,1.973958873,3.199896858,Oncorhynchus tshawytscha,fall,juvenile,NA,,Fish1129_11.22_FeatherFall_9.11.19,,,1,12.9,1,288,exogenous,wet,,fresh,,Zillig et al.2023_344,344,0.02453,1.142689975,Feather Fall
2023,Zillig et al.,Cons. Phys.,25.19,,22,0,NA,0,NA,7.256684052,NA,1.981922982,3.22644709,Oncorhynchus tshawytscha,fall,juvenile,NA,,Fish1130_11.22_FeatherFall_9.11.19,,,1,13.3,1,288,exogenous,wet,,fresh,,Zillig et al.2023_345,345,0.02519,1.070713416,Feather Fall
2023,Zillig et al.,Cons. Phys.,24.27,,22,0,NA,0,NA,6.869538337,NA,1.927096904,3.18924102,Oncorhynchus tshawytscha,fall,juvenile,NA,,Fish1139_11.22_FeatherFall_9.15.19,,,1,13.2,1,292,exogenous,wet,,fresh,,Zillig et al.2023_346,346,0.02427,1.055232073,Feather Fall
2023,Zillig et al.,Cons. Phys.,29.24,,22,0,NA,0,NA,8.223773181,NA,2.107029128,3.375537635,Oncorhynchus tshawytscha,fall,juvenile,NA,,Fish1140_11.22_FeatherFall_9.15.19,,,1,13.4,1,292,exogenous,wet,,fresh,,Zillig et al.2023_347,347,0.02924,1.215242566,Feather Fall
2023,Zillig et al.,Cons. Phys.,25.04,,23,0,NA,0,NA,7.239179319,NA,1.979507846,3.220474546,Oncorhynchus tshawytscha,fall,juvenile,NA,,Fish1141_11.23_FeatherFall_9.15.19,,,1,13.2,1,292,exogenous,wet,,fresh,,Zillig et al.2023_348,348,0.02504,1.088710799,Feather Fall
2023,Zillig et al.,Cons. Phys.,31.74,,23,0,NA,0,NA,9.506058299,NA,2.251929311,3.457577715,Oncorhynchus tshawytscha,fall,juvenile,NA,,Fish1142_11.23_FeatherFall_9.15.19,,,1,14.1,1,292,exogenous,wet,,fresh,,Zillig et al.2023_349,349,0.03174,1.132268915,Feather Fall
2023,Zillig et al.,Cons. Phys.,28.22,,10,0,NA,0,NA,3.07530723,NA,1.123404808,3.340030946,Oncorhynchus tshawytscha,fall,juvenile,NA,,Fish1143_11.10_FeatherFall_9.16.19,,,1,13.7,1,293,exogenous,wet,,fresh,,Zillig et al.2023_350,350,0.02822,1.097476698,Feather Fall
2023,Zillig et al.,Cons. Phys.,27.29,,10,0,NA,0,NA,2.81078012,NA,1.033462068,3.306520335,Oncorhynchus tshawytscha,fall,juvenile,NA,,Fish1144_11.10_FeatherFall_9.16.19,,,1,13.4,1,293,exogenous,wet,,fresh,,Zillig et al.2023_351,351,0.02729,1.134198688,Feather Fall
2023,Zillig et al.,Cons. Phys.,27.23,,20,0,NA,0,NA,6.908820662,NA,1.932798952,3.304319307,Oncorhynchus tshawytscha,fall,juvenile,NA,,Fish1153_11.20_FeatherFall_9.20.19,,,1,13.4,1,297,exogenous,wet,,fresh,,Zillig et al.2023_352,352,0.02723,1.13170503,Feather Fall
2023,Zillig et al.,Cons. Phys.,30.59,,20,0,NA,0,NA,5.97840111,NA,1.788153159,3.420673158,Oncorhynchus tshawytscha,fall,juvenile,NA,,Fish1154_11.20_FeatherFall_9.20.19,,,1,14.1,1,297,exogenous,wet,,fresh,,Zillig et al.2023_353,353,0.03059,1.091244679,Feather Fall
2023,Zillig et al.,Cons. Phys.,24.26,,24,0,NA,0,NA,7.167418912,NA,1.969545605,3.188828904,Oncorhynchus tshawytscha,NA,juvenile,NA,,Fish659_16.24_PRIEST_7.26.18,,,1,12.7,1,176,exogenous,wet,,fresh,,Zillig et al.2023_354,354,0.02426,1.184348825,Priest Rapids
2023,Zillig et al.,Cons. Phys.,18.27,,24,0,NA,0,NA,5.961168649,NA,1.785266544,2.90526037,Oncorhynchus tshawytscha,NA,juvenile,NA,,Fish660_16.24_PRIEST_7.26.18,,,1,11.8,1,176,exogenous,wet,,fresh,,Zillig et al.2023_355,355,0.01827,1.111968604,Priest Rapids
2023,Zillig et al.,Cons. Phys.,24.88,,14,0,NA,0,NA,3.02129918,NA,1.105686931,3.214064268,Oncorhynchus tshawytscha,NA,juvenile,NA,,Fish663_16.14_PRIEST_7.27.18,,,1,12.8,1,177,exogenous,wet,,fresh,,Zillig et al.2023_356,356,0.02488,1.18637085,Priest Rapids
2023,Zillig et al.,Cons. Phys.,30.35,,14,0,NA,0,NA,3.31787187,NA,1.199323574,3.412796518,Oncorhynchus tshawytscha,NA,juvenile,NA,,Fish664_16.14_PRIEST_7.27.18,,,1,13.3,1,177,exogenous,wet,,fresh,,Zillig et al.2023_357,357,0.03035,1.29004177,Priest Rapids
2023,Zillig et al.,Cons. Phys.,28.12,,8,0,NA,0,NA,2.944017776,NA,1.079775239,3.336481067,Oncorhynchus tshawytscha,NA,juvenile,NA,,Fish673_16.8_PRIEST_8.6.18,,,1,13.1,1,187,exogenous,wet,,fresh,,Zillig et al.2023_358,358,0.02812,1.250839045,Priest Rapids
2023,Zillig et al.,Cons. Phys.,27.01,,8,0,NA,0,NA,1.870796061,NA,0.626364041,3.296207168,Oncorhynchus tshawytscha,NA,juvenile,NA,,Fish674_16.8_PRIEST_8.6.18,,,1,13.3,1,187,exogenous,wet,,fresh,,Zillig et al.2023_359,359,0.02701,1.148073417,Priest Rapids
2023,Zillig et al.,Cons. Phys.,29.29,,8,0,NA,0,NA,3.553090419,NA,1.267817765,3.377246161,Oncorhynchus tshawytscha,NA,juvenile,NA,,Fish675_16.8_PRIEST_8.6.18,,,1,13.4,1,187,exogenous,wet,,fresh,,Zillig et al.2023_360,360,0.02929,1.217320615,Priest Rapids
2023,Zillig et al.,Cons. Phys.,29.68,,8,0,NA,0,NA,2.132560571,NA,0.757323404,3.390473418,Oncorhynchus tshawytscha,NA,juvenile,NA,,Fish676_16.8_PRIEST_8.6.18,,,1,13.4,1,187,exogenous,wet,,fresh,,Zillig et al.2023_361,361,0.02968,1.23352939,Priest Rapids
2023,Zillig et al.,Cons. Phys.,25.6,,20,0,NA,0,NA,6.286973012,NA,1.838479717,3.242592351,Oncorhynchus tshawytscha,NA,juvenile,NA,,Fish679_16.20_PRIEST_8.7.18,,,1,13.1,1,188,exogenous,wet,,fresh,,Zillig et al.2023_362,362,0.0256,1.138743939,Priest Rapids
2023,Zillig et al.,Cons. Phys.,25.36,,20,0,NA,0,NA,4.676922086,NA,1.54264022,3.23317313,Oncorhynchus tshawytscha,NA,juvenile,NA,,Fish680_16.20_PRIEST_8.7.18,,,1,12.8,1,188,exogenous,wet,,fresh,,Zillig et al.2023_363,363,0.02536,1.209259033,Priest Rapids
2023,Zillig et al.,Cons. Phys.,26.88,,18,0,NA,0,NA,7.292601838,NA,1.986860387,3.291382516,Oncorhynchus tshawytscha,NA,juvenile,NA,,Fish683_16.18_PRIEST_8.8.18,,,1,13.2,1,189,exogenous,wet,,fresh,,Zillig et al.2023_364,364,0.02688,1.168711913,Priest Rapids
2023,Zillig et al.,Cons. Phys.,27.37,,18,0,NA,0,NA,4.948422613,NA,1.599068862,3.309447523,Oncorhynchus tshawytscha,NA,juvenile,NA,,Fish684_16.18_PRIEST_8.8.18,,,1,13.4,1,189,exogenous,wet,,fresh,,Zillig et al.2023_365,365,0.02737,1.137523565,Priest Rapids
2023,Zillig et al.,Cons. Phys.,19.73,,10,0,NA,0,NA,1.715477871,NA,0.539691684,2.98214032,Oncorhynchus tshawytscha,NA,juvenile,NA,,Fish686_16.10_PRIEST_8.9.18,,,1,12.7,1,190,exogenous,wet,,fresh,,Zillig et al.2023_366,366,0.01973,0.963198777,Priest Rapids
2023,Zillig et al.,Cons. Phys.,21.17,,10,0,NA,0,NA,1.567814518,NA,0.449682623,3.052585085,Oncorhynchus tshawytscha,NA,juvenile,NA,,Fish687_16.10_PRIEST_8.9.18,,,1,12.4,1,190,exogenous,wet,,fresh,,Zillig et al.2023_367,367,0.02117,1.110339532,Priest Rapids
2023,Zillig et al.,Cons. Phys.,22.25,,14,0,NA,0,NA,4.08869115,NA,1.408224907,3.102342009,Oncorhynchus tshawytscha,NA,juvenile,NA,,Fish688_16.14_PRIEST_8.9.18,,,1,12.6,1,190,exogenous,wet,,fresh,,Zillig et al.2023_368,368,0.02225,1.112290889,Priest Rapids
2023,Zillig et al.,Cons. Phys.,24.63,,14,0,NA,0,NA,3.152641027,NA,1.148240523,3.203965212,Oncorhynchus tshawytscha,NA,juvenile,NA,,Fish689_16.14_PRIEST_8.9.18,,,1,12.8,1,190,exogenous,wet,,fresh,,Zillig et al.2023_369,369,0.02463,1.174449921,Priest Rapids
2023,Zillig et al.,Cons. Phys.,22.57,,24,0,NA,0,NA,6.867850628,NA,1.926851194,3.116621591,Oncorhynchus tshawytscha,NA,juvenile,NA,,Fish690_16.24_PRIEST_8.11.18,,,1,12.5,1,192,exogenous,wet,,fresh,,Zillig et al.2023_370,370,0.02257,1.155584,Priest Rapids
2023,Zillig et al.,Cons. Phys.,24.61,,18,0,NA,0,NA,4.509835687,NA,1.50626072,3.203152864,Oncorhynchus tshawytscha,NA,juvenile,NA,,Fish692_16.18_PRIEST_8.12.18,,,1,12.9,1,193,exogenous,wet,,fresh,,Zillig et al.2023_371,371,0.02461,1.146416644,Priest Rapids
2023,Zillig et al.,Cons. Phys.,22.22,,18,0,NA,0,NA,3.24219797,NA,1.176251486,3.100992784,Oncorhynchus tshawytscha,NA,juvenile,NA,,Fish693_16.18_PRIEST_8.12.18,,,1,12.5,1,193,exogenous,wet,,fresh,,Zillig et al.2023_372,372,0.02222,1.137664,Priest Rapids
2023,Zillig et al.,Cons. Phys.,21.67,,16,0,NA,0,NA,3.221691135,NA,1.169906419,3.075928816,Oncorhynchus tshawytscha,NA,juvenile,NA,,Fish694_16.16_PRIEST_8.12.18,,,1,12.6,1,193,exogenous,wet,,fresh,,Zillig et al.2023_373,373,0.02167,1.08329634,Priest Rapids
2023,Zillig et al.,Cons. Phys.,20.85,,16,0,NA,0,NA,3.089797825,NA,1.12810566,3.037353948,Oncorhynchus tshawytscha,NA,juvenile,NA,,Fish695_16.16_PRIEST_8.12.18,,,1,12.5,1,193,exogenous,wet,,fresh,,Zillig et al.2023_374,374,0.02085,1.06752,Priest Rapids
2023,Zillig et al.,Cons. Phys.,19.66,,10,0,NA,0,NA,1.681950719,NA,0.519954262,2.978586115,Oncorhynchus tshawytscha,NA,juvenile,NA,,Fish698_16.10_PRIEST_8.13.18,,,1,12.3,1,194,exogenous,wet,,fresh,,Zillig et al.2023_375,375,0.01966,1.056496783,Priest Rapids
2023,Zillig et al.,Cons. Phys.,24.88,,10,0,NA,0,NA,2.427912698,NA,0.887031916,3.214064268,Oncorhynchus tshawytscha,NA,juvenile,NA,,Fish699_16.10_PRIEST_8.13.18,,,1,13,1,194,exogenous,wet,,fresh,,Zillig et al.2023_376,376,0.02488,1.132453345,Priest Rapids
2023,Zillig et al.,Cons. Phys.,17.99,,12,0,NA,0,NA,2.026687364,NA,0.70640262,2.889816048,Oncorhynchus tshawytscha,NA,juvenile,NA,,Fish704_16.12_PRIEST_8.15.18,,,1,11.8,1,196,exogenous,wet,,fresh,,Zillig et al.2023_377,377,0.01799,1.09492694,Priest Rapids
2023,Zillig et al.,Cons. Phys.,23.12,,12,0,NA,0,NA,2.586336034,NA,0.950242215,3.140698044,Oncorhynchus tshawytscha,NA,juvenile,NA,,Fish705_16.12_PRIEST_8.15.18,,,1,12.4,1,196,exogenous,wet,,fresh,,Zillig et al.2023_378,378,0.02312,1.212614548,Priest Rapids
2023,Zillig et al.,Cons. Phys.,18.33,,22,0,NA,0,NA,5.836477296,NA,1.764127412,2.908539062,Oncorhynchus tshawytscha,NA,juvenile,NA,,Fish706_16.22_PRIEST_8.15.18,,,1,12.1,1,196,exogenous,wet,,fresh,,Zillig et al.2023_379,379,0.01833,1.034680714,Priest Rapids
2023,Zillig et al.,Cons. Phys.,21,,22,0,NA,0,NA,6.018705332,NA,1.794872175,3.044522438,Oncorhynchus tshawytscha,NA,juvenile,NA,,Fish707_16.22_PRIEST_8.15.18,,,1,12.4,1,196,exogenous,wet,,fresh,,Zillig et al.2023_380,380,0.021,1.101423249,Priest Rapids
2023,Zillig et al.,Cons. Phys.,20.74,,20,0,NA,0,NA,4.651031247,NA,1.537088969,3.032064203,Oncorhynchus tshawytscha,NA,juvenile,NA,,Fish708_16.20_PRIEST_8.16.18,,,1,12.2,1,197,exogenous,wet,,fresh,,Zillig et al.2023_381,381,0.02074,1.142166084,Priest Rapids
2023,Zillig et al.,Cons. Phys.,19.39,,20,0,NA,0,NA,4.440833613,NA,1.49084211,2.964757469,Oncorhynchus tshawytscha,NA,juvenile,NA,,Fish709_16.20_PRIEST_8.16.18,,,1,12.1,1,197,exogenous,wet,,fresh,,Zillig et al.2023_382,382,0.01939,1.09451495,Priest Rapids
2023,Zillig et al.,Cons. Phys.,19.25,,12,0,NA,0,NA,2.281968456,NA,0.825038428,2.957511061,Oncorhynchus tshawytscha,NA,juvenile,NA,,Fish710_16.12_PRIEST_8.16.18,,,1,12.1,1,197,exogenous,wet,,fresh,,Zillig et al.2023_383,383,0.01925,1.086612315,Priest Rapids
2023,Zillig et al.,Cons. Phys.,21.11,,12,0,NA,0,NA,2.087142322,NA,0.73579582,3.049746862,Oncorhynchus tshawytscha,NA,juvenile,NA,,Fish711_16.12_PRIEST_8.16.18,,,1,12.2,1,197,exogenous,wet,,fresh,,Zillig et al.2023_384,384,0.02111,1.162542239,Priest Rapids
2023,Zillig et al.,Cons. Phys.,22.94,,24,0,NA,0,NA,6.286974123,NA,1.838479893,3.132882112,Oncorhynchus tshawytscha,NA,juvenile,NA,,Fish719_16.24_PRIEST_8.24.18,,,1,12.6,1,205,exogenous,wet,,fresh,,Zillig et al.2023_385,385,0.02294,1.146784405,Priest Rapids
2023,Zillig et al.,Cons. Phys.,19.28,,24,0,NA,0,NA,5.093278576,NA,1.627921744,2.959068289,Oncorhynchus tshawytscha,NA,juvenile,NA,,Fish720_16.24_PRIEST_8.24.18,,,1,12.2,1,205,exogenous,wet,,fresh,,Zillig et al.2023_386,386,0.01928,1.061762879,Priest Rapids
2023,Zillig et al.,Cons. Phys.,21.02,,22,0,NA,0,NA,5.412477161,NA,1.688706874,3.045474365,Oncorhynchus tshawytscha,NA,juvenile,NA,,Fish722_16.22_PRIEST_8.24.18,,,1,12.3,1,205,exogenous,wet,,fresh,,Zillig et al.2023_387,387,0.02102,1.129580996,Priest Rapids
2023,Zillig et al.,Cons. Phys.,19.1,,16,0,NA,0,NA,2.736836066,NA,1.006802533,2.949688335,Oncorhynchus tshawytscha,NA,juvenile,NA,,Fish723_16.16_PRIEST_8.25.18,,,1,11.9,1,206,exogenous,wet,,fresh,,Zillig et al.2023_388,388,0.0191,1.133424205,Priest Rapids
2023,Zillig et al.,Cons. Phys.,16.03,,16,0,NA,0,NA,1.852958996,NA,0.616783819,2.774461967,Oncorhynchus tshawytscha,NA,juvenile,NA,,Fish724_16.16_PRIEST_8.25.18,,,1,11.2,1,206,exogenous,wet,,fresh,,Zillig et al.2023_389,389,0.01603,1.140983737,Priest Rapids
2023,Zillig et al.,Cons. Phys.,25.63,,12,0,NA,0,NA,2.03112244,NA,0.708588566,3.24376354,Oncorhynchus tshawytscha,NA,juvenile,NA,,Fish725_20.12_PRIEST_8.25.18,,,1,13.2,1,206,exogenous,wet,,fresh,,Zillig et al.2023_390,390,0.02563,1.11436333,Priest Rapids
2023,Zillig et al.,Cons. Phys.,24.77,,12,0,NA,0,NA,2.473382074,NA,0.905586475,3.209633244,Oncorhynchus tshawytscha,NA,juvenile,NA,,Fish726_20.12_PRIEST_8.25.18,,,1,12.8,1,206,exogenous,wet,,fresh,,Zillig et al.2023_391,391,0.02477,1.181125641,Priest Rapids
2023,Zillig et al.,Cons. Phys.,25.69,,8,0,NA,0,NA,1.851323896,NA,0.615901002,3.246101811,Oncorhynchus tshawytscha,NA,juvenile,NA,,Fish727_20.8_PRIEST_8.26.18,,,1,13,1,207,exogenous,wet,,fresh,,Zillig et al.2023_392,392,0.02569,1.169321802,Priest Rapids
2023,Zillig et al.,Cons. Phys.,20.09,,8,0,NA,0,NA,0.899685533,NA,-0.105709985,3.000222179,Oncorhynchus tshawytscha,NA,juvenile,NA,,Fish728_20.8_PRIEST_8.26.18,,,1,11.8,1,207,exogenous,wet,,fresh,,Zillig et al.2023_393,393,0.02009,1.222739423,Priest Rapids
2023,Zillig et al.,Cons. Phys.,25.66,,10,0,NA,0,NA,1.702168444,NA,0.531902993,3.244933359,Oncorhynchus tshawytscha,NA,juvenile,NA,,Fish729_20.10_PRIEST_8.26.18,,,1,12.8,1,207,exogenous,wet,,fresh,,Zillig et al.2023_394,394,0.02566,1.223564148,Priest Rapids
2023,Zillig et al.,Cons. Phys.,29.08,,10,0,NA,0,NA,1.653776352,NA,0.503061371,3.370050653,Oncorhynchus tshawytscha,NA,juvenile,NA,,Fish730_20.10_PRIEST_8.26.18,,,1,13.1,1,208,exogenous,wet,,fresh,,Zillig et al.2023_395,395,0.02908,1.293541943,Priest Rapids
2023,Zillig et al.,Cons. Phys.,23.01,,14,0,NA,0,NA,4.460496708,NA,1.495260129,3.135928904,Oncorhynchus tshawytscha,NA,juvenile,NA,,Fish731_11.14_PRIEST_8.26.18,,,1,12.7,1,208,exogenous,wet,,fresh,,Zillig et al.2023_396,396,0.02301,1.123325081,Priest Rapids
2023,Zillig et al.,Cons. Phys.,25.92,,14,0,NA,0,NA,2.645158084,NA,0.972730831,3.255014871,Oncorhynchus tshawytscha,NA,juvenile,NA,,Fish732_11.14_PRIEST_8.26.18,,,1,13.4,1,208,exogenous,wet,,fresh,,Zillig et al.2023_397,397,0.02592,1.077260168,Priest Rapids
2023,Zillig et al.,Cons. Phys.,23.47,,14,0,NA,0,NA,3.541268481,NA,1.264484991,3.15572301,Oncorhynchus tshawytscha,NA,juvenile,NA,,Fish733_11.14_PRIEST_8.26.18,,,1,12.9,1,208,exogenous,wet,,fresh,,Zillig et al.2023_398,398,0.02347,1.093311607,Priest Rapids
2023,Zillig et al.,Cons. Phys.,26.72,,14,0,NA,0,NA,4.002455768,NA,1.386908115,3.285412349,Oncorhynchus tshawytscha,NA,juvenile,NA,,Fish734_11.14_PRIEST_8.26.18,,,1,13.4,1,208,exogenous,wet,,fresh,,Zillig et al.2023_399,399,0.02672,1.110508939,Priest Rapids
2023,Zillig et al.,Cons. Phys.,31.86,,10,0,NA,0,NA,2.885342741,NA,1.059643694,3.461351304,Oncorhynchus tshawytscha,NA,juvenile,NA,,Fish735_20.10_PRIEST_9.4.18,,,1,13.6,1,216,exogenous,wet,,fresh,,Zillig et al.2023_400,400,0.03186,1.26656956,Priest Rapids
2023,Zillig et al.,Cons. Phys.,26.25,,10,0,NA,0,NA,1.931134013,NA,0.658107402,3.267665989,Oncorhynchus tshawytscha,NA,juvenile,NA,,Fish736_20.10_PRIEST_9.4.18,,,1,13.1,1,216,exogenous,wet,,fresh,,Zillig et al.2023_401,401,0.02625,1.167657359,Priest Rapids
2023,Zillig et al.,Cons. Phys.,23.19,,20,0,NA,0,NA,5.179105685,NA,1.644632394,3.143721151,Oncorhynchus tshawytscha,NA,juvenile,NA,,Fish739_11.20_PRIEST_9.4.18,,,1,12.8,1,217,exogenous,wet,,fresh,,Zillig et al.2023_402,402,0.02319,1.10578537,Priest Rapids
2023,Zillig et al.,Cons. Phys.,27.56,,20,0,NA,0,NA,5.349321817,NA,1.67696979,3.316365446,Oncorhynchus tshawytscha,NA,juvenile,NA,,Fish740_11.20_PRIEST_9.4.18,,,1,13.8,1,217,exogenous,wet,,fresh,,Zillig et al.2023_403,403,0.02756,1.04867751,Priest Rapids
2023,Zillig et al.,Cons. Phys.,28.89,,22,0,NA,0,NA,7.477621087,NA,2.011914705,3.363495514,Oncorhynchus tshawytscha,NA,juvenile,NA,,Fish741_11.22_PRIEST_9.4.18,,,1,13.7,1,217,exogenous,wet,,fresh,,Zillig et al.2023_404,404,0.02889,1.123533019,Priest Rapids
2023,Zillig et al.,Cons. Phys.,26.86,,16,0,NA,0,NA,5.129433142,NA,1.634995154,3.290638191,Oncorhynchus tshawytscha,NA,juvenile,NA,,Fish743_11.16_PRIEST_9.5.18,,,1,13.1,1,218,exogenous,wet,,fresh,,Zillig et al.2023_405,405,0.02686,1.194791492,Priest Rapids
2023,Zillig et al.,Cons. Phys.,26.25,,16,0,NA,0,NA,3.304030047,NA,1.19514295,3.267665989,Oncorhynchus tshawytscha,NA,juvenile,NA,,Fish744_11.16_PRIEST_9.5.18,,,1,13.3,1,218,exogenous,wet,,fresh,,Zillig et al.2023_406,406,0.02625,1.115769241,Priest Rapids
2023,Zillig et al.,Cons. Phys.,22.95,,16,0,NA,0,NA,3.623041573,NA,1.287313887,3.133317937,Oncorhynchus tshawytscha,NA,juvenile,NA,,Fish745_11.16_PRIEST_9.5.18,,,1,12.7,1,218,exogenous,wet,,fresh,,Zillig et al.2023_407,407,0.02295,1.120395942,Priest Rapids
2023,Zillig et al.,Cons. Phys.,22.18,,16,0,NA,0,NA,3.177875205,NA,1.156212799,3.099190982,Oncorhynchus tshawytscha,NA,juvenile,NA,,Fish746_11.16_PRIEST_9.5.18,,,1,12.8,1,218,exogenous,wet,,fresh,,Zillig et al.2023_408,408,0.02218,1.057624817,Priest Rapids
2023,Zillig et al.,Cons. Phys.,23.79,,8,0,NA,0,NA,1.828995929,NA,0.603767144,3.169265324,Oncorhynchus tshawytscha,NA,juvenile,NA,,Fish747_16.8_PRIEST_9.7.18,,,1,13.1,1,219,exogenous,wet,,fresh,,Zillig et al.2023_409,409,0.02379,1.058231184,Priest Rapids
2023,Zillig et al.,Cons. Phys.,22.18,,8,0,NA,0,NA,0.971381237,NA,-0.029036265,3.099190982,Oncorhynchus tshawytscha,NA,juvenile,NA,,Fish748_16.8_PRIEST_9.7.18,,,1,12.9,1,219,exogenous,wet,,fresh,,Zillig et al.2023_410,410,0.02218,1.033219064,Priest Rapids
2023,Zillig et al.,Cons. Phys.,22.24,,18,0,NA,0,NA,3.279778775,NA,1.187775973,3.101892469,Oncorhynchus tshawytscha,NA,juvenile,NA,,Fish751_20.18_PRIEST_9.8.18,,,1,12.5,1,220,exogenous,wet,,fresh,,Zillig et al.2023_411,411,0.02224,1.138688,Priest Rapids
2023,Zillig et al.,Cons. Phys.,27.86,,18,0,NA,0,NA,4.445860253,NA,1.491973383,3.327191968,Oncorhynchus tshawytscha,NA,juvenile,NA,,Fish752_20.18_PRIEST_9.8.18,,,1,13.4,1,220,exogenous,wet,,fresh,,Zillig et al.2023_412,412,0.02786,1.157888437,Priest Rapids
2023,Zillig et al.,Cons. Phys.,22.77,,8,0,NA,0,NA,1.114858171,NA,0.108727196,3.12544388,Oncorhynchus tshawytscha,NA,juvenile,NA,,Fish753_20.8_PRIEST_9.8.18,,,1,12.7,1,220,exogenous,wet,,fresh,,Zillig et al.2023_413,413,0.02277,1.111608522,Priest Rapids
2023,Zillig et al.,Cons. Phys.,23.95,,8,0,NA,0,NA,0.961352183,NA,-0.039414462,3.175968324,Oncorhynchus tshawytscha,NA,juvenile,NA,,Fish754_20.8_PRIEST_9.8.18,,,1,12.6,1,221,exogenous,wet,,fresh,,Zillig et al.2023_414,414,0.02395,1.197274912,Priest Rapids
2023,Zillig et al.,Cons. Phys.,21.51,,8,0,NA,0,NA,1.684605675,NA,0.521531515,3.068517943,Oncorhynchus tshawytscha,NA,juvenile,NA,,Fish755_11.8_PRIEST_9.8.18,,,1,12.7,1,221,exogenous,wet,,fresh,,Zillig et al.2023_415,415,0.02151,1.050096588,Priest Rapids
2023,Zillig et al.,Cons. Phys.,25.65,,8,0,NA,0,NA,1.721992743,NA,0.543482192,3.244543572,Oncorhynchus tshawytscha,NA,juvenile,NA,,Fish756_11.8_PRIEST_9.8.18,,,1,13.2,1,221,exogenous,wet,,fresh,,Zillig et al.2023_416,416,0.02565,1.115232908,Priest Rapids
2023,Zillig et al.,Cons. Phys.,19.76,,18,0,NA,0,NA,3.919617312,NA,1.365994025,2.983659692,Oncorhynchus tshawytscha,NA,juvenile,NA,,Fish757_11.18_PRIEST_9.8.18,,,1,12.4,1,221,exogenous,wet,,fresh,,Zillig et al.2023_417,417,0.01976,1.036386828,Priest Rapids
2023,Zillig et al.,Cons. Phys.,25.93,,18,0,NA,0,NA,5.126436519,NA,1.634410782,3.2554006,Oncorhynchus tshawytscha,NA,juvenile,NA,,Fish758_11.18_PRIEST_9.8.18,,,1,13.2,1,221,exogenous,wet,,fresh,,Zillig et al.2023_418,418,0.02593,1.12740699,Priest Rapids
2023,Zillig et al.,Cons. Phys.,20.86,,18,0,NA,0,NA,4.319000764,NA,1.463024071,3.03783345,Oncorhynchus tshawytscha,NA,juvenile,NA,,Fish759_11.18_PRIEST_9.9.18,,,1,12.7,1,221,exogenous,wet,,fresh,,Zillig et al.2023_419,419,0.02086,1.018364241,Priest Rapids
2023,Zillig et al.,Cons. Phys.,21.87,,18,0,NA,0,NA,3.482840026,NA,1.24784806,3.085115835,Oncorhynchus tshawytscha,NA,juvenile,NA,,Fish760_11.18_PRIEST_9.9.18,,,1,12.7,1,222,exogenous,wet,,fresh,,Zillig et al.2023_420,420,0.02187,1.067671427,Priest Rapids
2023,Zillig et al.,Cons. Phys.,20.98,,10,0,NA,0,NA,1.660099414,NA,0.506877489,3.043569603,Oncorhynchus tshawytscha,NA,juvenile,NA,,Fish761_11.10_PRIEST_9.9.18,,,1,12.5,1,222,exogenous,wet,,fresh,,Zillig et al.2023_421,421,0.02098,1.074176,Priest Rapids
2023,Zillig et al.,Cons. Phys.,23.39,,10,0,NA,0,NA,2.292369877,NA,0.829586163,3.152308581,Oncorhynchus tshawytscha,NA,juvenile,NA,,Fish762_11.10_PRIEST_9.9.18,,,1,13.1,1,222,exogenous,wet,,fresh,,Zillig et al.2023_422,422,0.02339,1.04043831,Priest Rapids
2023,Zillig et al.,Cons. Phys.,20.14,,12,0,NA,0,NA,1.975454458,NA,0.680798477,3.002707887,Oncorhynchus tshawytscha,NA,juvenile,NA,,Fish763_20.12_PRIEST_9.13.18,,,1,12.1,1,225,exogenous,wet,,fresh,,Zillig et al.2023_423,423,0.02014,1.136850495,Priest Rapids
2023,Zillig et al.,Cons. Phys.,23.14,,12,0,NA,0,NA,1.743414699,NA,0.555845661,3.141562722,Oncorhynchus tshawytscha,NA,juvenile,NA,,Fish764_20.12_PRIEST_9.13.18,,,1,12.3,1,225,exogenous,wet,,fresh,,Zillig et al.2023_424,424,0.02314,1.243506387,Priest Rapids
2023,Zillig et al.,Cons. Phys.,21.62,,22,0,NA,0,NA,4.535073848,NA,1.511841368,3.073618812,Oncorhynchus tshawytscha,NA,juvenile,NA,,Fish765_16.22_PRIEST_9.13.18,,,1,12.8,1,225,exogenous,wet,,fresh,,Zillig et al.2023_425,425,0.02162,1.030921936,Priest Rapids
2023,Zillig et al.,Cons. Phys.,21.52,,22,0,NA,0,NA,3.753256756,NA,1.322623931,3.068982735,Oncorhynchus tshawytscha,NA,juvenile,NA,,Fish766_16.22_PRIEST_9.13.18,,,1,12.6,1,225,exogenous,wet,,fresh,,Zillig et al.2023_426,426,0.02152,1.07579775,Priest Rapids
2023,Zillig et al.,Cons. Phys.,18.95,,14,0,NA,0,NA,2.042889313,NA,0.714365136,2.941803932,Oncorhynchus tshawytscha,NA,juvenile,NA,,Fish767_20.14_PRIEST_9.14.18,,,1,11.7,1,226,exogenous,wet,,fresh,,Zillig et al.2023_427,427,0.01895,1.183182204,Priest Rapids
2023,Zillig et al.,Cons. Phys.,18.84,,14,0,NA,0,NA,1.932828655,NA,0.658984554,2.935982269,Oncorhynchus tshawytscha,NA,juvenile,NA,,Fish768_20.14_PRIEST_9.14.18,,,1,11.5,1,226,exogenous,wet,,fresh,,Zillig et al.2023_428,428,0.01884,1.238760582,Priest Rapids
2023,Zillig et al.,Cons. Phys.,18.16,,25,0,NA,0,NA,2.849679912,NA,1.047206676,2.899221373,Oncorhynchus tshawytscha,NA,juvenile,NA,,Fish769_20.25_PRIEST_9.14.18,,,1,11.7,1,226,exogenous,wet,,fresh,,Zillig et al.2023_429,429,0.01816,1.13385693,Priest Rapids
2023,Zillig et al.,Cons. Phys.,20.54,,14,0,NA,0,NA,2.272873205,NA,0.82104476,3.022374205,Oncorhynchus tshawytscha,NA,juvenile,NA,,Fish771_20.14_PRIEST_9.15.18,,,1,12.2,1,227,exogenous,wet,,fresh,,Zillig et al.2023_430,430,0.02054,1.131151947,Priest Rapids
2023,Zillig et al.,Cons. Phys.,19.43,,14,0,NA,0,NA,2.033762026,NA,0.709887293,2.966818263,Oncorhynchus tshawytscha,NA,juvenile,NA,,Fish772_20.14_PRIEST_9.15.18,,,1,11.7,1,227,exogenous,wet,,fresh,,Zillig et al.2023_431,431,0.01943,1.213151991,Priest Rapids
2023,Zillig et al.,Cons. Phys.,23.64,,22,0,NA,0,NA,5.271117948,NA,1.662242474,3.162940193,Oncorhynchus tshawytscha,NA,juvenile,NA,,Fish773_20.22_PRIEST_9.15.18,,,1,12.6,1,227,exogenous,wet,,fresh,,Zillig et al.2023_432,432,0.02364,1.181777826,Priest Rapids
2023,Zillig et al.,Cons. Phys.,23.46,,22,0,NA,0,NA,4.972117681,NA,1.603845842,3.155296843,Oncorhynchus tshawytscha,NA,juvenile,NA,,Fish774_20.22_PRIEST_9.15.18,,,1,12.6,1,227,exogenous,wet,,fresh,,Zillig et al.2023_433,433,0.02346,1.172779517,Priest Rapids
2023,Zillig et al.,Cons. Phys.,19.1,,16,0,NA,0,NA,2.349130268,NA,0.854045161,2.949688335,Oncorhynchus tshawytscha,NA,juvenile,NA,,Fish775_20.16_PRIEST_9.16.18,,,1,11.7,1,228,exogenous,wet,,fresh,,Zillig et al.2023_434,434,0.0191,1.192547763,Priest Rapids
2023,Zillig et al.,Cons. Phys.,20.06,,16,0,NA,0,NA,2.018747578,NA,0.702477308,2.998727783,Oncorhynchus tshawytscha,NA,juvenile,NA,,Fish776_20.16_PRIEST_9.16.18,,,1,11.5,1,228,exogenous,wet,,fresh,,Zillig et al.2023_435,435,0.02006,1.318977562,Priest Rapids
2023,Zillig et al.,Cons. Phys.,18,,25,0,NA,0,NA,5.139048508,NA,1.636867947,2.890371758,Oncorhynchus tshawytscha,NA,juvenile,NA,,Fish777_20.25_PRIEST_9.16.18,,,1,11.6,1,228,exogenous,wet,,fresh,,Zillig et al.2023_436,436,0.018,1.153183812,Priest Rapids
2023,Zillig et al.,Cons. Phys.,16.4,,16,0,NA,0,NA,2.404921058,NA,0.877517079,2.797281335,Oncorhynchus tshawytscha,NA,juvenile,NA,,Fish779_20.16_PRIEST_9.17.18,,,1,11.6,1,229,exogenous,wet,,fresh,,Zillig et al.2023_437,437,0.0164,1.050678585,Priest Rapids
2023,Zillig et al.,Cons. Phys.,20.59,,16,0,NA,0,NA,2.470612238,NA,0.904465989,3.024805521,Oncorhynchus tshawytscha,NA,juvenile,NA,,Fish780_20.16_PRIEST_9.17.18,,,1,12.1,1,229,exogenous,wet,,fresh,,Zillig et al.2023_438,438,0.02059,1.162251822,Priest Rapids
2023,Zillig et al.,Cons. Phys.,20.42,,24,0,NA,0,NA,5.287387356,NA,1.66532424,3.016514813,Oncorhynchus tshawytscha,NA,juvenile,NA,,Fish 781_20.24_PRIEST_9.17.18,,,1,12.1,1,229,exogenous,wet,,fresh,,Zillig et al.2023_439,439,0.02042,1.152655765,Priest Rapids
2023,Zillig et al.,Cons. Phys.,23.67,,24,0,NA,0,NA,5.266392691,NA,1.661345629,3.164208424,Oncorhynchus tshawytscha,NA,juvenile,NA,,Fish782_20.24_PRIEST_9.17.18,,,1,12.2,1,229,exogenous,wet,,fresh,,Zillig et al.2023_440,440,0.02367,1.303523202,Priest Rapids
2023,Zillig et al.,Cons. Phys.,15.85,,24,0,NA,0,NA,5.994389653,NA,1.790823974,2.7631695,Oncorhynchus tshawytscha,NA,juvenile,NA,,Fish785_11.24_PRIEST_9.17.18,,,1,11.6,1,230,exogenous,wet,,fresh,,Zillig et al.2023_441,441,0.01585,1.015442413,Priest Rapids
2023,Zillig et al.,Cons. Phys.,24.1,,24,0,NA,0,NA,7.167280625,NA,1.969526311,3.18221184,Oncorhynchus tshawytscha,NA,juvenile,NA,,Fish786_11.24_PRIEST_9.17.18,,,1,12.9,1,230,exogenous,wet,,fresh,,Zillig et al.2023_442,442,0.0241,1.122659128,Priest Rapids
2023,Zillig et al.,Cons. Phys.,16.45,,24,0,NA,0,NA,3.965633762,NA,1.377665681,2.800325477,Oncorhynchus tshawytscha,NA,juvenile,NA,,Fish787_20.24_PRIEST_9.19.18,,,1,11.5,1,231,exogenous,wet,,fresh,,Zillig et al.2023_443,443,0.01645,1.081614202,Priest Rapids
2023,Zillig et al.,Cons. Phys.,19.11,,24,0,NA,0,NA,4.164252672,NA,1.426536829,2.950211758,Oncorhynchus tshawytscha,NA,juvenile,NA,,Fish788_20.24_PRIEST_9.19.18,,,1,11.7,1,231,exogenous,wet,,fresh,,Zillig et al.2023_444,444,0.01911,1.193172133,Priest Rapids
2023,Zillig et al.,Cons. Phys.,18.97,,18,0,NA,0,NA,3.645254189,NA,1.293426099,2.942858784,Oncorhynchus tshawytscha,NA,juvenile,NA,,Fish790_20.18_PRIEST_9.19.18,,,1,12,1,231,exogenous,wet,,fresh,,Zillig et al.2023_445,445,0.01897,1.097800926,Priest Rapids
2023,Zillig et al.,Cons. Phys.,17.05,,10,0,NA,0,NA,1.663933097,NA,0.509184135,2.836150204,Oncorhynchus tshawytscha,NA,juvenile,NA,,Fish791_11.10_PRIEST_9.21.18,,,1,11.7,1,234,exogenous,wet,,fresh,,Zillig et al.2023_446,446,0.01705,1.064551799,Priest Rapids
2023,Zillig et al.,Cons. Phys.,17.09,,10,0,NA,0,NA,1.302722197,NA,0.264456073,2.838493497,Oncorhynchus tshawytscha,NA,juvenile,NA,,Fish792_11.10_PRIEST_9.21.18,,,1,11.8,1,234,exogenous,wet,,fresh,,Zillig et al.2023_447,447,0.01709,1.040150161,Priest Rapids
2023,Zillig et al.,Cons. Phys.,15.3,,12,0,NA,0,NA,1.608614116,NA,0.475373011,2.727852828,Oncorhynchus tshawytscha,NA,juvenile,NA,,Fish793_11.12_PRIEST_9.21.18,,,1,11.5,1,234,exogenous,wet,,fresh,,Zillig et al.2023_448,448,0.0153,1.005999836,Priest Rapids
2023,Zillig et al.,Cons. Phys.,15.4,,12,0,NA,0,NA,1.349376148,NA,0.299642373,2.734367509,Oncorhynchus tshawytscha,NA,juvenile,NA,,Fish794_11.12_PRIEST_9.21.18,,,1,11.3,1,234,exogenous,wet,,fresh,,Zillig et al.2023_449,449,0.0154,1.06729725,Priest Rapids
2023,Zillig et al.,Cons. Phys.,17.9,,20,0,NA,0,NA,5.13662374,NA,1.636396004,2.884800713,Oncorhynchus tshawytscha,NA,juvenile,NA,,Fish799_11.20_PRIEST_10.1.18,,,1,12.1,1,244,exogenous,wet,,fresh,,Zillig et al.2023_450,450,0.0179,1.010408335,Priest Rapids
2023,Zillig et al.,Cons. Phys.,16.95,,20,0,NA,0,NA,4.873446889,NA,1.583801467,2.830267834,Oncorhynchus tshawytscha,NA,juvenile,NA,,Fish800_11.20_PRIEST_10.1.18,,,1,12,1,244,exogenous,wet,,fresh,,Zillig et al.2023_451,451,0.01695,0.980902778,Priest Rapids
2023,Zillig et al.,Cons. Phys.,20.67,,8,0,NA,0,NA,1.284938768,NA,0.250711066,3.028683374,Oncorhynchus tshawytscha,NA,juvenile,NA,,Fish801_11.8_PRIEST_10.1.18,,,1,12.5,1,244,exogenous,wet,,fresh,,Zillig et al.2023_452,452,0.02067,1.058304,Priest Rapids
2023,Zillig et al.,Cons. Phys.,17.19,,8,0,NA,0,NA,0.731132987,NA,-0.31315991,2.844327819,Oncorhynchus tshawytscha,NA,juvenile,NA,,Fish802_11.8_PRIEST_10.1.18,,,1,11.8,1,244,exogenous,wet,,fresh,,Zillig et al.2023_453,453,0.01719,1.04623647,Priest Rapids
2023,Zillig et al.,Cons. Phys.,16.48,,12,0,NA,0,NA,2.168382248,NA,0.773981382,2.802147524,Oncorhynchus tshawytscha,NA,juvenile,NA,,Fish803_11.12_PRIEST_10.2.18,,,1,11.4,1,245,exogenous,wet,,fresh,,Zillig et al.2023_454,454,0.01648,1.112353059,Priest Rapids
2023,Zillig et al.,Cons. Phys.,17.22,,12,0,NA,0,NA,1.753242162,NA,0.561466738,2.846071499,Oncorhynchus tshawytscha,NA,juvenile,NA,,Fish804_11.12_PRIEST_10.2.18,,,1,11.7,1,245,exogenous,wet,,fresh,,Zillig et al.2023_455,455,0.01722,1.075166098,Priest Rapids
2023,Zillig et al.,Cons. Phys.,17.26,,14,0,NA,0,NA,2.695890034,NA,0.991728404,2.848391686,Oncorhynchus tshawytscha,NA,juvenile,NA,,Fish805_11.14_PRIEST_10.2.18,,,1,11.7,1,245,exogenous,wet,,fresh,,Zillig et al.2023_456,456,0.01726,1.07766358,Priest Rapids
2023,Zillig et al.,Cons. Phys.,19.89,,14,0,NA,0,NA,1.994886261,NA,0.690587036,2.990217093,Oncorhynchus tshawytscha,NA,juvenile,NA,,Fish806_11.14_PRIEST_10.2.18,,,1,12.2,1,245,exogenous,wet,,fresh,,Zillig et al.2023_457,457,0.01989,1.095355999,Priest Rapids
2023,Zillig et al.,Cons. Phys.,19.1,,20,0,NA,0,NA,2.729913947,NA,1.004270088,2.949688335,Oncorhynchus tshawytscha,NA,juvenile,NA,,Fish807_20.20_PRIEST_10.8.18,,,1,12.1,1,250,exogenous,wet,,fresh,,Zillig et al.2023_458,458,0.0191,1.078145206,Priest Rapids
2023,Zillig et al.,Cons. Phys.,17.38,,20,0,NA,0,NA,2.064407852,NA,0.724843431,2.85532012,Oncorhynchus tshawytscha,NA,juvenile,NA,,Fish808_20.20_PRIEST_10.8.18,,,1,11.4,1,250,exogenous,wet,,fresh,,Zillig et al.2023_459,459,0.01738,1.173100495,Priest Rapids
2023,Zillig et al.,Cons. Phys.,19.9,,22,0,NA,0,NA,4.299326592,NA,1.458458404,2.990719732,Oncorhynchus tshawytscha,NA,juvenile,NA,,Fish810_20.22_PRIEST_10.8.18,,,1,12,1,250,exogenous,wet,,fresh,,Zillig et al.2023_460,460,0.0199,1.15162037,Priest Rapids
2023,Zillig et al.,Cons. Phys.,17.28,,22,0,NA,0,NA,5.728474067,NA,1.745449189,2.849549763,Oncorhynchus tshawytscha,NA,juvenile,NA,,Fish811_11.22_PRIEST_10.8.18,,,1,11.9,1,251,exogenous,wet,,fresh,,Zillig et al.2023_461,461,0.01728,1.025422527,Priest Rapids
2023,Zillig et al.,Cons. Phys.,19.26,,24,0,NA,0,NA,5.707471806,NA,1.74177616,2.958030406,Oncorhynchus tshawytscha,NA,juvenile,NA,,Fish813_11.24_PRIEST_10.8.18,,,1,12.1,1,251,exogenous,wet,,fresh,,Zillig et al.2023_462,462,0.01926,1.087176789,Priest Rapids
2023,Zillig et al.,Cons. Phys.,17.57,,22,0,NA,0,NA,4.876314625,NA,1.584389735,2.866192902,Oncorhynchus tshawytscha,NA,juvenile,NA,,Fish815_11.22_PRIEST_10.9.18,,,1,11.7,1,252,exogenous,wet,,fresh,,Zillig et al.2023_463,463,0.01757,1.097019068,Priest Rapids
2023,Zillig et al.,Cons. Phys.,15.41,,22,0,NA,0,NA,3.714574,NA,1.312264001,2.735016649,Oncorhynchus tshawytscha,NA,juvenile,NA,,Fish816_11.22_PRIEST_10.9.18,,,1,11.3,1,252,exogenous,wet,,fresh,,Zillig et al.2023_464,464,0.01541,1.0679903,Priest Rapids
2023,Zillig et al.,Cons. Phys.,17.37,,16,0,NA,0,NA,2.877952006,NA,1.057078932,2.85474458,Oncorhynchus tshawytscha,NA,juvenile,NA,,Fish817_11.16_PRIEST_10.9.18,,,1,11.7,1,252,exogenous,wet,,fresh,,Zillig et al.2023_465,465,0.01737,1.084531657,Priest Rapids
2023,Zillig et al.,Cons. Phys.,16.6,,16,0,NA,0,NA,2.836674065,NA,1.042632262,2.809402695,Oncorhynchus tshawytscha,NA,juvenile,NA,,Fish818_11.16_PRIEST_10.9.18,,,1,11.7,1,252,exogenous,wet,,fresh,,Zillig et al.2023_466,466,0.0166,1.036455124,Priest Rapids
2023,Zillig et al.,Cons. Phys.,16.35,,20,0,NA,0,NA,3.506397154,NA,1.254589058,2.794227897,Oncorhynchus tshawytscha,NA,juvenile,NA,,Fish819_20.20_PRIEST_10.15.18,,,1,11.5,1,257,exogenous,wet,,fresh,,Zillig et al.2023_467,467,0.01635,1.07503904,Priest Rapids
2023,Zillig et al.,Cons. Phys.,18.09,,20,0,NA,0,NA,3.139744471,NA,1.144141418,2.895359299,Oncorhynchus tshawytscha,NA,juvenile,NA,,Fish820_20.20_PRIEST_10.15.18,,,1,11.6,1,257,exogenous,wet,,fresh,,Zillig et al.2023_468,468,0.01809,1.158949731,Priest Rapids
2023,Zillig et al.,Cons. Phys.,17.98,,25,0,NA,0,NA,4.606046871,NA,1.527369977,2.889260029,Oncorhynchus tshawytscha,NA,juvenile,NA,,Fish821_20.25_PRIEST_10.15.18,,,1,11,1,257,exogenous,wet,,fresh,,Zillig et al.2023_469,469,0.01798,1.350864012,Priest Rapids
2023,Zillig et al.,Cons. Phys.,17.81,,25,0,NA,0,NA,4.398695244,NA,1.481307961,2.879760097,Oncorhynchus tshawytscha,NA,juvenile,NA,,Fish822_20.25_PRIEST_10.15.18,,,1,11.5,1,257,exogenous,wet,,fresh,,Zillig et al.2023_470,470,0.01781,1.17103641,Priest Rapids
2023,Zillig et al.,Cons. Phys.,17.03,,22,0,NA,0,NA,4.985924854,NA,1.606618914,2.834976495,Oncorhynchus tshawytscha,NA,juvenile,NA,,Fish827_11.22_PRIEST_10.17.18,,,1,11.8,1,260,exogenous,wet,,fresh,,Zillig et al.2023_471,471,0.01703,1.036498376,Priest Rapids
2023,Zillig et al.,Cons. Phys.,18.81,,24,0,NA,0,NA,6.218546499,NA,1.827536198,2.934388643,Oncorhynchus tshawytscha,NA,juvenile,NA,,Fish828_11.24_PRIEST_10.17.18,,,1,12.2,1,260,exogenous,wet,,fresh,,Zillig et al.2023_472,472,0.01881,1.035879655,Priest Rapids
2023,Zillig et al.,Cons. Phys.,26.4,,22,0,NA,0,NA,4.415715055,NA,1.485169781,3.27336401,Oncorhynchus tshawytscha,NA,juvenile,NA,,Fish829_20.22_PRIEST_12.10.18,,,1,13,1,313,exogenous,wet,,fresh,,Zillig et al.2023_473,473,0.0264,1.201638598,Priest Rapids
2023,Zillig et al.,Cons. Phys.,28.9,,22,0,NA,0,NA,5.671494164,NA,1.735452604,3.363841595,Oncorhynchus tshawytscha,NA,juvenile,NA,,Fish830_20.22_PRIEST_12.10.18,,,1,13.5,1,313,exogenous,wet,,fresh,,Zillig et al.2023_474,474,0.0289,1.17461769,Priest Rapids
2023,Zillig et al.,Cons. Phys.,21.6,,20,0,NA,0,NA,3.20833224,NA,1.165751251,3.072693315,Oncorhynchus tshawytscha,NA,juvenile,NA,,Fish832_20.20_PRIEST_12.10.18,,,1,12.2,1,313,exogenous,wet,,fresh,,Zillig et al.2023_475,475,0.0216,1.189526877,Priest Rapids
2023,Zillig et al.,Cons. Phys.,26.61,,22,0,NA,0,NA,7.633170807,NA,2.03250333,3.281287085,Oncorhynchus tshawytscha,NA,juvenile,NA,,Fish218_16.22_Trask_8.31.17,,,1,12.7,1,261,exogenous,wet,,fresh,,Zillig et al.2023_476,476,0.02661,1.299073464,Trask
2023,Zillig et al.,Cons. Phys.,24.13,,22,0,NA,0,NA,6.840246304,NA,1.92282374,3.18345588,Oncorhynchus tshawytscha,NA,juvenile,NA,,Fish219_16.22_Trask_8.31.17,,,1,12.3,1,261,exogenous,wet,,fresh,,Zillig et al.2023_477,477,0.02413,1.296707395,Trask
2023,Zillig et al.,Cons. Phys.,21.82,,24,0,NA,0,NA,6.585233244,NA,1.884829755,3.08282698,Oncorhynchus tshawytscha,NA,juvenile,NA,,Fish220_16.24_Trask_8.31.17,,,1,12.2,1,261,exogenous,wet,,fresh,,Zillig et al.2023_478,478,0.02182,1.201642428,Trask
2023,Zillig et al.,Cons. Phys.,24.16,,24,0,NA,0,NA,5.841872337,NA,1.765051351,3.184698373,Oncorhynchus tshawytscha,NA,juvenile,NA,,Fish221_16.24_Trask_8.31.17,,,1,12.5,1,261,exogenous,wet,,fresh,,Zillig et al.2023_479,479,0.02416,1.236992,Trask
2023,Zillig et al.,Cons. Phys.,25.96,,20,0,NA,0,NA,5.167451082,NA,1.642379546,3.256556892,Oncorhynchus tshawytscha,NA,juvenile,NA,,Fish222_16.20_Trask_9.1.17,,,1,12.5,1,262,exogenous,wet,,fresh,,Zillig et al.2023_480,480,0.02596,1.329152,Trask
2023,Zillig et al.,Cons. Phys.,22.39,,20,0,NA,0,NA,4.039386366,NA,1.396092791,3.108614431,Oncorhynchus tshawytscha,NA,juvenile,NA,,Fish223_16.20_Trask_9.1.17,,,1,12.5,1,262,exogenous,wet,,fresh,,Zillig et al.2023_481,481,0.02239,1.146368,Trask
2023,Zillig et al.,Cons. Phys.,24.01,,12,0,NA,0,NA,2.340407733,NA,0.850325159,3.17847041,Oncorhynchus tshawytscha,NA,juvenile,NA,,Fish224_16.12_Trask_9.1.17,,,1,12.5,1,262,exogenous,wet,,fresh,,Zillig et al.2023_482,482,0.02401,1.229312,Trask
2023,Zillig et al.,Cons. Phys.,27.72,,22,0,NA,0,NA,6.550955894,NA,1.879610977,3.322154174,Oncorhynchus tshawytscha,NA,juvenile,NA,,Fish243_16.22_Trask_9.17.17,,,1,13.3,1,278,exogenous,wet,,fresh,,Zillig et al.2023_483,483,0.02772,1.178252319,Trask
2023,Zillig et al.,Cons. Phys.,25.22,,22,0,NA,0,NA,6.481391245,NA,1.868935186,3.227637331,Oncorhynchus tshawytscha,NA,juvenile,NA,,Fish244_16.22_Trask_9.17.17,,,1,12.8,1,278,exogenous,wet,,fresh,,Zillig et al.2023_484,484,0.02522,1.202583313,Trask
2023,Zillig et al.,Cons. Phys.,31.45,,8,0,NA,0,NA,1.793965793,NA,0.584428696,3.448398983,Oncorhynchus tshawytscha,NA,juvenile,NA,,Fish248_16.8_Trask_9.18.17,,,1,13.3,1,279,exogenous,wet,,fresh,,Zillig et al.2023_485,485,0.03145,1.336797815,Trask
2023,Zillig et al.,Cons. Phys.,28.82,,8,0,NA,0,NA,1.324328859,NA,0.280905809,3.361069591,Oncorhynchus tshawytscha,NA,juvenile,NA,,Fish249_16.8_Trask_9.19.17,,,1,13.3,1,280,exogenous,wet,,fresh,,Zillig et al.2023_486,486,0.02882,1.225008363,Trask
2023,Zillig et al.,Cons. Phys.,36.24,,8,0,NA,0,NA,1.983307196,NA,0.684765753,3.590163481,Oncorhynchus tshawytscha,NA,juvenile,NA,,Fish250_16.8_Trask_9.19.17,,,1,14,1,280,exogenous,wet,,fresh,,Zillig et al.2023_487,487,0.03624,1.320699708,Trask
2023,Zillig et al.,Cons. Phys.,20.78,,10,0,NA,0,NA,1.624372289,NA,0.485121457,3.033990986,Oncorhynchus tshawytscha,NA,juvenile,NA,,Fish252_16.10_Trask_9.19.17,,,1,12.5,1,280,exogenous,wet,,fresh,,Zillig et al.2023_488,488,0.02078,1.063936,Trask
2023,Zillig et al.,Cons. Phys.,27.13,,25,0,NA,0,NA,9.444473627,NA,2.245429769,3.300640127,Oncorhynchus tshawytscha,NA,juvenile,NA,,Fish254_16.25_Trask_9.20.17,,,1,12.8,1,281,exogenous,wet,,fresh,,Zillig et al.2023_489,489,0.02713,1.29365921,Trask
2023,Zillig et al.,Cons. Phys.,25.33,,24,0,NA,0,NA,8.031031606,NA,2.083312989,3.231989464,Oncorhynchus tshawytscha,NA,juvenile,NA,,Fish255_16.24_Trask_9.20.17,,,1,12.7,1,281,exogenous,wet,,fresh,,Zillig et al.2023_490,490,0.02533,1.23658515,Trask
2023,Zillig et al.,Cons. Phys.,26.01,,24,0,NA,0,NA,7.853231581,NA,2.060925113,3.258481079,Oncorhynchus tshawytscha,NA,juvenile,NA,,Fish256_16.24_Trask_9.20.17,,,1,13.1,1,281,exogenous,wet,,fresh,,Zillig et al.2023_491,491,0.02601,1.156981635,Trask
2023,Zillig et al.,Cons. Phys.,20.14,,14,0,NA,0,NA,3.512098449,NA,1.256213707,3.002707887,Oncorhynchus tshawytscha,NA,juvenile,NA,,Fish281_11.14_Trask_9.27.17,,,1,12.1,1,289,exogenous,wet,,fresh,,Zillig et al.2023_492,492,0.02014,1.136850495,Trask
2023,Zillig et al.,Cons. Phys.,20.3,,14,0,NA,0,NA,3.17525831,NA,1.155388986,3.010620886,Oncorhynchus tshawytscha,NA,juvenile,NA,,Fish282_11.14_Trask_9.27.17,,,1,12.2,1,289,exogenous,wet,,fresh,,Zillig et al.2023_493,493,0.0203,1.117934981,Trask
2023,Zillig et al.,Cons. Phys.,23.49,,20,0,NA,0,NA,5.538249266,NA,1.711678434,3.156574799,Oncorhynchus tshawytscha,NA,juvenile,NA,,Fish283_11.20_Trask_9.27.17,,,1,13.1,1,289,exogenous,wet,,fresh,,Zillig et al.2023_494,494,0.02349,1.044886528,Trask
2023,Zillig et al.,Cons. Phys.,21.43,,20,0,NA,0,NA,4.977092761,NA,1.604845938,3.064791809,Oncorhynchus tshawytscha,NA,juvenile,NA,,Fish284_11.20_Trask_9.27.17,,,1,12.5,1,289,exogenous,wet,,fresh,,Zillig et al.2023_495,495,0.02143,1.097216,Trask
2023,Zillig et al.,Cons. Phys.,34.71,,18,0,NA,0,NA,6.665843325,NA,1.896996476,3.54702783,Oncorhynchus tshawytscha,NA,juvenile,NA,,Fish285_16.18_Trask_9.30.17,,,1,14.2,1,291,exogenous,wet,,fresh,,Zillig et al.2023_496,496,0.03471,1.212242708,Trask
2023,Zillig et al.,Cons. Phys.,26.31,,18,0,NA,0,NA,4.404658259,NA,1.482662676,3.269949095,Oncorhynchus tshawytscha,NA,juvenile,NA,,Fish286_16.18_Trask_9.30.17,,,1,13.2,1,291,exogenous,wet,,fresh,,Zillig et al.2023_497,497,0.02631,1.143928959,Trask
2023,Zillig et al.,Cons. Phys.,22.38,,20,0,NA,0,NA,4.33938827,NA,1.467733387,3.108167703,Oncorhynchus tshawytscha,NA,juvenile,NA,,Fish287_16.20_Trask_9.30.17,,,1,12.5,1,291,exogenous,wet,,fresh,,Zillig et al.2023_498,498,0.02238,1.145856,Trask
2023,Zillig et al.,Cons. Phys.,24.58,,20,0,NA,0,NA,5.652606081,NA,1.732116692,3.201933104,Oncorhynchus tshawytscha,NA,juvenile,NA,,Fish288_16.20_Trask_9.30.17,,,1,12.9,1,291,exogenous,wet,,fresh,,Zillig et al.2023_499,499,0.02458,1.145019143,Trask
2023,Zillig et al.,Cons. Phys.,22.46,,12,0,NA,0,NA,2.523889104,NA,0.925801007,3.111735949,Oncorhynchus tshawytscha,NA,juvenile,NA,,Fish291_16.12_Trask_10.1.17,,,1,12.5,1,292,exogenous,wet,,fresh,,Zillig et al.2023_500,500,0.02246,1.149952,Trask
2023,Zillig et al.,Cons. Phys.,27.75,,12,0,NA,0,NA,2.308484144,NA,0.836591095,3.32323584,Oncorhynchus tshawytscha,NA,juvenile,NA,,Fish292_16.12_Trask_10.1.17,,,1,13.3,1,292,exogenous,wet,,fresh,,Zillig et al.2023_501,501,0.02775,1.179527483,Trask
2023,Zillig et al.,Cons. Phys.,28.82,,16,0,NA,0,NA,4.316393531,NA,1.462420223,3.361069591,Oncorhynchus tshawytscha,NA,juvenile,NA,,Fish339_16.16_Trask_10.19.17,,,1,13.7,1,310,exogenous,wet,,fresh,,Zillig et al.2023_502,502,0.02882,1.120810717,Trask
2023,Zillig et al.,Cons. Phys.,25.07,,16,0,NA,0,NA,3.838005387,NA,1.344952801,3.221671912,Oncorhynchus tshawytscha,NA,juvenile,NA,,Fish340_16.16_Trask_10.19.17,,,1,13,1,310,exogenous,wet,,fresh,,Zillig et al.2023_503,503,0.02507,1.141101502,Trask
2023,Zillig et al.,Cons. Phys.,31.68,,10,0,NA,0,NA,2.689934689,NA,0.989516914,3.455685567,Oncorhynchus tshawytscha,NA,juvenile,NA,,Fish341_16.10_Trask_10.20.17,,,1,13.7,1,311,exogenous,wet,,fresh,,Zillig et al.2023_504,504,0.03168,1.232036208,Trask
2023,Zillig et al.,Cons. Phys.,25.81,,10,0,NA,0,NA,2.548545093,NA,0.935522645,3.250762014,Oncorhynchus tshawytscha,NA,juvenile,NA,,Fish342_16.10_Trask_10.20.17,,,1,13.1,1,311,exogenous,wet,,fresh,,Zillig et al.2023_505,505,0.02581,1.148085198,Trask
2023,Zillig et al.,Cons. Phys.,24.82,,25,0,NA,0,NA,7.484136042,NA,2.012785586,3.21164978,Oncorhynchus tshawytscha,NA,juvenile,NA,,Fish343_16.25_Trask_10.20.17,,,1,12.7,1,311,exogenous,wet,,fresh,,Zillig et al.2023_506,506,0.02482,1.211687463,Trask
2023,Zillig et al.,Cons. Phys.,29.6,,25,0,NA,0,NA,10.5014303,NA,2.351511467,3.387774361,Oncorhynchus tshawytscha,NA,juvenile,NA,,Fish344_16.25_Trask_10.20.17,,,1,13.8,1,311,exogenous,wet,,fresh,,Zillig et al.2023_507,507,0.0296,1.126300954,Trask
2023,Zillig et al.,Cons. Phys.,26.56,,14,0,NA,0,NA,3.570512024,NA,1.272709009,3.279406325,Oncorhynchus tshawytscha,NA,juvenile,NA,,Fish345_16.14_Trask_10.21.17,,,1,13.4,1,312,exogenous,wet,,fresh,,Zillig et al.2023_508,508,0.02656,1.103859185,Trask
2023,Zillig et al.,Cons. Phys.,26.8,,14,0,NA,0,NA,3.637973311,NA,1.291426744,3.288401888,Oncorhynchus tshawytscha,NA,juvenile,NA,,Fish346_16.14_Trask_10.21.17,,,1,12.8,1,312,exogenous,wet,,fresh,,Zillig et al.2023_509,509,0.0268,1.277923584,Trask
2023,Zillig et al.,Cons. Phys.,32.2,,20,0,NA,0,NA,7.228453644,NA,1.978025133,3.471966453,Oncorhynchus tshawytscha,NA,juvenile,NA,,Fish349_11.20_Trask_10.21.17,,,1,14,1,313,exogenous,wet,,fresh,,Zillig et al.2023_510,510,0.0322,1.173469388,Trask
2023,Zillig et al.,Cons. Phys.,25.8,,20,0,NA,0,NA,7.027508026,NA,1.949832166,3.250374492,Oncorhynchus tshawytscha,NA,juvenile,NA,,Fish350_11.20_Trask_10.21.17,,,1,13.6,1,313,exogenous,wet,,fresh,,Zillig et al.2023_511,511,0.0258,1.025658966,Trask
2023,Zillig et al.,Cons. Phys.,42.89,,14,0,NA,0,NA,3.768128526,NA,1.326578466,3.758638699,Oncorhynchus tshawytscha,NA,juvenile,NA,,Fish355_20.14_Trask_10.23.17,,,1,15.2,1,314,exogenous,wet,,fresh,,Zillig et al.2023_512,512,0.04289,1.221308226,Trask
2023,Zillig et al.,Cons. Phys.,44.64,,14,0,NA,0,NA,5.511008081,NA,1.706747561,3.798630318,Oncorhynchus tshawytscha,NA,juvenile,NA,,Fish356_20.14_Trask_10.23.17,,,1,15.8,1,314,exogenous,wet,,fresh,,Zillig et al.2023_513,513,0.04464,1.131756311,Trask
2023,Zillig et al.,Cons. Phys.,30.3,,20,0,NA,0,NA,6.103645644,NA,1.808886239,3.411147713,Oncorhynchus tshawytscha,NA,juvenile,NA,,Fish361_20.20_Trask_10.25.17,,,1,13.8,1,316,exogenous,wet,,fresh,,Zillig et al.2023_514,514,0.0303,1.152936449,Trask
2023,Zillig et al.,Cons. Phys.,29.32,,20,0,NA,0,NA,5.133354742,NA,1.635759391,3.378269877,Oncorhynchus tshawytscha,NA,juvenile,NA,,Fish362_20.20_Trask_10.25.17,,,1,13.2,1,316,exogenous,wet,,fresh,,Zillig et al.2023_515,515,0.02932,1.274800345,Trask
2023,Zillig et al.,Cons. Phys.,29.75,,14,0,NA,0,NA,4.032214588,NA,1.394315751,3.392829132,Oncorhynchus tshawytscha,NA,juvenile,NA,,Fish363_16.14_Trask_10.25.17,,,1,13.1,1,316,exogenous,wet,,fresh,,Zillig et al.2023_516,516,0.02975,1.323345007,Trask
2023,Zillig et al.,Cons. Phys.,29.49,,14,0,NA,0,NA,4.234488737,NA,1.443262598,3.384051223,Oncorhynchus tshawytscha,NA,juvenile,NA,,Fish364_16.14_Trask_10.25.17,,,1,13.5,1,316,exogenous,wet,,fresh,,Zillig et al.2023_517,517,0.02949,1.198597775,Trask
2023,Zillig et al.,Cons. Phys.,25.29,,8,0,NA,0,NA,1.633421083,NA,0.490676639,3.230409061,Oncorhynchus tshawytscha,NA,juvenile,NA,,Fish371_16.8_Trask_10.28.17,,,1,12.7,1,319,exogenous,wet,,fresh,,Zillig et al.2023_518,518,0.02529,1.234632391,Trask
2023,Zillig et al.,Cons. Phys.,22.5,,18,0,NA,0,NA,3.841251431,NA,1.345798207,3.113515309,Oncorhynchus tshawytscha,NA,juvenile,NA,,Fish377_16.18_Trask_10.30.17,,,1,12.5,1,321,exogenous,wet,,fresh,,Zillig et al.2023_519,519,0.0225,1.152,Trask
2023,Zillig et al.,Cons. Phys.,27.02,,18,0,NA,0,NA,3.758625098,NA,1.324053225,3.296577333,Oncorhynchus tshawytscha,NA,juvenile,NA,,Fish378_16.18_Trask_10.30.17,,,1,13.3,1,321,exogenous,wet,,fresh,,Zillig et al.2023_520,520,0.02702,1.148498472,Trask
2023,Zillig et al.,Cons. Phys.,25.91,,16,0,NA,0,NA,4.536600983,NA,1.512178049,3.254628995,Oncorhynchus tshawytscha,NA,juvenile,NA,,Fish379_16.16_Trask_10.30.17,,,1,13.2,1,321,exogenous,wet,,fresh,,Zillig et al.2023_521,521,0.02591,1.126537413,Trask
2023,Zillig et al.,Cons. Phys.,24.73,,16,0,NA,0,NA,3.499141805,NA,1.25251774,3.208017082,Oncorhynchus tshawytscha,NA,juvenile,NA,,Fish380_16.16_Trask_10.30.17,,,1,12.6,1,321,exogenous,wet,,fresh,,Zillig et al.2023_522,522,0.02473,1.236267582,Trask
2023,Zillig et al.,Cons. Phys.,30.84,,25,0,NA,0,NA,9.019077711,NA,2.19934208,3.428812549,Oncorhynchus tshawytscha,NA,juvenile,NA,,Fish382_16.25_Trask_11.1.17,,,1,13.6,1,323,exogenous,wet,,fresh,,Zillig et al.2023_523,523,0.03084,1.226020252,Trask
2023,Zillig et al.,Cons. Phys.,25.47,,12,0,NA,0,NA,3.261370632,NA,1.182147546,3.237501289,Oncorhynchus tshawytscha,NA,juvenile,NA,,Fish384_20.12_Trask_11.1.17,,,1,12.5,1,323,exogenous,wet,,fresh,,Zillig et al.2023_524,524,0.02547,1.304064,Trask
2023,Zillig et al.,Cons. Phys.,24.85,,12,0,NA,0,NA,3.168314105,NA,1.153199618,3.212857753,Oncorhynchus tshawytscha,NA,juvenile,NA,,Fish385_11.12_Trask_11.3.17,,,1,13.2,1,326,exogenous,wet,,fresh,,Zillig et al.2023_525,525,0.02485,1.080449815,Trask
2023,Zillig et al.,Cons. Phys.,27.05,,12,0,NA,0,NA,3.102098323,NA,1.132078761,3.297687005,Oncorhynchus tshawytscha,NA,juvenile,NA,,Fish386_11.12_Trask_11.3.17,,,1,13.5,1,326,exogenous,wet,,fresh,,Zillig et al.2023_526,526,0.02705,1.099425901,Trask
2023,Zillig et al.,Cons. Phys.,23.54,,10,0,NA,0,NA,2.186240108,NA,0.782183223,3.158701102,Oncorhynchus tshawytscha,NA,juvenile,NA,,Fish387_11.10_Trask_11.3.17,,,1,12.8,1,326,exogenous,wet,,fresh,,Zillig et al.2023_527,527,0.02354,1.12247467,Trask
2023,Zillig et al.,Cons. Phys.,32.11,,10,0,NA,0,NA,2.18367837,NA,0.78101078,3.469167508,Oncorhynchus tshawytscha,NA,juvenile,NA,,Fish388_11.10_Trask_11.3.17,,,1,14.2,1,326,exogenous,wet,,fresh,,Zillig et al.2023_528,528,0.03211,1.121438011,Trask
2023,Zillig et al.,Cons. Phys.,25.96,,16,0,NA,0,NA,2.796196433,NA,1.028260077,3.256556892,Oncorhynchus tshawytscha,NA,juvenile,NA,,Fish391_20.16_Trask_11.5.17,,,1,13.1,1,327,exogenous,wet,,fresh,,Zillig et al.2023_529,529,0.02596,1.154757525,Trask
2023,Zillig et al.,Cons. Phys.,23.92,,16,0,NA,0,NA,2.318461532,NA,0.840903833,3.174714929,Oncorhynchus tshawytscha,NA,juvenile,NA,,Fish392_20.16_Trask_11.5.17,,,1,12.5,1,327,exogenous,wet,,fresh,,Zillig et al.2023_530,530,0.02392,1.224704,Trask
2023,Zillig et al.,Cons. Phys.,21.66,,12,0,NA,0,NA,2.173157354,NA,0.776181112,3.075467242,Oncorhynchus tshawytscha,NA,juvenile,NA,,Fish397_20.12_Trask_11.6.17,,,1,12.5,1,328,exogenous,wet,,fresh,,Zillig et al.2023_531,531,0.02166,1.108992,Trask
2023,Zillig et al.,Cons. Phys.,23.26,,22,0,NA,0,NA,5.915933251,NA,1.777649262,3.146735147,Oncorhynchus tshawytscha,NA,juvenile,NA,,Fish399_20.22_Trask_11.6.17,,,1,13.3,1,328,exogenous,wet,,fresh,,Zillig et al.2023_532,532,0.02326,0.988677811,Trask
2023,Zillig et al.,Cons. Phys.,26.53,,22,0,NA,0,NA,5.527624351,NA,1.70975813,3.278276168,Oncorhynchus tshawytscha,NA,juvenile,NA,,Fish400_20.22_Trask_11.6.17,,,1,13,1,328,exogenous,wet,,fresh,,Zillig et al.2023_533,533,0.02653,1.207555758,Trask
2023,Zillig et al.,Cons. Phys.,31.84,,10,0,NA,0,NA,2.833935076,NA,1.041666232,3.460723361,Oncorhynchus tshawytscha,NA,juvenile,NA,,Fish401_20.10_Trask_11.8.17,,,1,13.9,1,330,exogenous,wet,,fresh,,Zillig et al.2023_534,534,0.03184,1.185573978,Trask
2023,Zillig et al.,Cons. Phys.,24.09,,10,0,NA,0,NA,2.015810057,NA,0.701021128,3.181796817,Oncorhynchus tshawytscha,NA,juvenile,NA,,Fish402_20.10_Trask_11.8.17,,,1,12.4,1,330,exogenous,wet,,fresh,,Zillig et al.2023_535,535,0.02409,1.263489812,Trask
2023,Zillig et al.,Cons. Phys.,29.36,,14,0,NA,0,NA,2.934991742,NA,1.07670464,3.379633204,Oncorhynchus tshawytscha,NA,juvenile,NA,,Fish403_20.14_Trask_11.8.17,,,1,13.3,1,330,exogenous,wet,,fresh,,Zillig et al.2023_536,536,0.02936,1.24796133,Trask
2023,Zillig et al.,Cons. Phys.,24.81,,14,0,NA,0,NA,2.381772911,NA,0.867845131,3.211246798,Oncorhynchus tshawytscha,NA,juvenile,NA,,Fish404_20.14_Trask_11.8.17,,,1,12.7,1,330,exogenous,wet,,fresh,,Zillig et al.2023_537,537,0.02481,1.211199273,Trask
2023,Zillig et al.,Cons. Phys.,25.1,,24,0,NA,0,NA,6.477271969,NA,1.868299429,3.222867846,Oncorhynchus tshawytscha,NA,juvenile,NA,,Fish407_20.24_Trask_11.9.17,,,1,12.5,1,331,exogenous,wet,,fresh,,Zillig et al.2023_538,538,0.0251,1.28512,Trask
2023,Zillig et al.,Cons. Phys.,28.02,,8,0,NA,0,NA,1.973716198,NA,0.679918161,3.332918541,Oncorhynchus tshawytscha,NA,juvenile,NA,,Fish413_20.8_Trask_11.12.17,,,1,13.3,1,334,exogenous,wet,,fresh,,Zillig et al.2023_539,539,0.02802,1.191003967,Trask
2023,Zillig et al.,Cons. Phys.,21.61,,8,0,NA,0,NA,1.709416077,NA,0.536151837,3.073156171,Oncorhynchus tshawytscha,NA,juvenile,NA,,Fish414_20.8_Trask_11.12.17,,,1,11.9,1,334,exogenous,wet,,fresh,,Zillig et al.2023_540,540,0.02161,1.282371574,Trask
2023,Zillig et al.,Cons. Phys.,25.3,,10,0,NA,0,NA,2.376165323,NA,0.86548798,3.230804396,Oncorhynchus tshawytscha,NA,juvenile,NA,,Fish415_20.10_Trask_11.12.17,,,1,12.5,1,334,exogenous,wet,,fresh,,Zillig et al.2023_541,541,0.0253,1.29536,Trask
2023,Zillig et al.,Cons. Phys.,23.02,,10,0,NA,0,NA,1.506667947,NA,0.409900555,3.136363403,Oncorhynchus tshawytscha,NA,juvenile,NA,,Fish416_20.10_Trask_11.12.17,,,1,12.5,1,334,exogenous,wet,,fresh,,Zillig et al.2023_542,542,0.02302,1.178624,Trask
2023,Zillig et al.,Cons. Phys.,30.75,,16,0,NA,0,NA,3.588073024,NA,1.277615296,3.425889994,Oncorhynchus tshawytscha,NA,juvenile,NA,,Fish421_20.16_Trask_11.14.17,,,1,13.6,1,336,exogenous,wet,,fresh,,Zillig et al.2023_543,543,0.03075,1.222442372,Trask
2023,Zillig et al.,Cons. Phys.,24.88,,16,0,NA,0,NA,2.904250282,NA,1.066175279,3.214064268,Oncorhynchus tshawytscha,NA,juvenile,NA,,Fish422_20.16_Trask_11.14.17,,,1,12.8,1,336,exogenous,wet,,fresh,,Zillig et al.2023_544,544,0.02488,1.18637085,Trask
2023,Zillig et al.,Cons. Phys.,24.51,,18,0,NA,0,NA,4.220675412,NA,1.439995166,3.199081198,Oncorhynchus tshawytscha,NA,juvenile,NA,,Fish423_20.18_Trask_11.14.17,,,1,12.7,1,336,exogenous,wet,,fresh,,Zillig et al.2023_545,545,0.02451,1.196553574,Trask
2023,Zillig et al.,Cons. Phys.,19.89,,18,0,NA,0,NA,3.242758876,NA,1.176424472,2.990217093,Oncorhynchus tshawytscha,NA,juvenile,NA,,Fish424_20.18_Trask_11.14.17,,,1,11.7,1,336,exogenous,wet,,fresh,,Zillig et al.2023_546,546,0.01989,1.241873037,Trask
2023,Zillig et al.,Cons. Phys.,27.06,,18,0,NA,0,NA,4.825622145,NA,1.573939668,3.298056623,Oncorhynchus tshawytscha,NA,juvenile,NA,,Fish425_11.18_Trask_11.14.17,,,1,13.4,1,337,exogenous,wet,,fresh,,Zillig et al.2023_547,547,0.02706,1.124639666,Trask
2023,Zillig et al.,Cons. Phys.,22.26,,18,0,NA,0,NA,5.478551253,NA,1.700840696,3.102791346,Oncorhynchus tshawytscha,NA,juvenile,NA,,Fish426_11.18_Trask_11.14.17,,,1,12.4,1,337,exogenous,wet,,fresh,,Zillig et al.2023_548,548,0.02226,1.167508644,Trask
2023,Zillig et al.,Cons. Phys.,21.08,,25,0,NA,0,NA,6.776428052,NA,1.913450127,3.048324724,Oncorhynchus tshawytscha,NA,juvenile,NA,,Fish429_20.25_Trask_11.16.17,,,1,12.1,1,338,exogenous,wet,,fresh,,Zillig et al.2023_549,549,0.02108,1.189911045,Trask
2023,Zillig et al.,Cons. Phys.,33.89,,25,0,NA,0,NA,11.45472169,NA,2.438402019,3.523119986,Oncorhynchus tshawytscha,NA,juvenile,NA,,Fish430_20.25_Trask_11.16.17,,,1,13.2,1,338,exogenous,wet,,fresh,,Zillig et al.2023_550,550,0.03389,1.473498762,Trask
2023,Zillig et al.,Cons. Phys.,21.56,,12,0,NA,0,NA,1.854923313,NA,0.617843355,3.070839746,Oncorhynchus tshawytscha,NA,juvenile,NA,,Fish431_20.12_Trask_11.16.17,,,1,12.2,1,338,exogenous,wet,,fresh,,Zillig et al.2023_551,551,0.02156,1.187324049,Trask
2023,Zillig et al.,Cons. Phys.,20.4,,12,0,NA,0,NA,1.719338747,NA,0.541939768,3.015534901,Oncorhynchus tshawytscha,NA,juvenile,NA,,Fish432_20.12_Trask_11.16.17,,,1,11.8,1,338,exogenous,wet,,fresh,,Zillig et al.2023_552,552,0.0204,1.24160698,Trask
2023,Zillig et al.,Cons. Phys.,22.41,,8,0,NA,0,NA,1.285390312,NA,0.251062417,3.109507288,Oncorhynchus tshawytscha,NA,juvenile,NA,,Fish433_20.8_Trask_11.27.17,,,1,12.3,1,349,exogenous,wet,,fresh,,Zillig et al.2023_553,553,0.02241,1.204277361,Trask
2023,Zillig et al.,Cons. Phys.,24.69,,16,0,NA,0,NA,4.501766742,NA,1.504469929,3.206398303,Oncorhynchus tshawytscha,NA,juvenile,NA,,Fish439_11.16_Trask_11.27.17,,,1,12.8,1,350,exogenous,wet,,fresh,,Zillig et al.2023_554,554,0.02469,1.177310944,Trask
2023,Zillig et al.,Cons. Phys.,26.36,,14,0,NA,0,NA,2.584065893,NA,0.949364086,3.27184771,Oncorhynchus tshawytscha,NA,juvenile,NA,,Fish443_20.14_Trask_11.29.17,,,1,13.2,1,351,exogenous,wet,,fresh,,Zillig et al.2023_555,555,0.02636,1.146102902,Trask
2023,Zillig et al.,Cons. Phys.,22.87,,14,0,NA,0,NA,2.224791718,NA,0.799663301,3.129826008,Oncorhynchus tshawytscha,NA,juvenile,NA,,Fish444_20.14_Trask_11.29.17,,,1,12.7,1,351,exogenous,wet,,fresh,,Zillig et al.2023_556,556,0.02287,1.116490422,Trask
2023,Zillig et al.,Cons. Phys.,25.4,,22,0,NA,0,NA,7.157036811,NA,1.968096042,3.234749174,Oncorhynchus tshawytscha,NA,juvenile,NA,,Fish446_11.22_Trask_11.29.17,,,1,13,1,352,exogenous,wet,,fresh,,Zillig et al.2023_557,557,0.0254,1.156121985,Trask
2023,Zillig et al.,Cons. Phys.,24.2,,22,0,NA,0,NA,6.719104571,NA,1.904954897,3.186352633,Oncorhynchus tshawytscha,NA,juvenile,NA,,Fish447_11.22_Trask_11.29.17,,,1,13.1,1,352,exogenous,wet,,fresh,,Zillig et al.2023_558,558,0.0242,1.07646888,Trask
2023,Zillig et al.,Cons. Phys.,24.16,,22,0,NA,0,NA,6.725412604,NA,1.905893277,3.184698373,Oncorhynchus tshawytscha,NA,juvenile,NA,,Fish448_11.22_Trask_11.29.17,,,1,12.8,1,352,exogenous,wet,,fresh,,Zillig et al.2023_559,559,0.02416,1.152038574,Trask
2023,Zillig et al.,Cons. Phys.,20.69,,22,0,NA,0,NA,4.707680283,NA,1.549195278,3.029650492,Oncorhynchus tshawytscha,NA,juvenile,NA,,Fish449_20.22_Trask_12.1.17,,,1,12.2,1,353,exogenous,wet,,fresh,,Zillig et al.2023_560,560,0.02069,1.13941255,Trask
2023,Zillig et al.,Cons. Phys.,20.17,,22,0,NA,0,NA,4.904126747,NA,1.590077044,3.004196352,Oncorhynchus tshawytscha,NA,juvenile,NA,,Fish450_20.22_Trask_12.1.17,,,1,12.3,1,353,exogenous,wet,,fresh,,Zillig et al.2023_561,561,0.02017,1.083903363,Trask
2023,Zillig et al.,Cons. Phys.,20.45,,24,0,NA,0,NA,6.104835473,NA,1.809081158,3.017982882,Oncorhynchus tshawytscha,NA,juvenile,NA,,Fish451_20.24_Trask_12.1.17,,,1,12.3,1,353,exogenous,wet,,fresh,,Zillig et al.2023_562,562,0.02045,1.098950113,Trask
2023,Zillig et al.,Cons. Phys.,25.48,,24,0,NA,0,NA,6.930486439,NA,1.935930004,3.237893831,Oncorhynchus tshawytscha,NA,juvenile,NA,,Fish452_20.24_Trask_12.1.17,,,1,12.8,1,353,exogenous,wet,,fresh,,Zillig et al.2023_563,563,0.02548,1.214981079,Trask
2023,Zillig et al.,Cons. Phys.,23.95,,12,0,NA,0,NA,3.210683273,NA,1.166483772,3.175968324,Oncorhynchus tshawytscha,NA,juvenile,NA,,Fish453_11.12_Trask_12.1.17,,,1,12.9,1,354,exogenous,wet,,fresh,,Zillig et al.2023_564,564,0.02395,1.115671623,Trask
2023,Zillig et al.,Cons. Phys.,23.55,,12,0,NA,0,NA,3.486127156,NA,1.248791423,3.15912582,Oncorhynchus tshawytscha,NA,juvenile,NA,,Fish454_11.12_Trask_12.1.17,,,1,12.9,1,354,exogenous,wet,,fresh,,Zillig et al.2023_565,565,0.02355,1.097038276,Trask
2023,Zillig et al.,Cons. Phys.,23.33,,10,0,NA,0,NA,3.103383922,NA,1.132493104,3.149740086,Oncorhynchus tshawytscha,NA,juvenile,NA,,Fish455_11.10_Trask_12.1.17,,,1,13,1,354,exogenous,wet,,fresh,,Zillig et al.2023_566,566,0.02333,1.061902594,Trask
2023,Zillig et al.,Cons. Phys.,23.12,,10,0,NA,0,NA,2.361088967,NA,0.859122939,3.140698044,Oncorhynchus tshawytscha,NA,juvenile,NA,,Fish456_11.10_Trask_12.1.17,,,1,13,1,354,exogenous,wet,,fresh,,Zillig et al.2023_567,567,0.02312,1.052344106,Trask
2023,Zillig et al.,Cons. Phys.,21.93,,20,0,NA,0,NA,3.48879007,NA,1.249554991,3.087855562,Oncorhynchus tshawytscha,NA,juvenile,NA,,Fish457_20.20_Trask_12.4.17,,,1,12.5,1,356,exogenous,wet,,fresh,,Zillig et al.2023_568,568,0.02193,1.122816,Trask
2023,Zillig et al.,Cons. Phys.,19.87,,18,0,NA,0,NA,2.973701843,NA,1.089807589,2.989211057,Oncorhynchus tshawytscha,NA,juvenile,NA,,Fish459_20.18_Trask_12.4.17,,,1,12.2,1,356,exogenous,wet,,fresh,,Zillig et al.2023_569,569,0.01987,1.094254585,Trask
2023,Zillig et al.,Cons. Phys.,23.05,,18,0,NA,0,NA,3.58441363,NA,1.276594899,3.137665769,Oncorhynchus tshawytscha,NA,juvenile,NA,,Fish460_20.18_Trask_12.4.17,,,1,12.5,1,356,exogenous,wet,,fresh,,Zillig et al.2023_570,570,0.02305,1.18016,Trask
2023,Zillig et al.,Cons. Phys.,24.97,,16,0,NA,0,NA,5.017696637,NA,1.612970991,3.217675104,Oncorhynchus tshawytscha,NA,juvenile,NA,,Fish461_11.16_Trask_12.4.17,,,1,13,1,357,exogenous,wet,,fresh,,Zillig et al.2023_571,571,0.02497,1.136549841,Trask
2023,Zillig et al.,Cons. Phys.,30.49,,16,0,NA,0,NA,5.102639348,NA,1.629757925,3.417398761,Oncorhynchus tshawytscha,NA,juvenile,NA,,Fish462_11.16_Trask_12.4.17,,,1,14,1,357,exogenous,wet,,fresh,,Zillig et al.2023_572,572,0.03049,1.111151603,Trask
2023,Zillig et al.,Cons. Phys.,23.24,,14,0,NA,0,NA,3.3407698,NA,1.20620126,3.145874932,Oncorhynchus tshawytscha,NA,juvenile,NA,,Fish463_11.14_Trask_12.4.17,,,1,12.9,1,357,exogenous,wet,,fresh,,Zillig et al.2023_573,573,0.02324,1.082597433,Trask
2023,Zillig et al.,Cons. Phys.,27.15,,14,0,NA,0,NA,3.749131405,NA,1.321524188,3.301377046,Oncorhynchus tshawytscha,NA,juvenile,NA,,Fish464_11.14_Trask_12.4.17,,,1,13.4,1,357,exogenous,wet,,fresh,,Zillig et al.2023_574,574,0.02715,1.128380153,Trask
2023,Zillig et al.,Cons. Phys.,26.91,,24,0,NA,0,NA,8.265927262,NA,2.112141916,3.292497965,Oncorhynchus tshawytscha,NA,juvenile,NA,,Fish467_11.24_Trask_12.6.17,,,1,13.2,1,359,exogenous,wet,,fresh,,Zillig et al.2023_575,575,0.02691,1.170016278,Trask
2023,Zillig et al.,Cons. Phys.,23.94,,24,0,NA,0,NA,7.172224132,NA,1.970215806,3.1755507,Oncorhynchus tshawytscha,NA,juvenile,NA,,Fish468_11.24_Trask_12.6.17,,,1,12.9,1,359,exogenous,wet,,fresh,,Zillig et al.2023_576,576,0.02394,1.115205789,Trask
2023,Zillig et al.,Cons. Phys.,22.64,,25,0,NA,0,NA,5.68597664,NA,1.738002905,3.119718253,Oncorhynchus tshawytscha,NA,juvenile,NA,,Fish469_20.25_Trask_12.8.17,,,1,12.3,1,360,exogenous,wet,,fresh,,Zillig et al.2023_577,577,0.02264,1.216637191,Trask
2023,Zillig et al.,Cons. Phys.,20.35,,25,0,NA,0,NA,7.17142384,NA,1.970104218,3.013080912,Oncorhynchus tshawytscha,NA,juvenile,NA,,Fish470_20.25_Trask_12.8.17,,,1,11.9,1,360,exogenous,wet,,fresh,,Zillig et al.2023_578,578,0.02035,1.207601182,Trask
2023,Zillig et al.,Cons. Phys.,19.2,,20,0,NA,0,NA,3.96014956,NA,1.376281792,2.954910279,Oncorhynchus tshawytscha,NA,juvenile,NA,,Fish471_20.20_Trask_12.8.17,,,1,12.1,1,360,exogenous,wet,,fresh,,Zillig et al.2023_579,579,0.0192,1.083789946,Trask
2023,Zillig et al.,Cons. Phys.,19.6,,20,0,NA,0,NA,4.657814454,NA,1.538546337,2.975529566,Oncorhynchus tshawytscha,NA,juvenile,NA,,Fish472_20.20_Trask_12.8.17,,,1,11.8,1,360,exogenous,wet,,fresh,,Zillig et al.2023_580,580,0.0196,1.19291651,Trask
2023,Zillig et al.,Cons. Phys.,22.05,,8,0,NA,0,NA,2.008102619,NA,0.697190306,3.093312602,Oncorhynchus tshawytscha,NA,juvenile,NA,,Fish473_11.8_Trask_12.8.17,,,1,12.4,1,361,exogenous,wet,,fresh,,Zillig et al.2023_581,581,0.02205,1.156494411,Trask
2023,Zillig et al.,Cons. Phys.,23.55,,8,0,NA,0,NA,1.946583716,NA,0.666075896,3.15912582,Oncorhynchus tshawytscha,NA,juvenile,NA,,Fish474_11.8_Trask_12.8.17,,,1,12.5,1,361,exogenous,wet,,fresh,,Zillig et al.2023_582,582,0.02355,1.20576,Trask
2023,Zillig et al.,Cons. Phys.,22,,8,0,NA,0,NA,1.598567397,NA,0.469107851,3.091042453,Oncorhynchus tshawytscha,NA,juvenile,NA,,Fish475_11.8_Trask_12.8.17,,,1,12.6,1,361,exogenous,wet,,fresh,,Zillig et al.2023_583,583,0.022,1.099793239,Trask
2023,Zillig et al.,Cons. Phys.,21.86,,8,0,NA,0,NA,1.576637967,NA,0.455294711,3.084658483,Oncorhynchus tshawytscha,NA,juvenile,NA,,Fish476_11.8_Trask_12.8.17,,,1,12.7,1,361,exogenous,wet,,fresh,,Zillig et al.2023_584,584,0.02186,1.067183237,Trask
2023,Zillig et al.,Cons. Phys.,21.98,,20,0,NA,0,NA,5.663785268,NA,1.734092444,3.090132949,Oncorhynchus tshawytscha,NA,juvenile,NA,,Fish477_11.20_Trask_12.10.17,,,1,12.7,1,363,exogenous,wet,,fresh,,Zillig et al.2023_585,585,0.02198,1.073041516,Trask
2023,Zillig et al.,Cons. Phys.,22.65,,20,0,NA,0,NA,5.662879757,NA,1.733932554,3.120159852,Oncorhynchus tshawytscha,NA,juvenile,NA,,Fish478_11.20_Trask_12.10.17,,,1,12.5,1,363,exogenous,wet,,fresh,,Zillig et al.2023_586,586,0.02265,1.15968,Trask
2023,Zillig et al.,Cons. Phys.,21.34,,24,0,NA,0,NA,6.51425117,NA,1.873992265,3.060583246,Oncorhynchus tshawytscha,NA,juvenile,NA,,Fish479_11.24_Trask_12.10.17,,,1,12.4,1,363,exogenous,wet,,fresh,,Zillig et al.2023_587,587,0.02134,1.119255816,Trask
2023,Zillig et al.,Cons. Phys.,21.26,,24,0,NA,0,NA,6.732133677,NA,1.906892133,3.056827373,Oncorhynchus tshawytscha,NA,juvenile,NA,,Fish480_11.24_Trask_12.10.17,,,1,12.4,1,363,exogenous,wet,,fresh,,Zillig et al.2023_588,588,0.02126,1.115059917,Trask
2023,Zillig et al.,Cons. Phys.,20.39,,24,0,NA,0,NA,4.992846202,NA,1.608006128,3.015044585,Oncorhynchus tshawytscha,NA,juvenile,NA,,Fish481_20.24_Trask_12.10.17,,,1,12,1,362,exogenous,wet,,fresh,,Zillig et al.2023_589,589,0.02039,1.179976852,Trask
2023,Zillig et al.,Cons. Phys.,19.5,,24,0,NA,0,NA,5.194421168,NA,1.647585197,2.970414466,Oncorhynchus tshawytscha,NA,juvenile,NA,,Fish482_20.24_Trask_12.10.17,,,1,11.8,1,363,exogenous,wet,,fresh,,Zillig et al.2023_590,590,0.0195,1.186830202,Trask
2023,Zillig et al.,Cons. Phys.,21.1,,8,0,NA,0,NA,0.982682261,NA,-0.017469445,3.04927304,Oncorhynchus tshawytscha,NA,juvenile,NA,,Fish483_20.8_Trask_12.10.17,,,1,12.4,1,362,exogenous,wet,,fresh,,Zillig et al.2023_591,591,0.0211,1.106668121,Trask
2023,Zillig et al.,Cons. Phys.,23.7,,18,0,NA,0,NA,4.135079787,NA,1.419506624,3.165475048,Oncorhynchus tshawytscha,NA,juvenile,NA,,Fish485_11.18_Trask_12.11.17,,,1,12.8,1,364,exogenous,wet,,fresh,,Zillig et al.2023_592,592,0.0237,1.130104065,Trask
2023,Zillig et al.,Cons. Phys.,22.78,,18,0,NA,0,NA,5.05040021,NA,1.61946749,3.125882958,Oncorhynchus tshawytscha,NA,juvenile,NA,,Fish486_11.18_Trask_12.11.17,,,1,13,1,364,exogenous,wet,,fresh,,Zillig et al.2023_593,593,0.02278,1.036868457,Trask
2023,Zillig et al.,Cons. Phys.,19.7,,22,0,NA,0,NA,5.715007513,NA,1.743095612,2.980618636,Oncorhynchus tshawytscha,NA,juvenile,NA,,Fish487_11.22_Trask_12.11.17,,,1,12.4,1,364,exogenous,wet,,fresh,,Zillig et al.2023_594,594,0.0197,1.033239905,Trask
2023,Zillig et al.,Cons. Phys.,25.93,,22,0,NA,0,NA,6.003232369,NA,1.792298052,3.2554006,Oncorhynchus tshawytscha,NA,juvenile,NA,,Fish488_11.22_Trask_12.11.17,,,1,13.3,1,364,exogenous,wet,,fresh,,Zillig et al.2023_595,595,0.02593,1.102167483,Trask
2023,Zillig et al.,Cons. Phys.,20.15,,16,0,NA,0,NA,3.412413373,NA,1.227419775,3.003204288,Oncorhynchus tshawytscha,NA,juvenile,NA,,Fish491_11.16_Trask_12.12.17,,,1,12.5,1,365,exogenous,wet,,fresh,,Zillig et al.2023_596,596,0.02015,1.03168,Trask
2023,Zillig et al.,Cons. Phys.,21.44,,16,0,NA,0,NA,3.942509556,NA,1.371817464,3.065258336,Oncorhynchus tshawytscha,NA,juvenile,NA,,Fish492_11.16_Trask_12.12.17,,,1,12.5,1,365,exogenous,wet,,fresh,,Zillig et al.2023_597,597,0.02144,1.097728,Trask
2023,Zillig et al.,Cons. Phys.,19.03,,10,0,NA,0,NA,2.029604398,NA,0.707840896,2.946016681,Oncorhynchus tshawytscha,NA,juvenile,NA,,Fish493_11.10_Trask_12.13.17,,,1,12.1,1,366,exogenous,wet,,fresh,,Zillig et al.2023_598,598,0.01903,1.074193889,Trask
2023,Zillig et al.,Cons. Phys.,19.2,,10,0,NA,0,NA,1.636807043,NA,0.492747419,2.954910279,Oncorhynchus tshawytscha,NA,juvenile,NA,,Fish494_11.10_Trask_12.13.17,,,1,12.6,1,366,exogenous,wet,,fresh,,Zillig et al.2023_599,599,0.0192,0.959819554,Trask
2023,Zillig et al.,Cons. Phys.,18.01,,22,0,NA,0,NA,5.287533894,NA,1.665351954,2.890927159,Oncorhynchus tshawytscha,NA,juvenile,NA,,Fish495_20.22_Trask_12.14.17,,,1,11.8,1,366,exogenous,wet,,fresh,,Zillig et al.2023_600,600,0.01801,1.096144202,Trask
2023,Zillig et al.,Cons. Phys.,14.8,,22,0,NA,0,NA,2.58903981,NA,0.951287077,2.694627181,Oncorhynchus tshawytscha,NA,juvenile,NA,,Fish496_20.22_Trask_12.14.17,,,1,11.4,1,366,exogenous,wet,,fresh,,Zillig et al.2023_601,601,0.0148,0.998957844,Trask
2023,Zillig et al.,Cons. Phys.,26.62,,18,0,NA,0,NA,3.923290544,NA,1.366930726,3.281662813,Oncorhynchus tshawytscha,NA,juvenile,NA,,Fish1131_20.18_Trinity_9.14.19,,,1,13.3,1,237,exogenous,wet,,fresh,,Zillig et al.2023_602,602,0.02662,1.131496274,Trinity
2023,Zillig et al.,Cons. Phys.,25.72,,16,0,NA,0,NA,3.257032581,NA,1.18081653,3.247268899,Oncorhynchus tshawytscha,NA,juvenile,NA,,Fish1133_20.16_Trinity_9.14.19,,,1,13.3,1,237,exogenous,wet,,fresh,,Zillig et al.2023_603,603,0.02572,1.093241329,Trinity
2023,Zillig et al.,Cons. Phys.,33.19,,12,0,NA,0,NA,3.294805557,NA,1.192347155,3.502248626,Oncorhynchus tshawytscha,NA,juvenile,NA,,Fish1147_16.12_Trinity_9.18.19,,,1,13.8,1,241,exogenous,wet,,fresh,,Zillig et al.2023_604,604,0.03319,1.262902995,Trinity
2023,Zillig et al.,Cons. Phys.,30.47,,12,0,NA,0,NA,3.197667492,NA,1.162421635,3.416742593,Oncorhynchus tshawytscha,NA,juvenile,NA,,Fish1148_16.12_Trinity_9.18.19,,,1,13.9,1,241,exogenous,wet,,fresh,,Zillig et al.2023_605,605,0.03047,1.134561529,Trinity
2023,Zillig et al.,Cons. Phys.,28.9,,14,0,NA,0,NA,4.60926289,NA,1.528067951,3.363841595,Oncorhynchus tshawytscha,NA,juvenile,NA,,Fish1149_16.14_Trinity_9.18.19,,,1,13.4,1,241,exogenous,wet,,fresh,,Zillig et al.2023_606,606,0.0289,1.201111839,Trinity
2023,Zillig et al.,Cons. Phys.,32.65,,14,0,NA,0,NA,4.202137461,NA,1.435593315,3.485844856,Oncorhynchus tshawytscha,NA,juvenile,NA,,Fish1150_16.14_Trinity_9.18.19,,,1,14.1,1,241,exogenous,wet,,fresh,,Zillig et al.2023_607,607,0.03265,1.164731571,Trinity
2023,Zillig et al.,Cons. Phys.,31.12,,18,0,NA,0,NA,5.201350658,NA,1.648918334,3.437850699,Oncorhynchus tshawytscha,NA,juvenile,NA,,Fish1155_16.18_Trinity_9.22.19,,,1,13.9,1,245,exogenous,wet,,fresh,,Zillig et al.2023_608,608,0.03112,1.158764516,Trinity
2023,Zillig et al.,Cons. Phys.,22.24,,18,0,NA,0,NA,3.902303828,NA,1.361567104,3.101892469,Oncorhynchus tshawytscha,NA,juvenile,NA,,Fish1156_16.18_Trinity_9.22.19,,,1,12.7,1,245,exogenous,wet,,fresh,,Zillig et al.2023_609,609,0.02224,1.085734455,Trinity
2023,Zillig et al.,Cons. Phys.,27.19,,20,0,NA,0,NA,6.065153281,NA,1.802559815,3.302849259,Oncorhynchus tshawytscha,NA,juvenile,NA,,Fish1157_16.20_Trinity_9.22.19,,,1,13.1,1,245,exogenous,wet,,fresh,,Zillig et al.2023_610,610,0.02719,1.209470613,Trinity
2023,Zillig et al.,Cons. Phys.,28.51,,20,0,NA,0,NA,5.76595045,NA,1.751970006,3.350254903,Oncorhynchus tshawytscha,NA,juvenile,NA,,Fish1158_16.20_Trinity_9.22.19,,,1,13.4,1,245,exogenous,wet,,fresh,,Zillig et al.2023_611,611,0.02851,1.184903063,Trinity
2023,Zillig et al.,Cons. Phys.,30.03,,10,0,NA,0,NA,2.278400317,NA,0.823473581,3.402196882,Oncorhynchus tshawytscha,NA,juvenile,NA,,Fish1163_16.10_Trinity_9.24.19,,,1,13.8,1,247,exogenous,wet,,fresh,,Zillig et al.2023_612,612,0.03003,1.142662758,Trinity
2023,Zillig et al.,Cons. Phys.,30.47,,10,0,NA,0,NA,3.328621266,NA,1.202558184,3.416742593,Oncorhynchus tshawytscha,NA,juvenile,NA,,Fish1164_16.10_Trinity_9.24.19,,,1,13.2,1,247,exogenous,wet,,fresh,,Zillig et al.2023_613,613,0.03047,1.324801041,Trinity
2023,Zillig et al.,Cons. Phys.,31.96,,8,0,NA,0,NA,2.396804238,NA,0.874136282,3.464485121,Oncorhynchus tshawytscha,NA,juvenile,NA,,Fish1165_16.8_Trinity_9.24.19,,,1,14.2,1,247,exogenous,wet,,fresh,,Zillig et al.2023_614,614,0.03196,1.116199279,Trinity
2023,Zillig et al.,Cons. Phys.,31.23,,8,0,NA,0,NA,1.78622726,NA,0.58010572,3.441379171,Oncorhynchus tshawytscha,NA,juvenile,NA,,Fish1166_16.8_Trinity_9.24.19,,,1,13.8,1,247,exogenous,wet,,fresh,,Zillig et al.2023_615,615,0.03123,1.188323608,Trinity
2023,Zillig et al.,Cons. Phys.,29.11,,14,0,NA,0,NA,2.822218294,NA,1.037523205,3.371081758,Oncorhynchus tshawytscha,NA,juvenile,NA,,Fish1167_20.14_Trinity_9.25.19,,,1,13,1,248,exogenous,wet,,fresh,,Zillig et al.2023_616,616,0.02911,1.324988621,Trinity
2023,Zillig et al.,Cons. Phys.,23.36,,14,0,NA,0,NA,2.871039809,NA,1.054674267,3.151025158,Oncorhynchus tshawytscha,NA,juvenile,NA,,Fish1168_20.14_Trinity_9.25.19,,,1,12.6,1,248,exogenous,wet,,fresh,,Zillig et al.2023_617,617,0.02336,1.167780457,Trinity
2023,Zillig et al.,Cons. Phys.,27.39,,16,0,NA,0,NA,3.503603354,NA,1.253791969,3.310177983,Oncorhynchus tshawytscha,NA,juvenile,NA,,Fish1169_20.16_Trinity_9.25.19,,,1,12.9,1,248,exogenous,wet,,fresh,,Zillig et al.2023_618,618,0.02739,1.275918403,Trinity
2023,Zillig et al.,Cons. Phys.,26.72,,16,0,NA,0,NA,3.104460525,NA,1.132839956,3.285412349,Oncorhynchus tshawytscha,NA,juvenile,NA,,Fish1170_20.16_Trinity_9.25.19,,,1,13,1,248,exogenous,wet,,fresh,,Zillig et al.2023_619,619,0.02672,1.216203914,Trinity
2023,Zillig et al.,Cons. Phys.,25.77,,24,0,NA,0,NA,7.435400839,NA,2.006252491,3.249211025,Oncorhynchus tshawytscha,NA,juvenile,NA,,Fish1171_16.24_Trinity_9.26.19,,,1,13.3,1,249,exogenous,wet,,fresh,,Zillig et al.2023_620,620,0.02577,1.095366604,Trinity
2023,Zillig et al.,Cons. Phys.,33.82,,24,0,NA,0,NA,10.66538133,NA,2.367003106,3.521052343,Oncorhynchus tshawytscha,NA,juvenile,NA,,Fish1172_16.24_Trinity_9.26.19,,,1,14,1,249,exogenous,wet,,fresh,,Zillig et al.2023_621,621,0.03382,1.232507289,Trinity
2023,Zillig et al.,Cons. Phys.,23.9,,25,0,NA,0,NA,7.262738962,NA,1.982757025,3.173878459,Oncorhynchus tshawytscha,NA,juvenile,NA,,Fish1173_16.25_Trinity_9.26.19,,,1,13,1,249,exogenous,wet,,fresh,,Zillig et al.2023_622,622,0.0239,1.087847064,Trinity
2023,Zillig et al.,Cons. Phys.,27.31,,25,0,NA,0,NA,8.115076423,NA,2.093723618,3.307252935,Oncorhynchus tshawytscha,NA,juvenile,NA,,Fish1174_16.25_Trinity_9.26.19,,,1,13,1,249,exogenous,wet,,fresh,,Zillig et al.2023_623,623,0.02731,1.243058716,Trinity
2023,Zillig et al.,Cons. Phys.,25.07,,16,0,NA,0,NA,4.720886371,NA,1.551996572,3.221671912,Oncorhynchus tshawytscha,NA,juvenile,NA,,Fish1175_11.16_Trinity_10.4.19,,,1,13.4,1,258,exogenous,wet,,fresh,,Zillig et al.2023_624,624,0.02507,1.04193335,Trinity
2023,Zillig et al.,Cons. Phys.,30.46,,16,0,NA,0,NA,5.239060853,NA,1.656142256,3.416414347,Oncorhynchus tshawytscha,NA,juvenile,NA,,Fish1176_11.16_Trinity_10.4.19,,,1,13.6,1,258,exogenous,wet,,fresh,,Zillig et al.2023_625,625,0.03046,1.210913647,Trinity
2023,Zillig et al.,Cons. Phys.,26,,18,0,NA,0,NA,5.451731795,NA,1.695933319,3.258096538,Oncorhynchus tshawytscha,NA,juvenile,NA,,Fish1177_11.18_Trinity_10.4.19,,,1,13.2,1,258,exogenous,wet,,fresh,,Zillig et al.2023_626,626,0.026,1.130450511,Trinity
2023,Zillig et al.,Cons. Phys.,23.18,,18,0,NA,0,NA,4.310007312,NA,1.460939601,3.143289838,Oncorhynchus tshawytscha,NA,juvenile,NA,,Fish1178_11.18_Trinity_10.4.19,,,1,13,1,258,exogenous,wet,,fresh,,Zillig et al.2023_627,627,0.02318,1.055075102,Trinity
2023,Zillig et al.,Cons. Phys.,22.93,,8,0,NA,0,NA,1.584950256,NA,0.460553023,3.132446097,Oncorhynchus tshawytscha,NA,juvenile,NA,,Fish1179_11.8_Trinity_10.5.19,,,1,12.8,1,259,exogenous,wet,,fresh,,Zillig et al.2023_628,628,0.02293,1.093387604,Trinity
2023,Zillig et al.,Cons. Phys.,26.18,,8,0,NA,0,NA,2.021272602,NA,0.703727314,3.26499576,Oncorhynchus tshawytscha,NA,juvenile,NA,,Fish1180_11.8_Trinity_10.5.19,,,1,13.6,1,259,exogenous,wet,,fresh,,Zillig et al.2023_629,629,0.02618,1.040765571,Trinity
2023,Zillig et al.,Cons. Phys.,30.29,,10,0,NA,0,NA,3.281465151,NA,1.188290015,3.410817625,Oncorhynchus tshawytscha,NA,juvenile,NA,,Fish1181_11.10_Trinity_10.5.19,,,1,14.1,1,259,exogenous,wet,,fresh,,Zillig et al.2023_630,630,0.03029,1.080542704,Trinity
2023,Zillig et al.,Cons. Phys.,23.47,,10,0,NA,0,NA,2.057190676,NA,0.721341302,3.15572301,Oncorhynchus tshawytscha,NA,juvenile,NA,,Fish1182_11.10_Trinity_10.5.19,,,1,12.5,1,259,exogenous,wet,,fresh,,Zillig et al.2023_631,631,0.02347,1.201664,Trinity
2023,Zillig et al.,Cons. Phys.,20.54,,20,0,NA,0,NA,4.176713191,NA,1.429524619,3.022374205,Oncorhynchus tshawytscha,NA,juvenile,NA,,Fish1184_16.20_Trinity_10.7.19,,,1,12.2,1,260,exogenous,wet,,fresh,,Zillig et al.2023_632,632,0.02054,1.131151947,Trinity
2023,Zillig et al.,Cons. Phys.,20,,22,0,NA,0,NA,5.145212978,NA,1.638066764,2.995732274,Oncorhynchus tshawytscha,NA,juvenile,NA,,Fish1185_16.22_Trinity_10.7.19,,,1,12.7,1,260,exogenous,wet,,fresh,,Zillig et al.2023_633,633,0.02,0.976379906,Trinity
2023,Zillig et al.,Cons. Phys.,19.39,,22,0,NA,0,NA,4.503079529,NA,1.504761503,2.964757469,Oncorhynchus tshawytscha,NA,juvenile,NA,,Fish1186_16.22_Trinity_10.7.19,,,1,12.1,1,260,exogenous,wet,,fresh,,Zillig et al.2023_634,634,0.01939,1.09451495,Trinity
2023,Zillig et al.,Cons. Phys.,28.39,,12,0,NA,0,NA,2.285372079,NA,0.826528847,3.34603697,Oncorhynchus tshawytscha,NA,juvenile,NA,,Fish1187_20.12_Trinity_10.8.19,,,1,13.6,1,261,exogenous,wet,,fresh,,Zillig et al.2023_635,635,0.02839,1.128622405,Trinity
2023,Zillig et al.,Cons. Phys.,29.9,,12,0,NA,0,NA,2.568103013,NA,0.943167499,3.39785848,Oncorhynchus tshawytscha,NA,juvenile,NA,,Fish1188_20.12_Trinity_10.8.19,,,1,13.5,1,261,exogenous,wet,,fresh,,Zillig et al.2023_636,636,0.0299,1.215261901,Trinity
2023,Zillig et al.,Cons. Phys.,29.05,,14,0,NA,0,NA,3.231182539,NA,1.172848181,3.369018483,Oncorhynchus tshawytscha,NA,juvenile,NA,,Fish1189_20.14_Trinity_10.8.19,,,1,13,1,260,exogenous,wet,,fresh,,Zillig et al.2023_637,637,0.02905,1.322257624,Trinity
2023,Zillig et al.,Cons. Phys.,30.8,,14,0,NA,0,NA,2.677007707,NA,0.984699643,3.42751469,Oncorhynchus tshawytscha,NA,juvenile,NA,,Fish1190_20.14_Trinity_10.8.19,,,1,13.8,1,261,exogenous,wet,,fresh,,Zillig et al.2023_638,638,0.0308,1.171961803,Trinity
2023,Zillig et al.,Cons. Phys.,28.77,,16,0,NA,0,NA,3.642723358,NA,1.292731577,3.359333178,Oncorhynchus tshawytscha,NA,juvenile,NA,,Fish1191_20.16_Trinity_10.9.19,,,1,13,1,262,exogenous,wet,,fresh,,Zillig et al.2023_639,639,0.02877,1.309512972,Trinity
2023,Zillig et al.,Cons. Phys.,27.1,,12,0,NA,0,NA,2.507222898,NA,0.919175726,3.299533728,Oncorhynchus tshawytscha,NA,juvenile,NA,,Fish1193_20.12_Trinity_10.9.19,,,1,13.1,1,262,exogenous,wet,,fresh,,Zillig et al.2023_640,640,0.0271,1.205467216,Trinity
2023,Zillig et al.,Cons. Phys.,26.5,,8,0,NA,0,NA,1.364417374,NA,0.310727506,3.277144733,Oncorhynchus tshawytscha,NA,juvenile,NA,,Fish1195_20.8_Trinity_10.12.19,,,1,12.9,1,265,exogenous,wet,,fresh,,Zillig et al.2023_641,641,0.0265,1.234459207,Trinity
2023,Zillig et al.,Cons. Phys.,20.76,,8,0,NA,0,NA,1.407857976,NA,0.342069383,3.033028058,Oncorhynchus tshawytscha,NA,juvenile,NA,,Fish1196_20.8_Trinity_10.12.19,,,1,12.1,1,265,exogenous,wet,,fresh,,Zillig et al.2023_642,642,0.02076,1.171847879,Trinity
2023,Zillig et al.,Cons. Phys.,30.78,,10,0,NA,0,NA,2.666296543,NA,0.980690447,3.426865128,Oncorhynchus tshawytscha,NA,juvenile,NA,,Fish1197_20.10_Trinity_10.12.19,,,1,13.4,1,265,exogenous,wet,,fresh,,Zillig et al.2023_643,643,0.03078,1.27924645,Trinity
2023,Zillig et al.,Cons. Phys.,21.98,,10,0,NA,0,NA,1.192590163,NA,0.176127549,3.090132949,Oncorhynchus tshawytscha,NA,juvenile,NA,,Fish1198_20.10_Trinity_10.12.19,,,1,12.4,1,265,exogenous,wet,,fresh,,Zillig et al.2023_644,644,0.02198,1.152823,Trinity
2023,Zillig et al.,Cons. Phys.,29.92,,8,0,NA,0,NA,2.163389332,NA,0.771676127,3.398527153,Oncorhynchus tshawytscha,NA,juvenile,NA,,Fish1199_16.8_Trinity_10.13.19,,,1,13.7,1,266,exogenous,wet,,fresh,,Zillig et al.2023_645,645,0.02992,1.163589752,Trinity
2023,Zillig et al.,Cons. Phys.,26.19,,8,0,NA,0,NA,1.886267359,NA,0.634599934,3.265377659,Oncorhynchus tshawytscha,NA,juvenile,NA,,Fish1200_16.8_Trinity_10.13.19,,,1,13,1,266,exogenous,wet,,fresh,,Zillig et al.2023_646,646,0.02619,1.192080109,Trinity
2023,Zillig et al.,Cons. Phys.,24.75,,25,0,NA,0,NA,8.830210373,NA,2.178178839,3.208825489,Oncorhynchus tshawytscha,NA,juvenile,NA,,Fish1201_16.25_Trinity_10.13.19,,,1,12.9,1,266,exogenous,wet,,fresh,,Zillig et al.2023_647,647,0.02475,1.152938316,Trinity
2023,Zillig et al.,Cons. Phys.,24.77,,25,0,NA,0,NA,8.656352049,NA,2.158293392,3.209633244,Oncorhynchus tshawytscha,NA,juvenile,NA,,Fish1202_16.25_Trinity_10.13.19,,,1,12.6,1,266,exogenous,wet,,fresh,,Zillig et al.2023_648,648,0.02477,1.238267206,Trinity
2023,Zillig et al.,Cons. Phys.,18.7,,22,0,NA,0,NA,4.789820115,NA,1.566492856,2.928523524,Oncorhynchus tshawytscha,NA,juvenile,NA,,Fish1209_16.22_Trinity_10.15.19,,,1,12.1,1,268,exogenous,wet,,fresh,,Zillig et al.2023_649,649,0.0187,1.055566249,Trinity
2023,Zillig et al.,Cons. Phys.,20.66,,22,0,NA,0,NA,5.270307286,NA,1.662088669,3.028199464,Oncorhynchus tshawytscha,NA,juvenile,NA,,Fish1210_16.22_Trinity_10.15.19,,,1,12.5,1,268,exogenous,wet,,fresh,,Zillig et al.2023_650,650,0.02066,1.057792,Trinity
2023,Zillig et al.,Cons. Phys.,22.5,,12,0,NA,0,NA,2.569873048,NA,0.9438565,3.113515309,Oncorhynchus tshawytscha,NA,juvenile,NA,,Fish1211_11.12_Trinity_10.15.19,,,1,12.5,1,269,exogenous,wet,,fresh,,Zillig et al.2023_651,651,0.0225,1.152,Trinity
2023,Zillig et al.,Cons. Phys.,23.52,,12,0,NA,0,NA,2.89304232,NA,1.062308654,3.157851123,Oncorhynchus tshawytscha,NA,juvenile,NA,,Fish1212_11.12_Trinity_10.15.19,,,1,12.9,1,269,exogenous,wet,,fresh,,Zillig et al.2023_652,652,0.02352,1.095640775,Trinity
2023,Zillig et al.,Cons. Phys.,23.9,,14,0,NA,0,NA,3.819511054,NA,1.340122418,3.173878459,Oncorhynchus tshawytscha,NA,juvenile,NA,,Fish1213_11.14_Trinity_10.15.19,,,1,13.2,1,269,exogenous,wet,,fresh,,Zillig et al.2023_653,653,0.0239,1.039144892,Trinity
2023,Zillig et al.,Cons. Phys.,25.05,,22,0,NA,0,NA,6.50622271,NA,1.872759059,3.220873828,Oncorhynchus tshawytscha,NA,juvenile,NA,,Fish1217_11.22_Trinity_10.20.19,,,1,13.1,1,274,exogenous,wet,,fresh,,Zillig et al.2023_654,654,0.02505,1.114278737,Trinity
2023,Zillig et al.,Cons. Phys.,19.49,,22,0,NA,0,NA,5.072568777,NA,1.623847351,2.969901514,Oncorhynchus tshawytscha,NA,juvenile,NA,,Fish1218_11.22_Trinity_10.20.19,,,1,12.1,1,274,exogenous,wet,,fresh,,Zillig et al.2023_655,655,0.01949,1.10015969,Trinity
2023,Zillig et al.,Cons. Phys.,21.95,,10,0,NA,0,NA,1.164806072,NA,0.152554611,3.08876714,Oncorhynchus tshawytscha,NA,juvenile,NA,,Fish1219_20.10_Trinity_10.19.19,,,1,12.2,1,272,exogenous,wet,,fresh,,Zillig et al.2023_656,656,0.02195,1.208801618,Trinity
2023,Zillig et al.,Cons. Phys.,23.97,,10,0,NA,0,NA,1.381208307,NA,0.322958701,3.176803048,Oncorhynchus tshawytscha,NA,juvenile,NA,,Fish1220_20.10_Trinity_10.19.19,,,1,12.5,1,272,exogenous,wet,,fresh,,Zillig et al.2023_657,657,0.02397,1.227264,Trinity
2023,Zillig et al.,Cons. Phys.,22.5,,8,0,NA,0,NA,1.565933752,NA,0.448482293,3.113515309,Oncorhynchus tshawytscha,NA,juvenile,NA,,Fish1221_20.8_Trinity_10.19.19,,,1,12.5,1,272,exogenous,wet,,fresh,,Zillig et al.2023_658,658,0.0225,1.152,Trinity
2023,Zillig et al.,Cons. Phys.,17.63,,8,0,NA,0,NA,1.28147581,NA,0.24801239,2.869601996,Oncorhynchus tshawytscha,NA,juvenile,NA,,Fish1222_20.8_Trinity_10.19.19,,,1,11.3,1,272,exogenous,wet,,fresh,,Zillig et al.2023_659,659,0.01763,1.221847436,Trinity
2023,Zillig et al.,Cons. Phys.,15,,18,0,NA,0,NA,2.55190286,NA,0.9368393,2.708050201,Oncorhynchus tshawytscha,NA,juvenile,NA,,Fish1223_20.18_Trinity_10.20.19,,,1,11.9,1,273,exogenous,wet,,fresh,,Zillig et al.2023_660,660,0.015,0.890123721,Trinity
2023,Zillig et al.,Cons. Phys.,23.59,,18,0,NA,0,NA,3.785362474,NA,1.331141648,3.160822893,Oncorhynchus tshawytscha,NA,juvenile,NA,,Fish1224_20.18_Trinity_10.20.19,,,1,12.7,1,273,exogenous,wet,,fresh,,Zillig et al.2023_661,661,0.02359,1.151640099,Trinity
2023,Zillig et al.,Cons. Phys.,18.67,,20,0,NA,0,NA,3.539005541,NA,1.263845767,2.926917958,Oncorhynchus tshawytscha,NA,juvenile,NA,,Fish1225_20.20_Trinity_10.20.19,,,1,11.7,1,273,exogenous,wet,,fresh,,Zillig et al.2023_662,662,0.01867,1.165699829,Trinity
2023,Zillig et al.,Cons. Phys.,20.55,,20,0,NA,0,NA,3.447461071,NA,1.237638039,3.022860941,Oncorhynchus tshawytscha,NA,juvenile,NA,,Fish1226_20.20_Trinity_10.20.19,,,1,12,1,273,exogenous,wet,,fresh,,Zillig et al.2023_663,663,0.02055,1.189236111,Trinity
2023,Zillig et al.,Cons. Phys.,17.58,,20,0,NA,0,NA,3.668476315,NA,1.299776403,2.866761892,Oncorhynchus tshawytscha,NA,juvenile,NA,,Fish1228_11.20_Trinity_10.22.19,,,1,11.6,1,276,exogenous,wet,,fresh,,Zillig et al.2023_664,664,0.01758,1.12627619,Trinity
2023,Zillig et al.,Cons. Phys.,19.46,,23,0,NA,0,NA,5.494860411,NA,1.703813185,2.968361077,Oncorhynchus tshawytscha,NA,juvenile,NA,,Fish1229_11.23_Trinity_10.22.19,,,1,11.9,1,276,exogenous,wet,,fresh,,Zillig et al.2023_665,665,0.01946,1.154787174,Trinity
2023,Zillig et al.,Cons. Phys.,24.81,,23,0,NA,0,NA,7.591656263,NA,2.027049784,3.211246798,Oncorhynchus tshawytscha,NA,juvenile,NA,,Fish1230_11.23_Trinity_10.22.19,,,1,13.4,1,276,exogenous,wet,,fresh,,Zillig et al.2023_666,666,0.02481,1.031127499,Trinity
2023,Zillig et al.,Cons. Phys.,19.74,,14,0,NA,0,NA,3.167726106,NA,1.153014014,2.982647034,Oncorhynchus tshawytscha,NA,juvenile,NA,,Fish1231_11.14_Trinity_10.23.19,,,1,12.2,1,277,exogenous,wet,,fresh,,Zillig et al.2023_667,667,0.01974,1.087095396,Trinity
2023,Zillig et al.,Cons. Phys.,19,,10,0,NA,0,NA,1.946258413,NA,0.665908767,2.944438979,Oncorhynchus tshawytscha,NA,juvenile,NA,,Fish1233_11.10_Trinity_10.23.19,,,1,12,1,277,exogenous,wet,,fresh,,Zillig et al.2023_668,668,0.019,1.099537037,Trinity
2023,Zillig et al.,Cons. Phys.,19.93,,10,0,NA,0,NA,2.390327541,NA,0.871430403,2.992226134,Oncorhynchus tshawytscha,NA,juvenile,NA,,Fish1234_11.10_Trinity_10.23.19,,,1,12.4,1,277,exogenous,wet,,fresh,,Zillig et al.2023_669,669,0.01993,1.045303112,Trinity
2023,Zillig et al.,Cons. Phys.,17.74,,20,0,NA,0,NA,3.393472157,NA,1.221853632,2.875821977,Oncorhynchus tshawytscha,NA,juvenile,NA,,Fish1235_11.20_Trinity_10.26.19,,,1,11.8,1,280,exogenous,wet,,fresh,,Zillig et al.2023_670,670,0.01774,1.079711168,Trinity
2023,Zillig et al.,Cons. Phys.,15.39,,20,0,NA,0,NA,2.541487457,NA,0.932749523,2.733717948,Oncorhynchus tshawytscha,NA,juvenile,NA,,Fish1236_11.20_Trinity_10.26.19,,,1,11.2,1,280,exogenous,wet,,fresh,,Zillig et al.2023_671,671,0.01539,1.095429801,Trinity
2023,Zillig et al.,Cons. Phys.,17.68,,22,0,NA,0,NA,4.099877768,NA,1.410957161,2.872434057,Oncorhynchus tshawytscha,NA,juvenile,NA,,Fish1238_11.22_Trinity_10.26.19,,,1,11.5,1,280,exogenous,wet,,fresh,,Zillig et al.2023_672,672,0.01768,1.162488699,Trinity
2023,Zillig et al.,Cons. Phys.,23.85,,16,0,NA,0,NA,3.160137738,NA,1.150615615,3.171784217,Oncorhynchus tshawytscha,NA,juvenile,NA,,Fish1239_16.16_Trinity_10.28.19,,,1,13,1,281,exogenous,wet,,fresh,,Zillig et al.2023_673,673,0.02385,1.085571234,Trinity
2023,Zillig et al.,Cons. Phys.,19.57,,16,0,NA,0,NA,2.527361777,NA,0.927175983,2.973997781,Oncorhynchus tshawytscha,NA,juvenile,NA,,Fish1240_16.16_Trinity_10.28.19,,,1,12.3,1,281,exogenous,wet,,fresh,,Zillig et al.2023_674,674,0.01957,1.051660328,Trinity
2023,Zillig et al.,Cons. Phys.,16.85,,20,0,NA,0,NA,3.198208229,NA,1.162590725,2.824350657,Oncorhynchus tshawytscha,NA,juvenile,NA,,Fish1241_20.20_Trinity_10.28.19,,,1,11.6,1,281,exogenous,wet,,fresh,,Zillig et al.2023_675,675,0.01685,1.07950818,Trinity
2023,Zillig et al.,Cons. Phys.,19.49,,18,0,NA,0,NA,3.147064159,NA,1.146470005,2.969901514,Oncorhynchus tshawytscha,NA,juvenile,NA,,Fish1243_11.18_Trinity_11.8.19,,,1,12.1,1,293,exogenous,wet,,fresh,,Zillig et al.2023_676,676,0.01949,1.10015969,Trinity
2023,Zillig et al.,Cons. Phys.,19.39,,18,0,NA,0,NA,3.05399994,NA,1.116452187,2.964757469,Oncorhynchus tshawytscha,NA,juvenile,NA,,Fish1244_11.18_Trinity_11.8.19,,,1,11.9,1,293,exogenous,wet,,fresh,,Zillig et al.2023_677,677,0.01939,1.150633264,Trinity
2023,Zillig et al.,Cons. Phys.,18.9,,23,0,NA,0,NA,5.512229589,NA,1.706969185,2.939161922,Oncorhynchus tshawytscha,NA,juvenile,NA,,Fish1245_11.23_Trinity_11.8.19,,,1,11.9,1,293,exogenous,wet,,fresh,,Zillig et al.2023_678,678,0.0189,1.121555889,Trinity
2023,Zillig et al.,Cons. Phys.,20.25,,23,0,NA,0,NA,4.655396598,NA,1.538027105,3.008154794,Oncorhynchus tshawytscha,NA,juvenile,NA,,Fish1246_11.23_Trinity_11.8.19,,,1,12.2,1,293,exogenous,wet,,fresh,,Zillig et al.2023_679,679,0.02025,1.115181447,Trinity
2023,Zillig et al.,Cons. Phys.,26.07,,24,0,NA,0,NA,5.707218322,NA,1.741731746,3.260785228,Oncorhynchus tshawytscha,NA,juvenile,NA,,Fish1247_20.24_Trinity_11.10.19,,,1,13.3,1,294,exogenous,wet,,fresh,,Zillig et al.2023_680,680,0.02607,1.108118252,Trinity
2023,Zillig et al.,Cons. Phys.,20.74,,24,0,NA,0,NA,4.596399211,NA,1.525273217,3.032064203,Oncorhynchus tshawytscha,NA,juvenile,NA,,Fish1248_20.24_Trinity_11.10.19,,,1,11.8,1,294,exogenous,wet,,fresh,,Zillig et al.2023_681,681,0.02074,1.26230043,Trinity
2023,Zillig et al.,Cons. Phys.,21.34,,22,0,NA,0,NA,4.369484869,NA,1.474645123,3.060583246,Oncorhynchus tshawytscha,NA,juvenile,NA,,Fish1249_20.22_Trinity_11.10.19,,,1,12.3,1,294,exogenous,wet,,fresh,,Zillig et al.2023_682,682,0.02134,1.146777282,Trinity
2023,Zillig et al.,Cons. Phys.,19.63,,22,0,NA,0,NA,4.083555219,NA,1.406967986,2.977059008,Oncorhynchus tshawytscha,NA,juvenile,NA,,Fish1250_20.22_Trinity_11.10.19,,,1,12.2,1,294,exogenous,wet,,fresh,,Zillig et al.2023_683,683,0.01963,1.08103762,Trinity
2023,Zillig et al.,Cons. Phys.,23.69,,10,0,NA,0,NA,2.671651081,NA,0.982696664,3.165053018,Oncorhynchus tshawytscha,NA,juvenile,NA,,Fish1252_16.10_Trinity_11.11.19,,,1,12.8,1,295,exogenous,wet,,fresh,,Zillig et al.2023_684,684,0.02369,1.129627228,Trinity
2023,Zillig et al.,Cons. Phys.,23.82,,12,0,NA,0,NA,2.584375878,NA,0.949484039,3.170525564,Oncorhynchus tshawytscha,NA,juvenile,NA,,Fish1253_16.12_Trinity_11.11.19,,,1,12.3,1,295,exogenous,wet,,fresh,,Zillig et al.2023_685,685,0.02382,1.280048494,Trinity
2023,Zillig et al.,Cons. Phys.,16.18,,12,0,NA,0,NA,1.420724672,NA,0.351167074,2.783775912,Oncorhynchus tshawytscha,NA,juvenile,NA,,Fish1254_16.12_Trinity_11.11.19,,,1,11.2,1,295,exogenous,wet,,fresh,,Zillig et al.2023_686,686,0.01618,1.151660441,Trinity
2023,Zillig et al.,Cons. Phys.,27.17,,22,0,NA,0,NA,4.584480367,NA,1.522676766,3.302113423,Oncorhynchus tshawytscha,NA,juvenile,NA,,Fish1255_20.22_Trinity_11.17.19,,,1,13.6,1,301,exogenous,wet,,fresh,,Zillig et al.2023_687,687,0.02717,1.080122252,Trinity
2023,Zillig et al.,Cons. Phys.,18.35,,22,0,NA,0,NA,2.984205206,NA,1.093333449,2.909629575,Oncorhynchus tshawytscha,NA,juvenile,NA,,Fish1256_20.22_Trinity_11.17.19,,,1,11.4,1,302,exogenous,wet,,fresh,,Zillig et al.2023_688,688,0.01835,1.238572732,Trinity
2023,Zillig et al.,Cons. Phys.,27.23,,18,0,NA,0,NA,4.345594705,NA,1.469162621,3.304319307,Oncorhynchus tshawytscha,NA,juvenile,NA,,Fish1257_20.18_Trinity_11.17.19,,,1,13.2,1,302,exogenous,wet,,fresh,,Zillig et al.2023_689,689,0.02723,1.183929516,Trinity
2023,Zillig et al.,Cons. Phys.,16.63,,14,0,NA,0,NA,1.83214009,NA,0.605484732,2.811208293,Oncorhynchus tshawytscha,NA,juvenile,NA,,Fish1259_11.14_Trinity_11.15.19,,,1,11.6,1,301,exogenous,wet,,fresh,,Zillig et al.2023_690,690,0.01663,1.065413711,Trinity
2023,Zillig et al.,Cons. Phys.,17.18,,14,0,NA,0,NA,2.240146179,NA,0.806541122,2.843745917,Oncorhynchus tshawytscha,NA,juvenile,NA,,Fish1260_11.14_Trinity_11.15.19,,,1,12,1,301,exogenous,wet,,fresh,,Zillig et al.2023_691,691,0.01718,0.994212963,Trinity
2023,Zillig et al.,Cons. Phys.,17.11,,16,0,NA,0,NA,2.93871359,NA,1.077971931,2.839663088,Oncorhynchus tshawytscha,NA,juvenile,NA,,Fish1261_11.16_Trinity_11.15.19,,,1,11.8,1,301,exogenous,wet,,fresh,,Zillig et al.2023_692,692,0.01711,1.041367423,Trinity
2023,Zillig et al.,Cons. Phys.,18.84,,16,0,NA,0,NA,2.354473648,NA,0.856317198,2.935982269,Oncorhynchus tshawytscha,NA,juvenile,NA,,Fish1262_11.16_Trinity_11.15.19,,,1,12.1,1,301,exogenous,wet,,fresh,,Zillig et al.2023_693,693,0.01884,1.063468884,Trinity
2023,Zillig et al.,Cons. Phys.,20.13,,24,0,NA,0,NA,4.621631109,NA,1.530747697,3.00221124,Oncorhynchus tshawytscha,NA,juvenile,NA,,Fish1263_20.24_Trinity_11.20.19,,,1,12.3,1,304,exogenous,wet,,fresh,,Zillig et al.2023_694,694,0.02013,1.081753828,Trinity
2023,Zillig et al.,Cons. Phys.,16.91,,24,0,NA,0,NA,3.854727782,NA,1.34930039,2.827905163,Oncorhynchus tshawytscha,NA,juvenile,NA,,Fish1264_20.24_Trinity_11.20.19,,,1,11.3,1,304,exogenous,wet,,fresh,,Zillig et al.2023_695,695,0.01691,1.171947824,Trinity
2023,Zillig et al.,Cons. Phys.,22.86,,8,0,NA,0,NA,1.61524108,NA,0.479484221,3.129388658,Oncorhynchus tshawytscha,NA,juvenile,NA,,Fish1267_11.8_Trinity_11.23.19,,,1,13,1,308,exogenous,wet,,fresh,,Zillig et al.2023_696,696,0.02286,1.040509786,Trinity
2023,Zillig et al.,Cons. Phys.,15.65,,8,0,NA,0,NA,1.129395832,NA,0.121682828,2.750470917,Oncorhynchus tshawytscha,NA,juvenile,NA,,Fish1268_11.8_Trinity_11.23.19,,,1,11.2,1,308,exogenous,wet,,fresh,,Zillig et al.2023_697,697,0.01565,1.113936088,Trinity
2023,Zillig et al.,Cons. Phys.,23.5,,25,0,NA,0,NA,6.46521981,NA,1.866437012,3.157000421,Oncorhynchus tshawytscha,NA,juvenile,NA,,Fish1269_20.25_Trinity_11.24.19,,,1,12.7,1,308,exogenous,wet,,fresh,,Zillig et al.2023_698,698,0.0235,1.147246389,Trinity
2023,Zillig et al.,Cons. Phys.,18.67,,18,0,NA,0,NA,2.130808883,NA,0.756501665,2.926917958,Oncorhynchus tshawytscha,NA,juvenile,NA,,Fish1271_16.18_Trinity_12.2.19,,,1,11.6,1,316,exogenous,wet,,fresh,,Zillig et al.2023_699,699,0.01867,1.196107877,Trinity
2023,Zillig et al.,Cons. Phys.,17.07,,18,0,NA,0,NA,2.026391084,NA,0.70625642,2.837322537,Oncorhynchus tshawytscha,NA,juvenile,NA,,Fish1272_16.18_Trinity_12.2.19,,,1,11,1,316,exogenous,wet,,fresh,,Zillig et al.2023_700,700,0.01707,1.282494365,Trinity
2023,Zillig et al.,Cons. Phys.,18.63,,20,0,NA,0,NA,2.943433289,NA,1.079576685,2.924773185,Oncorhynchus tshawytscha,NA,juvenile,NA,,Fish1273_20.20_Trinity_12.2.19,,,1,11.3,1,316,exogenous,wet,,fresh,,Zillig et al.2023_701,701,0.01863,1.291152452,Trinity
2023,Zillig et al.,Cons. Phys.,19.16,,20,0,NA,0,NA,4.258920673,NA,1.449015765,2.952824773,Oncorhynchus tshawytscha,NA,juvenile,NA,,Fish1274_16.20_Trinity_12.2.19,,,1,11.8,1,316,exogenous,wet,,fresh,,Zillig et al.2023_702,702,0.01916,1.166136752,Trinity
2023,Zillig et al.,Cons. Phys.,16.11,,12,0,NA,0,NA,1.250102241,NA,0.223225341,2.779440197,Oncorhynchus tshawytscha,NA,juvenile,NA,,Fish1275_11.12_Trinity_12.3.19,,,1,11.2,1,318,exogenous,wet,,fresh,,Zillig et al.2023_703,703,0.01611,1.146677979,Trinity
2023,Zillig et al.,Cons. Phys.,15.24,,12,0,NA,0,NA,1.169736068,NA,0.15677814,2.72392355,Oncorhynchus tshawytscha,NA,juvenile,NA,,Fish1276_11.12_Trinity_12.3.19,,,1,11.2,1,318,exogenous,wet,,fresh,,Zillig et al.2023_704,704,0.01524,1.084753098,Trinity
2023,Zillig et al.,Cons. Phys.,13.47,,16,0,NA,0,NA,2.30735176,NA,0.836100443,2.60046499,Oncorhynchus tshawytscha,NA,juvenile,NA,,Fish1277_16.16_Trinity_12.4.19,,,1,10.5,1,318,exogenous,wet,,fresh,,Zillig et al.2023_705,705,0.01347,1.163589245,Trinity
2023,Zillig et al.,Cons. Phys.,16.64,,16,0,NA,0,NA,1.822851747,NA,0.600402169,2.811809435,Oncorhynchus tshawytscha,NA,juvenile,NA,,Fish1278_16.16_Trinity_12.4.19,,,1,11.1,1,318,exogenous,wet,,fresh,,Zillig et al.2023_706,706,0.01664,1.216702458,Trinity
2023,Zillig et al.,Cons. Phys.,12.68,,14,0,NA,0,NA,1.724107145,NA,0.544709319,2.540025949,Oncorhynchus tshawytscha,NA,juvenile,NA,,Fish1279_16.14_Trinity_12.5.19,,,1,10.9,1,319,exogenous,wet,,fresh,,Zillig et al.2023_707,707,0.01268,0.979128653,Trinity
2023,Zillig et al.,Cons. Phys.,13.38,,14,0,NA,0,NA,1.44059404,NA,0.365055556,2.593761055,Oncorhynchus tshawytscha,NA,juvenile,NA,,Fish1280_16.14_Trinity_12.5.19,,,1,10.8,1,319,exogenous,wet,,fresh,,Zillig et al.2023_708,708,0.01338,1.062147538,Trinity
2023,Zillig et al.,Cons. Phys.,15.35,,24,0,NA,0,NA,3.687394083,NA,1.304919998,2.731115474,Oncorhynchus tshawytscha,NA,juvenile,NA,,Fish1281_16.24_Trinity_12.5.19,,,1,11,1,319,exogenous,wet,,fresh,,Zillig et al.2023_709,709,0.01535,1.153268219,Trinity
2023,Zillig et al.,Cons. Phys.,15.08,,24,0,NA,0,NA,3.507303461,NA,1.254847497,2.713369363,Oncorhynchus tshawytscha,NA,juvenile,NA,,Fish1282_16.24_Trinity_12.5.19,,,1,10.8,1,319,exogenous,wet,,fresh,,Zillig et al.2023_710,710,0.01508,1.197099019,Trinity
