year,author,journal,mass_g,se_mass_g,temperature_c,swimspeed_m_per_s,se_swimspeed_m_per_s,swimspeed_cm_per_s,se_swimspeed_cm_per_s,swimspeed_bodylengths_per_second,se_swimSpeed_bodylengths_per_second,mr_mgo2_per_h,se_mr_mgo2_per_h,ln_mr_mgo2_per_h,ln_mass_g,species,race,life_stage,wild_or_hatchery,author_fishid,acclimation_temperature_c,indiv_or_mean,n,fork_length_cm,total_length_cm,age,salinity_permil,sex,a,b,predicted_fork_length_cm,data_quality,age_dph,exogenous_or_endogenous,salinity_factor,salinity_note,title,smolt_factor,ration_perc_satiation_pastweek,population,ecotype
1987,Oliva-Teles,Comp. Biochem. Physiol.,NA,NA,12,,,NA,NA,NA,NA,0.017180286,NA,NA,NA,Oncorhynchus mykiss,rainbow trout,larval,hatchery,NA,12,mean,4.00,NA,NA,0.021917808,NA,NA,NA,NA,NA,1,8,endogenous,fresh,NA,,pre-smolt,,,
1987,Oliva-Teles,Comp. Biochem. Physiol.,NA,NA,12,,,NA,NA,NA,NA,0.023794206,NA,NA,NA,Oncorhynchus mykiss,rainbow trout,larval,hatchery,NA,12,mean,4.00,NA,NA,0.021917808,NA,NA,NA,NA,NA,1,8,endogenous,fresh,NA,,pre-smolt,,,
1986,Rombough,Aquac.,0.001374854,NA,6,,,8.333333333,NA,NA,NA,0.000452522,NA,-7.700673613,-6.58940763,Oncorhynchus mykiss,steelhead,egg/alevin,wild,NA,NA,mean,30,NA,NA,-0.133424658,NA,NA,NA,NA,NA,1,-48.7,endogenous,fresh,NA,,pre-smolt,,,
1986,Rombough,Aquac.,0.002161375,NA,12,,,8.333333333,NA,NA,NA,0.000838279,NA,-7.084159659,-6.137010713,Oncorhynchus mykiss,steelhead,egg/alevin,wild,NA,NA,mean,30,NA,NA,-0.06,NA,NA,NA,NA,NA,1,-21.9,endogenous,fresh,NA,,pre-smolt,,,
1986,Rombough,Aquac.,0.00327119,NA,6,,,8.333333333,NA,NA,NA,0.000548961,NA,-7.507482384,-5.722601579,Oncorhynchus mykiss,steelhead,egg/alevin,wild,NA,NA,mean,30,NA,NA,-0.106027397,NA,NA,NA,NA,NA,1,-38.7,endogenous,fresh,NA,,pre-smolt,,,
1986,Rombough,Aquac.,0.004334945,NA,12,,,8.333333333,NA,NA,NA,0.001320475,NA,-6.629763927,-5.441046429,Oncorhynchus mykiss,steelhead,egg/alevin,wild,NA,NA,mean,30,NA,NA,-0.051780822,NA,NA,NA,NA,NA,1,-18.9,endogenous,fresh,NA,,pre-smolt,,,
1986,Rombough,Aquac.,0.00816885,NA,12,,,8.333333333,NA,NA,NA,0.003152819,NA,-5.759458309,-4.807427171,Oncorhynchus mykiss,steelhead,egg/alevin,wild,NA,NA,mean,30,NA,NA,-0.035342466,NA,NA,NA,NA,NA,1,-12.9,endogenous,fresh,NA,,pre-smolt,,,
1986,Rombough,Aquac.,0.008213593,NA,15,,,8.333333333,NA,NA,NA,0.005081602,NA,-5.282128639,-4.801964783,Oncorhynchus mykiss,steelhead,egg/alevin,wild,NA,NA,mean,30,NA,NA,-0.035616438,NA,NA,NA,NA,NA,1,-13,endogenous,fresh,NA,,pre-smolt,,,
1986,Rombough,Aquac.,0.010438048,NA,9,,,8.333333333,NA,NA,NA,0.002670623,NA,-5.925443446,-4.562297708,Oncorhynchus mykiss,steelhead,egg/alevin,wild,NA,NA,mean,30,NA,NA,-0.046575342,NA,NA,NA,NA,NA,1,-17,endogenous,fresh,NA,,pre-smolt,,,
1986,Rombough,Aquac.,0.012082153,NA,6,,,8.333333333,NA,NA,NA,0.002767062,NA,-5.889969058,-4.416025907,Oncorhynchus mykiss,steelhead,egg/alevin,wild,NA,NA,mean,30,NA,NA,-0.064931507,NA,NA,NA,NA,NA,1,-23.7,endogenous,fresh,NA,,pre-smolt,,,
1986,Rombough,Aquac.,0.016700824,NA,15,,,8.333333333,NA,NA,NA,0.006913947,NA,-4.974214663,-4.092297231,Oncorhynchus mykiss,steelhead,egg/alevin,wild,NA,NA,mean,30,NA,NA,-0.021917808,NA,NA,NA,NA,NA,1,-8,endogenous,fresh,NA,,pre-smolt,,,
1986,Rombough,Aquac.,0.01884281,NA,12,,,8.333333333,NA,NA,NA,0.006817507,NA,-4.988261355,-3.971623876,Oncorhynchus mykiss,steelhead,egg/alevin,wild,NA,NA,mean,30,NA,NA,-0.021643836,NA,NA,NA,NA,NA,1,-7.9,endogenous,fresh,NA,,pre-smolt,,,
1986,Rombough,Aquac.,0.022769711,NA,9,,,8.333333333,NA,NA,NA,0.005467359,NA,-5.208959585,-3.782324079,Oncorhynchus mykiss,steelhead,egg/alevin,wild,NA,NA,mean,30,NA,NA,-0.024657534,NA,NA,NA,NA,NA,1,-9,endogenous,fresh,NA,,pre-smolt,,,
1986,Rombough,Aquac.,0.027409,NA,6,,,8.333333333,NA,NA,NA,0.004695846,NA,-5.361077055,-3.596883867,Oncorhynchus mykiss,steelhead,egg/alevin,wild,NA,NA,mean,30,NA,NA,-0.029315068,NA,NA,NA,NA,NA,1,-10.7,endogenous,fresh,NA,,pre-smolt,,,
1986,Rombough,Aquac.,0.029018011,NA,12,,,8.333333333,NA,NA,NA,0.011446588,NA,-4.470063625,-3.539838557,Oncorhynchus mykiss,steelhead,egg/alevin,wild,NA,NA,mean,30,NA,NA,-0.010684932,NA,NA,NA,NA,NA,1,-3.9,endogenous,fresh,NA,,pre-smolt,,,
1986,Rombough,Aquac.,0.029763737,NA,15,,,8.333333333,NA,NA,NA,0.013182493,NA,-4.328865649,-3.514464516,Oncorhynchus mykiss,steelhead,egg/alevin,wild,NA,NA,mean,30,NA,NA,-0.01369863,NA,NA,NA,NA,NA,1,-5,endogenous,fresh,NA,,pre-smolt,,,
1986,Rombough,Aquac.,0.036824877,NA,9,,,8.333333333,NA,NA,NA,0.012025223,NA,-4.420748956,-3.301581646,Oncorhynchus mykiss,steelhead,egg/alevin,wild,NA,NA,mean,30,NA,NA,-0.005479452,NA,NA,NA,NA,NA,1,-2,endogenous,fresh,NA,,pre-smolt,,,
1986,Rombough,Aquac.,0.047689655,NA,6,,,8.333333333,NA,NA,NA,0.010771513,NA,-4.530850282,-3.043040771,Oncorhynchus mykiss,steelhead,egg/alevin,wild,NA,NA,mean,30,NA,NA,0.009041096,NA,NA,NA,NA,NA,1,3.3,endogenous,fresh,NA,,pre-smolt,,,
1986,Rombough,Aquac.,0.051886334,NA,15,,,8.333333333,NA,NA,NA,0.037678042,NA,-3.278677807,-2.958699839,Oncorhynchus mykiss,steelhead,egg/alevin,wild,NA,NA,mean,30,NA,NA,0,NA,NA,NA,NA,NA,1,0,endogenous,fresh,NA,,pre-smolt,,,
1986,Rombough,Aquac.,0.055037681,NA,12,,,8.333333333,NA,NA,NA,0.022537092,NA,-3.792592794,-2.899737218,Oncorhynchus mykiss,steelhead,egg/alevin,wild,NA,NA,mean,30,NA,NA,0.005753425,NA,NA,NA,NA,NA,1,2.1,endogenous,fresh,NA,,pre-smolt,,,
1985,Wieser,J. Exp. Biol,0.071178527,NA,12,,,0,NA,0,NA,0.018688452,NA,-3.979849471,-2.6425641,Oncorhynchus mykiss,rainbow trout,fry,hatchery,NA,8,individual,1.00,NA,NA,NA,NA,NA,NA,NA,NA,1,NA,exogenous,fresh,not specifically mentioned but seems to be freshwater,,pre-smolt,,,
1985,Wieser,J. Exp. Biol,0.072660359,NA,12,,,0,NA,0,NA,0.010518124,NA,-4.554655385,-2.621959312,Oncorhynchus mykiss,rainbow trout,fry,hatchery,NA,8,individual,1.00,NA,NA,NA,NA,NA,NA,NA,NA,1,NA,exogenous,fresh,not specifically mentioned but seems to be freshwater,,pre-smolt,,,
1985,Wieser,J. Exp. Biol,0.074932399,NA,4,,,0,NA,0,NA,0.009515052,NA,-4.654880317,-2.591168919,Oncorhynchus mykiss,rainbow trout,fry,hatchery,NA,8,individual,1.00,NA,NA,NA,NA,NA,NA,NA,NA,1,NA,exogenous,fresh,not specifically mentioned but seems to be freshwater,,pre-smolt,,,
1985,Wieser,J. Exp. Biol,0.076483402,NA,4,,,0,NA,0,NA,0.007777489,NA,-4.856521739,-2.570681531,Oncorhynchus mykiss,rainbow trout,fry,hatchery,NA,8,individual,1.00,NA,NA,NA,NA,NA,NA,NA,NA,1,NA,exogenous,fresh,not specifically mentioned but seems to be freshwater,,pre-smolt,,,
1987,Oliva-Teles,Comp. Biochem. Physiol.,0.07988,NA,12,,,NA,NA,NA,NA,0.020807192,NA,-3.872456571,-2.52722977,Oncorhynchus mykiss,rainbow trout,larval,hatchery,NA,12,mean,4.00,NA,NA,0.010958904,NA,NA,NA,NA,NA,1,4,endogenous,fresh,NA,,pre-smolt,,,
1986,Rombough,Aquac.,0.080015967,NA,9,,,8.333333333,NA,NA,NA,0.03439911,NA,-3.369724593,-2.525529073,Oncorhynchus mykiss,steelhead,egg/alevin,wild,NA,NA,mean,30,NA,NA,0.021917808,NA,NA,NA,NA,NA,1,8,endogenous,fresh,NA,,pre-smolt,,,
1987,Oliva-Teles,Comp. Biochem. Physiol.,0.0873,NA,12,,,NA,NA,NA,NA,0.02189811,NA,-3.821354957,-2.438404816,Oncorhynchus mykiss,rainbow trout,larval,hatchery,NA,12,mean,4.00,NA,NA,0.010958904,NA,NA,NA,NA,NA,1,4,endogenous,fresh,NA,,pre-smolt,,,
1985,Wieser,J. Exp. Biol,0.092252166,NA,4,,,0,NA,0,NA,0.009713328,NA,-4.634256346,-2.383229521,Oncorhynchus mykiss,rainbow trout,fry,hatchery,NA,8,individual,1.00,NA,NA,NA,NA,NA,NA,NA,NA,1,NA,exogenous,fresh,not specifically mentioned but seems to be freshwater,,pre-smolt,,,
1986,Rombough,Aquac.,0.092268672,NA,15,,,8.333333333,NA,NA,NA,0.061498516,NA,-2.788742229,-2.383050614,Oncorhynchus mykiss,steelhead,egg/alevin,wild,NA,NA,mean,30,NA,NA,0.010958904,NA,NA,NA,NA,NA,1,4,endogenous,fresh,NA,,pre-smolt,,,
1987,Oliva-Teles,Comp. Biochem. Physiol.,0.09252,NA,12,,,NA,NA,NA,NA,0.002455571,NA,-6.009395906,-2.380330442,Oncorhynchus mykiss,rainbow trout,egg,hatchery,NA,12,mean,30.00,NA,NA,-0.035616438,NA,NA,NA,NA,NA,1,-13,endogenous,fresh,NA,,pre-smolt,,,
1985,Wieser,J. Exp. Biol,0.093187882,NA,4,,,0,NA,0,NA,0.007939377,NA,-4.835920533,-2.373137586,Oncorhynchus mykiss,rainbow trout,fry,hatchery,NA,8,individual,1.00,NA,NA,NA,NA,NA,NA,NA,NA,1,NA,exogenous,fresh,not specifically mentioned but seems to be freshwater,,pre-smolt,,,
1986,Rombough,Aquac.,0.09339691,NA,6,,,8.333333333,NA,NA,NA,0.019354599,NA,-3.944825192,-2.370897017,Oncorhynchus mykiss,steelhead,egg/alevin,wild,NA,NA,mean,30,NA,NA,0.041917808,NA,NA,NA,NA,NA,1,15.3,endogenous,fresh,NA,,pre-smolt,,,
1987,Oliva-Teles,Comp. Biochem. Physiol.,0.09341,NA,12,,,NA,NA,NA,NA,0.00083987,NA,-7.082263181,-2.370756873,Oncorhynchus mykiss,rainbow trout,egg,hatchery,NA,12,mean,30.00,NA,NA,-0.052054795,NA,NA,NA,NA,NA,1,-19,endogenous,fresh,NA,,pre-smolt,,,
1987,Oliva-Teles,Comp. Biochem. Physiol.,0.09519,NA,12,,,NA,NA,NA,NA,0.000362361,NA,-7.922868263,-2.351880385,Oncorhynchus mykiss,rainbow trout,egg,hatchery,NA,12,mean,30.00,NA,NA,-0.052054795,NA,NA,NA,NA,NA,1,-19,endogenous,fresh,NA,,pre-smolt,,,
1985,Wieser,J. Exp. Biol,0.096956556,NA,12,,,0,NA,0,NA,0.031892615,NA,-3.445380814,-2.333492275,Oncorhynchus mykiss,rainbow trout,fry,hatchery,NA,8,individual,1.00,NA,NA,NA,NA,NA,NA,NA,NA,1,NA,exogenous,fresh,not specifically mentioned but seems to be freshwater,,pre-smolt,,,
1987,Oliva-Teles,Comp. Biochem. Physiol.,0.09895,NA,12,,,NA,NA,NA,NA,0.00293308,NA,-5.831702261,-2.313140607,Oncorhynchus mykiss,rainbow trout,egg,hatchery,NA,12,mean,30.00,NA,NA,-0.035616438,NA,NA,NA,NA,NA,1,-13,endogenous,fresh,NA,,pre-smolt,,,
1987,Oliva-Teles,Comp. Biochem. Physiol.,0.0993,NA,12,,,NA,NA,NA,NA,0.003522561,NA,-5.648567008,-2.309609708,Oncorhynchus mykiss,rainbow trout,egg,hatchery,NA,12,mean,30.00,NA,NA,-0.016438356,NA,NA,NA,NA,NA,1,-6,endogenous,fresh,NA,,pre-smolt,,,
1987,Oliva-Teles,Comp. Biochem. Physiol.,0.09953,NA,12,,,NA,NA,NA,NA,0.00372734,NA,-5.592060354,-2.307296173,Oncorhynchus mykiss,rainbow trout,egg,hatchery,NA,12,mean,30.00,NA,NA,-0.016438356,NA,NA,NA,NA,NA,1,-6,endogenous,fresh,NA,,pre-smolt,,,
1987,Oliva-Teles,Comp. Biochem. Physiol.,0.1023,NA,12,,,NA,NA,NA,NA,0.029897165,NA,-3.509991617,-2.279845606,Oncorhynchus mykiss,rainbow trout,larval,hatchery,NA,12,mean,4.00,NA,NA,0.046575342,NA,NA,NA,NA,NA,1,17,endogenous,fresh,NA,,pre-smolt,,,
1986,Rombough,Aquac.,0.103069844,NA,12,,,8.333333333,NA,NA,NA,0.050118694,NA,-2.9933612,-2.272348426,Oncorhynchus mykiss,steelhead,egg/alevin,wild,NA,NA,mean,30,NA,NA,0.022191781,NA,NA,NA,NA,NA,1,8.1,endogenous,fresh,NA,,pre-smolt,,,
1987,Oliva-Teles,Comp. Biochem. Physiol.,0.1057,NA,12,,,NA,NA,NA,NA,0.032828309,NA,-3.416464056,-2.247150386,Oncorhynchus mykiss,rainbow trout,larval,hatchery,NA,12,mean,4.00,NA,NA,0.049315068,NA,NA,NA,NA,NA,1,18,endogenous,fresh,NA,,pre-smolt,,,
1987,Oliva-Teles,Comp. Biochem. Physiol.,0.10591,NA,12,,,NA,NA,NA,NA,0.027056505,NA,-3.609827822,-2.245165602,Oncorhynchus mykiss,rainbow trout,larval,hatchery,NA,12,mean,4.00,NA,NA,0.030136986,NA,NA,NA,NA,NA,1,11,endogenous,fresh,NA,,pre-smolt,,,
1987,Oliva-Teles,Comp. Biochem. Physiol.,0.11241,NA,12,,,NA,NA,NA,NA,0.032988601,NA,-3.411593188,-2.185602378,Oncorhynchus mykiss,rainbow trout,larval,hatchery,NA,12,mean,4.00,NA,NA,0.030136986,NA,NA,NA,NA,NA,1,11,endogenous,fresh,NA,,pre-smolt,,,
1986,Rombough,Aquac.,0.134671486,NA,9,,,8.333333333,NA,NA,NA,0.045103858,NA,-3.098787503,-2.004916902,Oncorhynchus mykiss,steelhead,egg/alevin,wild,NA,NA,mean,30,NA,NA,0.043835616,NA,NA,NA,NA,NA,1,16,endogenous,fresh,NA,,pre-smolt,,,
1986,Rombough,Aquac.,0.135566356,NA,15,,,8.333333333,NA,NA,NA,0.089562315,NA,-2.412820644,-1.998294044,Oncorhynchus mykiss,steelhead,egg/alevin,wild,NA,NA,mean,30,NA,NA,0.021917808,NA,NA,NA,NA,NA,1,8,endogenous,fresh,NA,,pre-smolt,,,
1986,Rombough,Aquac.,0.13933841,NA,12,,,8.333333333,NA,NA,NA,0.076639466,NA,-2.568643115,-1.9708497,Oncorhynchus mykiss,steelhead,egg/alevin,wild,NA,NA,mean,30,NA,NA,0.035890411,NA,NA,NA,NA,NA,1,13.1,endogenous,fresh,NA,,pre-smolt,,,
1985,Wieser,J. Exp. Biol,0.154141458,NA,12,,,0,NA,0,NA,0.034572168,NA,-3.3647063,-1.869884539,Oncorhynchus mykiss,rainbow trout,fry,hatchery,NA,8,individual,1.00,NA,NA,NA,NA,NA,NA,NA,NA,1,NA,exogenous,fresh,not specifically mentioned but seems to be freshwater,,pre-smolt,,,
1985,Wieser,J. Exp. Biol,0.154141458,NA,12,,,0,NA,0,NA,0.043596994,NA,-3.132767072,-1.869884539,Oncorhynchus mykiss,rainbow trout,fry,hatchery,NA,8,individual,1.00,NA,NA,NA,NA,NA,NA,NA,NA,1,NA,exogenous,fresh,not specifically mentioned but seems to be freshwater,,pre-smolt,,,
1986,Rombough,Aquac.,0.155295176,NA,6,,,8.333333333,NA,NA,NA,0.034206231,NA,-3.375347445,-1.862427614,Oncorhynchus mykiss,steelhead,egg/alevin,wild,NA,NA,mean,30,NA,NA,0.080273973,NA,NA,NA,NA,NA,1,29.3,endogenous,fresh,NA,,pre-smolt,,,
1985,Wieser et al.,J. Comp. Physiol. B,0.16,NA,20,,,0,NA,0,NA,0.07168,NA,-2.63554351,-1.832581464,Oncorhynchus mykiss,rainbow trout,fry,hatchery,NA,8,mean,3.00,NA,NA,NA,NA,NA,NA,NA,NA,1,NA,exogenous,fresh,NA,,pre-smolt,,,
1986,Rombough,Aquac.,0.184497337,NA,15,,,8.333333333,NA,NA,NA,0.101617211,NA,-2.286542362,-1.690120247,Oncorhynchus mykiss,steelhead,egg/alevin,wild,NA,NA,mean,30,NA,NA,0.057534247,NA,NA,NA,NA,NA,1,21,endogenous,fresh,NA,,pre-smolt,,,
1985,Wieser,J. Exp. Biol,0.185548042,NA,12,,,0,NA,0,NA,0.057240672,NA,-2.860490586,-1.684441444,Oncorhynchus mykiss,rainbow trout,fry,hatchery,NA,8,individual,1.00,NA,NA,NA,NA,NA,NA,NA,NA,1,NA,exogenous,fresh,not specifically mentioned but seems to be freshwater,,pre-smolt,,,
1986,Rombough,Aquac.,0.188732179,NA,15,,,8.333333333,NA,NA,NA,0.124280415,NA,-2.085214852,-1.667426309,Oncorhynchus mykiss,steelhead,egg/alevin,wild,NA,NA,mean,30,NA,NA,0.030136986,NA,NA,NA,NA,NA,1,11,endogenous,fresh,NA,,pre-smolt,,,
1986,Rombough,Aquac.,0.191189563,NA,9,,,8.333333333,NA,NA,NA,0.059087537,NA,-2.828735255,-1.654489865,Oncorhynchus mykiss,steelhead,egg/alevin,wild,NA,NA,mean,30,NA,NA,0.068493151,NA,NA,NA,NA,NA,1,25,endogenous,fresh,NA,,pre-smolt,,,
1986,Rombough,Aquac.,0.195481431,NA,15,,,8.333333333,NA,NA,NA,0.12379822,NA,-2.0891023,-1.632289884,Oncorhynchus mykiss,steelhead,egg/alevin,wild,NA,NA,mean,30,NA,NA,0.043835616,NA,NA,NA,NA,NA,1,16,endogenous,fresh,NA,,pre-smolt,,,
1986,Rombough,Aquac.,0.200479984,NA,9,,,8.333333333,NA,NA,NA,0.056194362,NA,-2.878938847,-1.607040868,Oncorhynchus mykiss,steelhead,egg/alevin,wild,NA,NA,mean,30,NA,NA,0.087671233,NA,NA,NA,NA,NA,1,32,endogenous,fresh,NA,,pre-smolt,,,
1986,Rombough,Aquac.,0.202175851,NA,6,,,8.333333333,NA,NA,NA,0.035749258,NA,-3.331225761,-1.598617412,Oncorhynchus mykiss,steelhead,egg/alevin,wild,NA,NA,mean,30,NA,NA,0.118630137,NA,NA,NA,NA,NA,1,43.3,endogenous,fresh,NA,,pre-smolt,,,
1986,Rombough,Aquac.,0.210872762,NA,12,,,8.333333333,NA,NA,NA,0.073264095,NA,-2.613684627,-1.556500352,Oncorhynchus mykiss,steelhead,egg/alevin,wild,NA,NA,mean,30,NA,NA,0.060547945,NA,NA,NA,NA,NA,1,22.1,endogenous,fresh,NA,,pre-smolt,,,
1986,Rombough,Aquac.,0.211921602,NA,6,,,8.333333333,NA,NA,NA,0.035074184,NA,-3.350289918,-1.551538873,Oncorhynchus mykiss,steelhead,egg/alevin,wild,NA,NA,mean,30,NA,NA,0.146027397,NA,NA,NA,NA,NA,1,53.3,endogenous,fresh,NA,,pre-smolt,,,
1985,Wieser,J. Exp. Biol,0.23275037,NA,12,,,0,NA,0,NA,0.06726323,NA,-2.699141558,-1.457788773,Oncorhynchus mykiss,rainbow trout,fry,hatchery,NA,8,individual,1.00,NA,NA,NA,NA,NA,NA,NA,NA,1,NA,exogenous,fresh,not specifically mentioned but seems to be freshwater,,pre-smolt,,,
1985,Wieser,J. Exp. Biol,0.235160651,NA,12,,,0,NA,0,NA,0.057240672,NA,-2.860490586,-1.447486378,Oncorhynchus mykiss,rainbow trout,fry,hatchery,NA,8,individual,1.00,NA,NA,NA,NA,NA,NA,NA,NA,1,NA,exogenous,fresh,not specifically mentioned but seems to be freshwater,,pre-smolt,,,
1985,Wieser,J. Exp. Biol,0.293122645,NA,4,,,0,NA,0,NA,0.041185547,NA,-3.189667875,-1.227164172,Oncorhynchus mykiss,rainbow trout,fry,hatchery,NA,8,individual,1.00,NA,NA,NA,NA,NA,NA,NA,NA,1,NA,exogenous,fresh,not specifically mentioned but seems to be freshwater,,pre-smolt,,,
1985,Wieser,J. Exp. Biol,0.293251677,NA,4,,,0,NA,0,NA,0.055176298,NA,-2.897221797,-1.226724073,Oncorhynchus mykiss,rainbow trout,fry,hatchery,NA,8,individual,1.00,NA,NA,NA,NA,NA,NA,NA,NA,1,NA,exogenous,fresh,not specifically mentioned but seems to be freshwater,,pre-smolt,,,
1985,Wieser,J. Exp. Biol,0.405028714,NA,4,,,0,NA,0,NA,0.086051887,NA,-2.45280483,-0.903797315,Oncorhynchus mykiss,rainbow trout,fry,hatchery,NA,8,individual,1.00,NA,NA,NA,NA,NA,NA,NA,NA,1,NA,exogenous,fresh,not specifically mentioned but seems to be freshwater,,pre-smolt,,,
1985,Wieser et al.,J. Comp. Physiol. B,0.6,NA,20,,,0,NA,0,NA,0.3456,NA,-1.062473242,-0.510825624,Oncorhynchus mykiss,rainbow trout,fry,hatchery,NA,8,mean,7.00,NA,NA,NA,NA,NA,NA,NA,NA,1,NA,exogenous,fresh,NA,,pre-smolt,,,
1985,Wieser,J. Exp. Biol,0.652105215,NA,12,,,0,NA,0,NA,0.153780689,NA,-1.872227787,-0.427549357,Oncorhynchus mykiss,rainbow trout,fry,hatchery,NA,8,individual,1.00,NA,NA,NA,NA,NA,NA,NA,NA,1,NA,exogenous,fresh,not specifically mentioned but seems to be freshwater,,pre-smolt,,,
2011,Van Leeuwen et al.,J. Anim. Ecol.,0.659730941,NA,13.1,,,0,NA,0,NA,0.131098072,NA,-2.031809597,-0.415923192,Oncorhyncus mykiss,Steelhead,juvenile,wild,NA,8.3,individual,1.00,NA,NA,NA,NA,NA,NA,NA,NA,2,NA,exogenous,fresh,not specifically mentioned but seems to be freshwater,,pre-smolt,0,,
2011,Van Leeuwen et al.,J. Anim. Ecol.,0.659730941,NA,13.1,,,0,NA,0,NA,0.14297856,NA,-1.945060593,-0.415923192,Oncorhyncus mykiss,Steelhead,juvenile,wild,NA,8.3,individual,1.00,NA,NA,NA,NA,NA,NA,NA,NA,2,NA,exogenous,fresh,not specifically mentioned but seems to be freshwater,,pre-smolt,0,,
1985,Wieser,J. Exp. Biol,0.856098124,NA,4,,,0,NA,0,NA,0.083624488,NA,-2.481418882,-0.155370278,Oncorhynchus mykiss,rainbow trout,fry,hatchery,NA,8,individual,1.00,NA,NA,NA,NA,NA,NA,NA,NA,1,NA,exogenous,fresh,not specifically mentioned but seems to be freshwater,,pre-smolt,,,
1985,Wieser,J. Exp. Biol,0.865241009,NA,4,,,0,NA,0,NA,0.097283011,NA,-2.330130905,-0.144747188,Oncorhynchus mykiss,rainbow trout,fry,hatchery,NA,8,individual,1.00,NA,NA,NA,NA,NA,NA,NA,NA,1,NA,exogenous,fresh,not specifically mentioned but seems to be freshwater,,pre-smolt,,,
2011,Van Leeuwen et al.,J. Anim. Ecol.,0.931062757,NA,13.1,,,0,NA,0,NA,0.17812024,NA,-1.72529645,-0.071428596,Oncorhyncus mykiss,Steelhead,juvenile,hatchery,NA,12.3,individual,1.00,NA,NA,NA,NA,NA,NA,NA,NA,2,NA,exogenous,fresh,not specifically mentioned but seems to be freshwater,,pre-smolt,0,,
2011,Van Leeuwen et al.,J. Anim. Ecol.,0.949846947,NA,13.1,,,0,NA,0,NA,0.151491172,NA,-1.887227924,-0.051454415,Oncorhyncus mykiss,Steelhead,juvenile,wild,NA,8.3,individual,1.00,NA,NA,NA,NA,NA,NA,NA,NA,2,NA,exogenous,fresh,not specifically mentioned but seems to be freshwater,,pre-smolt,0,,
1985,Wieser,J. Exp. Biol,0.95469747,NA,12,,,0,NA,0,NA,0.158504096,NA,-1.841974844,-0.046360774,Oncorhynchus mykiss,rainbow trout,fry,hatchery,NA,8,individual,1.00,NA,NA,NA,NA,NA,NA,NA,NA,1,NA,exogenous,fresh,not specifically mentioned but seems to be freshwater,,pre-smolt,,,
2011,Van Leeuwen et al.,J. Anim. Ecol.,0.970430904,NA,13.1,,,0,NA,0,NA,0.133392443,NA,-2.014459797,-0.030015076,Oncorhyncus mykiss,Steelhead,juvenile,wild,NA,8.3,individual,1.00,NA,NA,NA,NA,NA,NA,NA,NA,2,NA,exogenous,fresh,not specifically mentioned but seems to be freshwater,,pre-smolt,0,,
1985,Wieser,J. Exp. Biol,0.974572871,NA,12,,,0,NA,0,NA,0.126966785,NA,-2.063829758,-0.025755985,Oncorhynchus mykiss,rainbow trout,fry,hatchery,NA,8,individual,1.00,NA,NA,NA,NA,NA,NA,NA,NA,1,NA,exogenous,fresh,not specifically mentioned but seems to be freshwater,,pre-smolt,,,
1985,Wieser,J. Exp. Biol,1.010971178,NA,4,,,0,NA,0,NA,0.081162034,NA,-2.511307704,0.010911431,Oncorhynchus mykiss,rainbow trout,fry,hatchery,NA,8,individual,1.00,NA,NA,NA,NA,NA,NA,NA,NA,1,NA,exogenous,fresh,not specifically mentioned but seems to be freshwater,,pre-smolt,,,
1985,Wieser,J. Exp. Biol,1.031943942,NA,4,,,0,NA,0,NA,0.068378551,NA,-2.682696084,0.031444346,Oncorhynchus mykiss,rainbow trout,fry,hatchery,NA,8,individual,1.00,NA,NA,NA,NA,NA,NA,NA,NA,1,NA,exogenous,fresh,not specifically mentioned but seems to be freshwater,,pre-smolt,,,
2011,Van Leeuwen et al.,J. Anim. Ecol.,1.043811252,NA,13.1,,,0,NA,0,NA,0.161441572,NA,-1.823611988,0.04287868,Oncorhyncus mykiss,Steelhead,juvenile,wild,NA,8.3,individual,1.00,NA,NA,NA,NA,NA,NA,NA,NA,2,NA,exogenous,fresh,not specifically mentioned but seems to be freshwater,,pre-smolt,0,,
2011,Van Leeuwen et al.,J. Anim. Ecol.,1.153918415,NA,13.1,,,0,NA,0,NA,0.204641002,NA,-1.586498043,0.143163468,Oncorhyncus mykiss,Steelhead,juvenile,hatchery,NA,12.3,individual,1.00,NA,NA,NA,NA,NA,NA,NA,NA,2,NA,exogenous,fresh,not specifically mentioned but seems to be freshwater,,pre-smolt,0,,
1985,Wieser,J. Exp. Biol,1.161119604,NA,12,,,0,NA,0,NA,0.208107947,NA,-1.569698359,0.149384715,Oncorhynchus mykiss,rainbow trout,fry,hatchery,NA,8,individual,1.00,NA,NA,NA,NA,NA,NA,NA,NA,1,NA,exogenous,fresh,not specifically mentioned but seems to be freshwater,,pre-smolt,,,
1985,Wieser,J. Exp. Biol,1.173143748,NA,12,,,0,NA,0,NA,0.302226443,NA,-1.196578731,0.159687109,Oncorhynchus mykiss,rainbow trout,fry,hatchery,NA,8,individual,1.00,NA,NA,NA,NA,NA,NA,NA,NA,1,NA,exogenous,fresh,not specifically mentioned but seems to be freshwater,,pre-smolt,,,
2011,Van Leeuwen et al.,J. Anim. Ecol.,1.182022377,NA,13.1,,,0,NA,0,NA,0.294595448,NA,-1.222152226,0.16722685,Oncorhynchus mykiss,steelhead,juvenile,wild,,8.2,individual,1.00,NA,NA,NA,0,NA,NA,NA,NA,1,NA,exogenous,fresh,NA,"Metabolic Costs and Physiological Consequences of Acclimation to Aluminum
in Juvenile Rainbow Trout (Oncorhynchus myk",pre-smolt,100,,
2011,Van Leeuwen et al.,J. Anim. Ecol.,1.300913218,NA,13.1,,,0,NA,0,NA,0.183346016,NA,-1.696380115,0.263066494,Oncorhyncus mykiss,Steelhead,juvenile,hatchery,NA,12.3,individual,1.00,NA,NA,NA,NA,NA,NA,NA,NA,2,NA,exogenous,fresh,not specifically mentioned but seems to be freshwater,,pre-smolt,0,,
2011,Van Leeuwen et al.,J. Anim. Ecol.,1.370612373,NA,13.1,,,0,NA,0,NA,0.306766208,NA,-1.181669358,0.315257628,Oncorhyncus mykiss,Steelhead,juvenile,hatchery,NA,12.3,individual,1.00,NA,NA,NA,NA,NA,NA,NA,NA,2,NA,exogenous,fresh,not specifically mentioned but seems to be freshwater,,pre-smolt,0,,
2011,Van Leeuwen et al.,J. Anim. Ecol.,1.409210244,NA,13.1,,,0,NA,0,NA,0.198808272,NA,-1.615414378,0.343029437,Oncorhyncus mykiss,Steelhead,juvenile,wild,NA,8.3,individual,1.00,NA,NA,NA,NA,NA,NA,NA,NA,2,NA,exogenous,fresh,not specifically mentioned but seems to be freshwater,,pre-smolt,0,,
2011,Van Leeuwen et al.,J. Anim. Ecol.,1.421347226,NA,13.1,,,0,NA,0,NA,0.284548425,NA,-1.256851828,0.351605172,Oncorhynchus mykiss,steelhead,juvenile,wild,,8.2,individual,1.00,NA,NA,NA,0,NA,NA,NA,NA,1,NA,exogenous,fresh,NA,"Metabolic Costs and Physiological Consequences of Acclimation to Aluminum
in Juvenile Rainbow Trout (Oncorhynchus myk",pre-smolt,100,,
2011,Van Leeuwen et al.,J. Anim. Ecol.,1.458388968,NA,13.1,,,0,NA,0,NA,0.409627933,NA,-0.892506011,0.37733238,Oncorhynchus mykiss,steelhead,juvenile,wild,,8.2,individual,1.00,NA,NA,NA,0,NA,NA,NA,NA,1,NA,exogenous,fresh,NA,"Metabolic Costs and Physiological Consequences of Acclimation to Aluminum
in Juvenile Rainbow Trout (Oncorhynchus myk",pre-smolt,100,,
1985,Wieser,J. Exp. Biol,1.6307277,NA,4,,,0,NA,0,NA,0.077252013,NA,-2.560682308,0.489026357,Oncorhynchus mykiss,rainbow trout,fry,hatchery,NA,8,individual,1.00,NA,NA,NA,NA,NA,NA,NA,NA,1,NA,exogenous,fresh,not specifically mentioned but seems to be freshwater,,pre-smolt,,,
2011,Van Leeuwen et al.,J. Anim. Ecol.,1.672875756,NA,13.1,,,0,NA,0,NA,0.306766208,NA,-1.181669358,0.514544155,Oncorhynchus mykiss,steelhead,juvenile,wild,,8.2,individual,1.00,NA,NA,NA,0,NA,NA,NA,NA,1,NA,exogenous,fresh,NA,"Metabolic Costs and Physiological Consequences of Acclimation to Aluminum
in Juvenile Rainbow Trout (Oncorhynchus myk",pre-smolt,100,,
1991,Morgan and Iwama, Can. J. Fish. Aquat.,1.772334294,0.23054755,11,,,0,NA,0,NA,0.467620871,0.060828731,-0.760097416,0.572297488,Oncorhyncus mykiss,Rainbow trout,juvenile,NA,NA,NA,mean,2.00,NA,NA,NA,18,NA,NA,NA,NA,1,NA,exogenous,salt,NA,,pre-smolt,,,
2011,Van Leeuwen et al.,J. Anim. Ecol.,1.85419935,NA,13.1,,,0,NA,0,NA,0.338458491,NA,-1.08335382,0.617452986,Oncorhynchus mykiss,steelhead,juvenile,wild,,8.2,individual,1.00,NA,NA,NA,0,NA,NA,NA,NA,1,NA,exogenous,fresh,NA,"Metabolic Costs and Physiological Consequences of Acclimation to Aluminum
in Juvenile Rainbow Trout (Oncorhynchus myk",pre-smolt,100,,
2011,Van Leeuwen et al.,J. Anim. Ecol.,1.956098645,NA,13.1,,,0,NA,0,NA,0.267010375,NA,-1.320467764,0.670952002,Oncorhyncus mykiss,Steelhead,juvenile,hatchery,NA,12.3,individual,1.00,NA,NA,NA,NA,NA,NA,NA,NA,2,NA,exogenous,fresh,not specifically mentioned but seems to be freshwater,,pre-smolt,0,,
2011,Van Leeuwen et al.,J. Anim. Ecol.,2.011584011,NA,13.1,,,0,NA,0,NA,0.358609527,NA,-1.02552115,0.698922477,Oncorhynchus mykiss,steelhead,juvenile,wild,,8.2,individual,1.00,NA,NA,NA,0,NA,NA,NA,NA,1,NA,exogenous,fresh,NA,"Metabolic Costs and Physiological Consequences of Acclimation to Aluminum
in Juvenile Rainbow Trout (Oncorhynchus myk",pre-smolt,100,,
2011,Van Leeuwen et al.,J. Anim. Ecol.,2.020227937,NA,13.1,,,0,NA,0,NA,0.379960309,NA,-0.967688481,0.703210345,Oncorhynchus mykiss,steelhead,juvenile,wild,,8.2,individual,1.00,NA,NA,NA,0,NA,NA,NA,NA,1,NA,exogenous,fresh,NA,"Metabolic Costs and Physiological Consequences of Acclimation to Aluminum
in Juvenile Rainbow Trout (Oncorhynchus myk",pre-smolt,100,,
2011,Van Leeuwen et al.,J. Anim. Ecol.,2.196445398,NA,13.1,,,0,NA,0,NA,0.289528359,NA,-1.239502027,0.786840326,Oncorhyncus mykiss,Steelhead,juvenile,hatchery,NA,12.3,individual,1.00,NA,NA,NA,NA,NA,NA,NA,NA,2,NA,exogenous,fresh,not specifically mentioned but seems to be freshwater,,pre-smolt,0,,
2011,Van Leeuwen et al.,J. Anim. Ecol.,2.563361442,NA,13.1,,,0,NA,0,NA,0.31394537,NA,-1.15853629,0.94131946,Oncorhyncus mykiss,Steelhead,juvenile,hatchery,NA,12.3,individual,1.00,NA,NA,NA,NA,NA,NA,NA,NA,2,NA,exogenous,fresh,not specifically mentioned but seems to be freshwater,,pre-smolt,0,,
1985,Wieser,J. Exp. Biol,2.718397384,NA,4,,,0,NA,0,NA,0.229820352,NA,-1.470457353,1.00004251,Oncorhynchus mykiss,rainbow trout,fry,hatchery,NA,8,individual,1.00,NA,NA,NA,NA,NA,NA,NA,NA,1,NA,exogenous,fresh,not specifically mentioned but seems to be freshwater,,pre-smolt,,,
2011,Van Leeuwen et al.,J. Anim. Ecol.,2.724139374,NA,13.1,,,0,NA,0,NA,0.550152703,NA,-0.597559397,1.002152552,Oncorhynchus mykiss,steelhead,juvenile,hatchery,,12.3,individual,1.00,NA,NA,NA,0,NA,NA,NA,NA,1,NA,exogenous,fresh,NA,"Metabolic Costs and Physiological Consequences of Acclimation to Aluminum
in Juvenile Rainbow Trout (Oncorhynchus myk",pre-smolt,100,,
2011,Van Leeuwen et al.,J. Anim. Ecol.,2.748670505,NA,13.1,,,0,NA,0,NA,0.721988657,NA,-0.325745851,1.011117342,Oncorhynchus mykiss,steelhead,juvenile,hatchery,,12.3,individual,1.00,NA,NA,NA,0,NA,NA,NA,NA,1,NA,exogenous,fresh,NA,"Metabolic Costs and Physiological Consequences of Acclimation to Aluminum
in Juvenile Rainbow Trout (Oncorhynchus myk",pre-smolt,100,,
1985,Wieser,J. Exp. Biol,2.776307355,NA,4,,,0,NA,0,NA,0.278368578,NA,-1.278809223,1.021121755,Oncorhynchus mykiss,rainbow trout,fry,hatchery,NA,8,individual,1.00,NA,NA,NA,NA,NA,NA,NA,NA,1,NA,exogenous,fresh,not specifically mentioned but seems to be freshwater,,pre-smolt,,,
1985,Wieser,J. Exp. Biol,3.12181497,NA,12,,,0,NA,0,NA,0.447852889,NA,-0.803290474,1.138414554,Oncorhynchus mykiss,rainbow trout,fry,hatchery,NA,8,individual,1.00,NA,NA,NA,NA,NA,NA,NA,NA,1,NA,exogenous,fresh,not specifically mentioned but seems to be freshwater,,pre-smolt,,,
1985,Wieser,J. Exp. Biol,3.154143382,NA,12,,,0,NA,0,NA,0.599988158,NA,-0.51084536,1.148716948,Oncorhynchus mykiss,rainbow trout,fry,hatchery,NA,8,individual,1.00,NA,NA,NA,NA,NA,NA,NA,NA,1,NA,exogenous,fresh,not specifically mentioned but seems to be freshwater,,pre-smolt,,,
2011,Van Leeuwen et al.,J. Anim. Ecol.,3.219780472,NA,13.1,,,0,NA,0,NA,0.525279103,NA,-0.643825532,1.169313181,Oncorhynchus mykiss,steelhead,juvenile,hatchery,,12.3,individual,1.00,NA,NA,NA,0,NA,NA,NA,NA,1,NA,exogenous,fresh,NA,"Metabolic Costs and Physiological Consequences of Acclimation to Aluminum
in Juvenile Rainbow Trout (Oncorhynchus myk",pre-smolt,100,,
2011,Van Leeuwen et al.,J. Anim. Ecol.,3.509015197,NA,13.1,,,0,NA,0,NA,0.632066297,NA,-0.45876099,1.255335427,Oncorhynchus mykiss,steelhead,juvenile,hatchery,,12.3,individual,1.00,NA,NA,NA,0,NA,NA,NA,NA,1,NA,exogenous,fresh,NA,"Metabolic Costs and Physiological Consequences of Acclimation to Aluminum
in Juvenile Rainbow Trout (Oncorhynchus myk",pre-smolt,100,,
2011,Van Leeuwen et al.,J. Anim. Ecol.,3.540086698,NA,13.1,,,0,NA,0,NA,0.747481107,NA,-0.291046249,1.264151218,Oncorhynchus mykiss,steelhead,juvenile,hatchery,,12.3,individual,1.00,NA,NA,NA,0,NA,NA,NA,NA,1,NA,exogenous,fresh,NA,"Metabolic Costs and Physiological Consequences of Acclimation to Aluminum
in Juvenile Rainbow Trout (Oncorhynchus myk",pre-smolt,100,,
1982,Nahhas et al,J. Fish Biol.,3.57,NA,6,,,3.5,NA,0.5,NA,0.387718534,NA,-0.94747563,1.272565596,Oncorhyncus mykiss,rainbow trout,juvenile,unclear,,6,mean,10.00,NA,7,NA,0,NA,NA,NA,NA,1,NA,exogenous,fresh,NA,"Some aspects of sustained training of rainbow trout, Salmo
gairdneri Richardson",pre-smolt,,,
1982,Nahhas et al,J. Fish Biol.,3.57,NA,6,,,9.8,NA,1.4,NA,0.687412824,NA,-0.37482026,1.272565596,Oncorhyncus mykiss,rainbow trout,juvenile,unclear,,6,mean,10.00,NA,7,NA,0,NA,NA,NA,NA,1,NA,exogenous,fresh,NA,"Some aspects of sustained training of rainbow trout, Salmo
gairdneri Richardson",pre-smolt,,,
1982,Nahhas et al,J. Fish Biol.,3.57,NA,6,,,15.4,NA,2.2,NA,1.201814145,NA,0.183832203,1.272565596,Oncorhyncus mykiss,rainbow trout,juvenile,unclear,,6,mean,10.00,NA,7,NA,0,NA,NA,NA,NA,1,NA,exogenous,fresh,NA,"Some aspects of sustained training of rainbow trout, Salmo
gairdneri Richardson",pre-smolt,,,
1982,Nahhas et al,J. Fish Biol.,3.57,NA,6,,,24.5,NA,3.5,NA,2.191667173,NA,0.78466252,1.272565596,Oncorhyncus mykiss,rainbow trout,juvenile,unclear,,6,mean,10.00,NA,7,NA,0,NA,NA,NA,NA,1,NA,exogenous,fresh,NA,"Some aspects of sustained training of rainbow trout, Salmo
gairdneri Richardson",pre-smolt,,,
1991,Morgan and Iwama, Can. J. Fish. Aquat.,3.659942363,0.432276657,11,,,0,NA,0,NA,0.892384353,0.105399727,-0.11385835,1.2974474,Oncorhyncus mykiss,Rainbow trout,juvenile,NA,NA,NA,mean,2.00,NA,NA,NA,9,NA,NA,NA,NA,1,NA,exogenous,salt,NA,,pre-smolt,,,
1991,Morgan and Iwama, Can. J. Fish. Aquat.,3.890489914,0.561959654,11,,,0,NA,0,NA,0.803285417,0.116030116,-0.219045189,1.358535091,Oncorhyncus mykiss,Rainbow trout,juvenile,NA,NA,NA,mean,2.00,NA,NA,NA,0,NA,NA,NA,NA,1,NA,exogenous,fresh,NA,,pre-smolt,,,
1991,Morgan and Iwama, Can. J. Fish. Aquat.,3.988571429,0.388571429,14,,,0,NA,0,NA,1.344494038,0.130982227,0.296017763,1.383433129,Oncorhyncus mykiss,Rainbow trout,juvenile,NA,NA,NA,mean,2.00,NA,NA,NA,16,NA,NA,NA,NA,1,NA,exogenous,salt,NA,,pre-smolt,,,
1985,Wieser,J. Exp. Biol,4.29828617,NA,4,,,0,NA,0,NA,0.384752879,NA,-0.955154025,1.458216378,Oncorhynchus mykiss,rainbow trout,fry,hatchery,NA,8,individual,1.00,NA,NA,NA,NA,NA,NA,NA,NA,1,NA,exogenous,fresh,not specifically mentioned but seems to be freshwater,,pre-smolt,,,
2011,Van Leeuwen et al.,J. Anim. Ecol.,4.331925456,NA,13.1,,,0,NA,0,NA,0.942032436,NA,-0.059715572,1.466012121,Oncorhynchus mykiss,steelhead,juvenile,hatchery,,12.3,individual,1.00,NA,NA,NA,0,NA,NA,NA,NA,1,NA,exogenous,fresh,NA,"Metabolic Costs and Physiological Consequences of Acclimation to Aluminum
in Juvenile Rainbow Trout (Oncorhynchus myk",pre-smolt,100,,
1991,Morgan and Iwama, Can. J. Fish. Aquat.,4.342857143,0.285714286,14,,,0,NA,0,NA,1.238227222,0.081462317,0.213680697,1.468532459,Oncorhyncus mykiss,Rainbow trout,juvenile,NA,NA,NA,mean,2.00,NA,NA,NA,4,NA,NA,NA,NA,1,NA,exogenous,salt,NA,,pre-smolt,,,
1985,Wieser,J. Exp. Biol,4.528569479,NA,4,,,0,NA,0,NA,0.443144516,NA,-0.813859341,1.510406101,Oncorhynchus mykiss,rainbow trout,fry,hatchery,NA,8,individual,1.00,NA,NA,NA,NA,NA,NA,NA,NA,1,NA,exogenous,fresh,not specifically mentioned but seems to be freshwater,,pre-smolt,,,
1991,Morgan and Iwama, Can. J. Fish. Aquat.,4.605714286,0.354285714,14,,,0,NA,0,NA,1.374098538,0.105699888,0.317797907,1.527297769,Oncorhyncus mykiss,Rainbow trout,juvenile,NA,NA,NA,mean,2.00,NA,NA,NA,12,NA,NA,NA,NA,1,NA,exogenous,salt,NA,,pre-smolt,,,
1985,Wieser,J. Exp. Biol,4.625813657,NA,4,,,0,NA,0,NA,0.599725404,NA,-0.511283388,1.531652281,Oncorhynchus mykiss,rainbow trout,fry,hatchery,NA,8,individual,1.00,NA,NA,NA,NA,NA,NA,NA,NA,1,NA,exogenous,fresh,not specifically mentioned but seems to be freshwater,,pre-smolt,,,
1991,Morgan and Iwama, Can. J. Fish. Aquat.,4.742857143,0.285714286,14,,,0,NA,0,NA,1.450866142,0.087401575,0.372160717,1.556639727,Oncorhyncus mykiss,Rainbow trout,juvenile,NA,NA,NA,mean,2.00,NA,NA,NA,8,NA,NA,NA,NA,1,NA,exogenous,salt,NA,,pre-smolt,,,
1985,Wieser,J. Exp. Biol,4.812011116,NA,12,,,0,NA,0,NA,0.993392281,NA,-0.006629646,1.571115108,Oncorhynchus mykiss,rainbow trout,fry,hatchery,NA,8,individual,1.00,NA,NA,NA,NA,NA,NA,NA,NA,1,NA,exogenous,fresh,not specifically mentioned but seems to be freshwater,,pre-smolt,,,
1985,Wieser,J. Exp. Biol,4.861842602,NA,12,,,0,NA,0,NA,1.179161622,NA,0.164803696,1.581417502,Oncorhynchus mykiss,rainbow trout,fry,hatchery,NA,8,individual,1.00,NA,NA,NA,NA,NA,NA,NA,NA,1,NA,exogenous,fresh,not specifically mentioned but seems to be freshwater,,pre-smolt,,,
2000,Myrick,Fish Physiol.,5,0.51,25,,,NA,NA,0.5,NA,1.5,0.09,0.405465108,1.609437912,Oncorhynchus mykiss,rainbow trout,juvenile,hatchery,NA,14,mean,9.00,NA,NA,0,NA,NA,NA,NA,NA,1,NA,exogenous,fresh,NA,,pre-smolt,,,
1991,Morgan and Iwama, Can. J. Fish. Aquat.,5.245714286,0.377142857,14,,,0,NA,0,NA,1.413864567,0.101650394,0.346326783,1.657411417,Oncorhyncus mykiss,Rainbow trout,juvenile,NA,NA,NA,mean,2.00,NA,NA,NA,0,NA,NA,NA,NA,1,NA,exogenous,fresh,NA,,pre-smolt,,,
2000,Myrick,Fish Physiol.,5.4,0.67,25,,,NA,NA,0.5,NA,1.52,0.2,0.418710335,1.686398954,Oncorhynchus mykiss,rainbow trout,juvenile,hatchery,NA,14,mean,5.00,NA,NA,0,NA,NA,NA,NA,NA,1,NA,exogenous,fresh,NA,,pre-smolt,,,
1985,Wieser,J. Exp. Biol,5.913057205,NA,12,,,0,NA,0,NA,1.399670762,NA,0.336237039,1.777162991,Oncorhynchus mykiss,rainbow trout,fry,hatchery,NA,8,individual,1.00,NA,NA,NA,NA,NA,NA,NA,NA,1,NA,exogenous,fresh,not specifically mentioned but seems to be freshwater,,pre-smolt,,,
1992,Scarabello,J. Exp. Biol.,6,NA,15,,,0,0,0,0,1.226509573,0.030794514,0.20417239,0.20417239,Oncorhynchus mykiss,rainbow trout,juvenile,hatchery,NA,15,mean,16,NA,NA,NA,NA,NA,NA,NA,NA,1,NA,exogenous,fresh,NA,,pre-smolt,,,
1981,Rodgers and Beamish,Can. J. Fish. Aquat. Sci.,6.5,NA,10,,,NA,NA,2.501783591,NA,0.873123401,NA,-0.135678381,1.871802177,Oncorhynchus mykiss,rainbow trout,juvenile,hatchery,NA,10,individual,1.00,NA,NA,NA,0,NA,NA,NA,NA,1,NA,exogenous,fresh,NA,"Uptake of Waterborne Methylmercury by Rainbow Trout (Salmo gairdneri) in
Relation to Oxygen Consumption and Methylmercury Concentration",pre-smolt,,,
1981,Rodgers and Beamish,Can. J. Fish. Aquat. Sci.,6.5,NA,10,,,NA,NA,1.164090369,NA,0.926741957,NA,-0.076080116,1.871802177,Oncorhynchus mykiss,rainbow trout,juvenile,hatchery,NA,10,individual,1.00,NA,NA,NA,0,NA,NA,NA,NA,1,NA,exogenous,fresh,NA,"Uptake of Waterborne Methylmercury by Rainbow Trout (Salmo gairdneri) in
Relation to Oxygen Consumption and Methylmercury Concentration",pre-smolt,,,
1981,Rodgers and Beamish,Can. J. Fish. Aquat. Sci.,6.5,NA,20,,,NA,NA,3.946492271,NA,0.955514722,NA,-0.045505108,1.871802177,Oncorhynchus mykiss,rainbow trout,juvenile,hatchery,NA,20,individual,1.00,NA,NA,NA,0,NA,NA,NA,NA,1,NA,exogenous,fresh,NA,"Uptake of Waterborne Methylmercury by Rainbow Trout (Salmo gairdneri) in
Relation to Oxygen Consumption and Methylmercury Concentration",pre-smolt,,,
1981,Rodgers and Beamish,Can. J. Fish. Aquat. Sci.,6.5,NA,10,,,NA,NA,1.167657551,NA,0.955878145,NA,-0.045124837,1.871802177,Oncorhynchus mykiss,rainbow trout,juvenile,hatchery,NA,10,individual,1.00,NA,NA,NA,0,NA,NA,NA,NA,1,NA,exogenous,fresh,NA,"Uptake of Waterborne Methylmercury by Rainbow Trout (Salmo gairdneri) in
Relation to Oxygen Consumption and Methylmercury Concentration",pre-smolt,,,
1981,Rodgers and Beamish,Can. J. Fish. Aquat. Sci.,6.5,NA,10,,,NA,NA,1.164090369,NA,0.996142017,NA,-0.003865444,1.871802177,Oncorhynchus mykiss,rainbow trout,juvenile,hatchery,NA,10,individual,1.00,NA,NA,NA,0,NA,NA,NA,NA,1,NA,exogenous,fresh,NA,"Uptake of Waterborne Methylmercury by Rainbow Trout (Salmo gairdneri) in
Relation to Oxygen Consumption and Methylmercury Concentration",pre-smolt,,,
1981,Rodgers and Beamish,Can. J. Fish. Aquat. Sci.,6.5,NA,10,,,NA,NA,2.305588585,NA,1.024175808,NA,0.023888199,1.871802177,Oncorhynchus mykiss,rainbow trout,juvenile,hatchery,NA,10,individual,1.00,NA,NA,NA,0,NA,NA,NA,NA,1,NA,exogenous,fresh,NA,"Uptake of Waterborne Methylmercury by Rainbow Trout (Salmo gairdneri) in
Relation to Oxygen Consumption and Methylmercury Concentration",pre-smolt,,,
1981,Rodgers and Beamish,Can. J. Fish. Aquat. Sci.,6.5,NA,10,,,NA,NA,2.234244946,NA,1.048999747,NA,0.047837088,1.871802177,Oncorhynchus mykiss,rainbow trout,juvenile,hatchery,NA,10,individual,1.00,NA,NA,NA,0,NA,NA,NA,NA,1,NA,exogenous,fresh,NA,"Uptake of Waterborne Methylmercury by Rainbow Trout (Salmo gairdneri) in
Relation to Oxygen Consumption and Methylmercury Concentration",pre-smolt,,,
1981,Rodgers and Beamish,Can. J. Fish. Aquat. Sci.,6.5,NA,10,,,NA,NA,3.397146254,NA,1.127871076,NA,0.120331852,1.871802177,Oncorhynchus mykiss,rainbow trout,juvenile,hatchery,NA,10,individual,1.00,NA,NA,NA,0,NA,NA,NA,NA,1,NA,exogenous,fresh,NA,"Uptake of Waterborne Methylmercury by Rainbow Trout (Salmo gairdneri) in
Relation to Oxygen Consumption and Methylmercury Concentration",pre-smolt,,,
1981,Rodgers and Beamish,Can. J. Fish. Aquat. Sci.,6.5,NA,10,,,NA,NA,3.807372176,NA,1.162144426,NA,0.150266942,1.871802177,Oncorhynchus mykiss,rainbow trout,juvenile,hatchery,NA,10,individual,1.00,NA,NA,NA,0,NA,NA,NA,NA,1,NA,exogenous,fresh,NA,"Uptake of Waterborne Methylmercury by Rainbow Trout (Salmo gairdneri) in
Relation to Oxygen Consumption and Methylmercury Concentration",pre-smolt,,,
1981,Rodgers and Beamish,Can. J. Fish. Aquat. Sci.,6.5,NA,10,,,NA,NA,3.575505351,NA,1.229500968,NA,0.20660837,1.871802177,Oncorhynchus mykiss,rainbow trout,juvenile,hatchery,NA,10,individual,1.00,NA,NA,NA,0,NA,NA,NA,NA,1,NA,exogenous,fresh,NA,"Uptake of Waterborne Methylmercury by Rainbow Trout (Salmo gairdneri) in
Relation to Oxygen Consumption and Methylmercury Concentration",pre-smolt,,,
1981,Rodgers and Beamish,Can. J. Fish. Aquat. Sci.,6.5,NA,10,,,NA,NA,2.594530321,NA,1.257333542,NA,0.228993242,1.871802177,Oncorhynchus mykiss,rainbow trout,juvenile,hatchery,NA,10,individual,1.00,NA,NA,NA,0,NA,NA,NA,NA,1,NA,exogenous,fresh,NA,"Uptake of Waterborne Methylmercury by Rainbow Trout (Salmo gairdneri) in
Relation to Oxygen Consumption and Methylmercury Concentration",pre-smolt,,,
1981,Rodgers and Beamish,Can. J. Fish. Aquat. Sci.,6.5,NA,10,,,NA,NA,4.067776457,NA,1.311370098,NA,0.271072467,1.871802177,Oncorhynchus mykiss,rainbow trout,juvenile,hatchery,NA,10,individual,1.00,NA,NA,NA,0,NA,NA,NA,NA,1,NA,exogenous,fresh,NA,"Uptake of Waterborne Methylmercury by Rainbow Trout (Salmo gairdneri) in
Relation to Oxygen Consumption and Methylmercury Concentration",pre-smolt,,,
1981,Rodgers and Beamish,Can. J. Fish. Aquat. Sci.,6.5,NA,10,,,NA,NA,2.451843044,NA,1.355813132,NA,0.304401372,1.871802177,Oncorhynchus mykiss,rainbow trout,juvenile,hatchery,NA,10,individual,1.00,NA,NA,NA,0,NA,NA,NA,NA,1,NA,exogenous,fresh,NA,"Uptake of Waterborne Methylmercury by Rainbow Trout (Salmo gairdneri) in
Relation to Oxygen Consumption and Methylmercury Concentration",pre-smolt,,,
1981,Rodgers and Beamish,Can. J. Fish. Aquat. Sci.,6.5,NA,10,,,NA,NA,3.664684899,NA,1.358643436,NA,0.306486728,1.871802177,Oncorhynchus mykiss,rainbow trout,juvenile,hatchery,NA,10,individual,1.00,NA,NA,NA,0,NA,NA,NA,NA,1,NA,exogenous,fresh,NA,"Uptake of Waterborne Methylmercury by Rainbow Trout (Salmo gairdneri) in
Relation to Oxygen Consumption and Methylmercury Concentration",pre-smolt,,,
1981,Rodgers and Beamish,Can. J. Fish. Aquat. Sci.,6.5,NA,10,,,NA,NA,2.458977408,NA,1.393646913,NA,0.33192399,1.871802177,Oncorhynchus mykiss,rainbow trout,juvenile,hatchery,NA,10,individual,1.00,NA,NA,NA,0,NA,NA,NA,NA,1,NA,exogenous,fresh,NA,"Uptake of Waterborne Methylmercury by Rainbow Trout (Salmo gairdneri) in
Relation to Oxygen Consumption and Methylmercury Concentration",pre-smolt,,,
1981,Rodgers and Beamish,Can. J. Fish. Aquat. Sci.,6.5,NA,10,,,NA,NA,2.455410226,NA,1.442396254,NA,0.366305796,1.871802177,Oncorhynchus mykiss,rainbow trout,juvenile,hatchery,NA,10,individual,1.00,NA,NA,NA,0,NA,NA,NA,NA,1,NA,exogenous,fresh,NA,"Uptake of Waterborne Methylmercury by Rainbow Trout (Salmo gairdneri) in
Relation to Oxygen Consumption and Methylmercury Concentration",pre-smolt,,,
1981,Rodgers and Beamish,Can. J. Fish. Aquat. Sci.,6.5,NA,10,,,NA,NA,3.768133175,NA,1.445655551,NA,0.368562887,1.871802177,Oncorhynchus mykiss,rainbow trout,juvenile,hatchery,NA,10,individual,1.00,NA,NA,NA,0,NA,NA,NA,NA,1,NA,exogenous,fresh,NA,"Uptake of Waterborne Methylmercury by Rainbow Trout (Salmo gairdneri) in
Relation to Oxygen Consumption and Methylmercury Concentration",pre-smolt,,,
1981,Rodgers and Beamish,Can. J. Fish. Aquat. Sci.,6.5,NA,10,,,NA,NA,3.568370987,NA,1.455132562,NA,0.375097005,1.871802177,Oncorhynchus mykiss,rainbow trout,juvenile,hatchery,NA,10,individual,1.00,NA,NA,NA,0,NA,NA,NA,NA,1,NA,exogenous,fresh,NA,"Uptake of Waterborne Methylmercury by Rainbow Trout (Salmo gairdneri) in
Relation to Oxygen Consumption and Methylmercury Concentration",pre-smolt,,,
1981,Rodgers and Beamish,Can. J. Fish. Aquat. Sci.,6.5,NA,10,,,NA,NA,4.931034483,NA,1.476206679,NA,0.389475743,1.871802177,Oncorhynchus mykiss,rainbow trout,juvenile,hatchery,NA,10,individual,1.00,NA,NA,NA,0,NA,NA,NA,NA,1,NA,exogenous,fresh,NA,"Uptake of Waterborne Methylmercury by Rainbow Trout (Salmo gairdneri) in
Relation to Oxygen Consumption and Methylmercury Concentration",pre-smolt,,,
1981,Rodgers and Beamish,Can. J. Fish. Aquat. Sci.,6.5,NA,10,,,NA,NA,3.625445898,NA,1.513978977,NA,0.414741269,1.871802177,Oncorhynchus mykiss,rainbow trout,juvenile,hatchery,NA,10,individual,1.00,NA,NA,NA,0,NA,NA,NA,NA,1,NA,exogenous,fresh,NA,"Uptake of Waterborne Methylmercury by Rainbow Trout (Salmo gairdneri) in
Relation to Oxygen Consumption and Methylmercury Concentration",pre-smolt,,,
1981,Rodgers and Beamish,Can. J. Fish. Aquat. Sci.,6.5,NA,20,,,NA,NA,3.661117717,NA,1.556302716,NA,0.442312954,1.871802177,Oncorhynchus mykiss,rainbow trout,juvenile,hatchery,NA,20,individual,1.00,NA,NA,NA,0,NA,NA,NA,NA,1,NA,exogenous,fresh,NA,"Uptake of Waterborne Methylmercury by Rainbow Trout (Salmo gairdneri) in
Relation to Oxygen Consumption and Methylmercury Concentration",pre-smolt,,,
1981,Rodgers and Beamish,Can. J. Fish. Aquat. Sci.,6.5,NA,20,,,NA,NA,3.589774078,NA,1.561472178,NA,0.44562908,1.871802177,Oncorhynchus mykiss,rainbow trout,juvenile,hatchery,NA,20,individual,1.00,NA,NA,NA,0,NA,NA,NA,NA,1,NA,exogenous,fresh,NA,"Uptake of Waterborne Methylmercury by Rainbow Trout (Salmo gairdneri) in
Relation to Oxygen Consumption and Methylmercury Concentration",pre-smolt,,,
1981,Rodgers and Beamish,Can. J. Fish. Aquat. Sci.,6.5,NA,10,,,NA,NA,4.310344828,NA,1.596000466,NA,0.467500791,1.871802177,Oncorhynchus mykiss,rainbow trout,juvenile,hatchery,NA,10,individual,1.00,NA,NA,NA,0,NA,NA,NA,NA,1,NA,exogenous,fresh,NA,"Uptake of Waterborne Methylmercury by Rainbow Trout (Salmo gairdneri) in
Relation to Oxygen Consumption and Methylmercury Concentration",pre-smolt,,,
1981,Rodgers and Beamish,Can. J. Fish. Aquat. Sci.,6.5,NA,10,,,NA,NA,2.776456599,NA,1.624981111,NA,0.485496191,1.871802177,Oncorhynchus mykiss,rainbow trout,juvenile,hatchery,NA,10,individual,1.00,NA,NA,NA,0,NA,NA,NA,NA,1,NA,exogenous,fresh,NA,"Uptake of Waterborne Methylmercury by Rainbow Trout (Salmo gairdneri) in
Relation to Oxygen Consumption and Methylmercury Concentration",pre-smolt,,,
1981,Rodgers and Beamish,Can. J. Fish. Aquat. Sci.,6.5,NA,10,,,NA,NA,5.330558859,NA,1.632132933,NA,0.489887707,1.871802177,Oncorhynchus mykiss,rainbow trout,juvenile,hatchery,NA,10,individual,1.00,NA,NA,NA,0,NA,NA,NA,NA,1,NA,exogenous,fresh,NA,"Uptake of Waterborne Methylmercury by Rainbow Trout (Salmo gairdneri) in
Relation to Oxygen Consumption and Methylmercury Concentration",pre-smolt,,,
1981,Rodgers and Beamish,Can. J. Fish. Aquat. Sci.,6.5,NA,10,,,NA,NA,3.571938169,NA,1.663986285,NA,0.5092161,1.871802177,Oncorhynchus mykiss,rainbow trout,juvenile,hatchery,NA,10,individual,1.00,NA,NA,NA,0,NA,NA,NA,NA,1,NA,exogenous,fresh,NA,"Uptake of Waterborne Methylmercury by Rainbow Trout (Salmo gairdneri) in
Relation to Oxygen Consumption and Methylmercury Concentration",pre-smolt,,,
1981,Rodgers and Beamish,Can. J. Fish. Aquat. Sci.,6.5,NA,10,,,NA,NA,4.567181926,NA,1.67545624,NA,0.51608551,1.871802177,Oncorhynchus mykiss,rainbow trout,juvenile,hatchery,NA,10,individual,1.00,NA,NA,NA,0,NA,NA,NA,NA,1,NA,exogenous,fresh,NA,"Uptake of Waterborne Methylmercury by Rainbow Trout (Salmo gairdneri) in
Relation to Oxygen Consumption and Methylmercury Concentration",pre-smolt,,,
1981,Rodgers and Beamish,Can. J. Fish. Aquat. Sci.,6.5,NA,10,,,NA,NA,2.765755054,NA,1.687595145,NA,0.523304524,1.871802177,Oncorhynchus mykiss,rainbow trout,juvenile,hatchery,NA,10,individual,1.00,NA,NA,NA,0,NA,NA,NA,NA,1,NA,exogenous,fresh,NA,"Uptake of Waterborne Methylmercury by Rainbow Trout (Salmo gairdneri) in
Relation to Oxygen Consumption and Methylmercury Concentration",pre-smolt,,,
1981,Rodgers and Beamish,Can. J. Fish. Aquat. Sci.,6.5,NA,10,,,NA,NA,3.61117717,NA,1.704642012,NA,0.533355125,1.871802177,Oncorhynchus mykiss,rainbow trout,juvenile,hatchery,NA,10,individual,1.00,NA,NA,NA,0,NA,NA,NA,NA,1,NA,exogenous,fresh,NA,"Uptake of Waterborne Methylmercury by Rainbow Trout (Salmo gairdneri) in
Relation to Oxygen Consumption and Methylmercury Concentration",pre-smolt,,,
1981,Rodgers and Beamish,Can. J. Fish. Aquat. Sci.,6.5,NA,10,,,NA,NA,4.253269917,NA,1.718302226,NA,0.541336725,1.871802177,Oncorhynchus mykiss,rainbow trout,juvenile,hatchery,NA,10,individual,1.00,NA,NA,NA,0,NA,NA,NA,NA,1,NA,exogenous,fresh,NA,"Uptake of Waterborne Methylmercury by Rainbow Trout (Salmo gairdneri) in
Relation to Oxygen Consumption and Methylmercury Concentration",pre-smolt,,,
1981,Rodgers and Beamish,Can. J. Fish. Aquat. Sci.,6.5,NA,10,,,NA,NA,4.189060642,NA,1.729969731,NA,0.548103912,1.871802177,Oncorhynchus mykiss,rainbow trout,juvenile,hatchery,NA,10,individual,1.00,NA,NA,NA,0,NA,NA,NA,NA,1,NA,exogenous,fresh,NA,"Uptake of Waterborne Methylmercury by Rainbow Trout (Salmo gairdneri) in
Relation to Oxygen Consumption and Methylmercury Concentration",pre-smolt,,,
1981,Rodgers and Beamish,Can. J. Fish. Aquat. Sci.,6.5,NA,20,,,NA,NA,2.180737218,NA,1.74788412,NA,0.558405982,1.871802177,Oncorhynchus mykiss,rainbow trout,juvenile,hatchery,NA,20,individual,1.00,NA,NA,NA,0,NA,NA,NA,NA,1,NA,exogenous,fresh,NA,"Uptake of Waterborne Methylmercury by Rainbow Trout (Salmo gairdneri) in
Relation to Oxygen Consumption and Methylmercury Concentration",pre-smolt,,,
1981,Rodgers and Beamish,Can. J. Fish. Aquat. Sci.,6.5,NA,10,,,NA,NA,5.187871581,NA,1.747905561,NA,0.558418249,1.871802177,Oncorhynchus mykiss,rainbow trout,juvenile,hatchery,NA,10,individual,1.00,NA,NA,NA,0,NA,NA,NA,NA,1,NA,exogenous,fresh,NA,"Uptake of Waterborne Methylmercury by Rainbow Trout (Salmo gairdneri) in
Relation to Oxygen Consumption and Methylmercury Concentration",pre-smolt,,,
1981,Rodgers and Beamish,Can. J. Fish. Aquat. Sci.,6.5,NA,20,,,NA,NA,1.927467301,NA,1.762207872,NA,0.566567496,1.871802177,Oncorhynchus mykiss,rainbow trout,juvenile,hatchery,NA,20,individual,1.00,NA,NA,NA,0,NA,NA,NA,NA,1,NA,exogenous,fresh,NA,"Uptake of Waterborne Methylmercury by Rainbow Trout (Salmo gairdneri) in
Relation to Oxygen Consumption and Methylmercury Concentration",pre-smolt,,,
1981,Rodgers and Beamish,Can. J. Fish. Aquat. Sci.,6.5,NA,20,,,NA,NA,1.991676576,NA,1.762402433,NA,0.566677897,1.871802177,Oncorhynchus mykiss,rainbow trout,juvenile,hatchery,NA,20,individual,1.00,NA,NA,NA,0,NA,NA,NA,NA,1,NA,exogenous,fresh,NA,"Uptake of Waterborne Methylmercury by Rainbow Trout (Salmo gairdneri) in
Relation to Oxygen Consumption and Methylmercury Concentration",pre-smolt,,,
1981,Rodgers and Beamish,Can. J. Fish. Aquat. Sci.,6.5,NA,20,,,NA,NA,3.400713436,NA,1.772763067,NA,0.572539384,1.871802177,Oncorhynchus mykiss,rainbow trout,juvenile,hatchery,NA,20,individual,1.00,NA,NA,NA,0,NA,NA,NA,NA,1,NA,exogenous,fresh,NA,"Uptake of Waterborne Methylmercury by Rainbow Trout (Salmo gairdneri) in
Relation to Oxygen Consumption and Methylmercury Concentration",pre-smolt,,,
1981,Rodgers and Beamish,Can. J. Fish. Aquat. Sci.,6.5,NA,20,,,NA,NA,3.161712247,NA,1.827735176,NA,0.603077592,1.871802177,Oncorhynchus mykiss,rainbow trout,juvenile,hatchery,NA,20,individual,1.00,NA,NA,NA,0,NA,NA,NA,NA,1,NA,exogenous,fresh,NA,"Uptake of Waterborne Methylmercury by Rainbow Trout (Salmo gairdneri) in
Relation to Oxygen Consumption and Methylmercury Concentration",pre-smolt,,,
1981,Rodgers and Beamish,Can. J. Fish. Aquat. Sci.,6.5,NA,10,,,NA,NA,5.177170036,NA,1.83723617,NA,0.608262361,1.871802177,Oncorhynchus mykiss,rainbow trout,juvenile,hatchery,NA,10,individual,1.00,NA,NA,NA,0,NA,NA,NA,NA,1,NA,exogenous,fresh,NA,"Uptake of Waterborne Methylmercury by Rainbow Trout (Salmo gairdneri) in
Relation to Oxygen Consumption and Methylmercury Concentration",pre-smolt,,,
1981,Rodgers and Beamish,Can. J. Fish. Aquat. Sci.,6.5,NA,10,,,NA,NA,2.765755054,NA,1.848607333,NA,0.614432563,1.871802177,Oncorhynchus mykiss,rainbow trout,juvenile,hatchery,NA,10,individual,1.00,NA,NA,NA,0,NA,NA,NA,NA,1,NA,exogenous,fresh,NA,"Uptake of Waterborne Methylmercury by Rainbow Trout (Salmo gairdneri) in
Relation to Oxygen Consumption and Methylmercury Concentration",pre-smolt,,,
1981,Rodgers and Beamish,Can. J. Fish. Aquat. Sci.,6.5,NA,20,,,NA,NA,4.970273484,NA,1.881328508,NA,0.631978181,1.871802177,Oncorhynchus mykiss,rainbow trout,juvenile,hatchery,NA,20,individual,1.00,NA,NA,NA,0,NA,NA,NA,NA,1,NA,exogenous,fresh,NA,"Uptake of Waterborne Methylmercury by Rainbow Trout (Salmo gairdneri) in
Relation to Oxygen Consumption and Methylmercury Concentration",pre-smolt,,,
1981,Rodgers and Beamish,Can. J. Fish. Aquat. Sci.,6.5,NA,20,,,NA,NA,2.669441141,NA,1.942798525,NA,0.664129473,1.871802177,Oncorhynchus mykiss,rainbow trout,juvenile,hatchery,NA,20,individual,1.00,NA,NA,NA,0,NA,NA,NA,NA,1,NA,exogenous,fresh,NA,"Uptake of Waterborne Methylmercury by Rainbow Trout (Salmo gairdneri) in
Relation to Oxygen Consumption and Methylmercury Concentration",pre-smolt,,,
1981,Rodgers and Beamish,Can. J. Fish. Aquat. Sci.,6.5,NA,20,,,NA,NA,5.112960761,NA,1.984813236,NA,0.685524822,1.871802177,Oncorhynchus mykiss,rainbow trout,juvenile,hatchery,NA,20,individual,1.00,NA,NA,NA,0,NA,NA,NA,NA,1,NA,exogenous,fresh,NA,"Uptake of Waterborne Methylmercury by Rainbow Trout (Salmo gairdneri) in
Relation to Oxygen Consumption and Methylmercury Concentration",pre-smolt,,,
1981,Rodgers and Beamish,Can. J. Fish. Aquat. Sci.,6.5,NA,10,,,NA,NA,4.128418549,NA,1.995130758,NA,0.690709591,1.871802177,Oncorhynchus mykiss,rainbow trout,juvenile,hatchery,NA,10,individual,1.00,NA,NA,NA,0,NA,NA,NA,NA,1,NA,exogenous,fresh,NA,"Uptake of Waterborne Methylmercury by Rainbow Trout (Salmo gairdneri) in
Relation to Oxygen Consumption and Methylmercury Concentration",pre-smolt,,,
1981,Rodgers and Beamish,Can. J. Fish. Aquat. Sci.,6.5,NA,20,,,NA,NA,1.756242568,NA,2.038923216,NA,0.712421833,1.871802177,Oncorhynchus mykiss,rainbow trout,juvenile,hatchery,NA,20,individual,1.00,NA,NA,NA,0,NA,NA,NA,NA,1,NA,exogenous,fresh,NA,"Uptake of Waterborne Methylmercury by Rainbow Trout (Salmo gairdneri) in
Relation to Oxygen Consumption and Methylmercury Concentration",pre-smolt,,,
1981,Rodgers and Beamish,Can. J. Fish. Aquat. Sci.,6.5,NA,20,,,NA,NA,2.601664685,NA,2.059518946,NA,0.722472434,1.871802177,Oncorhynchus mykiss,rainbow trout,juvenile,hatchery,NA,20,individual,1.00,NA,NA,NA,0,NA,NA,NA,NA,1,NA,exogenous,fresh,NA,"Uptake of Waterborne Methylmercury by Rainbow Trout (Salmo gairdneri) in
Relation to Oxygen Consumption and Methylmercury Concentration",pre-smolt,,,
1981,Rodgers and Beamish,Can. J. Fish. Aquat. Sci.,6.5,NA,10,,,NA,NA,3.01902497,NA,2.07522095,NA,0.73006763,1.871802177,Oncorhynchus mykiss,rainbow trout,juvenile,hatchery,NA,10,individual,1.00,NA,NA,NA,0,NA,NA,NA,NA,1,NA,exogenous,fresh,NA,"Uptake of Waterborne Methylmercury by Rainbow Trout (Salmo gairdneri) in
Relation to Oxygen Consumption and Methylmercury Concentration",pre-smolt,,,
1981,Rodgers and Beamish,Can. J. Fish. Aquat. Sci.,6.5,NA,20,,,NA,NA,2.437574316,NA,2.080288695,NA,0.73250668,1.871802177,Oncorhynchus mykiss,rainbow trout,juvenile,hatchery,NA,20,individual,1.00,NA,NA,NA,0,NA,NA,NA,NA,1,NA,exogenous,fresh,NA,"Uptake of Waterborne Methylmercury by Rainbow Trout (Salmo gairdneri) in
Relation to Oxygen Consumption and Methylmercury Concentration",pre-smolt,,,
1981,Rodgers and Beamish,Can. J. Fish. Aquat. Sci.,6.5,NA,20,,,NA,NA,3.764565993,NA,2.128507582,NA,0.755421068,1.871802177,Oncorhynchus mykiss,rainbow trout,juvenile,hatchery,NA,20,individual,1.00,NA,NA,NA,0,NA,NA,NA,NA,1,NA,exogenous,fresh,NA,"Uptake of Waterborne Methylmercury by Rainbow Trout (Salmo gairdneri) in
Relation to Oxygen Consumption and Methylmercury Concentration",pre-smolt,,,
1981,Rodgers and Beamish,Can. J. Fish. Aquat. Sci.,6.5,NA,20,,,NA,NA,2.612366231,NA,2.135280822,NA,0.758598171,1.871802177,Oncorhynchus mykiss,rainbow trout,juvenile,hatchery,NA,20,individual,1.00,NA,NA,NA,0,NA,NA,NA,NA,1,NA,exogenous,fresh,NA,"Uptake of Waterborne Methylmercury by Rainbow Trout (Salmo gairdneri) in
Relation to Oxygen Consumption and Methylmercury Concentration",pre-smolt,,,
1981,Rodgers and Beamish,Can. J. Fish. Aquat. Sci.,6.5,NA,20,,,NA,NA,3.568370987,NA,2.13879358,NA,0.760241922,1.871802177,Oncorhynchus mykiss,rainbow trout,juvenile,hatchery,NA,20,individual,1.00,NA,NA,NA,0,NA,NA,NA,NA,1,NA,exogenous,fresh,NA,"Uptake of Waterborne Methylmercury by Rainbow Trout (Salmo gairdneri) in
Relation to Oxygen Consumption and Methylmercury Concentration",pre-smolt,,,
1981,Rodgers and Beamish,Can. J. Fish. Aquat. Sci.,6.5,NA,20,,,NA,NA,3.083234245,NA,2.162886254,NA,0.771443558,1.871802177,Oncorhynchus mykiss,rainbow trout,juvenile,hatchery,NA,20,individual,1.00,NA,NA,NA,0,NA,NA,NA,NA,1,NA,exogenous,fresh,NA,"Uptake of Waterborne Methylmercury by Rainbow Trout (Salmo gairdneri) in
Relation to Oxygen Consumption and Methylmercury Concentration",pre-smolt,,,
1981,Rodgers and Beamish,Can. J. Fish. Aquat. Sci.,6.5,NA,10,,,NA,NA,5.705112961,NA,2.168926211,NA,0.774232212,1.871802177,Oncorhynchus mykiss,rainbow trout,juvenile,hatchery,NA,10,individual,1.00,NA,NA,NA,0,NA,NA,NA,NA,1,NA,exogenous,fresh,NA,"Uptake of Waterborne Methylmercury by Rainbow Trout (Salmo gairdneri) in
Relation to Oxygen Consumption and Methylmercury Concentration",pre-smolt,,,
1981,Rodgers and Beamish,Can. J. Fish. Aquat. Sci.,6.5,NA,20,,,NA,NA,2.565992866,NA,2.175877002,NA,0.777431803,1.871802177,Oncorhynchus mykiss,rainbow trout,juvenile,hatchery,NA,20,individual,1.00,NA,NA,NA,0,NA,NA,NA,NA,1,NA,exogenous,fresh,NA,"Uptake of Waterborne Methylmercury by Rainbow Trout (Salmo gairdneri) in
Relation to Oxygen Consumption and Methylmercury Concentration",pre-smolt,,,
1981,Rodgers and Beamish,Can. J. Fish. Aquat. Sci.,6.5,NA,10,,,NA,NA,5.25921522,NA,2.185976241,NA,0.782062521,1.871802177,Oncorhynchus mykiss,rainbow trout,juvenile,hatchery,NA,10,individual,1.00,NA,NA,NA,0,NA,NA,NA,NA,1,NA,exogenous,fresh,NA,"Uptake of Waterborne Methylmercury by Rainbow Trout (Salmo gairdneri) in
Relation to Oxygen Consumption and Methylmercury Concentration",pre-smolt,,,
1981,Rodgers and Beamish,Can. J. Fish. Aquat. Sci.,6.5,NA,10,,,NA,NA,5.615933413,NA,2.1873174,NA,0.782675861,1.871802177,Oncorhynchus mykiss,rainbow trout,juvenile,hatchery,NA,10,individual,1.00,NA,NA,NA,0,NA,NA,NA,NA,1,NA,exogenous,fresh,NA,"Uptake of Waterborne Methylmercury by Rainbow Trout (Salmo gairdneri) in
Relation to Oxygen Consumption and Methylmercury Concentration",pre-smolt,,,
1981,Rodgers and Beamish,Can. J. Fish. Aquat. Sci.,6.5,NA,20,,,NA,NA,2.455410226,NA,2.228465484,NA,0.801313225,1.871802177,Oncorhynchus mykiss,rainbow trout,juvenile,hatchery,NA,20,individual,1.00,NA,NA,NA,0,NA,NA,NA,NA,1,NA,exogenous,fresh,NA,"Uptake of Waterborne Methylmercury by Rainbow Trout (Salmo gairdneri) in
Relation to Oxygen Consumption and Methylmercury Concentration",pre-smolt,,,
1981,Rodgers and Beamish,Can. J. Fish. Aquat. Sci.,6.5,NA,20,,,NA,NA,2.330558859,NA,2.247223694,NA,0.80969554,1.871802177,Oncorhynchus mykiss,rainbow trout,juvenile,hatchery,NA,20,individual,1.00,NA,NA,NA,0,NA,NA,NA,NA,1,NA,exogenous,fresh,NA,"Uptake of Waterborne Methylmercury by Rainbow Trout (Salmo gairdneri) in
Relation to Oxygen Consumption and Methylmercury Concentration",pre-smolt,,,
1981,Rodgers and Beamish,Can. J. Fish. Aquat. Sci.,6.5,NA,20,,,NA,NA,3.753864447,NA,2.31158566,NA,0.837933722,1.871802177,Oncorhynchus mykiss,rainbow trout,juvenile,hatchery,NA,20,individual,1.00,NA,NA,NA,0,NA,NA,NA,NA,1,NA,exogenous,fresh,NA,"Uptake of Waterborne Methylmercury by Rainbow Trout (Salmo gairdneri) in
Relation to Oxygen Consumption and Methylmercury Concentration",pre-smolt,,,
1985,Wieser et al.,J. Comp. Physiol. B,6.5,NA,20,,,0,NA,0,NA,2.3504,NA,0.854585526,1.871802177,Oncorhynchus mykiss,rainbow trout,fry,hatchery,NA,8,mean,4.00,NA,NA,NA,NA,NA,NA,NA,NA,1,NA,exogenous,fresh,NA,,pre-smolt,,,
1981,Rodgers and Beamish,Can. J. Fish. Aquat. Sci.,6.5,NA,10,,,NA,NA,5.972651605,NA,2.360663367,NA,0.858942667,1.871802177,Oncorhynchus mykiss,rainbow trout,juvenile,hatchery,NA,10,individual,1.00,NA,NA,NA,0,NA,NA,NA,NA,1,NA,exogenous,fresh,NA,"Uptake of Waterborne Methylmercury by Rainbow Trout (Salmo gairdneri) in
Relation to Oxygen Consumption and Methylmercury Concentration",pre-smolt,,,
1981,Rodgers and Beamish,Can. J. Fish. Aquat. Sci.,6.5,NA,20,,,NA,NA,3.800237812,NA,2.459386052,NA,0.899911746,1.871802177,Oncorhynchus mykiss,rainbow trout,juvenile,hatchery,NA,20,individual,1.00,NA,NA,NA,0,NA,NA,NA,NA,1,NA,exogenous,fresh,NA,"Uptake of Waterborne Methylmercury by Rainbow Trout (Salmo gairdneri) in
Relation to Oxygen Consumption and Methylmercury Concentration",pre-smolt,,,
1981,Rodgers and Beamish,Can. J. Fish. Aquat. Sci.,6.5,NA,20,,,NA,NA,3.022592152,NA,2.468801612,NA,0.903732856,1.871802177,Oncorhynchus mykiss,rainbow trout,juvenile,hatchery,NA,20,individual,1.00,NA,NA,NA,0,NA,NA,NA,NA,1,NA,exogenous,fresh,NA,"Uptake of Waterborne Methylmercury by Rainbow Trout (Salmo gairdneri) in
Relation to Oxygen Consumption and Methylmercury Concentration",pre-smolt,,,
1981,Rodgers and Beamish,Can. J. Fish. Aquat. Sci.,6.5,NA,20,,,NA,NA,2.441141498,NA,2.530771168,NA,0.928524066,1.871802177,Oncorhynchus mykiss,rainbow trout,juvenile,hatchery,NA,20,individual,1.00,NA,NA,NA,0,NA,NA,NA,NA,1,NA,exogenous,fresh,NA,"Uptake of Waterborne Methylmercury by Rainbow Trout (Salmo gairdneri) in
Relation to Oxygen Consumption and Methylmercury Concentration",pre-smolt,,,
1981,Rodgers and Beamish,Can. J. Fish. Aquat. Sci.,6.5,NA,10,,,NA,NA,5.965517241,NA,2.546153697,NA,0.934583867,1.871802177,Oncorhynchus mykiss,rainbow trout,juvenile,hatchery,NA,10,individual,1.00,NA,NA,NA,0,NA,NA,NA,NA,1,NA,exogenous,fresh,NA,"Uptake of Waterborne Methylmercury by Rainbow Trout (Salmo gairdneri) in
Relation to Oxygen Consumption and Methylmercury Concentration",pre-smolt,,,
1981,Rodgers and Beamish,Can. J. Fish. Aquat. Sci.,6.5,NA,20,,,NA,NA,2.787158145,NA,2.625381822,NA,0.965226342,1.871802177,Oncorhynchus mykiss,rainbow trout,juvenile,hatchery,NA,20,individual,1.00,NA,NA,NA,0,NA,NA,NA,NA,1,NA,exogenous,fresh,NA,"Uptake of Waterborne Methylmercury by Rainbow Trout (Salmo gairdneri) in
Relation to Oxygen Consumption and Methylmercury Concentration",pre-smolt,,,
1981,Rodgers and Beamish,Can. J. Fish. Aquat. Sci.,6.5,NA,20,,,NA,NA,4.082045184,NA,2.635761576,NA,0.969172163,1.871802177,Oncorhynchus mykiss,rainbow trout,juvenile,hatchery,NA,20,individual,1.00,NA,NA,NA,0,NA,NA,NA,NA,1,NA,exogenous,fresh,NA,"Uptake of Waterborne Methylmercury by Rainbow Trout (Salmo gairdneri) in
Relation to Oxygen Consumption and Methylmercury Concentration",pre-smolt,,,
1981,Rodgers and Beamish,Can. J. Fish. Aquat. Sci.,6.5,NA,20,,,NA,NA,3.554102259,NA,2.782320029,NA,1.023285122,1.871802177,Oncorhynchus mykiss,rainbow trout,juvenile,hatchery,NA,20,individual,1.00,NA,NA,NA,0,NA,NA,NA,NA,1,NA,exogenous,fresh,NA,"Uptake of Waterborne Methylmercury by Rainbow Trout (Salmo gairdneri) in
Relation to Oxygen Consumption and Methylmercury Concentration",pre-smolt,,,
1981,Rodgers and Beamish,Can. J. Fish. Aquat. Sci.,6.5,NA,20,,,NA,NA,5.466111772,NA,2.810746801,NA,1.033450214,1.871802177,Oncorhynchus mykiss,rainbow trout,juvenile,hatchery,NA,20,individual,1.00,NA,NA,NA,0,NA,NA,NA,NA,1,NA,exogenous,fresh,NA,"Uptake of Waterborne Methylmercury by Rainbow Trout (Salmo gairdneri) in
Relation to Oxygen Consumption and Methylmercury Concentration",pre-smolt,,,
1981,Rodgers and Beamish,Can. J. Fish. Aquat. Sci.,6.5,NA,20,,,NA,NA,2.897740785,NA,2.827380165,NA,1.039350546,1.871802177,Oncorhynchus mykiss,rainbow trout,juvenile,hatchery,NA,20,individual,1.00,NA,NA,NA,0,NA,NA,NA,NA,1,NA,exogenous,fresh,NA,"Uptake of Waterborne Methylmercury by Rainbow Trout (Salmo gairdneri) in
Relation to Oxygen Consumption and Methylmercury Concentration",pre-smolt,,,
1981,Rodgers and Beamish,Can. J. Fish. Aquat. Sci.,6.5,NA,20,,,NA,NA,5.612366231,NA,2.830856372,NA,1.040579271,1.871802177,Oncorhynchus mykiss,rainbow trout,juvenile,hatchery,NA,20,individual,1.00,NA,NA,NA,0,NA,NA,NA,NA,1,NA,exogenous,fresh,NA,"Uptake of Waterborne Methylmercury by Rainbow Trout (Salmo gairdneri) in
Relation to Oxygen Consumption and Methylmercury Concentration",pre-smolt,,,
1981,Rodgers and Beamish,Can. J. Fish. Aquat. Sci.,6.5,NA,20,,,NA,NA,4.142687277,NA,2.882578116,NA,1.058685073,1.871802177,Oncorhynchus mykiss,rainbow trout,juvenile,hatchery,NA,20,individual,1.00,NA,NA,NA,0,NA,NA,NA,NA,1,NA,exogenous,fresh,NA,"Uptake of Waterborne Methylmercury by Rainbow Trout (Salmo gairdneri) in
Relation to Oxygen Consumption and Methylmercury Concentration",pre-smolt,,,
1981,Rodgers and Beamish,Can. J. Fish. Aquat. Sci.,6.5,NA,20,,,NA,NA,6.910820452,NA,2.90131473,NA,1.065163989,1.871802177,Oncorhynchus mykiss,rainbow trout,juvenile,hatchery,NA,20,individual,1.00,NA,NA,NA,0,NA,NA,NA,NA,1,NA,exogenous,fresh,NA,"Uptake of Waterborne Methylmercury by Rainbow Trout (Salmo gairdneri) in
Relation to Oxygen Consumption and Methylmercury Concentration",pre-smolt,,,
1981,Rodgers and Beamish,Can. J. Fish. Aquat. Sci.,6.5,NA,20,,,NA,NA,4.560047562,NA,2.924600401,NA,1.073157856,1.871802177,Oncorhynchus mykiss,rainbow trout,juvenile,hatchery,NA,20,individual,1.00,NA,NA,NA,0,NA,NA,NA,NA,1,NA,exogenous,fresh,NA,"Uptake of Waterborne Methylmercury by Rainbow Trout (Salmo gairdneri) in
Relation to Oxygen Consumption and Methylmercury Concentration",pre-smolt,,,
1981,Rodgers and Beamish,Can. J. Fish. Aquat. Sci.,6.5,NA,20,,,NA,NA,5.177170036,NA,3.040572037,NA,1.112045668,1.871802177,Oncorhynchus mykiss,rainbow trout,juvenile,hatchery,NA,20,individual,1.00,NA,NA,NA,0,NA,NA,NA,NA,1,NA,exogenous,fresh,NA,"Uptake of Waterborne Methylmercury by Rainbow Trout (Salmo gairdneri) in
Relation to Oxygen Consumption and Methylmercury Concentration",pre-smolt,,,
1981,Rodgers and Beamish,Can. J. Fish. Aquat. Sci.,6.5,NA,20,,,NA,NA,4.923900119,NA,3.070764576,NA,1.121926578,1.871802177,Oncorhynchus mykiss,rainbow trout,juvenile,hatchery,NA,20,individual,1.00,NA,NA,NA,0,NA,NA,NA,NA,1,NA,exogenous,fresh,NA,"Uptake of Waterborne Methylmercury by Rainbow Trout (Salmo gairdneri) in
Relation to Oxygen Consumption and Methylmercury Concentration",pre-smolt,,,
1981,Rodgers and Beamish,Can. J. Fish. Aquat. Sci.,6.5,NA,20,,,NA,NA,3.511296076,NA,3.073867513,NA,1.122936545,1.871802177,Oncorhynchus mykiss,rainbow trout,juvenile,hatchery,NA,20,individual,1.00,NA,NA,NA,0,NA,NA,NA,NA,1,NA,exogenous,fresh,NA,"Uptake of Waterborne Methylmercury by Rainbow Trout (Salmo gairdneri) in
Relation to Oxygen Consumption and Methylmercury Concentration",pre-smolt,,,
1981,Rodgers and Beamish,Can. J. Fish. Aquat. Sci.,6.5,NA,20,,,NA,NA,4.988109394,NA,3.156763616,NA,1.149547331,1.871802177,Oncorhynchus mykiss,rainbow trout,juvenile,hatchery,NA,20,individual,1.00,NA,NA,NA,0,NA,NA,NA,NA,1,NA,exogenous,fresh,NA,"Uptake of Waterborne Methylmercury by Rainbow Trout (Salmo gairdneri) in
Relation to Oxygen Consumption and Methylmercury Concentration",pre-smolt,,,
1981,Rodgers and Beamish,Can. J. Fish. Aquat. Sci.,6.5,NA,10,,,NA,NA,5.979785969,NA,3.21146426,NA,1.166726989,1.871802177,Oncorhynchus mykiss,rainbow trout,juvenile,hatchery,NA,10,individual,1.00,NA,NA,NA,0,NA,NA,NA,NA,1,NA,exogenous,fresh,NA,"Uptake of Waterborne Methylmercury by Rainbow Trout (Salmo gairdneri) in
Relation to Oxygen Consumption and Methylmercury Concentration",pre-smolt,,,
1981,Rodgers and Beamish,Can. J. Fish. Aquat. Sci.,6.5,NA,20,,,NA,NA,2.961950059,NA,3.227973409,NA,1.171854513,1.871802177,Oncorhynchus mykiss,rainbow trout,juvenile,hatchery,NA,20,individual,1.00,NA,NA,NA,0,NA,NA,NA,NA,1,NA,exogenous,fresh,NA,"Uptake of Waterborne Methylmercury by Rainbow Trout (Salmo gairdneri) in
Relation to Oxygen Consumption and Methylmercury Concentration",pre-smolt,,,
1981,Rodgers and Beamish,Can. J. Fish. Aquat. Sci.,6.5,NA,20,,,NA,NA,4.977407848,NA,3.272768512,NA,1.185636266,1.871802177,Oncorhynchus mykiss,rainbow trout,juvenile,hatchery,NA,20,individual,1.00,NA,NA,NA,0,NA,NA,NA,NA,1,NA,exogenous,fresh,NA,"Uptake of Waterborne Methylmercury by Rainbow Trout (Salmo gairdneri) in
Relation to Oxygen Consumption and Methylmercury Concentration",pre-smolt,,,
1981,Rodgers and Beamish,Can. J. Fish. Aquat. Sci.,6.5,NA,20,,,NA,NA,5.46254459,NA,3.326580773,NA,1.201944982,1.871802177,Oncorhynchus mykiss,rainbow trout,juvenile,hatchery,NA,20,individual,1.00,NA,NA,NA,0,NA,NA,NA,NA,1,NA,exogenous,fresh,NA,"Uptake of Waterborne Methylmercury by Rainbow Trout (Salmo gairdneri) in
Relation to Oxygen Consumption and Methylmercury Concentration",pre-smolt,,,
1981,Rodgers and Beamish,Can. J. Fish. Aquat. Sci.,6.5,NA,20,,,NA,NA,4.970273484,NA,3.398896202,NA,1.223450732,1.871802177,Oncorhynchus mykiss,rainbow trout,juvenile,hatchery,NA,20,individual,1.00,NA,NA,NA,0,NA,NA,NA,NA,1,NA,exogenous,fresh,NA,"Uptake of Waterborne Methylmercury by Rainbow Trout (Salmo gairdneri) in
Relation to Oxygen Consumption and Methylmercury Concentration",pre-smolt,,,
1981,Rodgers and Beamish,Can. J. Fish. Aquat. Sci.,6.5,NA,20,,,NA,NA,4.68489893,NA,3.426560694,NA,1.231557045,1.871802177,Oncorhynchus mykiss,rainbow trout,juvenile,hatchery,NA,20,individual,1.00,NA,NA,NA,0,NA,NA,NA,NA,1,NA,exogenous,fresh,NA,"Uptake of Waterborne Methylmercury by Rainbow Trout (Salmo gairdneri) in
Relation to Oxygen Consumption and Methylmercury Concentration",pre-smolt,,,
1981,Rodgers and Beamish,Can. J. Fish. Aquat. Sci.,6.5,NA,20,,,NA,NA,5.33412604,NA,3.636904183,NA,1.291132821,1.871802177,Oncorhynchus mykiss,rainbow trout,juvenile,hatchery,NA,20,individual,1.00,NA,NA,NA,0,NA,NA,NA,NA,1,NA,exogenous,fresh,NA,"Uptake of Waterborne Methylmercury by Rainbow Trout (Salmo gairdneri) in
Relation to Oxygen Consumption and Methylmercury Concentration",pre-smolt,,,
1981,Rodgers and Beamish,Can. J. Fish. Aquat. Sci.,6.5,NA,20,,,NA,NA,2.498216409,NA,3.637930431,NA,1.291414957,1.871802177,Oncorhynchus mykiss,rainbow trout,juvenile,hatchery,NA,20,individual,1.00,NA,NA,NA,0,NA,NA,NA,NA,1,NA,exogenous,fresh,NA,"Uptake of Waterborne Methylmercury by Rainbow Trout (Salmo gairdneri) in
Relation to Oxygen Consumption and Methylmercury Concentration",pre-smolt,,,
1981,Rodgers and Beamish,Can. J. Fish. Aquat. Sci.,6.5,NA,20,,,NA,NA,4.117717004,NA,3.66694068,NA,1.299357712,1.871802177,Oncorhynchus mykiss,rainbow trout,juvenile,hatchery,NA,20,individual,1.00,NA,NA,NA,0,NA,NA,NA,NA,1,NA,exogenous,fresh,NA,"Uptake of Waterborne Methylmercury by Rainbow Trout (Salmo gairdneri) in
Relation to Oxygen Consumption and Methylmercury Concentration",pre-smolt,,,
1981,Rodgers and Beamish,Can. J. Fish. Aquat. Sci.,6.5,NA,20,,,NA,NA,5.530321046,NA,3.95112841,NA,1.374001211,1.871802177,Oncorhynchus mykiss,rainbow trout,juvenile,hatchery,NA,20,individual,1.00,NA,NA,NA,0,NA,NA,NA,NA,1,NA,exogenous,fresh,NA,"Uptake of Waterborne Methylmercury by Rainbow Trout (Salmo gairdneri) in
Relation to Oxygen Consumption and Methylmercury Concentration",pre-smolt,,,
1981,Rodgers and Beamish,Can. J. Fish. Aquat. Sci.,6.5,NA,20,,,NA,NA,4.799048751,NA,4.219853219,NA,1.439800345,1.871802177,Oncorhynchus mykiss,rainbow trout,juvenile,hatchery,NA,20,individual,1.00,NA,NA,NA,0,NA,NA,NA,NA,1,NA,exogenous,fresh,NA,"Uptake of Waterborne Methylmercury by Rainbow Trout (Salmo gairdneri) in
Relation to Oxygen Consumption and Methylmercury Concentration",pre-smolt,,,
1981,Rodgers and Beamish,Can. J. Fish. Aquat. Sci.,6.5,NA,20,,,NA,NA,4.171224732,NA,4.281037724,NA,1.454195439,1.871802177,Oncorhynchus mykiss,rainbow trout,juvenile,hatchery,NA,20,individual,1.00,NA,NA,NA,0,NA,NA,NA,NA,1,NA,exogenous,fresh,NA,"Uptake of Waterborne Methylmercury by Rainbow Trout (Salmo gairdneri) in
Relation to Oxygen Consumption and Methylmercury Concentration",pre-smolt,,,
1981,Rodgers and Beamish,Can. J. Fish. Aquat. Sci.,6.5,NA,20,,,NA,NA,5.605231867,NA,4.366033959,NA,1.473855036,1.871802177,Oncorhynchus mykiss,rainbow trout,juvenile,hatchery,NA,20,individual,1.00,NA,NA,NA,0,NA,NA,NA,NA,1,NA,exogenous,fresh,NA,"Uptake of Waterborne Methylmercury by Rainbow Trout (Salmo gairdneri) in
Relation to Oxygen Consumption and Methylmercury Concentration",pre-smolt,,,
1981,Rodgers and Beamish,Can. J. Fish. Aquat. Sci.,6.5,NA,20,,,NA,NA,5.180737218,NA,4.554474176,NA,1.516110085,1.871802177,Oncorhynchus mykiss,rainbow trout,juvenile,hatchery,NA,20,individual,1.00,NA,NA,NA,0,NA,NA,NA,NA,1,NA,exogenous,fresh,NA,"Uptake of Waterborne Methylmercury by Rainbow Trout (Salmo gairdneri) in
Relation to Oxygen Consumption and Methylmercury Concentration",pre-smolt,,,
1981,Rodgers and Beamish,Can. J. Fish. Aquat. Sci.,6.5,NA,20,,,NA,NA,4.799048751,NA,4.662376835,NA,1.539525369,1.871802177,Oncorhynchus mykiss,rainbow trout,juvenile,hatchery,NA,20,individual,1.00,NA,NA,NA,0,NA,NA,NA,NA,1,NA,exogenous,fresh,NA,"Uptake of Waterborne Methylmercury by Rainbow Trout (Salmo gairdneri) in
Relation to Oxygen Consumption and Methylmercury Concentration",pre-smolt,,,
1981,Rodgers and Beamish,Can. J. Fish. Aquat. Sci.,6.5,NA,20,,,NA,NA,5.473246136,NA,4.699998405,NA,1.547562169,1.871802177,Oncorhynchus mykiss,rainbow trout,juvenile,hatchery,NA,20,individual,1.00,NA,NA,NA,0,NA,NA,NA,NA,1,NA,exogenous,fresh,NA,"Uptake of Waterborne Methylmercury by Rainbow Trout (Salmo gairdneri) in
Relation to Oxygen Consumption and Methylmercury Concentration",pre-smolt,,,
1981,Rodgers and Beamish,Can. J. Fish. Aquat. Sci.,6.5,NA,20,,,NA,NA,4.467300832,NA,4.716140342,NA,1.550990741,1.871802177,Oncorhynchus mykiss,rainbow trout,juvenile,hatchery,NA,20,individual,1.00,NA,NA,NA,0,NA,NA,NA,NA,1,NA,exogenous,fresh,NA,"Uptake of Waterborne Methylmercury by Rainbow Trout (Salmo gairdneri) in
Relation to Oxygen Consumption and Methylmercury Concentration",pre-smolt,,,
1981,Rodgers and Beamish,Can. J. Fish. Aquat. Sci.,6.5,NA,20,,,NA,NA,4.367419738,NA,4.838525182,NA,1.57660996,1.871802177,Oncorhynchus mykiss,rainbow trout,juvenile,hatchery,NA,20,individual,1.00,NA,NA,NA,0,NA,NA,NA,NA,1,NA,exogenous,fresh,NA,"Uptake of Waterborne Methylmercury by Rainbow Trout (Salmo gairdneri) in
Relation to Oxygen Consumption and Methylmercury Concentration",pre-smolt,,,
1981,Rodgers and Beamish,Can. J. Fish. Aquat. Sci.,6.5,NA,20,,,NA,NA,4.891795482,NA,4.842889613,NA,1.57751157,1.871802177,Oncorhynchus mykiss,rainbow trout,juvenile,hatchery,NA,20,individual,1.00,NA,NA,NA,0,NA,NA,NA,NA,1,NA,exogenous,fresh,NA,"Uptake of Waterborne Methylmercury by Rainbow Trout (Salmo gairdneri) in
Relation to Oxygen Consumption and Methylmercury Concentration",pre-smolt,,,
1981,Rodgers and Beamish,Can. J. Fish. Aquat. Sci.,6.5,NA,20,,,NA,NA,5.326991677,NA,4.93905102,NA,1.597173211,1.871802177,Oncorhynchus mykiss,rainbow trout,juvenile,hatchery,NA,20,individual,1.00,NA,NA,NA,0,NA,NA,NA,NA,1,NA,exogenous,fresh,NA,"Uptake of Waterborne Methylmercury by Rainbow Trout (Salmo gairdneri) in
Relation to Oxygen Consumption and Methylmercury Concentration",pre-smolt,,,
1981,Rodgers and Beamish,Can. J. Fish. Aquat. Sci.,6.5,NA,20,,,NA,NA,5.473246136,NA,5.826909684,NA,1.762486788,1.871802177,Oncorhynchus mykiss,rainbow trout,juvenile,hatchery,NA,20,individual,1.00,NA,NA,NA,0,NA,NA,NA,NA,1,NA,exogenous,fresh,NA,"Uptake of Waterborne Methylmercury by Rainbow Trout (Salmo gairdneri) in
Relation to Oxygen Consumption and Methylmercury Concentration",pre-smolt,,,
1981,Rodgers and Beamish,Can. J. Fish. Aquat. Sci.,6.5,NA,20,,,NA,NA,4.906064209,NA,6.78380332,NA,1.914537906,1.871802177,Oncorhynchus mykiss,rainbow trout,juvenile,hatchery,NA,20,individual,1.00,NA,NA,NA,0,NA,NA,NA,NA,1,NA,exogenous,fresh,NA,"Uptake of Waterborne Methylmercury by Rainbow Trout (Salmo gairdneri) in
Relation to Oxygen Consumption and Methylmercury Concentration",pre-smolt,,,
1981,Rodgers and Beamish,Can. J. Fish. Aquat. Sci.,6.5,NA,20,,,NA,NA,4.021403092,NA,8.66152312,NA,2.158890587,1.871802177,Oncorhynchus mykiss,rainbow trout,juvenile,hatchery,NA,20,individual,1.00,NA,NA,NA,0,NA,NA,NA,NA,1,NA,exogenous,fresh,NA,"Uptake of Waterborne Methylmercury by Rainbow Trout (Salmo gairdneri) in
Relation to Oxygen Consumption and Methylmercury Concentration",pre-smolt,,,
2000,Myrick,Fish Physiol.,6.9,0.51,10,,,NA,NA,1,NA,1.85,0.22,0.615185639,1.931521412,Oncorhynchus mykiss,rainbow trout,juvenile,hatchery,NA,14,mean,18.00,NA,NA,0,NA,NA,NA,NA,NA,1,NA,exogenous,fresh,NA,,pre-smolt,,,
1985,Wieser,J. Exp. Biol,7.191562617,NA,12,,,0,NA,0,NA,1.044764943,NA,0.043791925,1.97290848,Oncorhynchus mykiss,rainbow trout,fry,hatchery,NA,8,individual,1.00,NA,NA,NA,NA,NA,NA,NA,NA,1,NA,exogenous,fresh,not specifically mentioned but seems to be freshwater,,pre-smolt,,,
2000,Myrick,Fish Physiol.,7.2,0.59,14,,,NA,NA,1,NA,1.73,0.18,0.548121409,1.974081026,Oncorhynchus mykiss,rainbow trout,juvenile,hatchery,NA,14,mean,20.00,NA,NA,0,NA,NA,NA,NA,NA,1,NA,exogenous,fresh,NA,,pre-smolt,,,
1985,Wieser,J. Exp. Biol,7.417304102,NA,12,,,0,NA,0,NA,1.304274359,NA,0.265646839,2.003815663,Oncorhynchus mykiss,rainbow trout,fry,hatchery,NA,8,individual,1.00,NA,NA,NA,NA,NA,NA,NA,NA,1,NA,exogenous,fresh,not specifically mentioned but seems to be freshwater,,pre-smolt,,,
2000,Myrick,Fish Physiol.,7.5,0.71,14,,,NA,NA,1,NA,1.7,0.17,0.530628251,2.014903021,Oncorhynchus mykiss,rainbow trout,juvenile,hatchery,NA,14,mean,19.00,NA,NA,0,NA,NA,NA,NA,NA,1,NA,exogenous,fresh,NA,,pre-smolt,,,
2000,Myrick,Fish Physiol.,7.5,0.8,19,,,NA,NA,1,NA,1.95,0.26,0.667829373,2.014903021,Oncorhynchus mykiss,rainbow trout,juvenile,hatchery,NA,14,mean,20.00,NA,NA,0,NA,NA,NA,NA,NA,1,NA,exogenous,fresh,NA,,pre-smolt,,,
1985,Wieser,J. Exp. Biol,7.618568288,NA,4,,,0,NA,0,NA,0.582489704,NA,-0.54044377,2.030588463,Oncorhynchus mykiss,rainbow trout,fry,hatchery,NA,8,individual,1.00,NA,NA,NA,NA,NA,NA,NA,NA,1,NA,exogenous,fresh,not specifically mentioned but seems to be freshwater,,pre-smolt,,,
1985,Wieser,J. Exp. Biol,7.620418404,NA,4,,,0,NA,0,NA,0.684481125,NA,-0.37909421,2.030831277,Oncorhynchus mykiss,rainbow trout,fry,hatchery,NA,8,individual,1.00,NA,NA,NA,NA,NA,NA,NA,NA,1,NA,exogenous,fresh,not specifically mentioned but seems to be freshwater,,pre-smolt,,,
2000,Myrick,Fish Physiol.,8.2,0.75,19,,,NA,NA,1,NA,1.88,0.24,0.631271777,2.104134154,Oncorhynchus mykiss,rainbow trout,juvenile,hatchery,NA,14,mean,20.00,NA,NA,0,NA,NA,NA,NA,NA,1,NA,exogenous,fresh,NA,,pre-smolt,,,
1990,Facey et al.,Physiol. Zool.,8.3,NA,10,,,5.65934399,NA,0.655903457,NA,0.846938776,NA,-0.166126871,2.116255515,Oncorhyncus mykiss,Rainbow trout,juvenile,NA,NA,NA,individual,1.00,8.628318584,NA,NA,NA,NA,NA,NA,NA,1,NA,exogenous,fresh,NA,,pre-smolt,,,
1990,Facey et al.,Physiol. Zool.,8.3,NA,10,,,16.60205566,NA,1.924135682,NA,1.456734694,NA,0.37619742,2.116255515,Oncorhyncus mykiss,Rainbow trout,juvenile,NA,NA,NA,individual,1.00,8.628318584,NA,NA,NA,NA,NA,NA,NA,1,NA,exogenous,fresh,NA,,pre-smolt,,,
1990,Facey et al.,Physiol. Zool.,8.3,NA,10,,,5.175302634,NA,0.599804305,NA,1.524489796,NA,0.421659794,2.116255515,Oncorhyncus mykiss,Rainbow trout,juvenile,NA,NA,NA,individual,1.00,8.628318584,NA,NA,NA,NA,NA,NA,NA,1,NA,exogenous,fresh,NA,,pre-smolt,,,
1990,Facey et al.,Physiol. Zool.,8.3,NA,10,,,6.041511525,NA,0.700195695,NA,1.558367347,NA,0.443638701,2.116255515,Oncorhyncus mykiss,Rainbow trout,juvenile,NA,NA,NA,individual,1.00,8.628318584,NA,NA,NA,NA,NA,NA,NA,1,NA,exogenous,fresh,NA,,pre-smolt,,,
1990,Facey et al.,Physiol. Zool.,8.3,NA,10,,,6.59084218,NA,0.763861709,NA,1.693877551,NA,0.52702031,2.116255515,Oncorhyncus mykiss,Rainbow trout,juvenile,NA,NA,NA,individual,1.00,8.628318584,NA,NA,NA,NA,NA,NA,NA,1,NA,exogenous,fresh,NA,,pre-smolt,,,
1990,Facey et al.,Physiol. Zool.,8.3,NA,10,,,18.09188993,NA,2.096803653,NA,1.897142857,NA,0.640348995,2.116255515,Oncorhyncus mykiss,Rainbow trout,juvenile,NA,NA,NA,individual,1.00,8.628318584,NA,NA,NA,NA,NA,NA,NA,1,NA,exogenous,fresh,NA,,pre-smolt,,,
1990,Facey et al.,Physiol. Zool.,8.3,NA,10,,,66.31366573,NA,7.685583823,NA,2.032653061,NA,0.709341866,2.116255515,Oncorhyncus mykiss,Rainbow trout,juvenile,NA,NA,NA,individual,1.00,8.628318584,NA,NA,NA,NA,NA,NA,NA,1,NA,exogenous,fresh,NA,,pre-smolt,,,
1990,Facey et al.,Physiol. Zool.,8.3,NA,10,,,27.38717247,NA,3.174103066,NA,2.066530612,NA,0.725871168,2.116255515,Oncorhyncus mykiss,Rainbow trout,juvenile,NA,NA,NA,individual,1.00,8.628318584,NA,NA,NA,NA,NA,NA,NA,1,NA,exogenous,fresh,NA,,pre-smolt,,,
1990,Facey et al.,Physiol. Zool.,8.3,NA,10,,,76.1594046,NA,8.826679713,NA,2.269795918,NA,0.819689924,2.116255515,Oncorhyncus mykiss,Rainbow trout,juvenile,NA,NA,NA,individual,1.00,8.628318584,NA,NA,NA,NA,NA,NA,NA,1,NA,exogenous,fresh,NA,,pre-smolt,,,
1990,Facey et al.,Physiol. Zool.,8.3,NA,10,,,5.082434234,NA,0.589041096,NA,2.371428571,NA,0.863492546,2.116255515,Oncorhyncus mykiss,Rainbow trout,juvenile,NA,NA,NA,individual,1.00,8.628318584,NA,NA,NA,NA,NA,NA,NA,1,NA,exogenous,fresh,NA,,pre-smolt,,,
1990,Facey et al.,Physiol. Zool.,8.3,NA,10,,,46.05540931,NA,5.337703849,NA,2.473061224,NA,0.905456745,2.116255515,Oncorhyncus mykiss,Rainbow trout,juvenile,NA,NA,NA,individual,1.00,8.628318584,NA,NA,NA,NA,NA,NA,NA,1,NA,exogenous,fresh,NA,,pre-smolt,,,
1990,Facey et al.,Physiol. Zool.,8.3,NA,10,,,5.63120205,NA,0.652641879,NA,2.540816327,NA,0.932485418,2.116255515,Oncorhyncus mykiss,Rainbow trout,juvenile,NA,NA,NA,individual,1.00,8.628318584,NA,NA,NA,NA,NA,NA,NA,1,NA,exogenous,fresh,NA,,pre-smolt,,,
1990,Facey et al.,Physiol. Zool.,8.3,NA,10,,,35.49317666,NA,4.113568167,NA,2.676326531,NA,0.984445157,2.116255515,Oncorhyncus mykiss,Rainbow trout,juvenile,NA,NA,NA,individual,1.00,8.628318584,NA,NA,NA,NA,NA,NA,NA,1,NA,exogenous,fresh,NA,,pre-smolt,,,
1990,Facey et al.,Physiol. Zool.,8.3,NA,10,,,15.23717161,NA,1.765949119,NA,2.98122449,NA,1.092334119,2.116255515,Oncorhyncus mykiss,Rainbow trout,juvenile,NA,NA,NA,individual,1.00,8.628318584,NA,NA,NA,NA,NA,NA,NA,1,NA,exogenous,fresh,NA,,pre-smolt,,,
1990,Facey et al.,Physiol. Zool.,8.3,NA,10,,,56.05255182,NA,6.496347032,NA,3.082857143,NA,1.125856811,2.116255515,Oncorhyncus mykiss,Rainbow trout,juvenile,NA,NA,NA,individual,1.00,8.628318584,NA,NA,NA,NA,NA,NA,NA,1,NA,exogenous,fresh,NA,,pre-smolt,,,
1990,Facey et al.,Physiol. Zool.,8.3,NA,10,,,16.57335088,NA,1.920808871,NA,3.184489796,NA,1.158292087,2.116255515,Oncorhyncus mykiss,Rainbow trout,juvenile,NA,NA,NA,individual,1.00,8.628318584,NA,NA,NA,NA,NA,NA,NA,1,NA,exogenous,fresh,NA,,pre-smolt,,,
1990,Facey et al.,Physiol. Zool.,8.3,NA,10,,,50.76974698,NA,5.884083496,NA,3.286122449,NA,1.189708283,2.116255515,Oncorhyncus mykiss,Rainbow trout,juvenile,NA,NA,NA,individual,1.00,8.628318584,NA,NA,NA,NA,NA,NA,NA,1,NA,exogenous,fresh,NA,,pre-smolt,,,
1990,Facey et al.,Physiol. Zool.,8.3,NA,10,,,37.45241847,NA,4.340639269,NA,3.32,NA,1.199964783,2.116255515,Oncorhyncus mykiss,Rainbow trout,juvenile,NA,NA,NA,individual,1.00,8.628318584,NA,NA,NA,NA,NA,NA,NA,1,NA,exogenous,fresh,NA,,pre-smolt,,,
1990,Facey et al.,Physiol. Zool.,8.3,NA,10,,,35.55790312,NA,4.121069798,NA,3.523265306,NA,1.259388203,2.116255515,Oncorhyncus mykiss,Rainbow trout,juvenile,NA,NA,NA,individual,1.00,8.628318584,NA,NA,NA,NA,NA,NA,NA,1,NA,exogenous,fresh,NA,,pre-smolt,,,
1990,Facey et al.,Physiol. Zool.,8.3,NA,10,,,47.92909963,NA,5.554859752,NA,3.523265306,NA,1.259388203,2.116255515,Oncorhyncus mykiss,Rainbow trout,juvenile,NA,NA,NA,individual,1.00,8.628318584,NA,NA,NA,NA,NA,NA,NA,1,NA,exogenous,fresh,NA,,pre-smolt,,,
1990,Facey et al.,Physiol. Zool.,8.3,NA,10,,,16.0932494,NA,1.865166341,NA,3.624897959,NA,1.287826139,2.116255515,Oncorhyncus mykiss,Rainbow trout,juvenile,NA,NA,NA,individual,1.00,8.628318584,NA,NA,NA,NA,NA,NA,NA,1,NA,exogenous,fresh,NA,,pre-smolt,,,
1990,Facey et al.,Physiol. Zool.,8.3,NA,10,,,49.81629808,NA,5.773581213,NA,3.760408163,NA,1.324527506,2.116255515,Oncorhyncus mykiss,Rainbow trout,juvenile,NA,NA,NA,individual,1.00,8.628318584,NA,NA,NA,NA,NA,NA,NA,1,NA,exogenous,fresh,NA,,pre-smolt,,,
1990,Facey et al.,Physiol. Zool.,8.3,NA,10,,,26.48831893,NA,3.069928245,NA,3.99755102,NA,1.385681929,2.116255515,Oncorhyncus mykiss,Rainbow trout,juvenile,NA,NA,NA,individual,1.00,8.628318584,NA,NA,NA,NA,NA,NA,NA,1,NA,exogenous,fresh,NA,,pre-smolt,,,
1990,Facey et al.,Physiol. Zool.,8.3,NA,10,,,27.90667267,NA,3.234311807,NA,3.99755102,NA,1.385681929,2.116255515,Oncorhyncus mykiss,Rainbow trout,juvenile,NA,NA,NA,individual,1.00,8.628318584,NA,NA,NA,NA,NA,NA,NA,1,NA,exogenous,fresh,NA,,pre-smolt,,,
1990,Facey et al.,Physiol. Zool.,8.3,NA,10,,,42.324351,NA,4.905283757,NA,4.133061224,NA,1.419018349,2.116255515,Oncorhyncus mykiss,Rainbow trout,juvenile,NA,NA,NA,individual,1.00,8.628318584,NA,NA,NA,NA,NA,NA,NA,1,NA,exogenous,fresh,NA,,pre-smolt,,,
1990,Facey et al.,Physiol. Zool.,8.3,NA,10,,,45.08169821,NA,5.224853229,NA,4.166938776,NA,1.42718166,2.116255515,Oncorhyncus mykiss,Rainbow trout,juvenile,NA,NA,NA,individual,1.00,8.628318584,NA,NA,NA,NA,NA,NA,NA,1,NA,exogenous,fresh,NA,,pre-smolt,,,
1990,Facey et al.,Physiol. Zool.,8.3,NA,10,,,29.71507369,NA,3.443900848,NA,4.234693878,NA,1.443311042,2.116255515,Oncorhyncus mykiss,Rainbow trout,juvenile,NA,NA,NA,individual,1.00,8.628318584,NA,NA,NA,NA,NA,NA,NA,1,NA,exogenous,fresh,NA,,pre-smolt,,,
1990,Facey et al.,Physiol. Zool.,8.3,NA,10,,,58.23749199,NA,6.749575995,NA,4.370204082,NA,1.474809709,2.116255515,Oncorhyncus mykiss,Rainbow trout,juvenile,NA,NA,NA,individual,1.00,8.628318584,NA,NA,NA,NA,NA,NA,NA,1,NA,exogenous,fresh,NA,,pre-smolt,,,
1990,Facey et al.,Physiol. Zool.,8.3,NA,10,,,53.98243077,NA,6.25642531,NA,4.370204082,NA,1.474809709,2.116255515,Oncorhyncus mykiss,Rainbow trout,juvenile,NA,NA,NA,individual,1.00,8.628318584,NA,NA,NA,NA,NA,NA,NA,1,NA,exogenous,fresh,NA,,pre-smolt,,,
1990,Facey et al.,Physiol. Zool.,8.3,NA,10,,,65.80148243,NA,7.626223092,NA,4.404081633,NA,1.482531755,2.116255515,Oncorhyncus mykiss,Rainbow trout,juvenile,NA,NA,NA,individual,1.00,8.628318584,NA,NA,NA,NA,NA,NA,NA,1,NA,exogenous,fresh,NA,,pre-smolt,,,
1990,Facey et al.,Physiol. Zool.,8.3,NA,10,,,15.2124067,NA,1.76307893,NA,4.471836735,NA,1.497799227,2.116255515,Oncorhyncus mykiss,Rainbow trout,juvenile,NA,NA,NA,individual,1.00,8.628318584,NA,NA,NA,NA,NA,NA,NA,1,NA,exogenous,fresh,NA,,pre-smolt,,,
1990,Facey et al.,Physiol. Zool.,8.3,NA,10,,,61.54360702,NA,7.132746249,NA,4.573469388,NA,1.520272083,2.116255515,Oncorhyncus mykiss,Rainbow trout,juvenile,NA,NA,NA,individual,1.00,8.628318584,NA,NA,NA,NA,NA,NA,NA,1,NA,exogenous,fresh,NA,,pre-smolt,,,
1990,Facey et al.,Physiol. Zool.,8.3,NA,10,,,46.01995047,NA,5.33359426,NA,4.607346939,NA,1.52765219,2.116255515,Oncorhyncus mykiss,Rainbow trout,juvenile,NA,NA,NA,individual,1.00,8.628318584,NA,NA,NA,NA,NA,NA,NA,1,NA,exogenous,fresh,NA,,pre-smolt,,,
1990,Facey et al.,Physiol. Zool.,8.3,NA,10,,,32.15160279,NA,3.726288324,NA,4.607346939,NA,1.52765219,2.116255515,Oncorhyncus mykiss,Rainbow trout,juvenile,NA,NA,NA,individual,1.00,8.628318584,NA,NA,NA,NA,NA,NA,NA,1,NA,exogenous,fresh,NA,,pre-smolt,,,
1990,Facey et al.,Physiol. Zool.,8.3,NA,10,,,35.46109485,NA,4.109849967,NA,4.607346939,NA,1.52765219,2.116255515,Oncorhyncus mykiss,Rainbow trout,juvenile,NA,NA,NA,individual,1.00,8.628318584,NA,NA,NA,NA,NA,NA,NA,1,NA,exogenous,fresh,NA,,pre-smolt,,,
1990,Facey et al.,Physiol. Zool.,8.3,NA,10,,,19.54288832,NA,2.264970646,NA,4.675102041,NA,1.542250989,2.116255515,Oncorhyncus mykiss,Rainbow trout,juvenile,NA,NA,NA,individual,1.00,8.628318584,NA,NA,NA,NA,NA,NA,NA,1,NA,exogenous,fresh,NA,,pre-smolt,,,
1990,Facey et al.,Physiol. Zool.,8.3,NA,10,,,61.14568,NA,7.086627528,NA,4.810612245,NA,1.570824362,2.116255515,Oncorhyncus mykiss,Rainbow trout,juvenile,NA,NA,NA,individual,1.00,8.628318584,NA,NA,NA,NA,NA,NA,NA,1,NA,exogenous,fresh,NA,,pre-smolt,,,
1990,Facey et al.,Physiol. Zool.,8.3,NA,10,,,25.60691339,NA,2.967775603,NA,4.878367347,NA,1.584810604,2.116255515,Oncorhyncus mykiss,Rainbow trout,juvenile,NA,NA,NA,individual,1.00,8.628318584,NA,NA,NA,NA,NA,NA,NA,1,NA,exogenous,fresh,NA,,pre-smolt,,,
1990,Facey et al.,Physiol. Zool.,8.3,NA,10,,,17.4907781,NA,2.027136334,NA,4.878367347,NA,1.584810604,2.116255515,Oncorhyncus mykiss,Rainbow trout,juvenile,NA,NA,NA,individual,1.00,8.628318584,NA,NA,NA,NA,NA,NA,NA,1,NA,exogenous,fresh,NA,,pre-smolt,,,
1990,Facey et al.,Physiol. Zool.,8.3,NA,10,,,10.06862304,NA,1.166927593,NA,5.793061224,NA,1.756660861,2.116255515,Oncorhyncus mykiss,Rainbow trout,juvenile,NA,NA,NA,individual,1.00,8.628318584,NA,NA,NA,NA,NA,NA,NA,1,NA,exogenous,fresh,NA,,pre-smolt,,,
1990,Facey et al.,Physiol. Zool.,8.3,NA,10,,,45.92032801,NA,5.322048271,NA,5.860816327,NA,1.768288899,2.116255515,Oncorhyncus mykiss,Rainbow trout,juvenile,NA,NA,NA,individual,1.00,8.628318584,NA,NA,NA,NA,NA,NA,NA,1,NA,exogenous,fresh,NA,,pre-smolt,,,
1990,Facey et al.,Physiol. Zool.,8.3,NA,10,,,58.68551166,NA,6.801500326,NA,5.860816327,NA,1.768288899,2.116255515,Oncorhyncus mykiss,Rainbow trout,juvenile,NA,NA,NA,individual,1.00,8.628318584,NA,NA,NA,NA,NA,NA,NA,1,NA,exogenous,fresh,NA,,pre-smolt,,,
1990,Facey et al.,Physiol. Zool.,8.3,NA,10,,,49.7774622,NA,5.769080235,NA,6.097959184,NA,1.807954155,2.116255515,Oncorhyncus mykiss,Rainbow trout,juvenile,NA,NA,NA,individual,1.00,8.628318584,NA,NA,NA,NA,NA,NA,NA,1,NA,exogenous,fresh,NA,,pre-smolt,,,
1990,Facey et al.,Physiol. Zool.,8.3,NA,10,,,29.36104809,NA,3.402870189,NA,6.572244898,NA,1.882855463,2.116255515,Oncorhyncus mykiss,Rainbow trout,juvenile,NA,NA,NA,individual,1.00,8.628318584,NA,NA,NA,NA,NA,NA,NA,1,NA,exogenous,fresh,NA,,pre-smolt,,,
1990,Facey et al.,Physiol. Zool.,8.3,NA,10,,,40.84521067,NA,4.733855186,NA,7.791836735,NA,2.053076613,2.116255515,Oncorhyncus mykiss,Rainbow trout,juvenile,NA,NA,NA,individual,1.00,8.628318584,NA,NA,NA,NA,NA,NA,NA,1,NA,exogenous,fresh,NA,,pre-smolt,,,
1990,Facey et al.,Physiol. Zool.,8.3,NA,10,,,52.65187988,NA,6.102217873,NA,8.571020408,NA,2.148386793,2.116255515,Oncorhyncus mykiss,Rainbow trout,juvenile,NA,NA,NA,individual,1.00,8.628318584,NA,NA,NA,NA,NA,NA,NA,1,NA,exogenous,fresh,NA,,pre-smolt,,,
1990,Facey et al.,Physiol. Zool.,8.3,NA,10,,,55.8780718,NA,6.476125245,NA,8.842040816,NA,2.179517712,2.116255515,Oncorhyncus mykiss,Rainbow trout,juvenile,NA,NA,NA,individual,1.00,8.628318584,NA,NA,NA,NA,NA,NA,NA,1,NA,exogenous,fresh,NA,,pre-smolt,,,
1990,Facey et al.,Physiol. Zool.,8.3,NA,10,,,72.81276518,NA,8.438812785,NA,9.248571429,NA,2.224469099,2.116255515,Oncorhyncus mykiss,Rainbow trout,juvenile,NA,NA,NA,individual,1.00,8.628318584,NA,NA,NA,NA,NA,NA,NA,1,NA,exogenous,fresh,NA,,pre-smolt,,,
1990,Facey et al.,Physiol. Zool.,8.3,NA,10,,,79.81729387,NA,9.2506197,NA,9.756734694,NA,2.277957784,2.116255515,Oncorhyncus mykiss,Rainbow trout,juvenile,NA,NA,NA,individual,1.00,8.628318584,NA,NA,NA,NA,NA,NA,NA,1,NA,exogenous,fresh,NA,,pre-smolt,,,
1990,Facey et al.,Physiol. Zool.,8.3,NA,10,,,68.94043434,NA,7.990019569,NA,9.926122449,NA,2.295169913,2.116255515,Oncorhyncus mykiss,Rainbow trout,juvenile,NA,NA,NA,individual,1.00,8.628318584,NA,NA,NA,NA,NA,NA,NA,1,NA,exogenous,fresh,NA,,pre-smolt,,,
1990,Facey et al.,Physiol. Zool.,8.3,NA,10,,,61.12935767,NA,7.084735812,NA,10.53591837,NA,2.354790216,2.116255515,Oncorhyncus mykiss,Rainbow trout,juvenile,NA,NA,NA,individual,1.00,8.628318584,NA,NA,NA,NA,NA,NA,NA,1,NA,exogenous,fresh,NA,,pre-smolt,,,
1990,Facey et al.,Physiol. Zool.,8.3,NA,10,,,66.25062778,NA,7.678277886,NA,10.56979592,NA,2.358000492,2.116255515,Oncorhyncus mykiss,Rainbow trout,juvenile,NA,NA,NA,individual,1.00,8.628318584,NA,NA,NA,NA,NA,NA,NA,1,NA,exogenous,fresh,NA,,pre-smolt,,,
1990,Facey et al.,Physiol. Zool.,8.3,NA,10,,,76.0794815,NA,8.81741683,NA,11.82326531,NA,2.470069226,2.116255515,Oncorhyncus mykiss,Rainbow trout,juvenile,NA,NA,NA,individual,1.00,8.628318584,NA,NA,NA,NA,NA,NA,NA,1,NA,exogenous,fresh,NA,,pre-smolt,,,
1990,Facey et al.,Physiol. Zool.,8.3,NA,10,,,64.40733076,NA,7.464644488,NA,12.43306122,NA,2.520359152,2.116255515,Oncorhyncus mykiss,Rainbow trout,juvenile,NA,NA,NA,individual,1.00,8.628318584,NA,NA,NA,NA,NA,NA,NA,1,NA,exogenous,fresh,NA,,pre-smolt,,,
1990,Facey et al.,Physiol. Zool.,8.3,NA,10,,,70.86815718,NA,8.213437704,NA,12.46693878,NA,2.523080242,2.116255515,Oncorhyncus mykiss,Rainbow trout,juvenile,NA,NA,NA,individual,1.00,8.628318584,NA,NA,NA,NA,NA,NA,NA,1,NA,exogenous,fresh,NA,,pre-smolt,,,
1990,Facey et al.,Physiol. Zool.,8.3,NA,10,,,71.78614724,NA,8.319830398,NA,14.12693878,NA,2.648083526,2.116255515,Oncorhyncus mykiss,Rainbow trout,juvenile,NA,NA,NA,individual,1.00,8.628318584,NA,NA,NA,NA,NA,NA,NA,1,NA,exogenous,fresh,NA,,pre-smolt,,,
1990,Facey et al.,Physiol. Zool.,8.3,NA,10,,,75.70463086,NA,8.773972603,NA,15.41428571,NA,2.735294723,2.116255515,Oncorhyncus mykiss,Rainbow trout,juvenile,NA,NA,NA,individual,1.00,8.628318584,NA,NA,NA,NA,NA,NA,NA,1,NA,exogenous,fresh,NA,,pre-smolt,,,
1990,Facey et al.,Physiol. Zool.,8.3,NA,10,,,87.43081412,NA,10.13300718,NA,16.29510204,NA,2.790864574,2.116255515,Oncorhyncus mykiss,Rainbow trout,juvenile,NA,NA,NA,individual,1.00,8.628318584,NA,NA,NA,NA,NA,NA,NA,1,NA,exogenous,fresh,NA,,pre-smolt,,,
1994,Wilson,Can. J. Fish. Aquat.,9,NA,15,,,NA,NA,2.132324527,NA,1.197543427,NA,0.180272314,2.197224577,Oncorhynchus mykiss,rainbow trout,juvenile,,,15,individual,1.00,9.35,NA,NA,0,NA,NA,NA,NA,2,NA,exogenous,fresh,NA,"Metabolic Costs and Physiological Consequences of Acclimation to Aluminum
in Juvenile Rainbow Trout (Oncorhynchus myk",pre-smolt,,,
1994,Wilson,Can. J. Fish. Aquat.,9,NA,15,,,NA,NA,2.135456709,NA,1.435206357,NA,0.361308641,2.197224577,Oncorhynchus mykiss,rainbow trout,juvenile,,,15,individual,1.00,9.35,NA,NA,0,NA,NA,NA,NA,2,NA,exogenous,fresh,NA,"Metabolic Costs and Physiological Consequences of Acclimation to Aluminum
in Juvenile Rainbow Trout (Oncorhynchus myk",pre-smolt,,,
1994,Wilson,Can. J. Fish. Aquat.,9,NA,15,,,NA,NA,2.025108304,NA,1.585628185,NA,0.46098066,2.197224577,Oncorhynchus mykiss,rainbow trout,juvenile,,,15,individual,1.00,9.35,NA,NA,0,NA,NA,NA,NA,2,NA,exogenous,fresh,NA,"Metabolic Costs and Physiological Consequences of Acclimation to Aluminum
in Juvenile Rainbow Trout (Oncorhynchus myk",pre-smolt,,,
1994,Wilson,Can. J. Fish. Aquat.,9,NA,15,,,NA,NA,2.656883682,NA,1.666046384,NA,0.510453385,2.197224577,Oncorhynchus mykiss,rainbow trout,juvenile,,,15,individual,1.00,9.35,NA,NA,0,NA,NA,NA,NA,2,NA,exogenous,fresh,NA,"Metabolic Costs and Physiological Consequences of Acclimation to Aluminum
in Juvenile Rainbow Trout (Oncorhynchus myk",pre-smolt,,,
1994,Wilson,Can. J. Fish. Aquat.,9,NA,15,,,NA,NA,2.005216914,NA,1.684218752,NA,0.521301807,2.197224577,Oncorhynchus mykiss,rainbow trout,juvenile,,,15,individual,1.00,9.35,NA,NA,0,NA,NA,NA,NA,2,NA,exogenous,fresh,NA,"Metabolic Costs and Physiological Consequences of Acclimation to Aluminum
in Juvenile Rainbow Trout (Oncorhynchus myk",pre-smolt,,,
1994,Wilson,Can. J. Fish. Aquat.,9,NA,15,,,NA,NA,2.044216649,NA,1.784914231,NA,0.579370364,2.197224577,Oncorhynchus mykiss,rainbow trout,juvenile,,,15,individual,1.00,9.35,NA,NA,0,NA,NA,NA,NA,2,NA,exogenous,fresh,NA,"Metabolic Costs and Physiological Consequences of Acclimation to Aluminum
in Juvenile Rainbow Trout (Oncorhynchus myk",pre-smolt,,,
1994,Wilson,Can. J. Fish. Aquat.,9,NA,15,,,NA,NA,2.173490349,NA,1.896224137,NA,0.639864613,2.197224577,Oncorhynchus mykiss,rainbow trout,juvenile,,,15,individual,1.00,9.35,NA,NA,0,NA,NA,NA,NA,2,NA,exogenous,fresh,NA,"Metabolic Costs and Physiological Consequences of Acclimation to Aluminum
in Juvenile Rainbow Trout (Oncorhynchus myk",pre-smolt,,,
1994,Wilson,Can. J. Fish. Aquat.,9,NA,15,,,NA,NA,2.660066711,NA,1.973650969,NA,0.679885111,2.197224577,Oncorhynchus mykiss,rainbow trout,juvenile,,,15,individual,1.00,9.35,NA,NA,0,NA,NA,NA,NA,2,NA,exogenous,fresh,NA,"Metabolic Costs and Physiological Consequences of Acclimation to Aluminum
in Juvenile Rainbow Trout (Oncorhynchus myk",pre-smolt,,,
1994,Wilson,Can. J. Fish. Aquat.,9,NA,15,,,NA,NA,2.381149958,NA,2.071558058,NA,0.728301009,2.197224577,Oncorhynchus mykiss,rainbow trout,juvenile,,,15,individual,1.00,9.35,NA,NA,0,NA,NA,NA,NA,2,NA,exogenous,fresh,NA,"Metabolic Costs and Physiological Consequences of Acclimation to Aluminum
in Juvenile Rainbow Trout (Oncorhynchus myk",pre-smolt,,,
1994,Wilson,Can. J. Fish. Aquat.,9,NA,15,,,NA,NA,2.530162507,NA,2.145318256,NA,0.763287912,2.197224577,Oncorhynchus mykiss,rainbow trout,juvenile,,,15,individual,1.00,9.35,NA,NA,0,NA,NA,NA,NA,2,NA,exogenous,fresh,NA,"Metabolic Costs and Physiological Consequences of Acclimation to Aluminum
in Juvenile Rainbow Trout (Oncorhynchus myk",pre-smolt,,,
1994,Wilson,Can. J. Fish. Aquat.,9,NA,15,,,NA,NA,2.498657636,NA,2.195611667,NA,0.786460672,2.197224577,Oncorhynchus mykiss,rainbow trout,juvenile,,,15,individual,1.00,9.35,NA,NA,0,NA,NA,NA,NA,2,NA,exogenous,fresh,NA,"Metabolic Costs and Physiological Consequences of Acclimation to Aluminum
in Juvenile Rainbow Trout (Oncorhynchus myk",pre-smolt,,,
1994,Wilson,Can. J. Fish. Aquat.,9,NA,15,,,NA,NA,2.298442044,NA,2.205314639,NA,0.790870192,2.197224577,Oncorhynchus mykiss,rainbow trout,juvenile,,,15,individual,1.00,9.35,NA,NA,0,NA,NA,NA,NA,2,NA,exogenous,fresh,NA,"Metabolic Costs and Physiological Consequences of Acclimation to Aluminum
in Juvenile Rainbow Trout (Oncorhynchus myk",pre-smolt,,,
1994,Wilson,Can. J. Fish. Aquat.,9,NA,15,,,NA,NA,2.545681046,NA,2.236881473,NA,0.805082696,2.197224577,Oncorhynchus mykiss,rainbow trout,juvenile,,,15,individual,1.00,9.35,NA,NA,0,NA,NA,NA,NA,2,NA,exogenous,fresh,NA,"Metabolic Costs and Physiological Consequences of Acclimation to Aluminum
in Juvenile Rainbow Trout (Oncorhynchus myk",pre-smolt,,,
1994,Wilson,Can. J. Fish. Aquat.,9,NA,15,,,NA,NA,3.189303801,NA,2.312484866,NA,0.838322646,2.197224577,Oncorhynchus mykiss,rainbow trout,juvenile,,,15,individual,1.00,9.35,NA,NA,0,NA,NA,NA,NA,2,NA,exogenous,fresh,NA,"Metabolic Costs and Physiological Consequences of Acclimation to Aluminum
in Juvenile Rainbow Trout (Oncorhynchus myk",pre-smolt,,,
1994,Wilson,Can. J. Fish. Aquat.,9,NA,15,,,NA,NA,2.717839201,NA,2.54195568,NA,0.932933737,2.197224577,Oncorhynchus mykiss,rainbow trout,juvenile,,,15,individual,1.00,9.35,NA,NA,0,NA,NA,NA,NA,2,NA,exogenous,fresh,NA,"Metabolic Costs and Physiological Consequences of Acclimation to Aluminum
in Juvenile Rainbow Trout (Oncorhynchus myk",pre-smolt,,,
1994,Wilson,Can. J. Fish. Aquat.,9,NA,15,,,NA,NA,3.188591942,NA,2.720422112,NA,1.000787057,2.197224577,Oncorhynchus mykiss,rainbow trout,juvenile,,,15,individual,1.00,9.35,NA,NA,0,NA,NA,NA,NA,2,NA,exogenous,fresh,NA,"Metabolic Costs and Physiological Consequences of Acclimation to Aluminum
in Juvenile Rainbow Trout (Oncorhynchus myk",pre-smolt,,,
1994,Wilson,Can. J. Fish. Aquat.,9,NA,15,,,NA,NA,3.06674192,NA,2.822944715,NA,1.037780565,2.197224577,Oncorhynchus mykiss,rainbow trout,juvenile,,,15,individual,1.00,9.35,NA,NA,0,NA,NA,NA,NA,2,NA,exogenous,fresh,NA,"Metabolic Costs and Physiological Consequences of Acclimation to Aluminum
in Juvenile Rainbow Trout (Oncorhynchus myk",pre-smolt,100,,
1994,Wilson,Can. J. Fish. Aquat.,9,NA,15,,,NA,NA,2.980352676,NA,2.842383922,NA,1.044643109,2.197224577,Oncorhynchus mykiss,rainbow trout,juvenile,,,15,individual,1.00,9.35,NA,NA,0,NA,NA,NA,NA,2,NA,exogenous,fresh,NA,"Metabolic Costs and Physiological Consequences of Acclimation to Aluminum
in Juvenile Rainbow Trout (Oncorhynchus myk",pre-smolt,,,
1994,Wilson,Can. J. Fish. Aquat.,9,NA,15,,,NA,NA,3.027386255,NA,2.889097628,NA,1.060944214,2.197224577,Oncorhynchus mykiss,rainbow trout,juvenile,,,15,individual,1.00,9.35,NA,NA,0,NA,NA,NA,NA,2,NA,exogenous,fresh,NA,"Metabolic Costs and Physiological Consequences of Acclimation to Aluminum
in Juvenile Rainbow Trout (Oncorhynchus myk",pre-smolt,,,
1994,Wilson,Can. J. Fish. Aquat.,9,NA,15,,,NA,NA,2.866272093,NA,3.004806248,NA,1.10021309,2.197224577,Oncorhynchus mykiss,rainbow trout,juvenile,,,15,individual,1.00,9.35,NA,NA,0,NA,NA,NA,NA,2,NA,exogenous,fresh,NA,"Metabolic Costs and Physiological Consequences of Acclimation to Aluminum
in Juvenile Rainbow Trout (Oncorhynchus myk",pre-smolt,,,
1994,Wilson,Can. J. Fish. Aquat.,9,NA,15,,,NA,NA,3.713873126,NA,3.209717081,NA,1.166182796,2.197224577,Oncorhynchus mykiss,rainbow trout,juvenile,,,15,individual,1.00,9.35,NA,NA,0,NA,NA,NA,NA,2,NA,exogenous,fresh,NA,"Metabolic Costs and Physiological Consequences of Acclimation to Aluminum
in Juvenile Rainbow Trout (Oncorhynchus myk",pre-smolt,,,
1994,Wilson,Can. J. Fish. Aquat.,9,NA,15,,,NA,NA,3.258282995,NA,3.391785458,NA,1.221356466,2.197224577,Oncorhynchus mykiss,rainbow trout,juvenile,,,15,individual,1.00,9.35,NA,NA,0,NA,NA,NA,NA,2,NA,exogenous,fresh,NA,"Metabolic Costs and Physiological Consequences of Acclimation to Aluminum
in Juvenile Rainbow Trout (Oncorhynchus myk",pre-smolt,,,
1994,Wilson,Can. J. Fish. Aquat.,9,NA,15,,,NA,NA,3.568196148,NA,3.54597734,NA,1.265813817,2.197224577,Oncorhynchus mykiss,rainbow trout,juvenile,,,15,individual,1.00,9.35,NA,NA,0,NA,NA,NA,NA,2,NA,exogenous,fresh,NA,"Metabolic Costs and Physiological Consequences of Acclimation to Aluminum
in Juvenile Rainbow Trout (Oncorhynchus myk",pre-smolt,,,
1994,Wilson,Can. J. Fish. Aquat.,9,NA,15,,,NA,NA,3.497294934,NA,3.748792941,NA,1.321433906,2.197224577,Oncorhynchus mykiss,rainbow trout,juvenile,,,15,individual,1.00,9.35,NA,NA,0,NA,NA,NA,NA,2,NA,exogenous,fresh,NA,"Metabolic Costs and Physiological Consequences of Acclimation to Aluminum
in Juvenile Rainbow Trout (Oncorhynchus myk",pre-smolt,,,
1994,Wilson,Can. J. Fish. Aquat.,9,NA,15,,,NA,NA,3.677476763,NA,4.095293612,NA,1.409838415,2.197224577,Oncorhynchus mykiss,rainbow trout,juvenile,,,15,individual,1.00,9.35,NA,NA,0,NA,NA,NA,NA,2,NA,exogenous,fresh,NA,"Metabolic Costs and Physiological Consequences of Acclimation to Aluminum
in Juvenile Rainbow Trout (Oncorhynchus myk",pre-smolt,,,
1994,Wilson,Can. J. Fish. Aquat.,9,NA,15,,,NA,NA,4.073585942,NA,4.443892602,NA,1.491530705,2.197224577,Oncorhynchus mykiss,rainbow trout,juvenile,,,15,individual,1.00,9.35,NA,NA,0,NA,NA,NA,NA,2,NA,exogenous,fresh,NA,"Metabolic Costs and Physiological Consequences of Acclimation to Aluminum
in Juvenile Rainbow Trout (Oncorhynchus myk",pre-smolt,,,
1994,Wilson,Can. J. Fish. Aquat.,9,NA,15,,,NA,NA,4.250198304,NA,4.475859736,NA,1.498698453,2.197224577,Oncorhynchus mykiss,rainbow trout,juvenile,,,15,individual,1.00,9.35,NA,NA,0,NA,NA,NA,NA,2,NA,exogenous,fresh,NA,"Metabolic Costs and Physiological Consequences of Acclimation to Aluminum
in Juvenile Rainbow Trout (Oncorhynchus myk",pre-smolt,,,
1994,Wilson,Can. J. Fish. Aquat.,9,NA,15,,,NA,NA,3.794811561,NA,4.515219133,NA,1.50745372,2.197224577,Oncorhynchus mykiss,rainbow trout,juvenile,,,15,individual,1.00,9.35,NA,NA,0,NA,NA,NA,NA,2,NA,exogenous,fresh,NA,"Metabolic Costs and Physiological Consequences of Acclimation to Aluminum
in Juvenile Rainbow Trout (Oncorhynchus myk",pre-smolt,,,
1994,Wilson,Can. J. Fish. Aquat.,9,NA,15,,,NA,NA,3.884892306,NA,4.730244511,NA,1.553976895,2.197224577,Oncorhynchus mykiss,rainbow trout,juvenile,,,15,individual,1.00,9.35,NA,NA,0,NA,NA,NA,NA,2,NA,exogenous,fresh,NA,"Metabolic Costs and Physiological Consequences of Acclimation to Aluminum
in Juvenile Rainbow Trout (Oncorhynchus myk",pre-smolt,,,
1994,Wilson,Can. J. Fish. Aquat.,9,NA,15,,,NA,NA,3.994650884,NA,4.898447143,NA,1.588918245,2.197224577,Oncorhynchus mykiss,rainbow trout,juvenile,,,15,individual,1.00,9.35,NA,NA,0,NA,NA,NA,NA,2,NA,exogenous,fresh,NA,"Metabolic Costs and Physiological Consequences of Acclimation to Aluminum
in Juvenile Rainbow Trout (Oncorhynchus myk",pre-smolt,,,
1994,Wilson,Can. J. Fish. Aquat.,9,NA,15,,,NA,NA,4.253523705,NA,5.132728029,NA,1.635637297,2.197224577,Oncorhynchus mykiss,rainbow trout,juvenile,,,15,individual,1.00,9.35,NA,NA,0,NA,NA,NA,NA,2,NA,exogenous,fresh,NA,"Metabolic Costs and Physiological Consequences of Acclimation to Aluminum
in Juvenile Rainbow Trout (Oncorhynchus myk",pre-smolt,,,
1994,Wilson,Can. J. Fish. Aquat.,9,NA,15,,,NA,NA,4.033559095,NA,5.300891868,NA,1.667875083,2.197224577,Oncorhynchus mykiss,rainbow trout,juvenile,,,15,individual,1.00,9.35,NA,NA,0,NA,NA,NA,NA,2,NA,exogenous,fresh,NA,"Metabolic Costs and Physiological Consequences of Acclimation to Aluminum
in Juvenile Rainbow Trout (Oncorhynchus myk",pre-smolt,,,
1994,Wilson,Can. J. Fish. Aquat.,9,NA,15,,,NA,NA,4.198283401,NA,5.477009759,NA,1.700559288,2.197224577,Oncorhynchus mykiss,rainbow trout,juvenile,,,15,individual,1.00,9.35,NA,NA,0,NA,NA,NA,NA,2,NA,exogenous,fresh,NA,"Metabolic Costs and Physiological Consequences of Acclimation to Aluminum
in Juvenile Rainbow Trout (Oncorhynchus myk",pre-smolt,,,
1994,Wilson,Can. J. Fish. Aquat.,9,NA,15,,,NA,NA,4.563324994,NA,5.504823842,NA,1.70562477,2.197224577,Oncorhynchus mykiss,rainbow trout,juvenile,,,15,individual,1.00,9.35,NA,NA,0,NA,NA,NA,NA,2,NA,exogenous,fresh,NA,"Metabolic Costs and Physiological Consequences of Acclimation to Aluminum
in Juvenile Rainbow Trout (Oncorhynchus myk",pre-smolt,,,
1994,Wilson,Can. J. Fish. Aquat.,9,NA,15,,,NA,NA,4.013718551,NA,5.565526727,NA,1.71659163,2.197224577,Oncorhynchus mykiss,rainbow trout,juvenile,,,15,individual,1.00,9.35,NA,NA,0,NA,NA,NA,NA,2,NA,exogenous,fresh,NA,"Metabolic Costs and Physiological Consequences of Acclimation to Aluminum
in Juvenile Rainbow Trout (Oncorhynchus myk",pre-smolt,,,
1994,Wilson,Can. J. Fish. Aquat.,9,NA,15,,,NA,NA,4.712154494,NA,5.94403524,NA,1.782388236,2.197224577,Oncorhynchus mykiss,rainbow trout,juvenile,,,15,individual,1.00,9.35,NA,NA,0,NA,NA,NA,NA,2,NA,exogenous,fresh,NA,"Metabolic Costs and Physiological Consequences of Acclimation to Aluminum
in Juvenile Rainbow Trout (Oncorhynchus myk",pre-smolt,,,
1994,Wilson,Can. J. Fish. Aquat.,9,NA,15,,,NA,NA,4.558901296,NA,6.16781907,NA,1.819345302,2.197224577,Oncorhynchus mykiss,rainbow trout,juvenile,,,15,individual,1.00,9.35,NA,NA,0,NA,NA,NA,NA,2,NA,exogenous,fresh,NA,"Metabolic Costs and Physiological Consequences of Acclimation to Aluminum
in Juvenile Rainbow Trout (Oncorhynchus myk",pre-smolt,,,
1994,Wilson,Can. J. Fish. Aquat.,9,NA,15,,,NA,NA,4.46019688,NA,7.023087587,NA,1.949202949,2.197224577,Oncorhynchus mykiss,rainbow trout,juvenile,,,15,individual,1.00,9.35,NA,NA,0,NA,NA,NA,NA,2,NA,exogenous,fresh,NA,"Metabolic Costs and Physiological Consequences of Acclimation to Aluminum
in Juvenile Rainbow Trout (Oncorhynchus myk",pre-smolt,,,
1994,Wilson,Can. J. Fish. Aquat.,9,NA,15,,,NA,NA,4.550379319,NA,7.188747252,NA,1.972516922,2.197224577,Oncorhynchus mykiss,rainbow trout,juvenile,,,15,individual,1.00,9.35,NA,NA,0,NA,NA,NA,NA,2,NA,exogenous,fresh,NA,"Metabolic Costs and Physiological Consequences of Acclimation to Aluminum
in Juvenile Rainbow Trout (Oncorhynchus myk",pre-smolt,,,
1994,Wilson,Can. J. Fish. Aquat.,9,NA,15,,,NA,NA,4.76963207,NA,8.188604942,NA,2.102743547,2.197224577,Oncorhynchus mykiss,rainbow trout,juvenile,,,15,individual,1.00,9.35,NA,NA,0,NA,NA,NA,NA,2,NA,exogenous,fresh,NA,"Metabolic Costs and Physiological Consequences of Acclimation to Aluminum
in Juvenile Rainbow Trout (Oncorhynchus myk",pre-smolt,,,
1990,Facey et al.,Physiol. Zool.,9.9,NA,15,,,21.71776155,NA,2.517032877,NA,0.552843847,NA,-0.592679692,2.292534757,Oncorhyncus mykiss,Rainbow trout,juvenile,NA,NA,NA,individual,1.00,8.628318584,NA,NA,NA,NA,NA,NA,NA,1,NA,exogenous,fresh,NA,,pre-smolt,,,
1990,Facey et al.,Physiol. Zool.,9.9,NA,15,,,23.1478189,NA,2.682772857,NA,0.706411582,NA,-0.347557234,2.292534757,Oncorhyncus mykiss,Rainbow trout,juvenile,NA,NA,NA,individual,1.00,8.628318584,NA,NA,NA,NA,NA,NA,NA,1,NA,exogenous,fresh,NA,,pre-smolt,,,
1990,Facey et al.,Physiol. Zool.,9.9,NA,15,,,3.169071619,NA,0.367287275,NA,0.890692865,NA,-0.11575562,2.292534757,Oncorhyncus mykiss,Rainbow trout,juvenile,NA,NA,NA,individual,1.00,8.628318584,NA,NA,NA,NA,NA,NA,NA,1,NA,exogenous,fresh,NA,,pre-smolt,,,
1990,Facey et al.,Physiol. Zool.,9.9,NA,15,,,17.17550237,NA,1.990596685,NA,0.921406412,NA,-0.081854068,2.292534757,Oncorhyncus mykiss,Rainbow trout,juvenile,NA,NA,NA,individual,1.00,8.628318584,NA,NA,NA,NA,NA,NA,NA,1,NA,exogenous,fresh,NA,,pre-smolt,,,
1990,Facey et al.,Physiol. Zool.,9.9,NA,15,,,10.01237669,NA,1.160408786,NA,0.952119959,NA,-0.049064245,2.292534757,Oncorhyncus mykiss,Rainbow trout,juvenile,NA,NA,NA,individual,1.00,8.628318584,NA,NA,NA,NA,NA,NA,NA,1,NA,exogenous,fresh,NA,,pre-smolt,,,
1990,Facey et al.,Physiol. Zool.,9.9,NA,15,,,3.163145967,NA,0.366600507,NA,1.259255429,NA,0.230520617,2.292534757,Oncorhyncus mykiss,Rainbow trout,juvenile,NA,NA,NA,individual,1.00,8.628318584,NA,NA,NA,NA,NA,NA,NA,1,NA,exogenous,fresh,NA,,pre-smolt,,,
1990,Facey et al.,Physiol. Zool.,9.9,NA,15,,,38.73409432,NA,4.489182214,NA,1.474250259,NA,0.388149561,2.292534757,Oncorhyncus mykiss,Rainbow trout,juvenile,NA,NA,NA,individual,1.00,8.628318584,NA,NA,NA,NA,NA,NA,NA,1,NA,exogenous,fresh,NA,,pre-smolt,,,
1990,Facey et al.,Physiol. Zool.,9.9,NA,15,,,7.851735825,NA,0.909996049,NA,1.689245088,NA,0.524281736,2.292534757,Oncorhyncus mykiss,Rainbow trout,juvenile,NA,NA,NA,individual,1.00,8.628318584,NA,NA,NA,NA,NA,NA,NA,1,NA,exogenous,fresh,NA,,pre-smolt,,,
1990,Facey et al.,Physiol. Zool.,9.9,NA,15,,,24.00744995,NA,2.782401891,NA,1.689245088,NA,0.524281736,2.292534757,Oncorhyncus mykiss,Rainbow trout,juvenile,NA,NA,NA,individual,1.00,8.628318584,NA,NA,NA,NA,NA,NA,NA,1,NA,exogenous,fresh,NA,,pre-smolt,,,
1990,Facey et al.,Physiol. Zool.,9.9,NA,15,,,25.4375073,NA,2.948141872,NA,1.842812823,NA,0.611293113,2.292534757,Oncorhyncus mykiss,Rainbow trout,juvenile,NA,NA,NA,individual,1.00,8.628318584,NA,NA,NA,NA,NA,NA,NA,1,NA,exogenous,fresh,NA,,pre-smolt,,,
1990,Facey et al.,Physiol. Zool.,9.9,NA,15,,,18.99064481,NA,2.200967039,NA,1.87352637,NA,0.627822415,2.292534757,Oncorhyncus mykiss,Rainbow trout,juvenile,NA,NA,NA,individual,1.00,8.628318584,NA,NA,NA,NA,NA,NA,NA,1,NA,exogenous,fresh,NA,,pre-smolt,,,
1990,Facey et al.,Physiol. Zool.,9.9,NA,15,,,3.073685082,NA,0.35623222,NA,1.87352637,NA,0.627822415,2.292534757,Oncorhyncus mykiss,Rainbow trout,juvenile,NA,NA,NA,individual,1.00,8.628318584,NA,NA,NA,NA,NA,NA,NA,1,NA,exogenous,fresh,NA,,pre-smolt,,,
1990,Facey et al.,Physiol. Zool.,9.9,NA,15,,,15.80429004,NA,1.831676691,NA,2.057807653,NA,0.72164117,2.292534757,Oncorhyncus mykiss,Rainbow trout,juvenile,NA,NA,NA,individual,1.00,8.628318584,NA,NA,NA,NA,NA,NA,NA,1,NA,exogenous,fresh,NA,,pre-smolt,,,
1990,Facey et al.,Physiol. Zool.,9.9,NA,15,,,16.75930762,NA,1.94236078,NA,2.057807653,NA,0.72164117,2.292534757,Oncorhyncus mykiss,Rainbow trout,juvenile,NA,NA,NA,individual,1.00,8.628318584,NA,NA,NA,NA,NA,NA,NA,1,NA,exogenous,fresh,NA,,pre-smolt,,,
1990,Facey et al.,Physiol. Zool.,9.9,NA,15,,,32.03662613,NA,3.712962823,NA,2.242088935,NA,0.807407992,2.292534757,Oncorhyncus mykiss,Rainbow trout,juvenile,NA,NA,NA,individual,1.00,8.628318584,NA,NA,NA,NA,NA,NA,NA,1,NA,exogenous,fresh,NA,,pre-smolt,,,
1990,Facey et al.,Physiol. Zool.,9.9,NA,15,,,42.46025953,NA,4.921035207,NA,2.364943123,NA,0.860753972,2.292534757,Oncorhyncus mykiss,Rainbow trout,juvenile,NA,NA,NA,individual,1.00,8.628318584,NA,NA,NA,NA,NA,NA,NA,1,NA,exogenous,fresh,NA,,pre-smolt,,,
1990,Facey et al.,Physiol. Zool.,9.9,NA,15,,,45.24523368,NA,5.24380657,NA,2.39565667,NA,0.873657377,2.292534757,Oncorhyncus mykiss,Rainbow trout,juvenile,NA,NA,NA,individual,1.00,8.628318584,NA,NA,NA,NA,NA,NA,NA,1,NA,exogenous,fresh,NA,,pre-smolt,,,
1990,Facey et al.,Physiol. Zool.,9.9,NA,15,,,34.42170107,NA,3.989386893,NA,2.39565667,NA,0.873657377,2.292534757,Oncorhyncus mykiss,Rainbow trout,juvenile,NA,NA,NA,individual,1.00,8.628318584,NA,NA,NA,NA,NA,NA,NA,1,NA,exogenous,fresh,NA,,pre-smolt,,,
1990,Facey et al.,Physiol. Zool.,9.9,NA,15,,,28.21359297,NA,3.269883083,NA,2.426370217,NA,0.886396403,2.292534757,Oncorhyncus mykiss,Rainbow trout,juvenile,NA,NA,NA,individual,1.00,8.628318584,NA,NA,NA,NA,NA,NA,NA,1,NA,exogenous,fresh,NA,,pre-smolt,,,
1990,Facey et al.,Physiol. Zool.,9.9,NA,15,,,32.03119428,NA,3.712333286,NA,2.579937952,NA,0.947765349,2.292534757,Oncorhyncus mykiss,Rainbow trout,juvenile,NA,NA,NA,individual,1.00,8.628318584,NA,NA,NA,NA,NA,NA,NA,1,NA,exogenous,fresh,NA,,pre-smolt,,,
1990,Facey et al.,Physiol. Zool.,9.9,NA,15,,,41.0208199,NA,4.754207844,NA,2.794932782,NA,1.027808057,2.292534757,Oncorhyncus mykiss,Rainbow trout,juvenile,NA,NA,NA,individual,1.00,8.628318584,NA,NA,NA,NA,NA,NA,NA,1,NA,exogenous,fresh,NA,,pre-smolt,,,
1990,Facey et al.,Physiol. Zool.,9.9,NA,15,,,18.89525827,NA,2.189911984,NA,2.856359876,NA,1.049548044,2.292534757,Oncorhyncus mykiss,Rainbow trout,juvenile,NA,NA,NA,individual,1.00,8.628318584,NA,NA,NA,NA,NA,NA,NA,1,NA,exogenous,fresh,NA,,pre-smolt,,,
1990,Facey et al.,Physiol. Zool.,9.9,NA,15,,,21.6782572,NA,2.512454424,NA,3.009927611,NA,1.101916029,2.292534757,Oncorhyncus mykiss,Rainbow trout,juvenile,NA,NA,NA,individual,1.00,8.628318584,NA,NA,NA,NA,NA,NA,NA,1,NA,exogenous,fresh,NA,,pre-smolt,,,
1990,Facey et al.,Physiol. Zool.,9.9,NA,15,,,43.40293201,NA,5.03028853,NA,3.132781799,NA,1.141921364,2.292534757,Oncorhyncus mykiss,Rainbow trout,juvenile,NA,NA,NA,individual,1.00,8.628318584,NA,NA,NA,NA,NA,NA,NA,1,NA,exogenous,fresh,NA,,pre-smolt,,,
1990,Facey et al.,Physiol. Zool.,9.9,NA,15,,,36.79689992,NA,4.264666349,NA,3.163495346,NA,1.151677539,2.292534757,Oncorhyncus mykiss,Rainbow trout,juvenile,NA,NA,NA,individual,1.00,8.628318584,NA,NA,NA,NA,NA,NA,NA,1,NA,exogenous,fresh,NA,,pre-smolt,,,
1990,Facey et al.,Physiol. Zool.,9.9,NA,15,,,51.59621583,NA,5.979869117,NA,3.378490176,NA,1.217428916,2.292534757,Oncorhyncus mykiss,Rainbow trout,juvenile,NA,NA,NA,individual,1.00,8.628318584,NA,NA,NA,NA,NA,NA,NA,1,NA,exogenous,fresh,NA,,pre-smolt,,,
1990,Facey et al.,Physiol. Zool.,9.9,NA,15,,,27.80036104,NA,3.221990562,NA,3.378490176,NA,1.217428916,2.292534757,Oncorhyncus mykiss,Rainbow trout,juvenile,NA,NA,NA,individual,1.00,8.628318584,NA,NA,NA,NA,NA,NA,NA,1,NA,exogenous,fresh,NA,,pre-smolt,,,
1990,Facey et al.,Physiol. Zool.,9.9,NA,15,,,7.346573991,NA,0.851449088,NA,3.409203723,NA,1.226478752,2.292534757,Oncorhyncus mykiss,Rainbow trout,juvenile,NA,NA,NA,individual,1.00,8.628318584,NA,NA,NA,NA,NA,NA,NA,1,NA,exogenous,fresh,NA,,pre-smolt,,,
1990,Facey et al.,Physiol. Zool.,9.9,NA,15,,,54.45879956,NA,6.311635231,NA,3.532057911,NA,1.261880679,2.292534757,Oncorhyncus mykiss,Rainbow trout,juvenile,NA,NA,NA,individual,1.00,8.628318584,NA,NA,NA,NA,NA,NA,NA,1,NA,exogenous,fresh,NA,,pre-smolt,,,
1990,Facey et al.,Physiol. Zool.,9.9,NA,15,,,23.09991988,NA,2.677221483,NA,3.685625646,NA,1.304440293,2.292534757,Oncorhyncus mykiss,Rainbow trout,juvenile,NA,NA,NA,individual,1.00,8.628318584,NA,NA,NA,NA,NA,NA,NA,1,NA,exogenous,fresh,NA,,pre-smolt,,,
1990,Facey et al.,Physiol. Zool.,9.9,NA,15,,,44.9056609,NA,5.204450955,NA,3.716339193,NA,1.312739096,2.292534757,Oncorhyncus mykiss,Rainbow trout,juvenile,NA,NA,NA,individual,1.00,8.628318584,NA,NA,NA,NA,NA,NA,NA,1,NA,exogenous,fresh,NA,,pre-smolt,,,
1990,Facey et al.,Physiol. Zool.,9.9,NA,15,,,50.63527259,NA,5.86849826,NA,3.74705274,NA,1.320969595,2.292534757,Oncorhyncus mykiss,Rainbow trout,juvenile,NA,NA,NA,individual,1.00,8.628318584,NA,NA,NA,NA,NA,NA,NA,1,NA,exogenous,fresh,NA,,pre-smolt,,,
1990,Facey et al.,Physiol. Zool.,9.9,NA,15,,,7.341142143,NA,0.850819551,NA,3.74705274,NA,1.320969595,2.292534757,Oncorhyncus mykiss,Rainbow trout,juvenile,NA,NA,NA,individual,1.00,8.628318584,NA,NA,NA,NA,NA,NA,NA,1,NA,exogenous,fresh,NA,,pre-smolt,,,
1990,Facey et al.,Physiol. Zool.,9.9,NA,15,,,5.987706762,NA,0.693959861,NA,3.777766287,NA,1.329132906,2.292534757,Oncorhyncus mykiss,Rainbow trout,juvenile,NA,NA,NA,individual,1.00,8.628318584,NA,NA,NA,NA,NA,NA,NA,1,NA,exogenous,fresh,NA,,pre-smolt,,,
1990,Facey et al.,Physiol. Zool.,9.9,NA,15,,,16.65206978,NA,1.92993219,NA,3.777766287,NA,1.329132906,2.292534757,Oncorhyncus mykiss,Rainbow trout,juvenile,NA,NA,NA,individual,1.00,8.628318584,NA,NA,NA,NA,NA,NA,NA,1,NA,exogenous,fresh,NA,,pre-smolt,,,
1990,Facey et al.,Physiol. Zool.,9.9,NA,15,,,6.460771315,NA,0.748786829,NA,4.054188211,NA,1.399750473,2.292534757,Oncorhyncus mykiss,Rainbow trout,juvenile,NA,NA,NA,individual,1.00,8.628318584,NA,NA,NA,NA,NA,NA,NA,1,NA,exogenous,fresh,NA,,pre-smolt,,,
1990,Facey et al.,Physiol. Zool.,9.9,NA,15,,,50.55025595,NA,5.858645048,NA,4.084901758,NA,1.407297679,2.292534757,Oncorhyncus mykiss,Rainbow trout,juvenile,NA,NA,NA,individual,1.00,8.628318584,NA,NA,NA,NA,NA,NA,NA,1,NA,exogenous,fresh,NA,,pre-smolt,,,
1990,Facey et al.,Physiol. Zool.,9.9,NA,15,,,15.77120515,NA,1.827842237,NA,4.115615305,NA,1.41478835,2.292534757,Oncorhyncus mykiss,Rainbow trout,juvenile,NA,NA,NA,individual,1.00,8.628318584,NA,NA,NA,NA,NA,NA,NA,1,NA,exogenous,fresh,NA,,pre-smolt,,,
1990,Facey et al.,Physiol. Zool.,9.9,NA,15,,,21.10289285,NA,2.445771171,NA,4.146328852,NA,1.422223329,2.292534757,Oncorhyncus mykiss,Rainbow trout,juvenile,NA,NA,NA,individual,1.00,8.628318584,NA,NA,NA,NA,NA,NA,NA,1,NA,exogenous,fresh,NA,,pre-smolt,,,
1990,Facey et al.,Physiol. Zool.,9.9,NA,15,,,30.96844505,NA,3.589163375,NA,4.330610134,NA,1.465708441,2.292534757,Oncorhyncus mykiss,Rainbow trout,juvenile,NA,NA,NA,individual,1.00,8.628318584,NA,NA,NA,NA,NA,NA,NA,1,NA,exogenous,fresh,NA,,pre-smolt,,,
1990,Facey et al.,Physiol. Zool.,9.9,NA,15,,,30.09004944,NA,3.487359576,NA,4.514891417,NA,1.507381137,2.292534757,Oncorhyncus mykiss,Rainbow trout,juvenile,NA,NA,NA,individual,1.00,8.628318584,NA,NA,NA,NA,NA,NA,NA,1,NA,exogenous,fresh,NA,,pre-smolt,,,
1990,Facey et al.,Physiol. Zool.,9.9,NA,15,,,8.360436591,NA,0.968953164,NA,4.699172699,NA,1.547386472,2.292534757,Oncorhyncus mykiss,Rainbow trout,juvenile,NA,NA,NA,individual,1.00,8.628318584,NA,NA,NA,NA,NA,NA,NA,1,NA,exogenous,fresh,NA,,pre-smolt,,,
1990,Facey et al.,Physiol. Zool.,9.9,NA,15,,,38.04309746,NA,4.409097449,NA,4.852740434,NA,1.579543583,2.292534757,Oncorhyncus mykiss,Rainbow trout,juvenile,NA,NA,NA,individual,1.00,8.628318584,NA,NA,NA,NA,NA,NA,NA,1,NA,exogenous,fresh,NA,,pre-smolt,,,
1990,Facey et al.,Physiol. Zool.,9.9,NA,15,,,29.27938732,NA,3.393405916,NA,5.436297828,NA,1.693098283,2.292534757,Oncorhyncus mykiss,Rainbow trout,juvenile,NA,NA,NA,individual,1.00,8.628318584,NA,NA,NA,NA,NA,NA,NA,1,NA,exogenous,fresh,NA,,pre-smolt,,,
1990,Facey et al.,Physiol. Zool.,9.9,NA,15,,,17.65951292,NA,2.046692267,NA,5.467011375,NA,1.698732101,2.292534757,Oncorhyncus mykiss,Rainbow trout,juvenile,NA,NA,NA,individual,1.00,8.628318584,NA,NA,NA,NA,NA,NA,NA,1,NA,exogenous,fresh,NA,,pre-smolt,,,
1990,Facey et al.,Physiol. Zool.,9.9,NA,15,,,21.24082886,NA,2.461757601,NA,5.467011375,NA,1.698732101,2.292534757,Oncorhyncus mykiss,Rainbow trout,juvenile,NA,NA,NA,individual,1.00,8.628318584,NA,NA,NA,NA,NA,NA,NA,1,NA,exogenous,fresh,NA,,pre-smolt,,,
1990,Facey et al.,Physiol. Zool.,9.9,NA,15,,,28.79891571,NA,3.337720487,NA,5.620579111,NA,1.726434703,2.292534757,Oncorhyncus mykiss,Rainbow trout,juvenile,NA,NA,NA,individual,1.00,8.628318584,NA,NA,NA,NA,NA,NA,NA,1,NA,exogenous,fresh,NA,,pre-smolt,,,
1990,Facey et al.,Physiol. Zool.,9.9,NA,15,,,35.40445399,NA,4.103285437,NA,5.620579111,NA,1.726434703,2.292534757,Oncorhyncus mykiss,Rainbow trout,juvenile,NA,NA,NA,individual,1.00,8.628318584,NA,NA,NA,NA,NA,NA,NA,1,NA,exogenous,fresh,NA,,pre-smolt,,,
1990,Facey et al.,Physiol. Zool.,9.9,NA,15,,,35.79990896,NA,4.149117654,NA,5.774146846,NA,1.753390513,2.292534757,Oncorhyncus mykiss,Rainbow trout,juvenile,NA,NA,NA,individual,1.00,8.628318584,NA,NA,NA,NA,NA,NA,NA,1,NA,exogenous,fresh,NA,,pre-smolt,,,
1990,Facey et al.,Physiol. Zool.,9.9,NA,15,,,22.1904146,NA,2.571812153,NA,5.804860393,NA,1.758695565,2.292534757,Oncorhyncus mykiss,Rainbow trout,juvenile,NA,NA,NA,individual,1.00,8.628318584,NA,NA,NA,NA,NA,NA,NA,1,NA,exogenous,fresh,NA,,pre-smolt,,,
1990,Facey et al.,Physiol. Zool.,9.9,NA,15,,,58.40100416,NA,6.768526636,NA,5.83557394,NA,1.763972623,2.292534757,Oncorhyncus mykiss,Rainbow trout,juvenile,NA,NA,NA,individual,1.00,8.628318584,NA,NA,NA,NA,NA,NA,NA,1,NA,exogenous,fresh,NA,,pre-smolt,,,
1990,Facey et al.,Physiol. Zool.,9.9,NA,15,,,62.13852687,NA,7.201695935,NA,6.019855222,NA,1.79506321,2.292534757,Oncorhyncus mykiss,Rainbow trout,juvenile,NA,NA,NA,individual,1.00,8.628318584,NA,NA,NA,NA,NA,NA,NA,1,NA,exogenous,fresh,NA,,pre-smolt,,,
1990,Facey et al.,Physiol. Zool.,9.9,NA,15,,,42.07772577,NA,4.876700525,NA,6.35770424,NA,1.849667344,2.292534757,Oncorhyncus mykiss,Rainbow trout,juvenile,NA,NA,NA,individual,1.00,8.628318584,NA,NA,NA,NA,NA,NA,NA,1,NA,exogenous,fresh,NA,,pre-smolt,,,
1990,Facey et al.,Physiol. Zool.,9.9,NA,15,,,39.21217922,NA,4.544591027,NA,6.388417787,NA,1.85448663,2.292534757,Oncorhyncus mykiss,Rainbow trout,juvenile,NA,NA,NA,individual,1.00,8.628318584,NA,NA,NA,NA,NA,NA,NA,1,NA,exogenous,fresh,NA,,pre-smolt,,,
1990,Facey et al.,Physiol. Zool.,9.9,NA,15,,,23.45389529,NA,2.718246326,NA,6.419131334,NA,1.859282802,2.292534757,Oncorhyncus mykiss,Rainbow trout,juvenile,NA,NA,NA,individual,1.00,8.628318584,NA,NA,NA,NA,NA,NA,NA,1,NA,exogenous,fresh,NA,,pre-smolt,,,
1990,Facey et al.,Physiol. Zool.,9.9,NA,15,,,7.374803139,NA,0.854720774,NA,6.603412616,NA,1.887586578,2.292534757,Oncorhyncus mykiss,Rainbow trout,juvenile,NA,NA,NA,individual,1.00,8.628318584,NA,NA,NA,NA,NA,NA,NA,1,NA,exogenous,fresh,NA,,pre-smolt,,,
1990,Facey et al.,Physiol. Zool.,9.9,NA,15,,,20.74159268,NA,2.403897408,NA,6.818407446,NA,1.919625932,2.292534757,Oncorhyncus mykiss,Rainbow trout,juvenile,NA,NA,NA,individual,1.00,8.628318584,NA,NA,NA,NA,NA,NA,NA,1,NA,exogenous,fresh,NA,,pre-smolt,,,
1990,Facey et al.,Physiol. Zool.,9.9,NA,15,,,49.62544273,NA,5.751461568,NA,7.156256463,NA,1.967987004,2.292534757,Oncorhyncus mykiss,Rainbow trout,juvenile,NA,NA,NA,individual,1.00,8.628318584,NA,NA,NA,NA,NA,NA,NA,1,NA,exogenous,fresh,NA,,pre-smolt,,,
1990,Facey et al.,Physiol. Zool.,9.9,NA,15,,,35.05846176,NA,4.063185824,NA,7.340537746,NA,1.993412102,2.292534757,Oncorhyncus mykiss,Rainbow trout,juvenile,NA,NA,NA,individual,1.00,8.628318584,NA,NA,NA,NA,NA,NA,NA,1,NA,exogenous,fresh,NA,,pre-smolt,,,
1990,Facey et al.,Physiol. Zool.,9.9,NA,15,,,48.58738372,NA,5.63115319,NA,7.371251293,NA,1.997587474,2.292534757,Oncorhyncus mykiss,Rainbow trout,juvenile,NA,NA,NA,individual,1.00,8.628318584,NA,NA,NA,NA,NA,NA,NA,1,NA,exogenous,fresh,NA,,pre-smolt,,,
1990,Facey et al.,Physiol. Zool.,9.9,NA,15,,,64.42475864,NA,7.466664335,NA,7.371251293,NA,1.997587474,2.292534757,Oncorhyncus mykiss,Rainbow trout,juvenile,NA,NA,NA,individual,1.00,8.628318584,NA,NA,NA,NA,NA,NA,NA,1,NA,exogenous,fresh,NA,,pre-smolt,,,
1990,Facey et al.,Physiol. Zool.,9.9,NA,15,,,22.15979873,NA,2.568263852,NA,7.70910031,NA,2.042401489,2.292534757,Oncorhyncus mykiss,Rainbow trout,juvenile,NA,NA,NA,individual,1.00,8.628318584,NA,NA,NA,NA,NA,NA,NA,1,NA,exogenous,fresh,NA,,pre-smolt,,,
1990,Facey et al.,Physiol. Zool.,9.9,NA,15,,,49.132626,NA,5.694345373,NA,8.108376422,NA,2.092897654,2.292534757,Oncorhyncus mykiss,Rainbow trout,juvenile,NA,NA,NA,individual,1.00,8.628318584,NA,NA,NA,NA,NA,NA,NA,1,NA,exogenous,fresh,NA,,pre-smolt,,,
1990,Facey et al.,Physiol. Zool.,9.9,NA,15,,,6.87260413,NA,0.796517197,NA,8.139089969,NA,2.096678376,2.292534757,Oncorhyncus mykiss,Rainbow trout,juvenile,NA,NA,NA,individual,1.00,8.628318584,NA,NA,NA,NA,NA,NA,NA,1,NA,exogenous,fresh,NA,,pre-smolt,,,
1990,Facey et al.,Physiol. Zool.,9.9,NA,15,,,7.821696062,NA,0.906514518,NA,8.507652534,NA,2.140966057,2.292534757,Oncorhyncus mykiss,Rainbow trout,juvenile,NA,NA,NA,individual,1.00,8.628318584,NA,NA,NA,NA,NA,NA,NA,1,NA,exogenous,fresh,NA,,pre-smolt,,,
1990,Facey et al.,Physiol. Zool.,9.9,NA,15,,,63.52858608,NA,7.362800232,NA,8.661220269,NA,2.158855621,2.292534757,Oncorhyncus mykiss,Rainbow trout,juvenile,NA,NA,NA,individual,1.00,8.628318584,NA,NA,NA,NA,NA,NA,NA,1,NA,exogenous,fresh,NA,,pre-smolt,,,
1990,Facey et al.,Physiol. Zool.,9.9,NA,15,,,55.48459576,NA,6.430522381,NA,9.029782834,NA,2.200528318,2.292534757,Oncorhyncus mykiss,Rainbow trout,juvenile,NA,NA,NA,individual,1.00,8.628318584,NA,NA,NA,NA,NA,NA,NA,1,NA,exogenous,fresh,NA,,pre-smolt,,,
1990,Facey et al.,Physiol. Zool.,9.9,NA,15,,,6.912684582,NA,0.801162418,NA,10.59617373,NA,2.360492967,2.292534757,Oncorhyncus mykiss,Rainbow trout,juvenile,NA,NA,NA,individual,1.00,8.628318584,NA,NA,NA,NA,NA,NA,NA,1,NA,exogenous,fresh,NA,,pre-smolt,,,
1990,Facey et al.,Physiol. Zool.,9.9,NA,15,,,37.31160863,NA,4.32431977,NA,10.74974147,NA,2.374881705,2.292534757,Oncorhyncus mykiss,Rainbow trout,juvenile,NA,NA,NA,individual,1.00,8.628318584,NA,NA,NA,NA,NA,NA,NA,1,NA,exogenous,fresh,NA,,pre-smolt,,,
1990,Facey et al.,Physiol. Zool.,9.9,NA,15,,,71.61265684,NA,8.299723306,NA,10.74974147,NA,2.374881705,2.292534757,Oncorhyncus mykiss,Rainbow trout,juvenile,NA,NA,NA,individual,1.00,8.628318584,NA,NA,NA,NA,NA,NA,NA,1,NA,exogenous,fresh,NA,,pre-smolt,,,
1990,Facey et al.,Physiol. Zool.,9.9,NA,15,,,78.65274294,NA,9.115651233,NA,13.42182006,NA,2.596881745,2.292534757,Oncorhyncus mykiss,Rainbow trout,juvenile,NA,NA,NA,individual,1.00,8.628318584,NA,NA,NA,NA,NA,NA,NA,1,NA,exogenous,fresh,NA,,pre-smolt,,,
1990,Facey et al.,Physiol. Zool.,9.9,NA,15,,,73.39718341,NA,8.506545359,NA,13.60610134,NA,2.61051832,2.292534757,Oncorhyncus mykiss,Rainbow trout,juvenile,NA,NA,NA,individual,1.00,8.628318584,NA,NA,NA,NA,NA,NA,NA,1,NA,exogenous,fresh,NA,,pre-smolt,,,
1990,Facey et al.,Physiol. Zool.,9.9,NA,15,,,84.85492539,NA,9.834468276,NA,13.75966908,NA,2.621741783,2.292534757,Oncorhyncus mykiss,Rainbow trout,juvenile,NA,NA,NA,individual,1.00,8.628318584,NA,NA,NA,NA,NA,NA,NA,1,NA,exogenous,fresh,NA,,pre-smolt,,,
1990,Facey et al.,Physiol. Zool.,9.9,NA,15,,,84.76595831,NA,9.824157219,NA,14.34322647,NA,2.663277808,2.292534757,Oncorhyncus mykiss,Rainbow trout,juvenile,NA,NA,NA,individual,1.00,8.628318584,NA,NA,NA,NA,NA,NA,NA,1,NA,exogenous,fresh,NA,,pre-smolt,,,
1990,Facey et al.,Physiol. Zool.,9.9,NA,15,,,77.69533864,NA,9.004690529,NA,18.52026887,NA,2.918865747,2.292534757,Oncorhyncus mykiss,Rainbow trout,juvenile,NA,NA,NA,individual,1.00,8.628318584,NA,NA,NA,NA,NA,NA,NA,1,NA,exogenous,fresh,NA,,pre-smolt,,,
1990,Facey et al.,Physiol. Zool.,9.9,NA,15,,,93.52086226,NA,10.83882814,NA,19.257394,NA,2.957895091,2.292534757,Oncorhyncus mykiss,Rainbow trout,juvenile,NA,NA,NA,individual,1.00,8.628318584,NA,NA,NA,NA,NA,NA,NA,1,NA,exogenous,fresh,NA,,pre-smolt,,,
1990,Facey et al.,Physiol. Zool.,9.9,NA,15,,,97.73836278,NA,11.32762564,NA,19.28810755,NA,2.959488717,2.292534757,Oncorhyncus mykiss,Rainbow trout,juvenile,NA,NA,NA,individual,1.00,8.628318584,NA,NA,NA,NA,NA,NA,NA,1,NA,exogenous,fresh,NA,,pre-smolt,,,
2000,Myrick,Fish Physiol.,10,0.76,10,,,NA,NA,1,NA,1.96,0.21,0.672944473,2.302585093,Oncorhynchus mykiss,rainbow trout,juvenile,hatchery,NA,14,mean,19.00,NA,NA,0,NA,NA,NA,NA,NA,1,NA,exogenous,fresh,NA,,pre-smolt,,,
1990,Facey et al.,Physiol. Zool.,13,NA,5,,,28.05762955,NA,2.698308203,NA,0.345250255,NA,-1.063485747,2.564949357,Oncorhyncus mykiss,Rainbow trout,juvenile,NA,NA,NA,individual,1.00,10.39823009,NA,NA,NA,NA,NA,NA,NA,1,NA,exogenous,fresh,NA,,pre-smolt,,,
1990,Facey et al.,Physiol. Zool.,13,NA,5,,,6.190629108,NA,0.595354118,NA,0.690500511,NA,-0.370338566,2.564949357,Oncorhyncus mykiss,Rainbow trout,juvenile,NA,NA,NA,individual,1.00,10.39823009,NA,NA,NA,NA,NA,NA,NA,1,NA,exogenous,fresh,NA,,pre-smolt,,,
1990,Facey et al.,Physiol. Zool.,13,NA,5,,,4.839177185,NA,0.465384699,NA,0.690500511,NA,-0.370338566,2.564949357,Oncorhyncus mykiss,Rainbow trout,juvenile,NA,NA,NA,individual,1.00,10.39823009,NA,NA,NA,NA,NA,NA,NA,1,NA,exogenous,fresh,NA,,pre-smolt,,,
1990,Facey et al.,Physiol. Zool.,13,NA,5,,,5.708773931,NA,0.549014004,NA,1.009193054,NA,0.009151055,2.564949357,Oncorhyncus mykiss,Rainbow trout,juvenile,NA,NA,NA,individual,1.00,10.39823009,NA,NA,NA,NA,NA,NA,NA,1,NA,exogenous,fresh,NA,,pre-smolt,,,
1990,Facey et al.,Physiol. Zool.,13,NA,5,,,16.838378,NA,1.619350395,NA,1.009193054,NA,0.009151055,2.564949357,Oncorhyncus mykiss,Rainbow trout,juvenile,NA,NA,NA,individual,1.00,10.39823009,NA,NA,NA,NA,NA,NA,NA,1,NA,exogenous,fresh,NA,,pre-smolt,,,
1990,Facey et al.,Physiol. Zool.,13,NA,5,,,16.44048613,NA,1.581085049,NA,1.035750766,NA,0.035126542,2.564949357,Oncorhyncus mykiss,Rainbow trout,juvenile,NA,NA,NA,individual,1.00,10.39823009,NA,NA,NA,NA,NA,NA,NA,1,NA,exogenous,fresh,NA,,pre-smolt,,,
1990,Facey et al.,Physiol. Zool.,13,NA,5,,,14.6096151,NA,1.405009793,NA,1.195097038,NA,0.178227385,2.564949357,Oncorhyncus mykiss,Rainbow trout,juvenile,NA,NA,NA,individual,1.00,10.39823009,NA,NA,NA,NA,NA,NA,NA,1,NA,exogenous,fresh,NA,,pre-smolt,,,
1990,Facey et al.,Physiol. Zool.,13,NA,5,,,18.34557617,NA,1.764297964,NA,1.22165475,NA,0.200206292,2.564949357,Oncorhyncus mykiss,Rainbow trout,juvenile,NA,NA,NA,individual,1.00,10.39823009,NA,NA,NA,NA,NA,NA,NA,1,NA,exogenous,fresh,NA,,pre-smolt,,,
1990,Facey et al.,Physiol. Zool.,13,NA,5,,,18.58203763,NA,1.787038512,NA,1.354443309,NA,0.303390528,2.564949357,Oncorhyncus mykiss,Rainbow trout,juvenile,NA,NA,NA,individual,1.00,10.39823009,NA,NA,NA,NA,NA,NA,NA,1,NA,exogenous,fresh,NA,,pre-smolt,,,
1990,Facey et al.,Physiol. Zool.,13,NA,5,,,53.39976887,NA,5.135467134,NA,1.487231869,NA,0.396916586,2.564949357,Oncorhyncus mykiss,Rainbow trout,juvenile,NA,NA,NA,individual,1.00,10.39823009,NA,NA,NA,NA,NA,NA,NA,1,NA,exogenous,fresh,NA,,pre-smolt,,,
1990,Facey et al.,Physiol. Zool.,13,NA,5,,,29.7887028,NA,2.864785886,NA,1.513789581,NA,0.414616163,2.564949357,Oncorhyncus mykiss,Rainbow trout,juvenile,NA,NA,NA,individual,1.00,10.39823009,NA,NA,NA,NA,NA,NA,NA,1,NA,exogenous,fresh,NA,,pre-smolt,,,
1990,Facey et al.,Physiol. Zool.,13,NA,5,,,41.31376266,NA,3.973153346,NA,1.646578141,NA,0.498699281,2.564949357,Oncorhyncus mykiss,Rainbow trout,juvenile,NA,NA,NA,individual,1.00,10.39823009,NA,NA,NA,NA,NA,NA,NA,1,NA,exogenous,fresh,NA,,pre-smolt,,,
1990,Facey et al.,Physiol. Zool.,13,NA,5,,,24.77794489,NA,2.382900232,NA,1.673135853,NA,0.514699622,2.564949357,Oncorhyncus mykiss,Rainbow trout,juvenile,NA,NA,NA,individual,1.00,10.39823009,NA,NA,NA,NA,NA,NA,NA,1,NA,exogenous,fresh,NA,,pre-smolt,,,
1990,Facey et al.,Physiol. Zool.,13,NA,5,,,38.92844149,NA,3.743756501,NA,1.673135853,NA,0.514699622,2.564949357,Oncorhyncus mykiss,Rainbow trout,juvenile,NA,NA,NA,individual,1.00,10.39823009,NA,NA,NA,NA,NA,NA,NA,1,NA,exogenous,fresh,NA,,pre-smolt,,,
1990,Facey et al.,Physiol. Zool.,13,NA,5,,,14.0429846,NA,1.350516816,NA,1.859039837,NA,0.620060138,2.564949357,Oncorhyncus mykiss,Rainbow trout,juvenile,NA,NA,NA,individual,1.00,10.39823009,NA,NA,NA,NA,NA,NA,NA,1,NA,exogenous,fresh,NA,,pre-smolt,,,
1990,Facey et al.,Physiol. Zool.,13,NA,5,,,44.64777174,NA,4.293785708,NA,1.965270684,NA,0.675629989,2.564949357,Oncorhyncus mykiss,Rainbow trout,juvenile,NA,NA,NA,individual,1.00,10.39823009,NA,NA,NA,NA,NA,NA,NA,1,NA,exogenous,fresh,NA,,pre-smolt,,,
1990,Facey et al.,Physiol. Zool.,13,NA,5,,,5.692939458,NA,0.547491199,NA,2.04494382,NA,0.715370317,2.564949357,Oncorhyncus mykiss,Rainbow trout,juvenile,NA,NA,NA,individual,1.00,10.39823009,NA,NA,NA,NA,NA,NA,NA,1,NA,exogenous,fresh,NA,,pre-smolt,,,
1990,Facey et al.,Physiol. Zool.,13,NA,5,,,23.73676743,NA,2.282769974,NA,2.17773238,NA,0.778284143,2.564949357,Oncorhyncus mykiss,Rainbow trout,juvenile,NA,NA,NA,individual,1.00,10.39823009,NA,NA,NA,NA,NA,NA,NA,1,NA,exogenous,fresh,NA,,pre-smolt,,,
1990,Facey et al.,Physiol. Zool.,13,NA,5,,,5.926558829,NA,0.569958424,NA,2.363636364,NA,0.860201265,2.564949357,Oncorhyncus mykiss,Rainbow trout,juvenile,NA,NA,NA,individual,1.00,10.39823009,NA,NA,NA,NA,NA,NA,NA,1,NA,exogenous,fresh,NA,,pre-smolt,,,
1990,Facey et al.,Physiol. Zool.,13,NA,5,,,27.06509233,NA,2.602855688,NA,2.868232891,NA,1.053696123,2.564949357,Oncorhyncus mykiss,Rainbow trout,juvenile,NA,NA,NA,individual,1.00,10.39823009,NA,NA,NA,NA,NA,NA,NA,1,NA,exogenous,fresh,NA,,pre-smolt,,,
1990,Facey et al.,Physiol. Zool.,13,NA,5,,,50.35329757,NA,4.842487341,NA,3.160367722,NA,1.150688389,2.564949357,Oncorhyncus mykiss,Rainbow trout,juvenile,NA,NA,NA,individual,1.00,10.39823009,NA,NA,NA,NA,NA,NA,NA,1,NA,exogenous,fresh,NA,,pre-smolt,,,
1990,Facey et al.,Physiol. Zool.,13,NA,5,,,30.71749611,NA,2.954108136,NA,3.160367722,NA,1.150688389,2.564949357,Oncorhyncus mykiss,Rainbow trout,juvenile,NA,NA,NA,individual,1.00,10.39823009,NA,NA,NA,NA,NA,NA,NA,1,NA,exogenous,fresh,NA,,pre-smolt,,,
1990,Facey et al.,Physiol. Zool.,13,NA,5,,,16.40759915,NA,1.577922301,NA,3.186925434,NA,1.159056638,2.564949357,Oncorhyncus mykiss,Rainbow trout,juvenile,NA,NA,NA,individual,1.00,10.39823009,NA,NA,NA,NA,NA,NA,NA,1,NA,exogenous,fresh,NA,,pre-smolt,,,
1990,Facey et al.,Physiol. Zool.,13,NA,5,,,42.16224678,NA,4.054752244,NA,3.346271706,NA,1.207846802,2.564949357,Oncorhyncus mykiss,Rainbow trout,juvenile,NA,NA,NA,individual,1.00,10.39823009,NA,NA,NA,NA,NA,NA,NA,1,NA,exogenous,fresh,NA,,pre-smolt,,,
1990,Facey et al.,Physiol. Zool.,13,NA,5,,,43.19083787,NA,4.153672068,NA,3.664964249,NA,1.298818581,2.564949357,Oncorhyncus mykiss,Rainbow trout,juvenile,NA,NA,NA,individual,1.00,10.39823009,NA,NA,NA,NA,NA,NA,NA,1,NA,exogenous,fresh,NA,,pre-smolt,,,
1990,Facey et al.,Physiol. Zool.,13,NA,5,,,56.21538168,NA,5.406245217,NA,4.514811032,NA,1.507363333,2.564949357,Oncorhyncus mykiss,Rainbow trout,juvenile,NA,NA,NA,individual,1.00,10.39823009,NA,NA,NA,NA,NA,NA,NA,1,NA,exogenous,fresh,NA,,pre-smolt,,,
1990,Facey et al.,Physiol. Zool.,13,NA,5,,,62.08599204,NA,5.970823064,NA,5.31154239,NA,1.669882262,2.564949357,Oncorhyncus mykiss,Rainbow trout,juvenile,NA,NA,NA,individual,1.00,10.39823009,NA,NA,NA,NA,NA,NA,NA,1,NA,exogenous,fresh,NA,,pre-smolt,,,
1990,Facey et al.,Physiol. Zool.,13,NA,5,,,73.36159807,NA,7.055200495,NA,6.161389173,NA,1.818302267,2.564949357,Oncorhyncus mykiss,Rainbow trout,juvenile,NA,NA,NA,individual,1.00,10.39823009,NA,NA,NA,NA,NA,NA,NA,1,NA,exogenous,fresh,NA,,pre-smolt,,,
2000,Myrick,Fish Physiol.,13.4,1.99,22,,,NA,NA,0.5,NA,4.15,0.58,1.423108334,2.595254707,Oncorhynchus mykiss,rainbow trout,juvenile,hatchery,NA,14,mean,19.00,NA,NA,0,NA,NA,NA,NA,NA,1,NA,exogenous,fresh,NA,,pre-smolt,,,
2000,Myrick,Fish Physiol.,14.1,1.49,19,,,NA,NA,0.5,NA,4.25,0.64,1.446918983,2.646174797,Oncorhynchus mykiss,rainbow trout,juvenile,hatchery,NA,14,mean,18.00,NA,NA,0,NA,NA,NA,NA,NA,1,NA,exogenous,fresh,NA,,pre-smolt,,,
2000,Myrick,Fish Physiol.,15,1.59,22,,,NA,NA,0.5,NA,3.9,0.44,1.360976553,2.708050201,Oncorhynchus mykiss,rainbow trout,juvenile,hatchery,NA,14,mean,19.00,NA,NA,0,NA,NA,NA,NA,NA,1,NA,exogenous,fresh,NA,,pre-smolt,,,
1998,Kieffer,J. Exp. Biol.,15.1,0.7,15,,,NA,NA,2.367170626,NA,4.794207821,NA,1.567408485,2.714694744,Oncorhyncus mykiss,rainbow trout,juvenile,hatchery,,15,mean,9.00,NA,11.1,NA,0,NA,NA,NA,NA,1,NA,exogenous,fresh,NA,"A RESPIROMETRIC ANALYSIS OF FUEL USE DURING AEROBIC SWIMMING AT
DIFFERENT TEMPERATURES IN RAINBOW TROUT (ONCORHYNCHUS MYKISS)",pre-smolt,,,
1998,Kieffer,J. Exp. Biol.,15.2,1.2,5,,,NA,NA,0,NA,1.967338547,NA,0.676681638,2.721295428,Oncorhyncus mykiss,rainbow trout,juvenile,hatchery,,5,mean,4.00,NA,11.5,NA,0,NA,NA,NA,NA,1,NA,exogenous,fresh,NA,"A RESPIROMETRIC ANALYSIS OF FUEL USE DURING AEROBIC SWIMMING AT
DIFFERENT TEMPERATURES IN RAINBOW TROUT (ONCORHYNCHUS MYKISS)",pre-smolt,,,
1990,Facey et al.,Physiol. Zool.,15.7,NA,10,,,5.912317358,NA,0.551003597,NA,1.563884612,NA,0.447172862,2.753660712,Oncorhyncus mykiss,Rainbow trout,juvenile,NA,NA,NA,individual,1.00,10.7300885,NA,NA,NA,NA,NA,NA,NA,1,NA,exogenous,fresh,NA,,pre-smolt,,,
1990,Facey et al.,Physiol. Zool.,15.7,NA,10,,,5.372133888,NA,0.500660725,NA,1.943510853,NA,0.664496056,2.753660712,Oncorhyncus mykiss,Rainbow trout,juvenile,NA,NA,NA,individual,1.00,10.7300885,NA,NA,NA,NA,NA,NA,NA,1,NA,exogenous,fresh,NA,,pre-smolt,,,
1990,Facey et al.,Physiol. Zool.,15.7,NA,10,,,4.410998563,NA,0.411086876,NA,2.154154318,NA,0.767398219,2.753660712,Oncorhyncus mykiss,Rainbow trout,juvenile,NA,NA,NA,individual,1.00,10.7300885,NA,NA,NA,NA,NA,NA,NA,1,NA,exogenous,fresh,NA,,pre-smolt,,,
1990,Facey et al.,Physiol. Zool.,15.7,NA,10,,,5.362138423,NA,0.499729189,NA,2.365549932,NA,0.861010524,2.753660712,Oncorhyncus mykiss,Rainbow trout,juvenile,NA,NA,NA,individual,1.00,10.7300885,NA,NA,NA,NA,NA,NA,NA,1,NA,exogenous,fresh,NA,,pre-smolt,,,
1990,Facey et al.,Physiol. Zool.,15.7,NA,10,,,18.10164374,NA,1.686998551,NA,2.750399429,NA,1.011746148,2.753660712,Oncorhyncus mykiss,Rainbow trout,juvenile,NA,NA,NA,individual,1.00,10.7300885,NA,NA,NA,NA,NA,NA,NA,1,NA,exogenous,fresh,NA,,pre-smolt,,,
1990,Facey et al.,Physiol. Zool.,15.7,NA,10,,,37.85382429,NA,3.527820325,NA,3.095802898,NA,1.13004729,2.753660712,Oncorhyncus mykiss,Rainbow trout,juvenile,NA,NA,NA,individual,1.00,10.7300885,NA,NA,NA,NA,NA,NA,NA,1,NA,exogenous,fresh,NA,,pre-smolt,,,
1990,Facey et al.,Physiol. Zool.,15.7,NA,10,,,16.28661015,NA,1.517844905,NA,3.129524238,NA,1.140880992,2.753660712,Oncorhyncus mykiss,Rainbow trout,juvenile,NA,NA,NA,individual,1.00,10.7300885,NA,NA,NA,NA,NA,NA,NA,1,NA,exogenous,fresh,NA,,pre-smolt,,,
1990,Facey et al.,Physiol. Zool.,15.7,NA,10,,,30.41220083,NA,2.834291707,NA,3.303897414,NA,1.195102806,2.753660712,Oncorhyncus mykiss,Rainbow trout,juvenile,NA,NA,NA,individual,1.00,10.7300885,NA,NA,NA,NA,NA,NA,NA,1,NA,exogenous,fresh,NA,,pre-smolt,,,
1990,Facey et al.,Physiol. Zool.,15.7,NA,10,,,16.70656246,NA,1.556982728,NA,3.340710922,NA,1.206183635,2.753660712,Oncorhyncus mykiss,Rainbow trout,juvenile,NA,NA,NA,individual,1.00,10.7300885,NA,NA,NA,NA,NA,NA,NA,1,NA,exogenous,fresh,NA,,pre-smolt,,,
1990,Facey et al.,Physiol. Zool.,15.7,NA,10,,,5.333151576,NA,0.497027734,NA,3.589463262,NA,1.278002682,2.753660712,Oncorhyncus mykiss,Rainbow trout,juvenile,NA,NA,NA,individual,1.00,10.7300885,NA,NA,NA,NA,NA,NA,NA,1,NA,exogenous,fresh,NA,,pre-smolt,,,
1990,Facey et al.,Physiol. Zool.,15.7,NA,10,,,27.00360459,NA,2.516624592,NA,3.682395432,NA,1.303563473,2.753660712,Oncorhyncus mykiss,Rainbow trout,juvenile,NA,NA,NA,individual,1.00,10.7300885,NA,NA,NA,NA,NA,NA,NA,1,NA,exogenous,fresh,NA,,pre-smolt,,,
1990,Facey et al.,Physiol. Zool.,15.7,NA,10,,,5.330152936,NA,0.496748274,NA,3.716074986,NA,1.312668,2.753660712,Oncorhyncus mykiss,Rainbow trout,juvenile,NA,NA,NA,individual,1.00,10.7300885,NA,NA,NA,NA,NA,NA,NA,1,NA,exogenous,fresh,NA,,pre-smolt,,,
1990,Facey et al.,Physiol. Zool.,15.7,NA,10,,,68.64371089,NA,6.397310788,NA,3.909795102,NA,1.363484969,2.753660712,Oncorhyncus mykiss,Rainbow trout,juvenile,NA,NA,NA,individual,1.00,10.7300885,NA,NA,NA,NA,NA,NA,NA,1,NA,exogenous,fresh,NA,,pre-smolt,,,
1990,Facey et al.,Physiol. Zool.,15.7,NA,10,,,54.50112792,NA,5.079280375,NA,4.452888361,NA,1.493552955,2.753660712,Oncorhyncus mykiss,Rainbow trout,juvenile,NA,NA,NA,individual,1.00,10.7300885,NA,NA,NA,NA,NA,NA,NA,1,NA,exogenous,fresh,NA,,pre-smolt,,,
1990,Facey et al.,Physiol. Zool.,15.7,NA,10,,,78.82751869,NA,7.34639968,NA,4.546865181,NA,1.514438024,2.753660712,Oncorhyncus mykiss,Rainbow trout,juvenile,NA,NA,NA,individual,1.00,10.7300885,NA,NA,NA,NA,NA,NA,NA,1,NA,exogenous,fresh,NA,,pre-smolt,,,
1990,Facey et al.,Physiol. Zool.,15.7,NA,10,,,66.28749428,NA,6.177721117,NA,4.71075006,NA,1.549847144,2.753660712,Oncorhyncus mykiss,Rainbow trout,juvenile,NA,NA,NA,individual,1.00,10.7300885,NA,NA,NA,NA,NA,NA,NA,1,NA,exogenous,fresh,NA,,pre-smolt,,,
1990,Facey et al.,Physiol. Zool.,15.7,NA,10,,,5.72611613,NA,0.53365041,NA,4.94015546,NA,1.5973968,2.753660712,Oncorhyncus mykiss,Rainbow trout,juvenile,NA,NA,NA,individual,1.00,10.7300885,NA,NA,NA,NA,NA,NA,NA,1,NA,exogenous,fresh,NA,,pre-smolt,,,
1990,Facey et al.,Physiol. Zool.,15.7,NA,10,,,13.15874367,NA,1.226340647,NA,5.111896115,NA,1.631570395,2.753660712,Oncorhyncus mykiss,Rainbow trout,juvenile,NA,NA,NA,individual,1.00,10.7300885,NA,NA,NA,NA,NA,NA,NA,1,NA,exogenous,fresh,NA,,pre-smolt,,,
1990,Facey et al.,Physiol. Zool.,15.7,NA,10,,,17.71696114,NA,1.651147719,NA,5.535731994,NA,1.711223806,2.753660712,Oncorhyncus mykiss,Rainbow trout,juvenile,NA,NA,NA,individual,1.00,10.7300885,NA,NA,NA,NA,NA,NA,NA,1,NA,exogenous,fresh,NA,,pre-smolt,,,
1990,Facey et al.,Physiol. Zool.,15.7,NA,10,,,83.79669255,NA,7.809506193,NA,5.561722916,NA,1.715907937,2.753660712,Oncorhyncus mykiss,Rainbow trout,juvenile,NA,NA,NA,individual,1.00,10.7300885,NA,NA,NA,NA,NA,NA,NA,1,NA,exogenous,fresh,NA,,pre-smolt,,,
1990,Facey et al.,Physiol. Zool.,15.7,NA,10,,,42.35506762,NA,3.947317642,NA,5.925261529,NA,1.779224826,2.753660712,Oncorhyncus mykiss,Rainbow trout,juvenile,NA,NA,NA,individual,1.00,10.7300885,NA,NA,NA,NA,NA,NA,NA,1,NA,exogenous,fresh,NA,,pre-smolt,,,
1990,Facey et al.,Physiol. Zool.,15.7,NA,10,,,5.808364525,NA,0.541315622,NA,5.953091036,NA,1.783910587,2.753660712,Oncorhyncus mykiss,Rainbow trout,juvenile,NA,NA,NA,individual,1.00,10.7300885,NA,NA,NA,NA,NA,NA,NA,1,NA,exogenous,fresh,NA,,pre-smolt,,,
1990,Facey et al.,Physiol. Zool.,15.7,NA,10,,,16.75082809,NA,1.561108102,NA,5.957394999,NA,1.784633305,2.753660712,Oncorhyncus mykiss,Rainbow trout,juvenile,NA,NA,NA,individual,1.00,10.7300885,NA,NA,NA,NA,NA,NA,NA,1,NA,exogenous,fresh,NA,,pre-smolt,,,
1990,Facey et al.,Physiol. Zool.,15.7,NA,10,,,27.47681844,NA,2.560726172,NA,6.130431022,NA,1.813265061,2.753660712,Oncorhyncus mykiss,Rainbow trout,juvenile,NA,NA,NA,individual,1.00,10.7300885,NA,NA,NA,NA,NA,NA,NA,1,NA,exogenous,fresh,NA,,pre-smolt,,,
1990,Facey et al.,Physiol. Zool.,15.7,NA,10,,,82.29037603,NA,7.669123704,NA,6.363012162,NA,1.850501876,2.753660712,Oncorhyncus mykiss,Rainbow trout,juvenile,NA,NA,NA,individual,1.00,10.7300885,NA,NA,NA,NA,NA,NA,NA,1,NA,exogenous,fresh,NA,,pre-smolt,,,
1990,Facey et al.,Physiol. Zool.,15.7,NA,10,,,15.78069684,NA,1.470695871,NA,6.547873636,NA,1.879140361,2.753660712,Oncorhyncus mykiss,Rainbow trout,juvenile,NA,NA,NA,individual,1.00,10.7300885,NA,NA,NA,NA,NA,NA,NA,1,NA,exogenous,fresh,NA,,pre-smolt,,,
1990,Facey et al.,Physiol. Zool.,15.7,NA,10,,,57.94899206,NA,5.400607095,NA,6.90209396,NA,1.931824838,2.753660712,Oncorhyncus mykiss,Rainbow trout,juvenile,NA,NA,NA,individual,1.00,10.7300885,NA,NA,NA,NA,NA,NA,NA,1,NA,exogenous,fresh,NA,,pre-smolt,,,
1990,Facey et al.,Physiol. Zool.,15.7,NA,10,,,15.76670319,NA,1.46939172,NA,7.138728347,NA,1.965534658,2.753660712,Oncorhyncus mykiss,Rainbow trout,juvenile,NA,NA,NA,individual,1.00,10.7300885,NA,NA,NA,NA,NA,NA,NA,1,NA,exogenous,fresh,NA,,pre-smolt,,,
1990,Facey et al.,Physiol. Zool.,15.7,NA,10,,,22.56190567,NA,2.102676569,NA,7.310218286,NA,1.989273135,2.753660712,Oncorhyncus mykiss,Rainbow trout,juvenile,NA,NA,NA,individual,1.00,10.7300885,NA,NA,NA,NA,NA,NA,NA,1,NA,exogenous,fresh,NA,,pre-smolt,,,
1990,Facey et al.,Physiol. Zool.,15.7,NA,10,,,26.49269355,NA,2.46900979,NA,7.311764369,NA,1.989484608,2.753660712,Oncorhyncus mykiss,Rainbow trout,juvenile,NA,NA,NA,individual,1.00,10.7300885,NA,NA,NA,NA,NA,NA,NA,1,NA,exogenous,fresh,NA,,pre-smolt,,,
1990,Facey et al.,Physiol. Zool.,15.7,NA,10,,,72.49353551,NA,6.756098567,NA,7.329857728,NA,1.991956106,2.753660712,Oncorhyncus mykiss,Rainbow trout,juvenile,NA,NA,NA,individual,1.00,10.7300885,NA,NA,NA,NA,NA,NA,NA,1,NA,exogenous,fresh,NA,,pre-smolt,,,
1990,Facey et al.,Physiol. Zool.,15.7,NA,10,,,50.6046102,NA,4.716140992,NA,7.490065434,NA,2.013577534,2.753660712,Oncorhyncus mykiss,Rainbow trout,juvenile,NA,NA,NA,individual,1.00,10.7300885,NA,NA,NA,NA,NA,NA,NA,1,NA,exogenous,fresh,NA,,pre-smolt,,,
1990,Facey et al.,Physiol. Zool.,15.7,NA,10,,,31.37462129,NA,2.923985324,NA,7.524706067,NA,2.018191749,2.753660712,Oncorhyncus mykiss,Rainbow trout,juvenile,NA,NA,NA,individual,1.00,10.7300885,NA,NA,NA,NA,NA,NA,NA,1,NA,exogenous,fresh,NA,,pre-smolt,,,
1990,Facey et al.,Physiol. Zool.,15.7,NA,10,,,69.61912545,NA,6.488215403,NA,7.581952952,NA,2.025770812,2.753660712,Oncorhyncus mykiss,Rainbow trout,juvenile,NA,NA,NA,individual,1.00,10.7300885,NA,NA,NA,NA,NA,NA,NA,1,NA,exogenous,fresh,NA,,pre-smolt,,,
1990,Facey et al.,Physiol. Zool.,15.7,NA,10,,,25.95151053,NA,2.418573765,NA,7.733594518,NA,2.045573763,2.753660712,Oncorhyncus mykiss,Rainbow trout,juvenile,NA,NA,NA,individual,1.00,10.7300885,NA,NA,NA,NA,NA,NA,NA,1,NA,exogenous,fresh,NA,,pre-smolt,,,
1990,Facey et al.,Physiol. Zool.,15.7,NA,10,,,36.57526156,NA,3.408663552,NA,7.737773123,NA,2.046113936,2.753660712,Oncorhyncus mykiss,Rainbow trout,juvenile,NA,NA,NA,individual,1.00,10.7300885,NA,NA,NA,NA,NA,NA,NA,1,NA,exogenous,fresh,NA,,pre-smolt,,,
1990,Facey et al.,Physiol. Zool.,15.7,NA,10,,,40.29357442,NA,3.755194977,NA,7.739235635,NA,2.046302928,2.753660712,Oncorhyncus mykiss,Rainbow trout,juvenile,NA,NA,NA,individual,1.00,10.7300885,NA,NA,NA,NA,NA,NA,NA,1,NA,exogenous,fresh,NA,,pre-smolt,,,
1990,Facey et al.,Physiol. Zool.,15.7,NA,10,,,40.71852446,NA,3.794798569,NA,7.739402779,NA,2.046324524,2.753660712,Oncorhyncus mykiss,Rainbow trout,juvenile,NA,NA,NA,individual,1.00,10.7300885,NA,NA,NA,NA,NA,NA,NA,1,NA,exogenous,fresh,NA,,pre-smolt,,,
1990,Facey et al.,Physiol. Zool.,15.7,NA,10,,,48.68633774,NA,4.537365909,NA,7.742536732,NA,2.046729377,2.753660712,Oncorhyncus mykiss,Rainbow trout,juvenile,NA,NA,NA,individual,1.00,10.7300885,NA,NA,NA,NA,NA,NA,NA,1,NA,exogenous,fresh,NA,,pre-smolt,,,
1990,Facey et al.,Physiol. Zool.,15.7,NA,10,,,58.88214009,NA,5.487572643,NA,7.873159917,NA,2.063459496,2.753660712,Oncorhyncus mykiss,Rainbow trout,juvenile,NA,NA,NA,individual,1.00,10.7300885,NA,NA,NA,NA,NA,NA,NA,1,NA,exogenous,fresh,NA,,pre-smolt,,,
1990,Facey et al.,Physiol. Zool.,15.7,NA,10,,,52.61312743,NA,4.903326515,NA,7.912898448,NA,2.068494143,2.753660712,Oncorhyncus mykiss,Rainbow trout,juvenile,NA,NA,NA,individual,1.00,10.7300885,NA,NA,NA,NA,NA,NA,NA,1,NA,exogenous,fresh,NA,,pre-smolt,,,
1990,Facey et al.,Physiol. Zool.,15.7,NA,10,,,64.29525538,NA,5.992052666,NA,8.086310545,NA,2.090172576,2.753660712,Oncorhyncus mykiss,Rainbow trout,juvenile,NA,NA,NA,individual,1.00,10.7300885,NA,NA,NA,NA,NA,NA,NA,1,NA,exogenous,fresh,NA,,pre-smolt,,,
1990,Facey et al.,Physiol. Zool.,15.7,NA,10,,,29.34211494,NA,2.734564114,NA,8.114766843,NA,2.093685469,2.753660712,Oncorhyncus mykiss,Rainbow trout,juvenile,NA,NA,NA,individual,1.00,10.7300885,NA,NA,NA,NA,NA,NA,NA,1,NA,exogenous,fresh,NA,,pre-smolt,,,
1990,Facey et al.,Physiol. Zool.,15.7,NA,10,,,39.32844091,NA,3.665248514,NA,8.118694732,NA,2.094169394,2.753660712,Oncorhyncus mykiss,Rainbow trout,juvenile,NA,NA,NA,individual,1.00,10.7300885,NA,NA,NA,NA,NA,NA,NA,1,NA,exogenous,fresh,NA,,pre-smolt,,,
1990,Facey et al.,Physiol. Zool.,15.7,NA,10,,,78.31760719,NA,7.298878031,NA,8.134030211,NA,2.096056522,2.753660712,Oncorhyncus mykiss,Rainbow trout,juvenile,NA,NA,NA,individual,1.00,10.7300885,NA,NA,NA,NA,NA,NA,NA,1,NA,exogenous,fresh,NA,,pre-smolt,,,
1990,Facey et al.,Physiol. Zool.,15.7,NA,10,,,17.12380171,NA,1.595867706,NA,8.152165356,NA,2.09828358,2.753660712,Oncorhyncus mykiss,Rainbow trout,juvenile,NA,NA,NA,individual,1.00,10.7300885,NA,NA,NA,NA,NA,NA,NA,1,NA,exogenous,fresh,NA,,pre-smolt,,,
1990,Facey et al.,Physiol. Zool.,15.7,NA,10,,,49.19953345,NA,4.585193633,NA,8.502416005,NA,2.140350359,2.753660712,Oncorhyncus mykiss,Rainbow trout,juvenile,NA,NA,NA,individual,1.00,10.7300885,NA,NA,NA,NA,NA,NA,NA,1,NA,exogenous,fresh,NA,,pre-smolt,,,
1990,Facey et al.,Physiol. Zool.,15.7,NA,10,,,47.17602302,NA,4.396610806,NA,8.71264161,NA,2.16477503,2.753660712,Oncorhyncus mykiss,Rainbow trout,juvenile,NA,NA,NA,individual,1.00,10.7300885,NA,NA,NA,NA,NA,NA,NA,1,NA,exogenous,fresh,NA,,pre-smolt,,,
1990,Facey et al.,Physiol. Zool.,15.7,NA,10,,,80.32112669,NA,7.485597787,NA,8.767882765,NA,2.171095359,2.753660712,Oncorhyncus mykiss,Rainbow trout,juvenile,NA,NA,NA,individual,1.00,10.7300885,NA,NA,NA,NA,NA,NA,NA,1,NA,exogenous,fresh,NA,,pre-smolt,,,
1990,Facey et al.,Physiol. Zool.,15.7,NA,10,,,27.83479887,NA,2.594088472,NA,8.958259997,NA,2.192576011,2.753660712,Oncorhyncus mykiss,Rainbow trout,juvenile,NA,NA,NA,individual,1.00,10.7300885,NA,NA,NA,NA,NA,NA,NA,1,NA,exogenous,fresh,NA,,pre-smolt,,,
1990,Facey et al.,Physiol. Zool.,15.7,NA,10,,,28.89317579,NA,2.692724836,NA,9.127493489,NA,2.211291121,2.753660712,Oncorhyncus mykiss,Rainbow trout,juvenile,NA,NA,NA,individual,1.00,10.7300885,NA,NA,NA,NA,NA,NA,NA,1,NA,exogenous,fresh,NA,,pre-smolt,,,
1990,Facey et al.,Physiol. Zool.,15.7,NA,10,,,57.36083036,NA,5.34579285,NA,9.307507782,NA,2.230821363,2.753660712,Oncorhyncus mykiss,Rainbow trout,juvenile,NA,NA,NA,individual,1.00,10.7300885,NA,NA,NA,NA,NA,NA,NA,1,NA,exogenous,fresh,NA,,pre-smolt,,,
1990,Facey et al.,Physiol. Zool.,15.7,NA,10,,,61.39185848,NA,5.721468048,NA,9.562319099,NA,2.257830281,2.753660712,Oncorhyncus mykiss,Rainbow trout,juvenile,NA,NA,NA,individual,1.00,10.7300885,NA,NA,NA,NA,NA,NA,NA,1,NA,exogenous,fresh,NA,,pre-smolt,,,
1990,Facey et al.,Physiol. Zool.,15.7,NA,10,,,20.27694244,NA,1.889727419,NA,9.588351807,NA,2.260549008,2.753660712,Oncorhyncus mykiss,Rainbow trout,juvenile,NA,NA,NA,individual,1.00,10.7300885,NA,NA,NA,NA,NA,NA,NA,1,NA,exogenous,fresh,NA,,pre-smolt,,,
1990,Facey et al.,Physiol. Zool.,15.7,NA,10,,,38.32932282,NA,3.572134828,NA,9.933086698,NA,2.295871275,2.753660712,Oncorhyncus mykiss,Rainbow trout,juvenile,NA,NA,NA,individual,1.00,10.7300885,NA,NA,NA,NA,NA,NA,NA,1,NA,exogenous,fresh,NA,,pre-smolt,,,
1990,Facey et al.,Physiol. Zool.,15.7,NA,10,,,71.04947645,NA,6.621518218,NA,9.988160709,NA,2.301400462,2.753660712,Oncorhyncus mykiss,Rainbow trout,juvenile,NA,NA,NA,individual,1.00,10.7300885,NA,NA,NA,NA,NA,NA,NA,1,NA,exogenous,fresh,NA,,pre-smolt,,,
1990,Facey et al.,Physiol. Zool.,15.7,NA,10,,,60.42172723,NA,5.631055816,NA,10.15279774,NA,2.317749306,2.753660712,Oncorhyncus mykiss,Rainbow trout,juvenile,NA,NA,NA,individual,1.00,10.7300885,NA,NA,NA,NA,NA,NA,NA,1,NA,exogenous,fresh,NA,,pre-smolt,,,
1990,Facey et al.,Physiol. Zool.,15.7,NA,10,,,49.68774051,NA,4.630692517,NA,10.31739298,NA,2.33383111,2.753660712,Oncorhyncus mykiss,Rainbow trout,juvenile,NA,NA,NA,individual,1.00,10.7300885,NA,NA,NA,NA,NA,NA,NA,1,NA,exogenous,fresh,NA,,pre-smolt,,,
1990,Facey et al.,Physiol. Zool.,15.7,NA,10,,,40.33384187,NA,3.758947737,NA,10.52473534,NA,2.353728234,2.753660712,Oncorhyncus mykiss,Rainbow trout,juvenile,NA,NA,NA,individual,1.00,10.7300885,NA,NA,NA,NA,NA,NA,NA,1,NA,exogenous,fresh,NA,,pre-smolt,,,
1998,Kieffer,J. Exp. Biol.,16.8,0.9,5,,,NA,NA,2.215982721,NA,3.543955307,NA,1.265243422,2.821378886,Oncorhyncus mykiss,rainbow trout,juvenile,hatchery,,5,mean,8.00,NA,11.4,NA,0,NA,NA,NA,NA,1,NA,exogenous,fresh,NA,"A RESPIROMETRIC ANALYSIS OF FUEL USE DURING AEROBIC SWIMMING AT
DIFFERENT TEMPERATURES IN RAINBOW TROUT (ONCORHYNCHUS MYKISS)",pre-smolt,,,
1998,Kieffer,J. Exp. Biol.,17.5,0.8,15,,,NA,NA,1.420302376,NA,3.654078212,NA,1.295843862,2.862200881,Oncorhyncus mykiss,rainbow trout,juvenile,hatchery,,15,mean,9.00,NA,11.6,NA,0,NA,NA,NA,NA,1,NA,exogenous,fresh,NA,"A RESPIROMETRIC ANALYSIS OF FUEL USE DURING AEROBIC SWIMMING AT
DIFFERENT TEMPERATURES IN RAINBOW TROUT (ONCORHYNCHUS MYKISS)",pre-smolt,,,
1998,Kieffer,J. Exp. Biol.,18,1.4,15,,,NA,NA,0,NA,3.230748603,NA,1.172713876,2.890371758,Oncorhyncus mykiss,rainbow trout,juvenile,hatchery,,15,mean,7.00,NA,11.3,NA,0,NA,NA,NA,NA,1,NA,exogenous,fresh,NA,"A RESPIROMETRIC ANALYSIS OF FUEL USE DURING AEROBIC SWIMMING AT
DIFFERENT TEMPERATURES IN RAINBOW TROUT (ONCORHYNCHUS MYKISS)",pre-smolt,,,
1998,Kieffer,J. Exp. Biol.,20.6,1.7,5,,,NA,NA,1.329589633,NA,3.270221229,NA,1.184857637,3.025291076,Oncorhyncus mykiss,rainbow trout,juvenile,hatchery,,5,mean,9.00,NA,12.2,NA,0,NA,NA,NA,NA,1,NA,exogenous,fresh,NA,"A RESPIROMETRIC ANALYSIS OF FUEL USE DURING AEROBIC SWIMMING AT
DIFFERENT TEMPERATURES IN RAINBOW TROUT (ONCORHYNCHUS MYKISS)",pre-smolt,,,
2000,Myrick,Fish Physiol.,24.5,4.86,19,,,NA,NA,0.5,NA,6.3,1.59,1.840549633,3.198673118,Oncorhynchus mykiss,rainbow trout,juvenile,hatchery,NA,14,mean,19.00,NA,NA,0,NA,NA,NA,NA,NA,1,NA,exogenous,fresh,NA,,pre-smolt,,,
1968,Rao,Can. J. Zool.,26.62347928,NA,5,,,57.5,NA,4.406610889,NA,6.053311657,NA,1.800605504,3.281793506,Oncorhyncus mykiss,Rainbow trout,juvenile,NA,NA,NA,individual,1.00,13.04857666,NA,NA,7.5,NA,0.0118,3.006,13.04857666,1,NA,exogenous,salt,NA,,pre-smolt,,,
1968,Rao,Can. J. Zool.,26.62842556,NA,5,,,57.5,NA,4.406338571,NA,6.163516872,NA,1.818647535,3.281979275,Oncorhyncus mykiss,Rainbow trout,juvenile,NA,NA,NA,individual,1.00,13.04938308,NA,NA,7.5,NA,0.0118,3.006,13.04938308,1,NA,exogenous,salt,NA,,pre-smolt,,,
1968,Rao,Can. J. Zool.,26.77040313,NA,5,,,45.1,NA,3.449993608,NA,4.414088457,NA,1.484801348,3.287296916,Oncorhyncus mykiss,Rainbow trout,juvenile,NA,NA,NA,individual,1.00,13.07248799,NA,NA,7.5,NA,0.0118,3.006,13.07248799,1,NA,exogenous,salt,NA,,pre-smolt,,,
1968,Rao,Can. J. Zool.,27.05349205,NA,5,,,45.1,NA,3.437941822,NA,5.239007375,NA,1.656132048,3.297816093,Oncorhyncus mykiss,Rainbow trout,juvenile,NA,NA,NA,individual,1.00,13.1183139,NA,NA,7.5,NA,0.0118,3.006,13.1183139,1,NA,exogenous,salt,NA,,pre-smolt,,,
1968,Rao,Can. J. Zool.,27.17753351,NA,5,,,18.5,NA,1.40809772,NA,3.490753913,NA,1.250117734,3.302390658,Oncorhyncus mykiss,Rainbow trout,juvenile,NA,NA,NA,individual,1.00,13.1382927,NA,NA,7.5,NA,0.0118,3.006,13.1382927,1,NA,exogenous,salt,NA,,pre-smolt,,,
1968,Rao,Can. J. Zool.,27.47321993,NA,5,,,0,NA,0,NA,1.82297064,NA,0.60046739,3.31321171,Oncorhyncus mykiss,Rainbow trout,juvenile,NA,NA,NA,individual,1.00,13.18567339,NA,NA,7.5,NA,0.0118,3.006,13.18567339,1,NA,exogenous,salt,,,pre-smolt,,,
1968,Rao,Can. J. Zool.,27.50385906,NA,5,,,0,NA,0,NA,2.031388563,NA,0.708719581,3.314326324,Oncorhyncus mykiss,Rainbow trout,juvenile,NA,NA,NA,individual,1.00,13.1905635,NA,NA,7.5,NA,0.0118,3.006,13.1905635,1,NA,exogenous,salt,,,pre-smolt,,,
1968,Rao,Can. J. Zool.,31.44727413,NA,5,,,57.5,NA,4.169142638,NA,6.155488474,NA,1.817344119,3.448312306,Oncorhyncus mykiss,Rainbow trout,juvenile,NA,NA,NA,individual,1.00,13.79180445,NA,NA,7.5,NA,0.0118,3.006,13.79180445,1,NA,exogenous,salt,NA,,pre-smolt,,,
1968,Rao,Can. J. Zool.,31.8189557,NA,5,,,18.5,NA,1.336143369,NA,3.518039709,NA,1.257903934,3.460062203,Oncorhyncus mykiss,Rainbow trout,juvenile,NA,NA,NA,individual,1.00,13.84581956,NA,NA,7.5,NA,0.0118,3.006,13.84581956,1,NA,exogenous,salt,NA,,pre-smolt,,,
1968,Rao,Can. J. Zool.,31.95223108,NA,5,,,45.1,NA,3.252774774,NA,5.279596357,NA,1.663849647,3.464242009,Oncorhyncus mykiss,Rainbow trout,juvenile,NA,NA,NA,individual,1.00,13.86508539,NA,NA,7.5,NA,0.0118,3.006,13.86508539,1,NA,exogenous,salt,NA,,pre-smolt,,,
1968,Rao,Can. J. Zool.,32.48414876,NA,5,,,0,NA,0,NA,2.047126658,NA,0.71643718,3.48075224,Oncorhyncus mykiss,Rainbow trout,juvenile,NA,NA,NA,individual,1.00,13.94144785,NA,NA,7.5,NA,0.0118,3.006,13.94144785,1,NA,exogenous,salt,,,pre-smolt,,,
1968,Rao,Can. J. Zool.,32.85740181,NA,5,,,57.5,NA,4.108746601,NA,6.209138324,NA,1.82602213,3.492177041,Oncorhyncus mykiss,Rainbow trout,juvenile,NA,NA,NA,individual,1.00,13.99453546,NA,NA,7.5,NA,0.0118,3.006,13.99453546,1,NA,exogenous,salt,NA,,pre-smolt,,,
1968,Rao,Can. J. Zool.,33.38190074,NA,5,,,45.1,NA,3.205752701,NA,5.277785743,NA,1.663506643,3.508013859,Oncorhyncus mykiss,Rainbow trout,juvenile,NA,NA,NA,individual,1.00,14.06845886,NA,NA,7.5,NA,0.0118,3.006,14.06845886,1,NA,exogenous,salt,NA,,post-smolt,,,
1968,Rao,Can. J. Zool.,33.46339246,NA,5,,,0,NA,0,NA,2.857676733,NA,1.050008964,3.510452079,Oncorhyncus mykiss,Rainbow trout,juvenile,NA,NA,NA,individual,1.00,14.07987467,NA,NA,7.5,NA,0.0118,3.006,14.07987467,1,NA,exogenous,salt,,,post-smolt,,,
1968,Rao,Can. J. Zool.,33.83296687,NA,5,,,18.5,NA,1.309139945,NA,3.548215296,NA,1.266444743,3.521435678,Oncorhyncus mykiss,Rainbow trout,juvenile,NA,NA,NA,individual,1.00,14.13141511,NA,NA,7.5,NA,0.0118,3.006,14.13141511,1,NA,exogenous,salt,NA,,post-smolt,,,
2012,Rasmussen et al.,Biol. J. Linn. Soc.,37.84890788,NA,10.25,,,0,NA,0,NA,8.765805109,NA,2.170858369,3.633602125,Oncorhynchus mykiss,rainbow trout,juvenile,wild,NA,10.25,individual,1,NA,NA,NA,NA,NA,NA,NA,NA,1,NA,exogenous,fresh,NA,,post-smolt,,,
2012,Rasmussen et al.,Biol. J. Linn. Soc.,39.44376778,NA,10.25,,,0,NA,0,NA,8.990054877,NA,2.196118953,3.674876057,Oncorhynchus mykiss,rainbow trout,juvenile,wild,NA,10.25,individual,1,NA,NA,NA,NA,NA,NA,NA,NA,1,NA,exogenous,fresh,NA,,post-smolt,,,
2012,Rasmussen et al.,Biol. J. Linn. Soc.,39.94019895,NA,10.25,,,0,NA,0,NA,9.469972815,NA,2.248126037,3.687383309,Oncorhynchus mykiss,rainbow trout,juvenile,wild,NA,10.25,individual,1,NA,NA,NA,NA,NA,NA,NA,NA,1,NA,exogenous,fresh,NA,,post-smolt,,,
2012,Rasmussen et al.,Biol. J. Linn. Soc.,41.46729586,NA,10.25,,,0,NA,0,NA,11.5907887,NA,2.450210705,3.724905065,Oncorhynchus mykiss,rainbow trout,juvenile,wild,NA,10.25,individual,1,NA,NA,NA,NA,NA,NA,NA,NA,1,NA,exogenous,fresh,NA,,post-smolt,,,
2012,Rasmussen et al.,Biol. J. Linn. Soc.,42.09436011,NA,10.25,,,0,NA,0,NA,9.626032239,NA,2.26447112,3.739913767,Oncorhynchus mykiss,rainbow trout,juvenile,wild,NA,10.25,individual,1,NA,NA,NA,NA,NA,NA,NA,NA,1,NA,exogenous,fresh,NA,,post-smolt,,,
2012,Rasmussen et al.,Biol. J. Linn. Soc.,45.545392,NA,10.25,,,0,NA,0,NA,9.583217294,NA,2.26001337,3.818709455,Oncorhynchus mykiss,rainbow trout,juvenile,wild,NA,10.25,individual,1,NA,NA,NA,NA,NA,NA,NA,NA,1,NA,exogenous,fresh,NA,,post-smolt,,,
2012,Rasmussen et al.,Biol. J. Linn. Soc.,46.11861696,NA,10.25,,,0,NA,0,NA,11.65988563,NA,2.456154372,3.831216707,Oncorhynchus mykiss,rainbow trout,juvenile,wild,NA,10.25,individual,1,NA,NA,NA,NA,NA,NA,NA,NA,1,NA,exogenous,fresh,NA,,post-smolt,,,
2012,Rasmussen et al.,Biol. J. Linn. Soc.,46.40792922,NA,10.25,,,0,NA,0,NA,12.01159827,NA,2.485872706,3.837470333,Oncorhynchus mykiss,rainbow trout,juvenile,wild,NA,10.25,individual,1,NA,NA,NA,NA,NA,NA,NA,NA,1,NA,exogenous,fresh,NA,,post-smolt,,,
2004,Rodnick,J. Fish Biol.,54,3,14,,,NA,NA,0.5,NA,6.589851597,147.7013535,1.885530829,3.988984047,Oncorhynchus mykiss,redband trout,juvenile,wild,small (40-140g),14,mean,8.00,NA,NA,1.5,NA,NA,NA,NA,NA,2,0.054,exogenous,fresh,NA,,post-smolt,,,
2004,Rodnick,J. Fish Biol.,54,3,24,,,NA,NA,0.5,NA,13.73846585,249.1755658,2.620199625,3.988984047,Oncorhynchus mykiss,redband trout,juvenile,wild,small (40-140g),14,mean,8.00,NA,NA,1.5,NA,NA,NA,NA,NA,2,0.054,exogenous,fresh,NA,,post-smolt,,,
2004,Rodnick,J. Fish Biol.,54,3,26,,,NA,NA,0.5,NA,21.21524229,426.1916917,3.054719899,3.988984047,Oncorhynchus mykiss,redband trout,juvenile,wild,small (40-140g),14,mean,8.00,NA,NA,1.5,NA,NA,NA,NA,NA,2,0.054,exogenous,fresh,NA,,post-smolt,,,
2004,Rodnick,J. Fish Biol.,54,3,28,,,NA,NA,0.5,NA,25.82725148,245.793092,3.251430193,3.988984047,Oncorhynchus mykiss,redband trout,juvenile,wild,small (40-140g),14,mean,8.00,NA,NA,1.5,NA,NA,NA,NA,NA,2,0.054,exogenous,fresh,NA,,post-smolt,,,
1968,Rao,Can. J. Zool.,54.37547618,NA,5,,,57.5,NA,3.474814527,NA,9.798052962,NA,2.282183689,3.995913247,Oncorhyncus mykiss,Rainbow trout,adult,NA,NA,NA,individual,1.00,16.5476458,NA,NA,7.5,NA,0.0118,3.006,16.5476458,1,NA,exogenous,salt,NA,,post-smolt,,,
1968,Rao,Can. J. Zool.,54.99260497,NA,5,,,18.5,NA,1.113794409,NA,5.352899755,NA,1.677638424,4.007198721,Oncorhyncus mykiss,Rainbow trout,adult,NA,NA,NA,individual,1.00,16.60988766,NA,NA,7.5,NA,0.0118,3.006,16.60988766,1,NA,exogenous,salt,NA,,post-smolt,,,
1968,Rao,Can. J. Zool.,55.1729558,NA,5,,,0,NA,0,NA,3.143478181,NA,1.145329888,4.010472902,Oncorhyncus mykiss,Rainbow trout,adult,NA,NA,NA,individual,1.00,16.62798925,NA,NA,7.5,NA,0.0118,3.006,16.62798925,1,NA,exogenous,salt,,,post-smolt,,,
1968,Rao,Can. J. Zool.,55.73438712,NA,5,,,45.1,NA,2.703174442,NA,8.403267484,NA,2.128620616,4.020597319,Oncorhyncus mykiss,Rainbow trout,adult,NA,NA,NA,individual,1.00,16.6840879,NA,NA,7.5,NA,0.0118,3.006,16.6840879,1,NA,exogenous,salt,NA,,post-smolt,,,
2012,Rasmussen et al.,Biol. J. Linn. Soc.,56.83133326,NA,10.25,,,0,NA,0,NA,12.35554713,NA,2.514105123,4.040087815,Oncorhynchus mykiss,rainbow trout,juvenile,wild,NA,10.25,individual,1,NA,NA,NA,NA,NA,NA,NA,NA,1,NA,exogenous,fresh,NA,,post-smolt,,,
2012,Rasmussen et al.,Biol. J. Linn. Soc.,58.56312429,NA,10.25,,,0,NA,0,NA,11.5907887,NA,2.450210705,4.07010522,Oncorhynchus mykiss,rainbow trout,juvenile,wild,NA,10.25,individual,1,NA,NA,NA,NA,NA,NA,NA,NA,1,NA,exogenous,fresh,NA,,post-smolt,,,
2012,Rasmussen et al.,Biol. J. Linn. Soc.,58.56312429,NA,10.25,,,0,NA,0,NA,13.50770311,NA,2.603260124,4.07010522,Oncorhynchus mykiss,rainbow trout,juvenile,wild,NA,10.25,individual,1,NA,NA,NA,NA,NA,NA,NA,NA,1,NA,exogenous,fresh,NA,,post-smolt,,,
1968,Rao,Can. J. Zool.,60.29348784,NA,5,,,0,NA,0,NA,3.532186504,NA,1.261917085,4.099224102,Oncorhyncus mykiss,Rainbow trout,adult,NA,NA,NA,individual,1.00,17.1262446,NA,NA,7.5,NA,0.0118,3.006,17.1262446,1,NA,exogenous,salt,,,post-smolt,,,
1968,Rao,Can. J. Zool.,60.33690606,NA,5,,,45.1,NA,2.632754706,NA,8.865162799,NA,2.182129304,4.099943957,Oncorhyncus mykiss,Rainbow trout,adult,NA,NA,NA,individual,1.00,17.13034636,NA,NA,7.5,NA,0.0118,3.006,17.13034636,1,NA,exogenous,salt,NA,,post-smolt,,,
1968,Rao,Can. J. Zool.,60.46032819,NA,5,,,57.5,NA,3.354335278,NA,10.8112975,NA,2.380591652,4.101987418,Oncorhyncus mykiss,Rainbow trout,adult,NA,NA,NA,individual,1.00,17.14199543,NA,NA,7.5,NA,0.0118,3.006,17.14199543,1,NA,exogenous,salt,NA,,post-smolt,,,
1968,Rao,Can. J. Zool.,60.60229434,NA,5,,,18.5,NA,1.078379216,NA,5.801247365,NA,1.758072957,4.104332753,Oncorhyncus mykiss,Rainbow trout,adult,NA,NA,NA,individual,1.00,17.15537514,NA,NA,7.5,NA,0.0118,3.006,17.15537514,1,NA,exogenous,salt,NA,,post-smolt,,,
1968,Rao,Can. J. Zool.,79.42126533,NA,5,,,45.1,NA,2.402731376,NA,12.35153396,NA,2.513780263,4.374766158,Oncorhyncus mykiss,Rainbow trout,adult,NA,NA,NA,individual,1.00,18.77030468,NA,NA,7.5,NA,0.0118,3.006,18.77030468,1,NA,exogenous,salt,NA,,post-smolt,,,
1968,Rao,Can. J. Zool.,80.26857657,NA,5,,,57.5,NA,3.052553861,NA,14.79267283,NA,2.694131979,4.385378219,Oncorhyncus mykiss,Rainbow trout,adult,NA,NA,NA,individual,1.00,18.83668647,NA,NA,7.5,NA,0.0118,3.006,18.83668647,1,NA,exogenous,salt,NA,,post-smolt,,,
1968,Rao,Can. J. Zool.,81.1117418,NA,5,,,18.5,NA,0.978717867,NA,7.451367498,NA,2.008397572,4.395827732,Oncorhyncus mykiss,Rainbow trout,adult,NA,NA,NA,individual,1.00,18.90228085,NA,NA,7.5,NA,0.0118,3.006,18.90228085,1,NA,exogenous,salt,NA,,post-smolt,,,
1968,Rao,Can. J. Zool.,82.12379644,NA,5,,,0,NA,0,NA,4.536267324,NA,1.512104498,4.408227821,Oncorhyncus mykiss,Rainbow trout,adult,NA,NA,NA,individual,1.00,18.98041594,NA,NA,7.5,NA,0.0118,3.006,18.98041594,1,NA,exogenous,salt,,,post-smolt,,,
2004,Rodnick,J. Fish Biol.,90,NA,14.40816327,,,NA,NA,0.5,NA,13.69049778,NA,2.616702,4.49980967,Oncorhynchus mykiss,redband trout,juvenile,wild,small (40-140g),14,mean,7.00,NA,NA,1.5,NA,NA,NA,NA,NA,2,0.09,exogenous,fresh,NA,,post-smolt,,,
2004,Rodnick,J. Fish Biol.,90,NA,16.08163265,,,NA,NA,0.5,NA,14.79401398,NA,2.694222638,4.49980967,Oncorhynchus mykiss,redband trout,juvenile,wild,small (40-140g),14,mean,7.00,NA,NA,1.5,NA,NA,NA,NA,NA,2,0.09,exogenous,fresh,NA,,post-smolt,,,
2004,Rodnick,J. Fish Biol.,90,NA,18.28571429,,,NA,NA,0.5,NA,22.24274829,NA,3.102016036,4.49980967,Oncorhynchus mykiss,redband trout,juvenile,wild,small (40-140g),14,mean,6.00,NA,NA,1.5,NA,NA,NA,NA,NA,2,0.09,exogenous,fresh,NA,,post-smolt,,,
2004,Rodnick,J. Fish Biol.,90,NA,23.91836735,,,NA,NA,0.5,NA,24.86359925,NA,3.213404856,4.49980967,Oncorhynchus mykiss,redband trout,juvenile,wild,small (40-140g),14,mean,6.00,NA,NA,1.5,NA,NA,NA,NA,NA,2,0.09,exogenous,fresh,NA,,post-smolt,,,
2004,Rodnick,J. Fish Biol.,90,NA,20.20408163,,,NA,NA,0.5,NA,26.10505496,NA,3.262128972,4.49980967,Oncorhynchus mykiss,redband trout,juvenile,wild,small (40-140g),14,mean,7.00,NA,NA,1.5,NA,NA,NA,NA,NA,2,0.09,exogenous,fresh,NA,,post-smolt,,,
2004,Rodnick,J. Fish Biol.,90,NA,21.87755102,,,NA,NA,0.5,NA,26.51887354,NA,3.277856688,4.49980967,Oncorhynchus mykiss,redband trout,juvenile,wild,small (40-140g),14,mean,7.00,NA,NA,1.5,NA,NA,NA,NA,NA,2,0.09,exogenous,fresh,NA,,post-smolt,,,
2004,Rodnick,J. Fish Biol.,90,NA,25.91836735,,,NA,NA,0.5,NA,33.6917288,NA,3.517252371,4.49980967,Oncorhynchus mykiss,redband trout,juvenile,wild,small (40-140g),14,mean,6.00,NA,NA,1.5,NA,NA,NA,NA,NA,2,0.09,exogenous,fresh,NA,,post-smolt,,,
2004,Rodnick,J. Fish Biol.,90,NA,27.71428571,,,NA,NA,0.5,NA,40.31282596,NA,3.69666968,4.49980967,Oncorhynchus mykiss,redband trout,juvenile,wild,small (40-140g),14,mean,5.00,NA,NA,1.5,NA,NA,NA,NA,NA,2,0.09,exogenous,fresh,NA,,post-smolt,,,
2004,Rodnick,J. Fish Biol.,94,5,14,,,NA,NA,0.5,NA,10.46772709,46.97294799,2.348296913,4.543294782,Oncorhynchus mykiss,redband trout,juvenile,wild,small (40-140g),14,mean,8.00,NA,NA,1.5,NA,NA,NA,NA,NA,2,0.094,exogenous,fresh,NA,,post-smolt,,,
2004,Rodnick,J. Fish Biol.,94,5,24,,,NA,NA,0.5,NA,21.20241634,76.15311265,3.054115154,4.543294782,Oncorhynchus mykiss,redband trout,juvenile,wild,small (40-140g),14,mean,8.00,NA,NA,1.5,NA,NA,NA,NA,NA,2,0.094,exogenous,fresh,NA,,post-smolt,,,
2004,Rodnick,J. Fish Biol.,94,5,26,,,NA,NA,0.5,NA,30.08242106,212.8016886,3.403940983,4.543294782,Oncorhynchus mykiss,redband trout,juvenile,wild,small (40-140g),14,mean,8.00,NA,NA,1.5,NA,NA,NA,NA,NA,2,0.094,exogenous,fresh,NA,,post-smolt,,,
2004,Rodnick,J. Fish Biol.,94,5,28,,,NA,NA,0.5,NA,35.7307785,198.567462,3.57601246,4.543294782,Oncorhynchus mykiss,redband trout,juvenile,wild,small (40-140g),14,mean,8.00,NA,NA,1.5,NA,NA,NA,NA,NA,2,0.094,exogenous,fresh,NA,,post-smolt,,,
1968,Rao,Can. J. Zool.,95.23796928,NA,5,,,18.5,NA,0.927815824,NA,9.932728999,NA,2.295835264,4.556378699,Oncorhyncus mykiss,Rainbow trout,adult,NA,NA,NA,individual,1.00,19.93930209,NA,NA,7.5,NA,0.0118,3.006,19.93930209,1,NA,exogenous,salt,NA,,post-smolt,,,
2012,Rasmussen et al.,Biol. J. Linn. Soc.,95.74038678,NA,10.25,,,0,NA,0,NA,19.46845819,NA,2.968795627,4.561640224,Oncorhynchus mykiss,rainbow trout,juvenile,wild,NA,10.25,individual,1,NA,NA,NA,NA,NA,NA,NA,NA,1,NA,exogenous,fresh,NA,,post-smolt,,,
2012,Rasmussen et al.,Biol. J. Linn. Soc.,96.94535564,NA,10.25,,,0,NA,0,NA,18.59201542,NA,2.92273221,4.574147476,Oncorhynchus mykiss,rainbow trout,juvenile,wild,NA,10.25,individual,1,NA,NA,NA,NA,NA,NA,NA,NA,1,NA,exogenous,fresh,NA,,post-smolt,,,
1968,Rao,Can. J. Zool.,96.98543887,NA,5,,,0,NA,0,NA,4.530358528,NA,1.510801082,4.574560852,Oncorhyncus mykiss,Rainbow trout,adult,NA,NA,NA,individual,1.00,20.06027285,NA,NA,7.5,NA,0.0118,3.006,20.06027285,1,NA,exogenous,salt,NA,,post-smolt,,,
1968,Rao,Can. J. Zool.,97.04626497,NA,5,,,45.1,NA,2.247755785,NA,11.2682866,NA,2.421992284,4.575187823,Oncorhyncus mykiss,Rainbow trout,adult,NA,NA,NA,individual,1.00,20.06445732,NA,NA,7.5,NA,0.0118,3.006,20.06445732,1,NA,exogenous,salt,NA,,post-smolt,,,
1968,Rao,Can. J. Zool.,97.36227185,NA,5,,,57.5,NA,2.862666407,NA,15.45183612,NA,2.737727839,4.578438783,Oncorhyncus mykiss,Rainbow trout,adult,NA,NA,NA,individual,1.00,20.08616857,NA,NA,7.5,NA,0.0118,3.006,20.08616857,1,NA,exogenous,salt,NA,,post-smolt,,,
1968,Rao,Can. J. Zool.,99.19247334,NA,5,,,57.5,NA,2.844985885,NA,17.21606273,NA,2.845842828,4.597062138,Oncorhyncus mykiss,Rainbow trout,adult,NA,NA,NA,individual,1.00,20.21099658,NA,NA,7.5,NA,0.0118,3.006,20.21099658,1,NA,exogenous,salt,NA,,post-smolt,,,
1968,Rao,Can. J. Zool.,99.32385193,NA,5,,,18.5,NA,0.914940329,NA,8.365306364,NA,2.124092958,4.598385743,Oncorhyncus mykiss,Rainbow trout,adult,NA,NA,NA,individual,1.00,20.21989787,NA,NA,7.5,NA,0.0118,3.006,20.21989787,1,NA,exogenous,salt,NA,,post-smolt,,,
1968,Rao,Can. J. Zool.,100.6005143,NA,5,,,0,NA,0,NA,5.279777453,NA,1.663883948,4.61115737,Oncorhyncus mykiss,Rainbow trout,adult,NA,NA,NA,individual,1.00,20.30598914,NA,NA,7.5,NA,0.0118,3.006,20.30598914,1,NA,exogenous,salt,NA,,post-smolt,,,
1968,Rao,Can. J. Zool.,101.6147705,NA,5,,,45.1,NA,2.21362004,NA,13.98735434,NA,2.63815366,4.621188903,Oncorhyncus mykiss,Rainbow trout,adult,NA,NA,NA,individual,1.00,20.37386688,NA,NA,7.5,NA,0.0118,3.006,20.37386688,1,NA,exogenous,salt,NA,,post-smolt,,,
1968,Rao,Can. J. Zool.,102.5011081,NA,5,,,0,NA,0,NA,5.935907674,NA,1.781019952,4.62987361,Oncorhyncus mykiss,Rainbow trout,adult,NA,NA,NA,individual,1.00,20.43281461,NA,NA,7.5,NA,0.0118,3.006,20.43281461,1,NA,exogenous,salt,NA,,post-smolt,,,
1968,Rao,Can. J. Zool.,102.7083942,NA,5,,,57.5,NA,2.812210168,NA,16.9035962,NA,2.827526392,4.631893849,Oncorhyncus mykiss,Rainbow trout,adult,NA,NA,NA,individual,1.00,20.44655149,NA,NA,7.5,NA,0.0118,3.006,20.44655149,1,NA,exogenous,salt,NA,,post-smolt,,,
1968,Rao,Can. J. Zool.,102.8635367,NA,5,,,18.5,NA,0.90434385,NA,8.363011209,NA,2.123818555,4.633403223,Oncorhyncus mykiss,Rainbow trout,adult,NA,NA,NA,individual,1.00,20.4568207,NA,NA,7.5,NA,0.0118,3.006,20.4568207,1,NA,exogenous,salt,NA,,post-smolt,,,
1968,Rao,Can. J. Zool.,104.2026331,NA,5,,,45.1,NA,2.195177926,NA,12.54968628,NA,2.529695667,4.646337398,Oncorhyncus mykiss,Rainbow trout,adult,NA,NA,NA,individual,1.00,20.54503167,NA,NA,7.5,NA,0.0118,3.006,20.54503167,1,NA,exogenous,salt,NA,,post-smolt,,,
2011,Taguchi,J. Exp. Biol.,107,3.7,15,,,35.28,NA,1.8,NA,16.95849057,NA,2.830768627,4.672828834,Oncorhynchus mykiss,rainbow trout,juvenile,hatchery,3,15,individual,1,NA,19.6,NA,NA,NA,NA,NA,NA,1,NA,exogenous,fresh,NA,,post-smolt,,,
2011,Taguchi,J. Exp. Biol.,107,3.7,15,,,35.28,NA,1.8,NA,17.56415094,NA,2.865859947,4.672828834,Oncorhynchus mykiss,rainbow trout,juvenile,hatchery,2,15,individual,1,NA,19.6,NA,NA,NA,NA,NA,NA,1,NA,exogenous,fresh,NA,,post-smolt,,,
2011,Taguchi,J. Exp. Biol.,107,3.7,15,,,35.28,NA,1.8,NA,18.7754717,NA,2.932551321,4.672828834,Oncorhynchus mykiss,rainbow trout,juvenile,hatchery,1,15,individual,1,NA,19.6,NA,NA,NA,NA,NA,NA,1,NA,exogenous,fresh,NA,,post-smolt,,,
2011,Taguchi,J. Exp. Biol.,107,3.7,15,,,68.6,NA,3.5,NA,28.69235669,NA,3.35663077,4.672828834,Oncorhynchus mykiss,rainbow trout,juvenile,hatchery,3,15,individual,1,NA,19.6,NA,NA,NA,NA,NA,NA,1,NA,exogenous,fresh,NA,,post-smolt,,,
2011,Taguchi,J. Exp. Biol.,107,3.7,15,,,68.6,NA,3.5,NA,30.12356688,NA,3.405307818,4.672828834,Oncorhynchus mykiss,rainbow trout,juvenile,hatchery,2,15,individual,1,NA,19.6,NA,NA,NA,NA,NA,NA,1,NA,exogenous,fresh,NA,,post-smolt,,,
2011,Taguchi,J. Exp. Biol.,107,3.7,15,,,68.6,NA,3.5,NA,33.59936306,NA,3.51450711,4.672828834,Oncorhynchus mykiss,rainbow trout,juvenile,hatchery,1,15,individual,1,NA,19.6,NA,NA,NA,NA,NA,NA,1,NA,exogenous,fresh,NA,,post-smolt,,,
2011,Taguchi,J. Exp. Biol.,107,3.7,15,,,98,NA,5,NA,35.28291139,NA,3.56339875,4.672828834,Oncorhynchus mykiss,rainbow trout,juvenile,hatchery,1,15,individual,1,NA,19.6,NA,NA,NA,NA,NA,NA,1,NA,exogenous,fresh,NA,,post-smolt,,,
2011,Taguchi,J. Exp. Biol.,107,3.7,15,,,98,NA,5,NA,36.90822785,NA,3.608434503,4.672828834,Oncorhynchus mykiss,rainbow trout,juvenile,hatchery,2,15,individual,1,NA,19.6,NA,NA,NA,NA,NA,NA,1,NA,exogenous,fresh,NA,,post-smolt,,,
2011,Taguchi,J. Exp. Biol.,107,3.7,15,,,98,NA,5,NA,43.61265823,NA,3.775347435,4.672828834,Oncorhynchus mykiss,rainbow trout,juvenile,hatchery,3,15,individual,1,NA,19.6,NA,NA,NA,NA,NA,NA,1,NA,exogenous,fresh,NA,,post-smolt,,,
1968,Rao,Can. J. Zool.,108.2474781,NA,5,,,45.1,NA,2.167542889,NA,16.89664003,NA,2.827114787,4.684420069,Oncorhyncus mykiss,Rainbow trout,adult,NA,NA,NA,individual,1.00,20.80697006,NA,NA,7.5,NA,0.0118,3.006,20.80697006,1,NA,exogenous,salt,NA,,post-smolt,,,
1968,Rao,Can. J. Zool.,108.9788907,NA,5,,,0,NA,0,NA,5.933057899,NA,1.780539746,4.6911542,Oncorhyncus mykiss,Rainbow trout,adult,NA,NA,NA,individual,1.00,20.8536347,NA,NA,7.5,NA,0.0118,3.006,20.8536347,1,NA,exogenous,salt,NA,,post-smolt,,,
1968,Rao,Can. J. Zool.,109.5675775,NA,5,,,18.5,NA,0.885547031,NA,10.01174262,NA,2.303758666,4.696541505,Oncorhyncus mykiss,Rainbow trout,adult,NA,NA,NA,individual,1.00,20.89104176,NA,NA,7.5,NA,0.0118,3.006,20.89104176,1,NA,exogenous,salt,NA,,post-smolt,,,
1968,Rao,Can. J. Zool.,113.717642,NA,5,,,0,NA,0,NA,5.274709124,NA,1.662923535,4.733718551,Oncorhyncus mykiss,Rainbow trout,adult,NA,NA,NA,individual,1.00,21.15101842,NA,NA,7.5,NA,0.0118,3.006,21.15101842,1,NA,exogenous,salt,NA,,post-smolt,,,
1968,Rao,Can. J. Zool.,114.7361872,NA,5,,,45.1,NA,2.125969251,NA,12.54021973,NA,2.528941058,4.742635469,Oncorhyncus mykiss,Rainbow trout,adult,NA,NA,NA,individual,1.00,21.21385339,NA,NA,7.5,NA,0.0118,3.006,21.21385339,1,NA,exogenous,salt,NA,,post-smolt,,,
1968,Rao,Can. J. Zool.,115.1097969,NA,5,,,57.5,NA,2.70756316,NA,17.1959968,NA,2.844676613,4.745886429,Oncorhyncus mykiss,Rainbow trout,adult,NA,NA,NA,individual,1.00,21.23680837,NA,NA,7.5,NA,0.0118,3.006,21.23680837,1,NA,exogenous,salt,NA,,post-smolt,,,
1968,Rao,Can. J. Zool.,115.4765784,NA,5,,,18.5,NA,0.870207575,NA,10.00762258,NA,2.30334706,4.749067725,Oncorhyncus mykiss,Rainbow trout,adult,NA,NA,NA,individual,1.00,21.25929551,NA,NA,7.5,NA,0.0118,3.006,21.25929551,1,NA,exogenous,salt,NA,,post-smolt,,,
1968,Rao,Can. J. Zool.,126.7223826,NA,5,,,45.1,NA,2.056844144,NA,16.87578866,NA,2.825879971,4.84199873,Oncorhyncus mykiss,Rainbow trout,adult,NA,NA,NA,individual,1.00,21.92679505,NA,NA,7.5,NA,0.0118,3.006,21.92679505,1,NA,exogenous,salt,NA,,post-smolt,,,
1968,Rao,Can. J. Zool.,127.173407,NA,5,,,18.5,NA,0.842719944,NA,10.18213264,NA,2.320634482,4.845551565,Oncorhyncus mykiss,Rainbow trout,adult,NA,NA,NA,individual,1.00,21.95272596,NA,NA,7.5,NA,0.0118,3.006,21.95272596,1,NA,exogenous,salt,NA,,post-smolt,,,
1968,Rao,Can. J. Zool.,128.2886385,NA,5,,,57.5,NA,2.611667882,NA,23.7744143,NA,3.168609973,4.854282714,Oncorhyncus mykiss,Rainbow trout,adult,NA,NA,NA,individual,1.00,22.01658197,NA,NA,7.5,NA,0.0118,3.006,22.01658197,1,NA,exogenous,salt,NA,,post-smolt,,,
1968,Rao,Can. J. Zool.,131.1562341,NA,5,,,0,NA,0,NA,6.782965294,NA,1.914414365,4.87638924,Oncorhyncus mykiss,Rainbow trout,adult,NA,NA,NA,individual,1.00,22.17909168,NA,NA,7.5,NA,0.0118,3.006,22.17909168,1,NA,exogenous,salt,NA,,post-smolt,,,
1968,Rao,Can. J. Zool.,137.6114012,NA,5,,,18.5,NA,0.82089327,NA,10.26805984,NA,2.32903809,4.92443378,Oncorhyncus mykiss,Rainbow trout,adult,NA,NA,NA,individual,1.00,22.53642547,NA,NA,7.5,NA,0.0118,3.006,22.53642547,1,NA,exogenous,salt,NA,,post-smolt,,,
1968,Rao,Can. J. Zool.,137.7776673,NA,5,,,18.5,NA,0.820563586,NA,11.54567949,NA,2.446311296,4.925641279,Oncorhyncus mykiss,Rainbow trout,adult,NA,NA,NA,individual,1.00,22.54548009,NA,NA,7.5,NA,0.0118,3.006,22.54548009,1,NA,exogenous,salt,NA,,post-smolt,,,
1968,Rao,Can. J. Zool.,138.3290566,NA,5,,,45.1,NA,1.997744816,NA,17.01703631,NA,2.834214978,4.929635315,Oncorhyncus mykiss,Rainbow trout,adult,NA,NA,NA,individual,1.00,22.57545591,NA,NA,7.5,NA,0.0118,3.006,22.57545591,1,NA,exogenous,salt,NA,,post-smolt,,,
1968,Rao,Can. J. Zool.,138.6248911,NA,5,,,57.5,NA,2.545204397,NA,20.94077768,NA,3.041698343,4.93177166,Oncorhyncus mykiss,Rainbow trout,adult,NA,NA,NA,individual,1.00,22.59150584,NA,NA,7.5,NA,0.0118,3.006,22.59150584,1,NA,exogenous,salt,NA,,post-smolt,,,
1968,Rao,Can. J. Zool.,140.8802661,NA,5,,,0,NA,0,NA,7.831873959,NA,2.058201812,4.947910353,Oncorhyncus mykiss,Rainbow trout,adult,NA,NA,NA,individual,1.00,22.7131219,NA,NA,7.5,NA,0.0118,3.006,22.7131219,1,NA,exogenous,salt,NA,,post-smolt,,,
1968,Rao,Can. J. Zool.,143.7519902,NA,5,,,57.5,NA,2.514638784,NA,23.75322146,NA,3.167718162,4.968089524,Oncorhyncus mykiss,Rainbow trout,adult,NA,NA,NA,individual,1.00,22.86610719,NA,NA,7.5,NA,0.0118,3.006,22.86610719,1,NA,exogenous,salt,NA,,post-smolt,,,
1968,Rao,Can. J. Zool.,144.3876276,NA,5,,,0,NA,0,NA,6.656659112,NA,1.895617724,4.972501541,Oncorhyncus mykiss,Rainbow trout,adult,NA,NA,NA,individual,1.00,22.89969326,NA,NA,7.5,NA,0.0118,3.006,22.89969326,1,NA,exogenous,salt,NA,,post-smolt,,,
1968,Rao,Can. J. Zool.,145.7891698,NA,5,,,45.1,NA,1.963139858,NA,17.01003345,NA,2.833803373,4.982161536,Oncorhyncus mykiss,Rainbow trout,adult,NA,NA,NA,individual,1.00,22.97340142,NA,NA,7.5,NA,0.0118,3.006,22.97340142,1,NA,exogenous,salt,NA,,post-smolt,,,
1968,Rao,Can. J. Zool.,146.4984362,NA,5,,,18.5,NA,0.803980016,NA,11.64471124,NA,2.454852106,4.987014754,Oncorhyncus mykiss,Rainbow trout,adult,NA,NA,NA,individual,1.00,23.01052218,NA,NA,7.5,NA,0.0118,3.006,23.01052218,1,NA,exogenous,salt,NA,,post-smolt,,,
1969,Dickson,"PhD. Dissertation, Utah State University",148.1,10.1,25,,,0,NA,0,NA,17.772,2.6658,2.877624185,4.997887721,Oncorhyncus mykiss,Rainbow trout,adult,NA,NA,NA,mean,11.00,24.6,NA,NA,NA,mixed,NA,NA,NA,1,NA,exogenous,fresh,NA,,post-smolt,,,
1968,Rao,Can. J. Zool.,151.5925415,NA,5,,,18.5,NA,0.794889663,NA,10.73370252,NA,2.37338856,5.021196273,Oncorhyncus mykiss,Rainbow trout,adult,NA,NA,NA,individual,1.00,23.27367038,NA,NA,7.5,NA,0.0118,3.006,23.27367038,1,NA,exogenous,salt,NA,,post-smolt,,,
1968,Rao,Can. J. Zool.,153.7229842,NA,5,,,45.1,NA,1.928836302,NA,17.78751572,NA,2.878496847,5.035152179,Oncorhyncus mykiss,Rainbow trout,adult,NA,NA,NA,individual,1.00,23.38197387,NA,NA,7.5,NA,0.0118,3.006,23.38197387,1,NA,exogenous,salt,NA,,post-smolt,,,
1968,Rao,Can. J. Zool.,154.4959597,NA,5,,,57.5,NA,2.45505947,NA,28.95178046,NA,3.365631703,5.040167945,Oncorhyncus mykiss,Rainbow trout,adult,NA,NA,NA,individual,1.00,23.42102125,NA,NA,7.5,NA,0.0118,3.006,23.42102125,1,NA,exogenous,salt,NA,,post-smolt,,,
1968,Rao,Can. J. Zool.,154.8767108,NA,5,,,0,NA,0,NA,6.713295296,NA,1.904089933,5.042629386,Oncorhyncus mykiss,Rainbow trout,adult,NA,NA,NA,individual,1.00,23.44020723,NA,NA,7.5,NA,0.0118,3.006,23.44020723,1,NA,exogenous,salt,NA,,post-smolt,,,
1969,Dickson,"PhD. Dissertation, Utah State University",155.6,17.4,25,,,91,NA,3.9,0.1,91.4928,2.9564,4.516260281,5.047288612,Oncorhyncus mykiss,Rainbow trout,adult,NA,NA,NA,mean,11.00,24.4,NA,NA,NA,mixed,NA,NA,NA,1,NA,exogenous,fresh,NA,,post-smolt,,,
1969,Dickson,"PhD. Dissertation, Utah State University",158.6,3.3,25,,,0,NA,0,NA,21.8868,1.9032,3.085883715,5.066385309,Oncorhyncus mykiss,Rainbow trout,adult,NA,NA,NA,mean,8.00,24.7,NA,NA,NA,mixed,NA,NA,NA,1,NA,exogenous,fresh,NA,,post-smolt,,,
1969,Dickson,"PhD. Dissertation, Utah State University",161.1,4.3,25,,,79,NA,3.3,0.1,76.3614,2.8998,4.335477333,5.08202529,Oncorhyncus mykiss,Rainbow trout,adult,NA,NA,NA,mean,14.00,24.7,NA,NA,NA,mixed,NA,NA,NA,1,NA,exogenous,fresh,NA,,post-smolt,,,
1969,Dickson,"PhD. Dissertation, Utah State University",172.3,10.7,20,,,0,NA,0,NA,16.1962,1.723,2.784776647,5.149237144,Oncorhyncus mykiss,Rainbow trout,adult,NA,NA,NA,mean,12.00,24.8,NA,NA,NA,mixed,NA,NA,NA,1,NA,exogenous,fresh,NA,,post-smolt,,,
1969,Dickson,"PhD. Dissertation, Utah State University",177.7,18.1,15,,,91,NA,3.6,0.1,98.0904,6.5749,4.585889502,5.180096735,Oncorhyncus mykiss,Rainbow trout,adult,NA,NA,NA,mean,10.00,24.7,NA,NA,NA,mixed,NA,NA,NA,1,NA,exogenous,fresh,NA,,post-smolt,,,
1969,Dickson,"PhD. Dissertation, Utah State University",177.8,12.8,20,,,98,NA,3.6,0.1,105.2576,3.3782,4.656410679,5.180659323,Oncorhyncus mykiss,Rainbow trout,adult,NA,NA,NA,mean,14.00,25.1,NA,NA,NA,mixed,NA,NA,NA,1,NA,exogenous,fresh,NA,,post-smolt,,,
1969,Dickson,"PhD. Dissertation, Utah State University",190.9,4.4,15,,,0,NA,0,NA,14.8902,1.1454,2.700703278,5.251749731,Oncorhyncus mykiss,Rainbow trout,adult,NA,NA,NA,mean,9.00,25.4,NA,NA,NA,mixed,NA,NA,NA,1,NA,exogenous,fresh,NA,,post-smolt,,,
1969,Dickson,"PhD. Dissertation, Utah State University",193.1,1.03,20,,,91,NA,3.6,0.1,110.067,4.2482,4.701089271,5.263208189,Oncorhyncus mykiss,Rainbow trout,adult,NA,NA,NA,mean,10.00,25.3,NA,NA,NA,mixed,NA,NA,NA,1,NA,exogenous,fresh,NA,,post-smolt,,,
1969,Dickson,"PhD. Dissertation, Utah State University",200.2,4.3,20,,,0,NA,0,NA,16.8168,1.4014,2.822378387,5.299316867,Oncorhyncus mykiss,Rainbow trout,adult,NA,NA,NA,mean,10.00,26,NA,NA,NA,mixed,NA,NA,NA,1,NA,exogenous,fresh,NA,,post-smolt,,,
1969,Dickson,"PhD. Dissertation, Utah State University",200.2,13.8,5,,,91,NA,3.5,0.2,73.2732,3.2032,4.294194921,5.299316867,Oncorhyncus mykiss,Rainbow trout,adult,NA,NA,NA,mean,15.00,25.8,NA,NA,NA,mixed,NA,NA,NA,1,NA,exogenous,fresh,NA,,post-smolt,,,
1969,Dickson,"PhD. Dissertation, Utah State University",204.9,19.1,10,,,98,NA,4,0.1,100.8108,4.098,4.613245493,5.322522055,Oncorhyncus mykiss,Rainbow trout,adult,NA,NA,NA,mean,15.00,25.7,NA,NA,NA,mixed,NA,NA,NA,1,NA,exogenous,fresh,NA,,post-smolt,,,
1969,Dickson,"PhD. Dissertation, Utah State University",206.7,5.9,10,,,0,NA,0,NA,8.6814,1.0335,2.161182806,5.331268467,Oncorhyncus mykiss,Rainbow trout,adult,NA,NA,NA,mean,8.00,26.1,NA,NA,NA,mixed,NA,NA,NA,1,NA,exogenous,fresh,NA,,post-smolt,,,
1969,Dickson,"PhD. Dissertation, Utah State University",209.6,5.2,15,,,91,NA,3.5,0.05,120.7296,4.6112,4.793553334,5.345200952,Oncorhyncus mykiss,Rainbow trout,adult,NA,NA,NA,mean,10.00,26,NA,NA,NA,mixed,NA,NA,NA,1,NA,exogenous,fresh,NA,,post-smolt,,,
1969,Dickson,"PhD. Dissertation, Utah State University",213.9,7.2,5,,,0,NA,0,NA,7.7004,0.4278,2.041272276,5.365508616,Oncorhyncus mykiss,Rainbow trout,adult,NA,NA,NA,mean,13.00,26.9,NA,NA,NA,mixed,NA,NA,NA,1,NA,exogenous,fresh,NA,,post-smolt,,,
1969,Dickson,"PhD. Dissertation, Utah State University",213.9,13.8,10,,,0,NA,0,NA,98.8218,3.2085,4.593318228,5.365508616,Oncorhyncus mykiss,Rainbow trout,adult,NA,NA,NA,mean,23.00,25.1,NA,NA,NA,M,NA,NA,NA,3,NA,exogenous,fresh,NA,,post-smolt,,,
1969,Dickson,"PhD. Dissertation, Utah State University",214.7,6.7,10,,,91,NA,3.5,0.05,100.4796,2.3617,4.609954722,5.369241705,Oncorhyncus mykiss,Rainbow trout,adult,NA,NA,NA,mean,10.00,26.8,NA,NA,NA,mixed,NA,NA,NA,1,NA,exogenous,fresh,NA,,post-smolt,,,
1969,Dickson,"PhD. Dissertation, Utah State University",219.4,6.6,5,,,67,NA,2.5,0.2,84.2496,3.291,4.433783821,5.390896548,Oncorhyncus mykiss,Rainbow trout,adult,NA,NA,NA,mean,10.00,26.8,NA,NA,NA,mixed,NA,NA,NA,1,NA,exogenous,fresh,NA,,post-smolt,,,
1969,Dickson,"PhD. Dissertation, Utah State University",225.7,21.1,15,,,0,NA,0,NA,13.542,1.1285,2.605795967,5.419206684,Oncorhyncus mykiss,Rainbow trout,adult,NA,NA,NA,mean,11.00,27.1,NA,NA,NA,mixed,NA,NA,NA,1,NA,exogenous,fresh,NA,,post-smolt,,,
1969,Dickson,"PhD. Dissertation, Utah State University",225.9,15.1,5,,,0,NA,0,NA,9.4878,0.4518,2.250006763,5.420092423,Oncorhyncus mykiss,Rainbow trout,adult,NA,NA,NA,mean,11.00,27.2,NA,NA,NA,mixed,NA,NA,NA,1,NA,exogenous,fresh,NA,,post-smolt,,,
1969,Dickson,"PhD. Dissertation, Utah State University",234.2,17.7,10,,,0,NA,0,NA,95.5536,4.2156,4.559687347,5.456175451,Oncorhyncus mykiss,Rainbow trout,adult,NA,NA,NA,mean,14.00,26.4,NA,NA,NA,F,NA,NA,NA,3,NA,exogenous,fresh,NA,,post-smolt,,,
1969,Dickson,"PhD. Dissertation, Utah State University",235.4,23.8,10,,,0,NA,0,NA,12.7116,0.9416,2.542514962,5.461286195,Oncorhyncus mykiss,Rainbow trout,adult,NA,NA,NA,mean,10.00,26.7,NA,NA,NA,mixed,NA,NA,NA,1,NA,exogenous,fresh,NA,,post-smolt,,,
1987,Duthie,J. Exp. Biol.,286,8.838834765,15,,,0,0,0,0,25.168,0.606697618,3.225573346,5.655991811,Oncorhynchus mykiss,rainbow trout,juvenile,hatchery,NA,NA,mean,8.00,NA,31,NA,NA,NA,NA,NA,NA,1,NA,exogenous,fresh,not specifically mentioned but seems to be freshwater,,post-smolt,,,
1987,Duthie,J. Exp. Biol.,286,11.18033989,15,,,0,0,0,0,25.454,2.813867943,3.236872902,5.655991811,Oncorhynchus mykiss,rainbow trout,juvenile,hatchery,NA,NA,mean,5.00,NA,31,NA,NA,NA,NA,NA,NA,1,NA,exogenous,fresh,not specifically mentioned but seems to be freshwater,,post-smolt,,,
1987,Duthie,J. Exp. Biol.,286,8.838834765,15,,,0,0,0,0,26.026,1.516744046,3.259096038,5.655991811,Oncorhynchus mykiss,rainbow trout,juvenile,hatchery,NA,NA,mean,8.00,NA,31,NA,NA,NA,NA,NA,NA,1,NA,exogenous,fresh,not specifically mentioned but seems to be freshwater,,post-smolt,,,
1987,Duthie,J. Exp. Biol.,286,7.537783614,15,,,0,0,0,0,27.742,0.94855469,3.32294751,5.655991811,Oncorhynchus mykiss,rainbow trout,juvenile,hatchery,NA,NA,mean,11.00,NA,31,NA,NA,NA,NA,NA,NA,1,NA,exogenous,fresh,not specifically mentioned but seems to be freshwater,,post-smolt,,,
1987,Duthie,J. Exp. Biol.,286,9.449111825,15,,,0,0,0,0,28.028,1.405271911,3.333204011,5.655991811,Oncorhynchus mykiss,rainbow trout,juvenile,hatchery,NA,NA,mean,7.00,NA,31,NA,NA,NA,NA,NA,NA,1,NA,exogenous,fresh,not specifically mentioned but seems to be freshwater,,post-smolt,,,
1987,Duthie,J. Exp. Biol.,286,8.333333333,15,,,0,0,0,0,29.458,0.858,3.38296552,5.655991811,Oncorhynchus mykiss,rainbow trout,juvenile,hatchery,NA,NA,mean,9.00,NA,31,NA,NA,NA,NA,NA,NA,1,NA,exogenous,fresh,not specifically mentioned but seems to be freshwater,,post-smolt,,,
1984,Bushnell and Steffensen,J. Exp. Biol,300,NA,15,,,0,NA,0,NA,24.744,NA,3.208583035,5.703782475,Oncorhyncus mykiss,Rainbow trout,adult,NA,NA,NA,mean,15.00,25.724,29.5,NA,NA,NA,NA,NA,NA,1,NA,exogenous,fresh,not specifically mentioned but seems to be freshwater,,post-smolt,,,
1984,Bushnell and Steffensen,J. Exp. Biol,300,NA,15,,,5.5,NA,0.186440678,NA,29.253,NA,3.375982133,5.703782475,Oncorhyncus mykiss,Rainbow trout,adult,NA,NA,NA,mean,15.00,25.724,29.5,NA,NA,NA,NA,NA,NA,1,NA,exogenous,fresh,not specifically mentioned but seems to be freshwater,,post-smolt,,,
1984,Bushnell and Steffensen,J. Exp. Biol,300,NA,15,,,21.9,NA,0.742372881,NA,38.928,NA,3.661713786,5.703782475,Oncorhyncus mykiss,Rainbow trout,adult,NA,NA,NA,mean,15.00,25.724,29.5,NA,NA,NA,NA,NA,NA,1,NA,exogenous,fresh,not specifically mentioned but seems to be freshwater,,post-smolt,,,
1984,Bushnell and Steffensen,J. Exp. Biol,300,NA,15,,,38.3,NA,1.298305085,NA,66.03,NA,4.190109184,5.703782475,Oncorhyncus mykiss,Rainbow trout,adult,NA,NA,NA,mean,15.00,25.724,29.5,NA,NA,NA,NA,NA,NA,1,NA,exogenous,fresh,not specifically mentioned but seems to be freshwater,,post-smolt,,,
1984,Bushnell and Steffensen,J. Exp. Biol,300,NA,15,,,54.8,NA,1.857627119,NA,95.55,NA,4.559649671,5.703782475,Oncorhyncus mykiss,Rainbow trout,adult,NA,NA,NA,mean,15.00,25.724,29.5,NA,NA,NA,NA,NA,NA,1,NA,exogenous,fresh,not specifically mentioned but seems to be freshwater,,post-smolt,,,
2001,Brodeur,J. Fish. Biol.,396,15,12,,,50,NA,1.533742331,NA,29.65940774,NA,3.389779368,5.981414211,Oncorhynchus mykiss,rainbow trout,juvenile,hatchery,NA,12,mean,9,NA,32.6,NA,NA,NA,NA,NA,NA,2,NA,exogenous,fresh,not specifically mentioned but seems to be freshwater,,post-smolt,,,
2001,Brodeur,J. Fish. Biol.,396,15,15,,,50,NA,1.533742331,NA,35.50469248,NA,3.56966487,5.981414211,Oncorhynchus mykiss,rainbow trout,juvenile,hatchery,NA,12,mean,9,NA,32.6,NA,NA,NA,NA,NA,NA,2,NA,exogenous,fresh,not specifically mentioned but seems to be freshwater,,post-smolt,,,
2001,Brodeur,J. Fish. Biol.,396,15,18,,,50,NA,1.533742331,NA,45.67981777,NA,3.821656576,5.981414211,Oncorhynchus mykiss,rainbow trout,juvenile,hatchery,NA,12,mean,9,NA,32.6,NA,NA,NA,NA,NA,NA,2,NA,exogenous,fresh,not specifically mentioned but seems to be freshwater,,post-smolt,,,
2001,Brodeur,J. Fish. Biol.,396,15,12,,,50,NA,1.533742331,NA,46.26119205,NA,3.834303425,5.981414211,Oncorhynchus mykiss,rainbow trout,juvenile,hatchery,NA,12,mean,9,NA,32.6,NA,NA,NA,NA,NA,NA,2,NA,exogenous,fresh,not specifically mentioned but seems to be freshwater,,post-smolt,,,
2001,Brodeur,J. Fish. Biol.,396,15,15,,,50,NA,1.533742331,NA,55.38754967,NA,4.014354833,5.981414211,Oncorhynchus mykiss,rainbow trout,juvenile,hatchery,NA,12,mean,9,NA,32.6,NA,NA,NA,NA,NA,NA,2,NA,exogenous,fresh,not specifically mentioned but seems to be freshwater,,post-smolt,,,
2001,Brodeur,J. Fish. Biol.,396,15,21,,,50,NA,1.533742331,NA,59.10232346,NA,4.079270238,5.981414211,Oncorhynchus mykiss,rainbow trout,juvenile,hatchery,NA,12,mean,9,NA,32.6,NA,NA,NA,NA,NA,NA,2,NA,exogenous,fresh,not specifically mentioned but seems to be freshwater,,post-smolt,,,
2001,Brodeur,J. Fish. Biol.,396,15,18,,,50,NA,1.533742331,NA,59.79337748,NA,4.09089491,5.981414211,Oncorhynchus mykiss,rainbow trout,juvenile,hatchery,NA,12,mean,9,NA,32.6,NA,NA,NA,NA,NA,NA,2,NA,exogenous,fresh,not specifically mentioned but seems to be freshwater,,post-smolt,,,
2001,Brodeur,J. Fish. Biol.,396,15,12,,,50.05475054,NA,1.535421796,NA,62.60734341,NA,4.136882578,5.981414211,Oncorhynchus mykiss,rainbow trout,juvenile,hatchery,NA,12,mean,9,NA,32.6,NA,NA,NA,NA,NA,NA,2,NA,exogenous,fresh,not specifically mentioned but seems to be freshwater,,post-smolt,,,
2001,Brodeur,J. Fish. Biol.,396,15,21,,,50,NA,1.533742331,NA,65.14331126,NA,4.176589632,5.981414211,Oncorhynchus mykiss,rainbow trout,juvenile,hatchery,NA,12,mean,9,NA,32.6,NA,NA,NA,NA,NA,NA,2,NA,exogenous,fresh,not specifically mentioned but seems to be freshwater,,post-smolt,,,
2001,Brodeur,J. Fish. Biol.,396,15,12,,,82.74202543,NA,2.53809894,NA,74.92354212,NA,4.316468155,5.981414211,Oncorhynchus mykiss,rainbow trout,juvenile,hatchery,NA,12,mean,9,NA,32.6,NA,NA,NA,NA,NA,NA,2,NA,exogenous,fresh,not specifically mentioned but seems to be freshwater,,post-smolt,,,
2001,Brodeur,J. Fish. Biol.,396,15,24,,,50,NA,1.533742331,NA,94.41059603,NA,4.547653313,5.981414211,Oncorhynchus mykiss,rainbow trout,juvenile,hatchery,NA,12,mean,9,NA,32.6,NA,NA,NA,NA,NA,NA,2,NA,exogenous,fresh,not specifically mentioned but seems to be freshwater,,post-smolt,,,
2001,Brodeur,J. Fish. Biol.,396,15,27,,,50,NA,1.533742331,NA,119.586755,NA,4.784042091,5.981414211,Oncorhynchus mykiss,rainbow trout,juvenile,hatchery,NA,12,mean,9,NA,32.6,NA,NA,NA,NA,NA,NA,2,NA,exogenous,fresh,not specifically mentioned but seems to be freshwater,,post-smolt,,,
2001,Brodeur,J. Fish. Biol.,396,15,12,,,115.5734942,NA,3.545199209,NA,124.7015119,NA,4.825922977,5.981414211,Oncorhynchus mykiss,rainbow trout,juvenile,hatchery,NA,12,mean,9,NA,32.6,NA,NA,NA,NA,NA,NA,2,NA,exogenous,fresh,not specifically mentioned but seems to be freshwater,,post-smolt,,,
2001,Brodeur,J. Fish. Biol.,396,15,12,,,148.3983079,NA,4.552095334,NA,183.7166307,NA,5.21339452,5.981414211,Oncorhynchus mykiss,rainbow trout,juvenile,hatchery,NA,12,mean,9,NA,32.6,NA,NA,NA,NA,NA,NA,2,NA,exogenous,fresh,not specifically mentioned but seems to be freshwater,,post-smolt,,,
2021,McArley,J. Exp. Biol.,883.5,NA,9.9,,,0,0,0,0,32.73724434,NA,3.4885134,6.783891292,Oncorhynchus mykiss,rainbow trout,adult,hatchery,10,10,individual,1,NA,NA,NA,NA,mixed,NA,NA,NA,2,NA,exogenous,fresh,NA,,post-smolt,,,
2021,McArley,J. Exp. Biol.,883.5,NA,9.9,,,0,0,0,0,32.81715692,NA,3.490951455,6.783891292,Oncorhynchus mykiss,rainbow trout,adult,hatchery,8,10,individual,1,NA,NA,NA,NA,mixed,NA,NA,NA,2,NA,exogenous,fresh,NA,,post-smolt,,,
2021,McArley,J. Exp. Biol.,883.5,NA,9.9,,,0,0,0,0,35.86649532,NA,3.579803582,6.783891292,Oncorhynchus mykiss,rainbow trout,adult,hatchery,8,10,individual,1,NA,NA,NA,NA,mixed,NA,NA,NA,2,NA,exogenous,fresh,NA,,post-smolt,,,
2021,McArley,J. Exp. Biol.,883.5,NA,9.9,,,0,0,0,0,35.97717137,NA,3.582884609,6.783891292,Oncorhynchus mykiss,rainbow trout,adult,hatchery,4,10,individual,1,NA,NA,NA,NA,mixed,NA,NA,NA,2,NA,exogenous,fresh,NA,,post-smolt,,,
2021,McArley,J. Exp. Biol.,883.5,NA,9.9,,,0,0,0,0,38.84118681,NA,3.659481199,6.783891292,Oncorhynchus mykiss,rainbow trout,adult,hatchery,10,10,individual,1,NA,NA,NA,NA,mixed,NA,NA,NA,2,NA,exogenous,fresh,NA,,post-smolt,,,
2021,McArley,J. Exp. Biol.,883.5,NA,9.9,,,0,0,0,0,39.62770502,NA,3.679528495,6.783891292,Oncorhynchus mykiss,rainbow trout,adult,hatchery,9,10,individual,1,NA,NA,NA,NA,mixed,NA,NA,NA,2,NA,exogenous,fresh,NA,,post-smolt,,,
2021,McArley,J. Exp. Biol.,883.5,NA,9.9,,,0,0,0,0,40.62270272,NA,3.70432709,6.783891292,Oncorhynchus mykiss,rainbow trout,adult,hatchery,5,10,individual,1,NA,NA,NA,NA,mixed,NA,NA,NA,2,NA,exogenous,fresh,NA,,post-smolt,,,
2021,McArley,J. Exp. Biol.,883.5,NA,9.9,,,0,0,0,0,41.49986802,NA,3.725690247,6.783891292,Oncorhynchus mykiss,rainbow trout,adult,hatchery,9,10,individual,1,NA,NA,NA,NA,mixed,NA,NA,NA,2,NA,exogenous,fresh,NA,,post-smolt,,,
2021,McArley,J. Exp. Biol.,883.5,NA,9.9,,,0,0,0,0,41.91824945,NA,3.73572128,6.783891292,Oncorhynchus mykiss,rainbow trout,adult,hatchery,3,10,individual,1,NA,NA,NA,NA,mixed,NA,NA,NA,2,NA,exogenous,fresh,NA,,post-smolt,,,
2021,McArley,J. Exp. Biol.,883.5,NA,9.9,,,0,0,0,0,42.09474624,NA,3.739922941,6.783891292,Oncorhynchus mykiss,rainbow trout,adult,hatchery,2,10,individual,1,NA,NA,NA,NA,mixed,NA,NA,NA,2,NA,exogenous,fresh,NA,,post-smolt,,,
2021,McArley,J. Exp. Biol.,883.5,NA,9.9,,,0,0,0,0,42.33849506,NA,3.745696721,6.783891292,Oncorhynchus mykiss,rainbow trout,adult,hatchery,4,10,individual,1,NA,NA,NA,NA,mixed,NA,NA,NA,2,NA,exogenous,fresh,NA,,post-smolt,,,
2021,McArley,J. Exp. Biol.,883.5,NA,9.9,,,0,0,0,0,45.26531852,NA,3.812541144,6.783891292,Oncorhynchus mykiss,rainbow trout,adult,hatchery,5,10,individual,1,NA,NA,NA,NA,mixed,NA,NA,NA,2,NA,exogenous,fresh,NA,,post-smolt,,,
2021,McArley,J. Exp. Biol.,883.5,NA,9.9,,,0,0,0,0,46.99314413,NA,3.850001721,6.783891292,Oncorhynchus mykiss,rainbow trout,adult,hatchery,3,10,individual,1,NA,NA,NA,NA,mixed,NA,NA,NA,2,NA,exogenous,fresh,NA,,post-smolt,,,
2021,McArley,J. Exp. Biol.,883.5,NA,9.9,,,0,0,0,0,48.52904703,NA,3.882162527,6.783891292,Oncorhynchus mykiss,rainbow trout,adult,hatchery,6,10,individual,1,NA,NA,NA,NA,mixed,NA,NA,NA,2,NA,exogenous,fresh,NA,,post-smolt,,,
2021,McArley,J. Exp. Biol.,883.5,NA,9.9,,,0,0,0,0,49.62464888,NA,3.904487663,6.783891292,Oncorhynchus mykiss,rainbow trout,adult,hatchery,7,10,individual,1,NA,NA,NA,NA,mixed,NA,NA,NA,2,NA,exogenous,fresh,NA,,post-smolt,,,
2021,McArley,J. Exp. Biol.,883.5,NA,9.9,,,0,0,0,0,51.67622423,NA,3.944997796,6.783891292,Oncorhynchus mykiss,rainbow trout,adult,hatchery,6,10,individual,1,NA,NA,NA,NA,mixed,NA,NA,NA,2,NA,exogenous,fresh,NA,,post-smolt,,,
2021,McArley,J. Exp. Biol.,883.5,NA,9.9,,,0,0,0,0,55.20308555,NA,4.011018849,6.783891292,Oncorhynchus mykiss,rainbow trout,adult,hatchery,1,10,individual,1,NA,NA,NA,NA,mixed,NA,NA,NA,2,NA,exogenous,fresh,NA,,post-smolt,,,
2021,McArley,J. Exp. Biol.,883.5,NA,9.9,,,0,0,0,0,58.06209155,NA,4.061512982,6.783891292,Oncorhynchus mykiss,rainbow trout,adult,hatchery,1,10,individual,1,NA,NA,NA,NA,mixed,NA,NA,NA,2,NA,exogenous,fresh,NA,,post-smolt,,,
2021,McArley,J. Exp. Biol.,883.5,NA,9.9,,,0,0,0,0,58.94669592,NA,4.076633577,6.783891292,Oncorhynchus mykiss,rainbow trout,adult,hatchery,2,10,individual,1,NA,NA,NA,NA,mixed,NA,NA,NA,2,NA,exogenous,fresh,NA,,post-smolt,,,
2021,McArley,J. Exp. Biol.,883.5,NA,9.9,,,0,0,0,0,59.10381756,NA,4.079295517,6.783891292,Oncorhynchus mykiss,rainbow trout,adult,hatchery,7,10,individual,1,NA,NA,NA,NA,mixed,NA,NA,NA,2,NA,exogenous,fresh,NA,,post-smolt,,,
2021,McArley,J. Exp. Biol.,896.5,NA,9.9,,,0,0,0,0,36.74655782,NA,3.604044556,6.798498293,Oncorhynchus mykiss,rainbow trout,adult,hatchery,9,10,individual,1,NA,NA,NA,NA,mixed,NA,NA,NA,2,NA,exogenous,fresh,NA,,post-smolt,,,
2021,McArley,J. Exp. Biol.,896.5,NA,9.9,,,0,0,0,0,42.55390552,NA,3.750771637,6.798498293,Oncorhynchus mykiss,rainbow trout,adult,hatchery,9,10,individual,1,NA,NA,NA,NA,mixed,NA,NA,NA,2,NA,exogenous,fresh,NA,,post-smolt,,,
2021,McArley,J. Exp. Biol.,896.5,NA,9.9,,,0,0,0,0,43.10346898,NA,3.763603481,6.798498293,Oncorhynchus mykiss,rainbow trout,adult,hatchery,5,10,individual,1,NA,NA,NA,NA,mixed,NA,NA,NA,2,NA,exogenous,fresh,NA,,post-smolt,,,
2021,McArley,J. Exp. Biol.,896.5,NA,9.9,,,0,0,0,0,43.12225962,NA,3.764039328,6.798498293,Oncorhynchus mykiss,rainbow trout,adult,hatchery,7,10,individual,1,NA,NA,NA,NA,mixed,NA,NA,NA,2,NA,exogenous,fresh,NA,,post-smolt,,,
2021,McArley,J. Exp. Biol.,896.5,NA,9.9,,,0,0,0,0,43.33771547,NA,3.769023283,6.798498293,Oncorhynchus mykiss,rainbow trout,adult,hatchery,5,10,individual,1,NA,NA,NA,NA,mixed,NA,NA,NA,2,NA,exogenous,fresh,NA,,post-smolt,,,
2021,McArley,J. Exp. Biol.,896.5,NA,9.9,,,0,0,0,0,44.26652533,NA,3.790228755,6.798498293,Oncorhynchus mykiss,rainbow trout,adult,hatchery,2,10,individual,1,NA,NA,NA,NA,mixed,NA,NA,NA,2,NA,exogenous,fresh,NA,,post-smolt,,,
2021,McArley,J. Exp. Biol.,896.5,NA,9.9,,,0,0,0,0,44.7635001,NA,3.801393077,6.798498293,Oncorhynchus mykiss,rainbow trout,adult,hatchery,3,10,individual,1,NA,NA,NA,NA,mixed,NA,NA,NA,2,NA,exogenous,fresh,NA,,post-smolt,,,
2021,McArley,J. Exp. Biol.,896.5,NA,9.9,,,0,0,0,0,44.97658919,NA,3.806142114,6.798498293,Oncorhynchus mykiss,rainbow trout,adult,hatchery,4,10,individual,1,NA,NA,NA,NA,mixed,NA,NA,NA,2,NA,exogenous,fresh,NA,,post-smolt,,,
2021,McArley,J. Exp. Biol.,896.5,NA,9.9,,,0,0,0,0,47.92944503,NA,3.869730034,6.798498293,Oncorhynchus mykiss,rainbow trout,adult,hatchery,8,10,individual,1,NA,NA,NA,NA,mixed,NA,NA,NA,2,NA,exogenous,fresh,NA,,post-smolt,,,
2021,McArley,J. Exp. Biol.,896.5,NA,9.9,,,0,0,0,0,48.18778943,NA,3.875105658,6.798498293,Oncorhynchus mykiss,rainbow trout,adult,hatchery,7,10,individual,1,NA,NA,NA,NA,mixed,NA,NA,NA,2,NA,exogenous,fresh,NA,,post-smolt,,,
2021,McArley,J. Exp. Biol.,896.5,NA,9.9,,,0,0,0,0,48.48599223,NA,3.881274936,6.798498293,Oncorhynchus mykiss,rainbow trout,adult,hatchery,3,10,individual,1,NA,NA,NA,NA,mixed,NA,NA,NA,2,NA,exogenous,fresh,NA,,post-smolt,,,
2021,McArley,J. Exp. Biol.,896.5,NA,9.9,,,0,0,0,0,48.5623292,NA,3.882848111,6.798498293,Oncorhynchus mykiss,rainbow trout,adult,hatchery,1,10,individual,1,NA,NA,NA,NA,mixed,NA,NA,NA,2,NA,exogenous,fresh,NA,,post-smolt,,,
2021,McArley,J. Exp. Biol.,896.5,NA,9.9,,,0,0,0,0,51.99217683,NA,3.951093262,6.798498293,Oncorhynchus mykiss,rainbow trout,adult,hatchery,4,10,individual,1,NA,NA,NA,NA,mixed,NA,NA,NA,2,NA,exogenous,fresh,NA,,post-smolt,,,
2021,McArley,J. Exp. Biol.,896.5,NA,9.9,,,0,0,0,0,56.40115487,NA,4.032489635,6.798498293,Oncorhynchus mykiss,rainbow trout,adult,hatchery,8,10,individual,1,NA,NA,NA,NA,mixed,NA,NA,NA,2,NA,exogenous,fresh,NA,,post-smolt,,,
2021,McArley,J. Exp. Biol.,896.5,NA,9.9,,,0,0,0,0,57.45281212,NA,4.050963952,6.798498293,Oncorhynchus mykiss,rainbow trout,adult,hatchery,2,10,individual,1,NA,NA,NA,NA,mixed,NA,NA,NA,2,NA,exogenous,fresh,NA,,post-smolt,,,
2021,McArley,J. Exp. Biol.,896.5,NA,9.9,,,0,0,0,0,59.79316123,NA,4.090891294,6.798498293,Oncorhynchus mykiss,rainbow trout,adult,hatchery,6,10,individual,1,NA,NA,NA,NA,mixed,NA,NA,NA,2,NA,exogenous,fresh,NA,,post-smolt,,,
2021,McArley,J. Exp. Biol.,896.5,NA,9.9,,,0,0,0,0,63.00561658,NA,4.143223874,6.798498293,Oncorhynchus mykiss,rainbow trout,adult,hatchery,1,10,individual,1,NA,NA,NA,NA,mixed,NA,NA,NA,2,NA,exogenous,fresh,NA,,post-smolt,,,
2021,McArley,J. Exp. Biol.,896.5,NA,9.9,,,0,0,0,0,65.91194407,NA,4.18831967,6.798498293,Oncorhynchus mykiss,rainbow trout,adult,hatchery,6,10,individual,1,NA,NA,NA,NA,mixed,NA,NA,NA,2,NA,exogenous,fresh,NA,,post-smolt,,,
2004,Rodnick,J. Fish Biol.,900,NA,14.20408163,,,NA,NA,0.5,NA,109.3456663,NA,4.694514115,6.802394763,Oncorhynchus mykiss,redband trout,juvenile,wild,large (400-1400),14,mean,5.00,NA,NA,4,NA,NA,NA,NA,NA,2,0.9,exogenous,fresh,NA,,post-smolt,,,
2004,Rodnick,J. Fish Biol.,900,NA,16.28571429,,,NA,NA,0.5,NA,129.8625503,NA,4.866476586,6.802394763,Oncorhynchus mykiss,redband trout,juvenile,wild,large (400-1400),14,mean,5.00,NA,NA,4,NA,NA,NA,NA,NA,2,0.9,exogenous,fresh,NA,,post-smolt,,,
2004,Rodnick,J. Fish Biol.,900,NA,18.20408163,,,NA,NA,0.5,NA,145.7165062,NA,4.981662996,6.802394763,Oncorhynchus mykiss,redband trout,juvenile,wild,large (400-1400),14,mean,5.00,NA,NA,4,NA,NA,NA,NA,NA,2,0.9,exogenous,fresh,NA,,post-smolt,,,
2004,Rodnick,J. Fish Biol.,900,NA,20.24489796,,,NA,NA,0.5,NA,169.9637329,NA,5.135585078,6.802394763,Oncorhynchus mykiss,redband trout,juvenile,wild,large (400-1400),14,mean,5.00,NA,NA,4,NA,NA,NA,NA,NA,2,0.9,exogenous,fresh,NA,,post-smolt,,,
2004,Rodnick,J. Fish Biol.,900,NA,22.28571429,,,NA,NA,0.5,NA,203.5368159,NA,5.315846902,6.802394763,Oncorhynchus mykiss,redband trout,juvenile,wild,large (400-1400),14,mean,4.00,NA,NA,4,NA,NA,NA,NA,NA,2,0.9,exogenous,fresh,NA,,post-smolt,,,
2004,Rodnick,J. Fish Biol.,900,NA,24.16326531,,,NA,NA,0.5,NA,253.8964404,NA,5.536926469,6.802394763,Oncorhynchus mykiss,redband trout,juvenile,wild,large (400-1400),14,mean,5.00,NA,NA,4,NA,NA,NA,NA,NA,2,0.9,exogenous,fresh,NA,,post-smolt,,,
2004,Rodnick,J. Fish Biol.,900,NA,28,,,NA,NA,0.5,NA,371.402231,NA,5.917285656,6.802394763,Oncorhynchus mykiss,redband trout,juvenile,wild,large (400-1400),14,mean,3.00,NA,NA,4,NA,NA,NA,NA,NA,2,0.9,exogenous,fresh,NA,,post-smolt,,,
2004,Rodnick,J. Fish Biol.,900,NA,26.04081633,,,NA,NA,0.5,NA,376.9977449,NA,5.932239206,6.802394763,Oncorhynchus mykiss,redband trout,juvenile,wild,large (400-1400),14,mean,5.00,NA,NA,4,NA,NA,NA,NA,NA,2,0.9,exogenous,fresh,NA,,post-smolt,,,
2022,Monnet et al.,Ecol. Fresh. Fish,1.88,NA,13.6,,,0,NA,0,NA,0.178068035,NA,-1.725589581,0.631271777,Oncorhynchus mykiss,rainbow trout,juvenile,wild,1,13.6,individual,1.00,NA,NA,0.1,0,NA,NA,NA,NA,1,30,exogenous,fresh,NA,"Selection for high growth displaces costs of digestion from
SDA to SMR in divergent ecotypes of rainbow trout",pre-smolt,100,Lardeau,Piscivore
2022,Monnet et al.,Ecol. Fresh. Fish,1.55,NA,13.6,,,0,NA,0,NA,0.222697041,NA,-1.501942994,0.438254931,Oncorhynchus mykiss,rainbow trout,juvenile,wild,2,13.6,individual,1.00,NA,NA,0.1,0,NA,NA,NA,NA,1,30,exogenous,fresh,NA,"Selection for high growth displaces costs of digestion from
SDA to SMR in divergent ecotypes of rainbow trout",pre-smolt,100,Lardeau,Piscivore
2022,Monnet et al.,Ecol. Fresh. Fish,1.61,NA,13.6,,,0,NA,0,NA,0.166919584,NA,-1.790243118,0.476234179,Oncorhynchus mykiss,rainbow trout,juvenile,wild,3,13.6,individual,1.00,NA,NA,0.1,0,NA,NA,NA,NA,1,30,exogenous,fresh,NA,"Selection for high growth displaces costs of digestion from
SDA to SMR in divergent ecotypes of rainbow trout",pre-smolt,100,Lardeau,Piscivore
2022,Monnet et al.,Ecol. Fresh. Fish,2.69,NA,13.6,,,0,NA,0,NA,0.194534721,NA,-1.63714462,0.989541194,Oncorhynchus mykiss,rainbow trout,juvenile,wild,4,13.6,individual,1.00,NA,NA,0.1,0,NA,NA,NA,NA,1,30,exogenous,fresh,NA,"Selection for high growth displaces costs of digestion from
SDA to SMR in divergent ecotypes of rainbow trout",pre-smolt,100,Lardeau,Piscivore
2022,Monnet et al.,Ecol. Fresh. Fish,1.38,NA,13.6,,,0,NA,0,NA,0.156763101,NA,-1.853019524,0.322083499,Oncorhynchus mykiss,rainbow trout,juvenile,wild,5,13.6,individual,1.00,NA,NA,0.1,0,NA,NA,NA,NA,1,30,exogenous,fresh,NA,"Selection for high growth displaces costs of digestion from
SDA to SMR in divergent ecotypes of rainbow trout",pre-smolt,100,Lardeau,Piscivore
2022,Monnet et al.,Ecol. Fresh. Fish,1.56,NA,13.6,,,0,NA,0,NA,0.155745533,NA,-1.859531804,0.444685821,Oncorhynchus mykiss,rainbow trout,juvenile,wild,6,13.6,individual,1.00,NA,NA,0.1,0,NA,NA,NA,NA,1,30,exogenous,fresh,NA,"Selection for high growth displaces costs of digestion from
SDA to SMR in divergent ecotypes of rainbow trout",pre-smolt,100,Lardeau,Piscivore
2022,Monnet et al.,Ecol. Fresh. Fish,1.1,NA,13.6,,,0,NA,0,NA,0.217529202,NA,-1.525422175,0.09531018,Oncorhynchus mykiss,rainbow trout,juvenile,wild,7,13.6,individual,1.00,NA,NA,0.1,0,NA,NA,NA,NA,1,30,exogenous,fresh,NA,"Selection for high growth displaces costs of digestion from
SDA to SMR in divergent ecotypes of rainbow trout",pre-smolt,100,Lardeau,Piscivore
2022,Monnet et al.,Ecol. Fresh. Fish,0.91,NA,13.6,,,0,NA,0,NA,0.214607693,NA,-1.5389436,-0.094310679,Oncorhynchus mykiss,rainbow trout,juvenile,wild,8,13.6,individual,1.00,NA,NA,0.1,0,NA,NA,NA,NA,1,30,exogenous,fresh,NA,"Selection for high growth displaces costs of digestion from
SDA to SMR in divergent ecotypes of rainbow trout",pre-smolt,100,Lardeau,Piscivore
2022,Monnet et al.,Ecol. Fresh. Fish,0.7,NA,13.6,,,0,NA,0,NA,0.235864629,NA,-1.444497244,-0.356674944,Oncorhynchus mykiss,rainbow trout,juvenile,wild,9,13.6,individual,1.00,NA,NA,0.1,0,NA,NA,NA,NA,1,30,exogenous,fresh,NA,"Selection for high growth displaces costs of digestion from
SDA to SMR in divergent ecotypes of rainbow trout",pre-smolt,100,Lardeau,Piscivore
2022,Monnet et al.,Ecol. Fresh. Fish,0.61,NA,13.6,,,0,NA,0,NA,0.138197281,NA,-1.979073041,-0.494296322,Oncorhynchus mykiss,rainbow trout,juvenile,wild,10,13.6,individual,1.00,NA,NA,0.1,0,NA,NA,NA,NA,1,30,exogenous,fresh,NA,"Selection for high growth displaces costs of digestion from
SDA to SMR in divergent ecotypes of rainbow trout",pre-smolt,100,Lardeau,Piscivore
2022,Monnet et al.,Ecol. Fresh. Fish,1.09,NA,13.6,,,0,NA,0,NA,0.151723259,NA,-1.885697085,0.086177696,Oncorhynchus mykiss,rainbow trout,juvenile,wild,11,13.6,individual,1.00,NA,NA,0.1,0,NA,NA,NA,NA,1,30,exogenous,fresh,NA,"Selection for high growth displaces costs of digestion from
SDA to SMR in divergent ecotypes of rainbow trout",pre-smolt,100,Lardeau,Piscivore
2022,Monnet et al.,Ecol. Fresh. Fish,1.4,NA,13.6,,,0,NA,0,NA,0.16799475,NA,-1.78382255,0.336472237,Oncorhynchus mykiss,rainbow trout,juvenile,wild,12,13.6,individual,1.00,NA,NA,0.1,0,NA,NA,NA,NA,1,30,exogenous,fresh,NA,"Selection for high growth displaces costs of digestion from
SDA to SMR in divergent ecotypes of rainbow trout",pre-smolt,100,Lardeau,Piscivore
2022,Monnet et al.,Ecol. Fresh. Fish,1.36,NA,13.6,,,0,NA,0,NA,0.112930871,NA,-2.18097941,0.3074847,Oncorhynchus mykiss,rainbow trout,juvenile,wild,1,13.6,individual,1.00,NA,NA,0.1,0,NA,NA,NA,NA,1,30,exogenous,fresh,NA,"Selection for high growth displaces costs of digestion from
SDA to SMR in divergent ecotypes of rainbow trout",pre-smolt,100,Redfish,Insectivore
2022,Monnet et al.,Ecol. Fresh. Fish,0.7,NA,13.6,,,0,NA,0,NA,0.116073173,NA,-2.153534488,-0.356674944,Oncorhynchus mykiss,rainbow trout,juvenile,wild,2,13.6,individual,1.00,NA,NA,0.1,0,NA,NA,NA,NA,1,30,exogenous,fresh,NA,"Selection for high growth displaces costs of digestion from
SDA to SMR in divergent ecotypes of rainbow trout",pre-smolt,100,Redfish,Insectivore
2022,Monnet et al.,Ecol. Fresh. Fish,0.88,NA,13.6,,,0,NA,0,NA,0.073410826,NA,-2.611683863,-0.127833372,Oncorhynchus mykiss,rainbow trout,juvenile,wild,3,13.6,individual,1.00,NA,NA,0.1,0,NA,NA,NA,NA,1,30,exogenous,fresh,NA,"Selection for high growth displaces costs of digestion from
SDA to SMR in divergent ecotypes of rainbow trout",pre-smolt,100,Redfish,Insectivore
2022,Monnet et al.,Ecol. Fresh. Fish,0.83,NA,13.6,,,0,NA,0,NA,0.116860348,NA,-2.146775664,-0.186329578,Oncorhynchus mykiss,rainbow trout,juvenile,wild,4,13.6,individual,1.00,NA,NA,0.1,0,NA,NA,NA,NA,1,30,exogenous,fresh,NA,"Selection for high growth displaces costs of digestion from
SDA to SMR in divergent ecotypes of rainbow trout",pre-smolt,100,Redfish,Insectivore
2022,Monnet et al.,Ecol. Fresh. Fish,0.82,NA,13.6,,,0,NA,0,NA,0.050615378,NA,-2.983499831,-0.198450939,Oncorhynchus mykiss,rainbow trout,juvenile,wild,5,13.6,individual,1.00,NA,NA,0.1,0,NA,NA,NA,NA,1,30,exogenous,fresh,NA,"Selection for high growth displaces costs of digestion from
SDA to SMR in divergent ecotypes of rainbow trout",pre-smolt,100,Redfish,Insectivore
2022,Monnet et al.,Ecol. Fresh. Fish,0.68,NA,13.6,,,0,NA,0,NA,0.068324265,NA,-2.683490308,-0.385662481,Oncorhynchus mykiss,rainbow trout,juvenile,wild,6,13.6,individual,1.00,NA,NA,0.1,0,NA,NA,NA,NA,1,30,exogenous,fresh,NA,"Selection for high growth displaces costs of digestion from
SDA to SMR in divergent ecotypes of rainbow trout",pre-smolt,100,Redfish,Insectivore
2022,Monnet et al.,Ecol. Fresh. Fish,0.77,NA,13.6,,,0,NA,0,NA,0.109890966,NA,-2.208266625,-0.261364764,Oncorhynchus mykiss,rainbow trout,juvenile,wild,7,13.6,individual,1.00,NA,NA,0.1,0,NA,NA,NA,NA,1,30,exogenous,fresh,NA,"Selection for high growth displaces costs of digestion from
SDA to SMR in divergent ecotypes of rainbow trout",pre-smolt,100,Redfish,Insectivore
2022,Monnet et al.,Ecol. Fresh. Fish,0.92,NA,13.6,,,0,NA,0,NA,0.086550895,NA,-2.447022654,-0.083381609,Oncorhynchus mykiss,rainbow trout,juvenile,wild,8,13.6,individual,1.00,NA,NA,0.1,0,NA,NA,NA,NA,1,30,exogenous,fresh,NA,"Selection for high growth displaces costs of digestion from
SDA to SMR in divergent ecotypes of rainbow trout",pre-smolt,100,Redfish,Insectivore
2022,Monnet et al.,Ecol. Fresh. Fish,0.91,NA,13.6,,,0,NA,0,NA,0.088522034,NA,-2.424503791,-0.094310679,Oncorhynchus mykiss,rainbow trout,juvenile,wild,9,13.6,individual,1.00,NA,NA,0.1,0,NA,NA,NA,NA,1,30,exogenous,fresh,NA,"Selection for high growth displaces costs of digestion from
SDA to SMR in divergent ecotypes of rainbow trout",pre-smolt,100,Redfish,Insectivore
2022,Monnet et al.,Ecol. Fresh. Fish,0.6,NA,13.6,,,0,NA,0,NA,0.166689191,NA,-1.791624334,-0.510825624,Oncorhynchus mykiss,rainbow trout,juvenile,wild,10,13.6,individual,1.00,NA,NA,0.1,0,NA,NA,NA,NA,1,30,exogenous,fresh,NA,"Selection for high growth displaces costs of digestion from
SDA to SMR in divergent ecotypes of rainbow trout",pre-smolt,100,Redfish,Insectivore
2022,Monnet et al.,Ecol. Fresh. Fish,1.27,NA,13.6,,,0,NA,0,NA,0.101596825,NA,-2.286742994,0.2390169,Oncorhynchus mykiss,rainbow trout,juvenile,wild,11,13.6,individual,1.00,NA,NA,0.1,0,NA,NA,NA,NA,1,30,exogenous,fresh,NA,"Selection for high growth displaces costs of digestion from
SDA to SMR in divergent ecotypes of rainbow trout",pre-smolt,100,Redfish,Insectivore
2022,Monnet et al.,Ecol. Fresh. Fish,0.76,NA,13.6,,,0,NA,0,NA,0.103113578,NA,-2.271924203,-0.274436846,Oncorhynchus mykiss,rainbow trout,juvenile,wild,12,13.6,individual,1.00,NA,NA,0.1,0,NA,NA,NA,NA,1,30,exogenous,fresh,NA,"Selection for high growth displaces costs of digestion from
SDA to SMR in divergent ecotypes of rainbow trout",pre-smolt,100,Redfish,Insectivore
2022,Monnet et al.,Ecol. Fresh. Fish,1.02,NA,13.6,,,0,NA,0,NA,0.072132146,NA,-2.629255484,0.019802627,Oncorhynchus mykiss,rainbow trout,juvenile,wild,1,13.6,individual,1.00,NA,NA,0.1,0,NA,NA,NA,NA,1,30,exogenous,fresh,NA,"Selection for high growth displaces costs of digestion from
SDA to SMR in divergent ecotypes of rainbow trout",pre-smolt,100,Hendryx,Insectivore
2022,Monnet et al.,Ecol. Fresh. Fish,0.93,NA,13.6,,,0,NA,0,NA,0.071719359,NA,-2.634994572,-0.072570693,Oncorhynchus mykiss,rainbow trout,juvenile,wild,2,13.6,individual,1.00,NA,NA,0.1,0,NA,NA,NA,NA,1,30,exogenous,fresh,NA,"Selection for high growth displaces costs of digestion from
SDA to SMR in divergent ecotypes of rainbow trout",pre-smolt,100,Hendryx,Insectivore
2022,Monnet et al.,Ecol. Fresh. Fish,1,NA,13.6,,,0,NA,0,NA,0.05247836,NA,-2.947354385,0,Oncorhynchus mykiss,rainbow trout,juvenile,wild,3,13.6,individual,1.00,NA,NA,0.1,0,NA,NA,NA,NA,1,30,exogenous,fresh,NA,"Selection for high growth displaces costs of digestion from
SDA to SMR in divergent ecotypes of rainbow trout",pre-smolt,100,Hendryx,Insectivore
2022,Monnet et al.,Ecol. Fresh. Fish,0.89,NA,13.6,,,0,NA,0,NA,0.055249473,NA,-2.89589647,-0.116533816,Oncorhynchus mykiss,rainbow trout,juvenile,wild,4,13.6,individual,1.00,NA,NA,0.1,0,NA,NA,NA,NA,1,30,exogenous,fresh,NA,"Selection for high growth displaces costs of digestion from
SDA to SMR in divergent ecotypes of rainbow trout",pre-smolt,100,Hendryx,Insectivore
2022,Monnet et al.,Ecol. Fresh. Fish,0.93,NA,13.6,,,0,NA,0,NA,0.076183219,NA,-2.574614061,-0.072570693,Oncorhynchus mykiss,rainbow trout,juvenile,wild,5,13.6,individual,1.00,NA,NA,0.1,0,NA,NA,NA,NA,1,30,exogenous,fresh,NA,"Selection for high growth displaces costs of digestion from
SDA to SMR in divergent ecotypes of rainbow trout",pre-smolt,100,Hendryx,Insectivore
2022,Monnet et al.,Ecol. Fresh. Fish,0.91,NA,13.6,,,0,NA,0,NA,0.04513459,NA,-3.098106375,-0.094310679,Oncorhynchus mykiss,rainbow trout,juvenile,wild,6,13.6,individual,1.00,NA,NA,0.1,0,NA,NA,NA,NA,1,30,exogenous,fresh,NA,"Selection for high growth displaces costs of digestion from
SDA to SMR in divergent ecotypes of rainbow trout",pre-smolt,100,Hendryx,Insectivore
2022,Monnet et al.,Ecol. Fresh. Fish,0.55,NA,13.6,,,0,NA,0,NA,0.082189432,NA,-2.498728556,-0.597837001,Oncorhynchus mykiss,rainbow trout,juvenile,wild,7,13.6,individual,1.00,NA,NA,0.1,0,NA,NA,NA,NA,1,30,exogenous,fresh,NA,"Selection for high growth displaces costs of digestion from
SDA to SMR in divergent ecotypes of rainbow trout",pre-smolt,100,Hendryx,Insectivore
2022,Monnet et al.,Ecol. Fresh. Fish,0.44,NA,13.6,,,0,NA,0,NA,0.102499197,NA,-2.277900317,-0.820980552,Oncorhynchus mykiss,rainbow trout,juvenile,wild,8,13.6,individual,1.00,NA,NA,0.1,0,NA,NA,NA,NA,1,30,exogenous,fresh,NA,"Selection for high growth displaces costs of digestion from
SDA to SMR in divergent ecotypes of rainbow trout",pre-smolt,100,Hendryx,Insectivore
2022,Monnet et al.,Ecol. Fresh. Fish,0.61,NA,13.6,,,0,NA,0,NA,0.106966257,NA,-2.235241848,-0.494296322,Oncorhynchus mykiss,rainbow trout,juvenile,wild,9,13.6,individual,1.00,NA,NA,0.1,0,NA,NA,NA,NA,1,30,exogenous,fresh,NA,"Selection for high growth displaces costs of digestion from
SDA to SMR in divergent ecotypes of rainbow trout",pre-smolt,100,Hendryx,Insectivore
2022,Monnet et al.,Ecol. Fresh. Fish,0.59,NA,13.6,,,0,NA,0,NA,0.136498134,NA,-1.991444333,-0.527632742,Oncorhynchus mykiss,rainbow trout,juvenile,wild,10,13.6,individual,1.00,NA,NA,0.1,0,NA,NA,NA,NA,1,30,exogenous,fresh,NA,"Selection for high growth displaces costs of digestion from
SDA to SMR in divergent ecotypes of rainbow trout",pre-smolt,100,Hendryx,Insectivore
2022,Monnet et al.,Ecol. Fresh. Fish,1.01,NA,13.6,,,0,NA,0,NA,0.138648467,NA,-1.975813563,0.009950331,Oncorhynchus mykiss,rainbow trout,juvenile,wild,11,13.6,individual,1.00,NA,NA,0.1,0,NA,NA,NA,NA,1,30,exogenous,fresh,NA,"Selection for high growth displaces costs of digestion from
SDA to SMR in divergent ecotypes of rainbow trout",pre-smolt,100,Hendryx,Insectivore
2022,Monnet et al.,Ecol. Fresh. Fish,1.15,NA,13.6,,,0,NA,0,NA,0.065133965,NA,-2.731309138,0.139761942,Oncorhynchus mykiss,rainbow trout,juvenile,wild,12,13.6,individual,1.00,NA,NA,0.1,0,NA,NA,NA,NA,1,30,exogenous,fresh,NA,"Selection for high growth displaces costs of digestion from
SDA to SMR in divergent ecotypes of rainbow trout",pre-smolt,100,Hendryx,Insectivore
