year,author,journal,mass_g,se_mass_g,temperature_c,swimspeed_cm_per_s,se_swimSpeed_cm_per_s,swimspeed_bodylengths_per_second,se_swimSpeed_bodylengths_per_second,mr_mgo2_per_h,se_mr_mgo2_per_h,ln_mr_mgo2_per_h,ln_mass_g,species,race,life_stage,author_fishid,acclimation_temperature_c,indiv_or_mean,n,fork_length_cm,age,data_quality,age_dph,total_length_mm,mr_mg_O2_per_g_per_h,exogenous_or_endogenous,salinity_permil,salinity_factor,smolt_factor
2004,Mayfield and Cech,Trans. Am. Fish. Soc. .,1.781275501,NA,11,0,NA,0,NA,0.26470627,NA,-1.329134485,0.577329681,Acipenser medirostris,NA,juvenile,NA,19,individual,1,NA,0,1,177,NA,NA,exogenous,0,fresh,seawater-tolerant
2004,Mayfield and Cech,Trans. Am. Fish. Soc. .,5.310106371,NA,11,0,NA,0,NA,0.193759441,NA,-1.641137885,1.669611867,Acipenser medirostris,NA,juvenile,NA,19,individual,1,NA,0,1,177,NA,NA,exogenous,0,fresh,seawater-tolerant
2004,Mayfield and Cech,Trans. Am. Fish. Soc. .,5.891410751,NA,11,0,NA,0,NA,0.171026076,NA,-1.765939245,1.773495485,Acipenser medirostris,NA,juvenile,NA,19,individual,1,NA,0,1,177,NA,NA,exogenous,0,fresh,seawater-tolerant
2004,Mayfield and Cech,Trans. Am. Fish. Soc. .,12.43619813,NA,11,0,NA,0,NA,0.397114723,NA,-0.923530064,2.520611424,Acipenser medirostris,NA,juvenile,NA,19,individual,1,NA,0,1,177,NA,NA,exogenous,0,fresh,seawater-tolerant
2004,Mayfield and Cech,Trans. Am. Fish. Soc. .,21.65399844,NA,11,0,NA,0,NA,0.290679654,NA,-1.235533465,3.075190123,Acipenser medirostris,NA,juvenile,NA,19,individual,1,NA,0,1,177,NA,NA,exogenous,0,fresh,seawater-tolerant
2004,Mayfield and Cech,Trans. Am. Fish. Soc. .,6.789383093,NA,11,0,NA,0,NA,1.340822452,NA,0.293283196,1.915360082,Acipenser medirostris,NA,juvenile,NA,19,individual,1,NA,0,1,177,NA,NA,exogenous,0,fresh,seawater-tolerant
2004,Mayfield and Cech,Trans. Am. Fish. Soc. .,8.071527602,NA,11,0,NA,0,NA,0.981453931,NA,-0.018720204,2.088342758,Acipenser medirostris,NA,juvenile,NA,19,individual,1,NA,0,1,177,NA,NA,exogenous,0,fresh,seawater-tolerant
2004,Mayfield and Cech,Trans. Am. Fish. Soc. .,13.11216417,NA,11,0,NA,0,NA,0.718403705,NA,-0.330723604,2.573540362,Acipenser medirostris,NA,juvenile,NA,19,individual,1,NA,0,1,177,NA,NA,exogenous,0,fresh,seawater-tolerant
2004,Mayfield and Cech,Trans. Am. Fish. Soc. .,15.60153254,NA,11,0,NA,0,NA,0.92208222,NA,-0.081120884,2.747369149,Acipenser medirostris,NA,juvenile,NA,19,individual,1,NA,0,1,177,NA,NA,exogenous,0,fresh,seawater-tolerant
2004,Mayfield and Cech,Trans. Am. Fish. Soc. .,15.60666696,NA,11,0,NA,0,NA,1.147151022,NA,0.137281496,2.747698192,Acipenser medirostris,NA,juvenile,NA,19,individual,1,NA,0,1,177,NA,NA,exogenous,0,fresh,seawater-tolerant
2004,Mayfield and Cech,Trans. Am. Fish. Soc. .,18.56089443,NA,11,0,NA,0,NA,1.077755692,NA,0.074880816,2.921056918,Acipenser medirostris,NA,juvenile,NA,19,individual,1,NA,0,1,177,NA,NA,exogenous,0,fresh,seawater-tolerant
2004,Mayfield and Cech,Trans. Am. Fish. Soc. .,25.82082129,NA,11,0,NA,0,NA,1.56719108,NA,0.449284896,3.251181193,Acipenser medirostris,NA,juvenile,NA,19,individual,1,NA,0,1,177,NA,NA,exogenous,0,fresh,seawater-tolerant
2004,Mayfield and Cech,Trans. Am. Fish. Soc. .,11.42831839,NA,11,0,NA,0,NA,1.720966267,NA,0.542885916,2.436094345,Acipenser medirostris,NA,juvenile,NA,19,individual,1,NA,0,1,177,NA,NA,exogenous,0,fresh,seawater-tolerant
2004,Mayfield and Cech,Trans. Am. Fish. Soc. .,14.33375205,NA,11,0,NA,0,NA,3.418812938,NA,1.229293397,2.662617039,Acipenser medirostris,NA,juvenile,NA,19,individual,1,NA,0,1,177,NA,NA,exogenous,0,fresh,seawater-tolerant
2004,Mayfield and Cech,Trans. Am. Fish. Soc. .,20.6189324,NA,11,0,NA,0,NA,2.208886708,NA,0.792488636,3.026209702,Acipenser medirostris,NA,juvenile,NA,19,individual,1,NA,0,1,177,NA,NA,exogenous,0,fresh,seawater-tolerant
2004,Mayfield and Cech,Trans. Am. Fish. Soc. .,47.40761373,NA,11,0,NA,0,NA,2.208886708,NA,0.792488636,3.858782843,Acipenser medirostris,NA,juvenile,NA,19,individual,1,NA,0,1,177,NA,NA,exogenous,0,fresh,seawater-tolerant
2004,Mayfield and Cech,Trans. Am. Fish. Soc. .,49.95625425,NA,11,0,NA,0,NA,2.748048481,NA,1.010891016,3.911147707,Acipenser medirostris,NA,juvenile,NA,19,individual,1,NA,0,1,177,NA,NA,exogenous,0,fresh,seawater-tolerant
2004,Mayfield and Cech,Trans. Am. Fish. Soc. .,64.85012982,NA,11,0,NA,0,NA,4.527167449,NA,1.510096457,4.172078913,Acipenser medirostris,NA,juvenile,NA,19,individual,1,NA,0,1,177,NA,NA,exogenous,0,fresh,seawater-tolerant
2004,Mayfield and Cech,Trans. Am. Fish. Soc. .,81.2491586,NA,11,0,NA,0,NA,4.388099057,NA,1.478896117,4.397520465,Acipenser medirostris,NA,juvenile,NA,19,individual,1,NA,0,1,177,NA,NA,exogenous,0,fresh,seawater-tolerant
2004,Mayfield and Cech,Trans. Am. Fish. Soc. .,96.65628459,NA,11,0,NA,0,NA,4.971380045,NA,1.603697477,4.571161228,Acipenser medirostris,NA,juvenile,NA,19,individual,1,NA,0,1,177,NA,NA,exogenous,0,fresh,seawater-tolerant
2004,Mayfield and Cech,Trans. Am. Fish. Soc. .,25.84389261,NA,11,0,NA,0,NA,2.835140107,NA,1.042091356,3.25207431,Acipenser medirostris,NA,juvenile,NA,19,individual,1,NA,0,1,177,NA,NA,exogenous,0,fresh,seawater-tolerant
2004,Mayfield and Cech,Trans. Am. Fish. Soc. .,11.82450191,NA,11,0,NA,0,NA,1.147151022,NA,0.137281496,2.470173812,Acipenser medirostris,NA,juvenile,NA,19,individual,1,NA,0,1,177,NA,NA,exogenous,0,fresh,seawater-tolerant
2004,Mayfield and Cech,Trans. Am. Fish. Soc. .,19.93839565,NA,11,0,NA,0,NA,4.67064322,NA,1.541296797,2.992647302,Acipenser medirostris,NA,juvenile,NA,19,individual,1,NA,0,1,177,NA,NA,exogenous,0,fresh,seawater-tolerant
2004,Mayfield and Cech,Trans. Am. Fish. Soc. .,10.66379403,NA,19,0,NA,0,NA,1.88983011,NA,0.636486936,2.366854268,Acipenser medirostris,NA,juvenile,NA,19,individual,1,NA,0,1,177,NA,NA,exogenous,0,fresh,seawater-tolerant
2004,Mayfield and Cech,Trans. Am. Fish. Soc. .,15.34623223,NA,19,0,NA,0,NA,1.61685877,NA,0.480485236,2.730869986,Acipenser medirostris,NA,juvenile,NA,19,individual,1,NA,0,1,177,NA,NA,exogenous,0,fresh,seawater-tolerant
2004,Mayfield and Cech,Trans. Am. Fish. Soc. .,17.94659684,NA,19,0,NA,0,NA,2.141032729,NA,0.761288296,2.887400506,Acipenser medirostris,NA,juvenile,NA,19,individual,1,NA,0,1,177,NA,NA,exogenous,0,fresh,seawater-tolerant
2004,Mayfield and Cech,Trans. Am. Fish. Soc. .,19.24591189,NA,19,0,NA,0,NA,3.017691202,NA,1.104492036,2.957298669,Acipenser medirostris,NA,juvenile,NA,19,individual,1,NA,0,1,177,NA,NA,exogenous,0,fresh,seawater-tolerant
2004,Mayfield and Cech,Trans. Am. Fish. Soc. .,20.28248175,NA,19,0,NA,0,NA,3.996004938,NA,1.385295097,3.009757545,Acipenser medirostris,NA,juvenile,NA,19,individual,1,NA,0,1,177,NA,NA,exogenous,0,fresh,seawater-tolerant
2004,Mayfield and Cech,Trans. Am. Fish. Soc. .,21.73762496,NA,19,0,NA,0,NA,3.754272094,NA,1.322894417,3.079044628,Acipenser medirostris,NA,juvenile,NA,19,individual,1,NA,0,1,177,NA,NA,exogenous,0,fresh,seawater-tolerant
2004,Mayfield and Cech,Trans. Am. Fish. Soc. .,15.10859732,NA,19,0,NA,0,NA,5.128933879,NA,1.634897817,2.715263941,Acipenser medirostris,NA,juvenile,NA,19,individual,1,NA,0,1,177,NA,NA,exogenous,0,fresh,seawater-tolerant
2004,Mayfield and Cech,Trans. Am. Fish. Soc. .,22.88686995,NA,19,0,NA,0,NA,2.66363219,NA,0.979690676,3.130563382,Acipenser medirostris,NA,juvenile,NA,19,individual,1,NA,0,1,177,NA,NA,exogenous,0,fresh,seawater-tolerant
2004,Mayfield and Cech,Trans. Am. Fish. Soc. .,24.53116811,NA,19,0,NA,0,NA,2.66363219,NA,0.979690676,3.199944477,Acipenser medirostris,NA,juvenile,NA,19,individual,1,NA,0,1,177,NA,NA,exogenous,0,fresh,seawater-tolerant
2004,Mayfield and Cech,Trans. Am. Fish. Soc. .,32.38070981,NA,19,0,NA,0,NA,2.835140107,NA,1.042091356,3.477562869,Acipenser medirostris,NA,juvenile,NA,19,individual,1,NA,0,1,177,NA,NA,exogenous,0,fresh,seawater-tolerant
2004,Mayfield and Cech,Trans. Am. Fish. Soc. .,35.91027377,NA,19,0,NA,0,NA,1.88983011,NA,0.636486936,3.581023432,Acipenser medirostris,NA,juvenile,NA,19,individual,1,NA,0,1,177,NA,NA,exogenous,0,fresh,seawater-tolerant
2004,Mayfield and Cech,Trans. Am. Fish. Soc. .,32.39288885,NA,19,0,NA,0,NA,3.63894599,NA,1.291694077,3.477938919,Acipenser medirostris,NA,juvenile,NA,19,individual,1,NA,0,1,177,NA,NA,exogenous,0,fresh,seawater-tolerant
2004,Mayfield and Cech,Trans. Am. Fish. Soc. .,34.73320212,NA,19,0,NA,0,NA,4.67064322,NA,1.541296797,3.547696063,Acipenser medirostris,NA,juvenile,NA,19,individual,1,NA,0,1,177,NA,NA,exogenous,0,fresh,seawater-tolerant
2004,Mayfield and Cech,Trans. Am. Fish. Soc. .,35.97785745,NA,19,0,NA,0,NA,6.583065622,NA,1.884500537,3.582903678,Acipenser medirostris,NA,juvenile,NA,19,individual,1,NA,0,1,177,NA,NA,exogenous,0,fresh,seawater-tolerant
2004,Mayfield and Cech,Trans. Am. Fish. Soc. .,39.92766066,NA,19,0,NA,0,NA,7.006940913,NA,1.946901217,3.687069333,Acipenser medirostris,NA,juvenile,NA,19,individual,1,NA,0,1,177,NA,NA,exogenous,0,fresh,seawater-tolerant
2004,Mayfield and Cech,Trans. Am. Fish. Soc. .,44.31942253,NA,19,0,NA,0,NA,8.449466108,NA,2.134103257,3.791423013,Acipenser medirostris,NA,juvenile,NA,19,individual,1,NA,0,1,177,NA,NA,exogenous,0,fresh,seawater-tolerant
2004,Mayfield and Cech,Trans. Am. Fish. Soc. .,39.26690868,NA,19,0,NA,0,NA,10.84501988,NA,2.383705977,3.670382146,Acipenser medirostris,NA,juvenile,NA,19,individual,1,NA,0,1,177,NA,NA,exogenous,0,fresh,seawater-tolerant
2004,Mayfield and Cech,Trans. Am. Fish. Soc. .,49.14109012,NA,19,0,NA,0,NA,4.971380045,NA,1.603697477,3.894695551,Acipenser medirostris,NA,juvenile,NA,19,individual,1,NA,0,1,177,NA,NA,exogenous,0,fresh,seawater-tolerant
2004,Mayfield and Cech,Trans. Am. Fish. Soc. .,38.5119507,NA,19,0,NA,0,NA,2.748048481,NA,1.010891016,3.650968601,Acipenser medirostris,NA,juvenile,NA,19,individual,1,NA,0,1,177,NA,NA,exogenous,0,fresh,seawater-tolerant
2004,Mayfield and Cech,Trans. Am. Fish. Soc. .,41.28852956,NA,19,0,NA,0,NA,3.211996532,NA,1.166892717,3.720584727,Acipenser medirostris,NA,juvenile,NA,19,individual,1,NA,0,1,177,NA,NA,exogenous,0,fresh,seawater-tolerant
2004,Mayfield and Cech,Trans. Am. Fish. Soc. .,39.20420205,NA,19,0,NA,0,NA,3.754272094,NA,1.322894417,3.668783936,Acipenser medirostris,NA,juvenile,NA,19,individual,1,NA,0,1,177,NA,NA,exogenous,0,fresh,seawater-tolerant
2004,Mayfield and Cech,Trans. Am. Fish. Soc. .,42.75402312,NA,19,0,NA,0,NA,3.63894599,NA,1.291694077,3.755463299,Acipenser medirostris,NA,juvenile,NA,19,individual,1,NA,0,1,177,NA,NA,exogenous,0,fresh,seawater-tolerant
2004,Mayfield and Cech,Trans. Am. Fish. Soc. .,46.60773956,NA,19,0,NA,0,NA,2.748048481,NA,1.010891016,3.841766612,Acipenser medirostris,NA,juvenile,NA,19,individual,1,NA,0,1,177,NA,NA,exogenous,0,fresh,seawater-tolerant
2004,Mayfield and Cech,Trans. Am. Fish. Soc. .,56.42394736,NA,19,0,NA,0,NA,3.418812938,NA,1.229293397,4.032893667,Acipenser medirostris,NA,juvenile,NA,19,individual,1,NA,0,1,177,NA,NA,exogenous,0,fresh,seawater-tolerant
2004,Mayfield and Cech,Trans. Am. Fish. Soc. .,65.95377545,NA,19,0,NA,0,NA,3.31379168,NA,1.198093057,4.188954125,Acipenser medirostris,NA,juvenile,NA,19,individual,1,NA,0,1,177,NA,NA,exogenous,0,fresh,seawater-tolerant
2004,Mayfield and Cech,Trans. Am. Fish. Soc. .,84.25966113,NA,19,0,NA,0,NA,13.49215435,NA,2.602108357,4.433903235,Acipenser medirostris,NA,juvenile,NA,19,individual,1,NA,0,1,177,NA,NA,exogenous,0,fresh,seawater-tolerant
2004,Mayfield and Cech,Trans. Am. Fish. Soc. .,42.09198124,NA,19,0,NA,0,NA,11.54331703,NA,2.446106657,3.739857253,Acipenser medirostris,NA,juvenile,NA,19,individual,1,NA,0,1,177,NA,NA,exogenous,0,fresh,seawater-tolerant
2004,Mayfield and Cech,Trans. Am. Fish. Soc. .,22.10652545,NA,19,0,NA,0,NA,2.66363219,NA,0.979690676,3.095872834,Acipenser medirostris,NA,juvenile,NA,19,individual,1,NA,0,1,177,NA,NA,exogenous,0,fresh,seawater-tolerant
2004,Mayfield and Cech,Trans. Am. Fish. Soc. .,9.28475785,NA,24,0,NA,0,NA,2.278891126,NA,0.823688976,2.228374115,Acipenser medirostris,NA,juvenile,NA,19,individual,1,NA,0,1,177,NA,NA,exogenous,0,fresh,seawater-tolerant
2004,Mayfield and Cech,Trans. Am. Fish. Soc. .,10.30359397,NA,24,0,NA,0,NA,2.351114136,NA,0.854889316,2.332492764,Acipenser medirostris,NA,juvenile,NA,19,individual,1,NA,0,1,177,NA,NA,exogenous,0,fresh,seawater-tolerant
2004,Mayfield and Cech,Trans. Am. Fish. Soc. .,12.04497106,NA,24,0,NA,0,NA,2.425626051,NA,0.886089656,2.488647234,Acipenser medirostris,NA,juvenile,NA,19,individual,1,NA,0,1,177,NA,NA,exogenous,0,fresh,seawater-tolerant
2004,Mayfield and Cech,Trans. Am. Fish. Soc. .,12.05233375,NA,24,0,NA,0,NA,3.63894599,NA,1.291694077,2.489258314,Acipenser medirostris,NA,juvenile,NA,19,individual,1,NA,0,1,177,NA,NA,exogenous,0,fresh,seawater-tolerant
2004,Mayfield and Cech,Trans. Am. Fish. Soc. .,16.18265425,NA,24,0,NA,0,NA,3.211996532,NA,1.166892717,2.783939943,Acipenser medirostris,NA,juvenile,NA,19,individual,1,NA,0,1,177,NA,NA,exogenous,0,fresh,seawater-tolerant
2004,Mayfield and Cech,Trans. Am. Fish. Soc. .,16.19102394,NA,24,0,NA,0,NA,4.527167449,NA,1.510096457,2.784457011,Acipenser medirostris,NA,juvenile,NA,19,individual,1,NA,0,1,177,NA,NA,exogenous,0,fresh,seawater-tolerant
2004,Mayfield and Cech,Trans. Am. Fish. Soc. .,15.91709636,NA,24,0,NA,0,NA,5.459179462,NA,1.697298497,2.767393774,Acipenser medirostris,NA,juvenile,NA,19,individual,1,NA,0,1,177,NA,NA,exogenous,0,fresh,seawater-tolerant
2004,Mayfield and Cech,Trans. Am. Fish. Soc. .,14.09919744,NA,24,0,NA,0,NA,5.994842503,NA,1.790899517,2.646117876,Acipenser medirostris,NA,juvenile,NA,19,individual,1,NA,0,1,177,NA,NA,exogenous,0,fresh,seawater-tolerant
2004,Mayfield and Cech,Trans. Am. Fish. Soc. .,13.15476154,NA,24,0,NA,0,NA,6.184832085,NA,1.822099857,2.576783787,Acipenser medirostris,NA,juvenile,NA,19,individual,1,NA,0,1,177,NA,NA,exogenous,0,fresh,seawater-tolerant
2004,Mayfield and Cech,Trans. Am. Fish. Soc. .,34.13914939,NA,24,0,NA,0,NA,4.971380045,NA,1.603697477,3.530444802,Acipenser medirostris,NA,juvenile,NA,19,individual,1,NA,0,1,177,NA,NA,exogenous,0,fresh,seawater-tolerant
2004,Mayfield and Cech,Trans. Am. Fish. Soc. .,28.21446571,NA,24,0,NA,0,NA,5.632192718,NA,1.728498837,3.339834815,Acipenser medirostris,NA,juvenile,NA,19,individual,1,NA,0,1,177,NA,NA,exogenous,0,fresh,seawater-tolerant
2004,Mayfield and Cech,Trans. Am. Fish. Soc. .,29.7284847,NA,24,0,NA,0,NA,6.583065622,NA,1.884500537,3.392105667,Acipenser medirostris,NA,juvenile,NA,19,individual,1,NA,0,1,177,NA,NA,exogenous,0,fresh,seawater-tolerant
2004,Mayfield and Cech,Trans. Am. Fish. Soc. .,25.87428102,NA,24,0,NA,0,NA,6.184832085,NA,1.822099857,3.253249464,Acipenser medirostris,NA,juvenile,NA,19,individual,1,NA,0,1,177,NA,NA,exogenous,0,fresh,seawater-tolerant
2004,Mayfield and Cech,Trans. Am. Fish. Soc. .,21.76011624,NA,24,0,NA,0,NA,7.458109,NA,2.009301897,3.080078764,Acipenser medirostris,NA,juvenile,NA,19,individual,1,NA,0,1,177,NA,NA,exogenous,0,fresh,seawater-tolerant
2004,Mayfield and Cech,Trans. Am. Fish. Soc. .,25.44131054,NA,24,0,NA,0,NA,8.449466108,NA,2.134103257,3.236374252,Acipenser medirostris,NA,juvenile,NA,19,individual,1,NA,0,1,177,NA,NA,exogenous,0,fresh,seawater-tolerant
2004,Mayfield and Cech,Trans. Am. Fish. Soc. .,25.44848695,NA,24,0,NA,0,NA,10.18896526,NA,2.321305297,3.236656289,Acipenser medirostris,NA,juvenile,NA,19,individual,1,NA,0,1,177,NA,NA,exogenous,0,fresh,seawater-tolerant
2004,Mayfield and Cech,Trans. Am. Fish. Soc. .,31.89728503,NA,24,0,NA,0,NA,13.07769382,NA,2.570908017,3.462520898,Acipenser medirostris,NA,juvenile,NA,19,individual,1,NA,0,1,177,NA,NA,exogenous,0,fresh,seawater-tolerant
2004,Mayfield and Cech,Trans. Am. Fish. Soc. .,31.3325833,NA,24,0,NA,0,NA,9.278540651,NA,2.227704277,3.444658556,Acipenser medirostris,NA,juvenile,NA,19,individual,1,NA,0,1,177,NA,NA,exogenous,0,fresh,seawater-tolerant
2004,Mayfield and Cech,Trans. Am. Fish. Soc. .,36.61078849,NA,24,0,NA,0,NA,7.006940913,NA,1.946901217,3.600342964,Acipenser medirostris,NA,juvenile,NA,19,individual,1,NA,0,1,177,NA,NA,exogenous,0,fresh,seawater-tolerant
2004,Mayfield and Cech,Trans. Am. Fish. Soc. .,39.25952622,NA,24,0,NA,0,NA,9.572597761,NA,2.258904617,3.670194121,Acipenser medirostris,NA,juvenile,NA,19,individual,1,NA,0,1,177,NA,NA,exogenous,0,fresh,seawater-tolerant
2004,Mayfield and Cech,Trans. Am. Fish. Soc. .,44.30692458,NA,24,0,NA,0,NA,7.006940913,NA,1.946901217,3.791140976,Acipenser medirostris,NA,juvenile,NA,19,individual,1,NA,0,1,177,NA,NA,exogenous,0,fresh,seawater-tolerant
2004,Mayfield and Cech,Trans. Am. Fish. Soc. .,42.83448684,NA,24,0,NA,0,NA,12.67596495,NA,2.539707677,3.757343545,Acipenser medirostris,NA,juvenile,NA,19,individual,1,NA,0,1,177,NA,NA,exogenous,0,fresh,seawater-tolerant
2004,Mayfield and Cech,Trans. Am. Fish. Soc. .,51.81944721,NA,24,0,NA,0,NA,9.875974179,NA,2.290104957,3.947765508,Acipenser medirostris,NA,juvenile,NA,19,individual,1,NA,0,1,177,NA,NA,exogenous,0,fresh,seawater-tolerant
2004,Mayfield and Cech,Trans. Am. Fish. Soc. .,45.12666796,NA,24,0,NA,0,NA,13.49215435,NA,2.602108357,3.809473379,Acipenser medirostris,NA,juvenile,NA,19,individual,1,NA,0,1,177,NA,NA,exogenous,0,fresh,seawater-tolerant
2004,Mayfield and Cech,Trans. Am. Fish. Soc. .,56.53013809,NA,24,0,NA,0,NA,11.90914982,NA,2.477306997,4.034773913,Acipenser medirostris,NA,juvenile,NA,19,individual,1,NA,0,1,177,NA,NA,exogenous,0,fresh,seawater-tolerant
2004,Mayfield and Cech,Trans. Am. Fish. Soc. .,34.76587097,NA,24,0,NA,0,NA,8.717248045,NA,2.165303597,3.548636186,Acipenser medirostris,NA,juvenile,NA,19,individual,1,NA,0,1,177,NA,NA,exogenous,0,fresh,seawater-tolerant
2004,Mayfield and Cech,Trans. Am. Fish. Soc. .,877.2432853,NA,11,0,NA,0,NA,31.32816513,NA,3.444517537,6.77678436,Acipenser medirostris,NA,juvenile,NA,19,individual,1,NA,1,1,365,NA,NA,exogenous,0,fresh,seawater-tolerant
2004,Mayfield and Cech,Trans. Am. Fish. Soc. .,791.3179503,NA,11,0,NA,0,NA,60.32367686,NA,4.099724678,6.673699847,Acipenser medirostris,NA,juvenile,NA,19,individual,1,NA,1,1,365,NA,NA,exogenous,0,fresh,seawater-tolerant
2004,Mayfield and Cech,Trans. Am. Fish. Soc. .,1531.560471,NA,11,0,NA,0,NA,135.7660954,NA,4.910933518,7.33404241,Acipenser medirostris,NA,juvenile,NA,19,individual,1,NA,1,1,365,NA,NA,exogenous,0,fresh,seawater-tolerant
2004,Mayfield and Cech,Trans. Am. Fish. Soc. .,1481.010658,NA,11,0,NA,0,NA,287.0744755,NA,5.659741678,7.300480011,Acipenser medirostris,NA,juvenile,NA,19,individual,1,NA,1,1,365,NA,NA,exogenous,0,fresh,seawater-tolerant
2004,Mayfield and Cech,Trans. Am. Fish. Soc. .,1243.649042,NA,11,0,NA,0,NA,127.5531114,NA,4.848532838,7.125805113,Acipenser medirostris,NA,juvenile,NA,19,individual,1,NA,1,1,365,NA,NA,exogenous,0,fresh,seawater-tolerant
2004,Mayfield and Cech,Trans. Am. Fish. Soc. .,1287.246384,NA,11,0,NA,0,NA,109.1290512,NA,4.692531138,7.16026063,Acipenser medirostris,NA,juvenile,NA,19,individual,1,NA,1,1,365,NA,NA,exogenous,0,fresh,seawater-tolerant
2004,Mayfield and Cech,Trans. Am. Fish. Soc. .,958.4754693,NA,11,0,NA,0,NA,105.776756,NA,4.661330798,6.865343969,Acipenser medirostris,NA,juvenile,NA,19,individual,1,NA,1,1,365,NA,NA,exogenous,0,fresh,seawater-tolerant
2004,Mayfield and Cech,Trans. Am. Fish. Soc. .,1202.375772,NA,11,0,NA,0,NA,238.0640222,NA,5.472539638,7.092054689,Acipenser medirostris,NA,juvenile,NA,19,individual,1,NA,1,1,365,NA,NA,exogenous,0,fresh,seawater-tolerant
2004,Mayfield and Cech,Trans. Am. Fish. Soc. .,664.9933547,NA,19,0,NA,0,NA,44.15566704,NA,3.787721278,6.499777048,Acipenser medirostris,NA,juvenile,NA,19,individual,1,NA,1,1,365,NA,NA,exogenous,0,fresh,seawater-tolerant
2004,Mayfield and Cech,Trans. Am. Fish. Soc. .,1100.990096,NA,19,0,NA,0,NA,96.32518181,NA,4.567729778,7.003965141,Acipenser medirostris,NA,juvenile,NA,19,individual,1,NA,1,1,365,NA,NA,exogenous,0,fresh,seawater-tolerant
2004,Mayfield and Cech,Trans. Am. Fish. Soc. .,764.7686527,NA,19,0,NA,0,NA,87.71814337,NA,4.474128758,6.639573373,Acipenser medirostris,NA,juvenile,NA,19,individual,1,NA,1,1,365,NA,NA,exogenous,0,fresh,seawater-tolerant
2004,Mayfield and Cech,Trans. Am. Fish. Soc. .,834.251381,NA,19,0,NA,0,NA,102.5274388,NA,4.630130458,6.726534773,Acipenser medirostris,NA,juvenile,NA,19,individual,1,NA,1,1,365,NA,NA,exogenous,0,fresh,seawater-tolerant
2004,Mayfield and Cech,Trans. Am. Fish. Soc. .,879.0182196,NA,19,0,NA,0,NA,119.8369607,NA,4.786132158,6.778805625,Acipenser medirostris,NA,juvenile,NA,19,individual,1,NA,1,1,365,NA,NA,exogenous,0,fresh,seawater-tolerant
2004,Mayfield and Cech,Trans. Am. Fish. Soc. .,765.3440505,NA,19,0,NA,0,NA,144.507903,NA,4.973334198,6.640325472,Acipenser medirostris,NA,juvenile,NA,19,individual,1,NA,1,1,365,NA,NA,exogenous,0,fresh,seawater-tolerant
2004,Mayfield and Cech,Trans. Am. Fish. Soc. .,879.348836,NA,19,0,NA,0,NA,153.8125846,NA,5.035734878,6.779181674,Acipenser medirostris,NA,juvenile,NA,19,individual,1,NA,1,1,365,NA,NA,exogenous,0,fresh,seawater-tolerant
2004,Mayfield and Cech,Trans. Am. Fish. Soc. .,992.4955625,NA,19,0,NA,0,NA,119.8369607,NA,4.786132158,6.900222542,Acipenser medirostris,NA,juvenile,NA,19,individual,1,NA,1,1,365,NA,NA,exogenous,0,fresh,seawater-tolerant
2004,Mayfield and Cech,Trans. Am. Fish. Soc. .,1028.54475,NA,19,0,NA,0,NA,230.7510211,NA,5.441339298,6.935900218,Acipenser medirostris,NA,juvenile,NA,19,individual,1,NA,1,1,365,NA,NA,exogenous,0,fresh,seawater-tolerant
2004,Mayfield and Cech,Trans. Am. Fish. Soc. .,880.2172956,NA,19,0,NA,0,NA,296.1724892,NA,5.690942018,6.780168804,Acipenser medirostris,NA,juvenile,NA,19,individual,1,NA,1,1,365,NA,NA,exogenous,0,fresh,seawater-tolerant
2004,Mayfield and Cech,Trans. Am. Fish. Soc. .,1266.420241,NA,19,0,NA,0,NA,216.7920542,NA,5.378938618,7.143949491,Acipenser medirostris,NA,juvenile,NA,19,individual,1,NA,1,1,365,NA,NA,exogenous,0,fresh,seawater-tolerant
2004,Mayfield and Cech,Trans. Am. Fish. Soc. .,690.1520362,NA,19,0,NA,0,NA,223.6626653,NA,5.410138958,6.536911916,Acipenser medirostris,NA,juvenile,NA,19,individual,1,NA,1,1,365,NA,NA,exogenous,0,fresh,seawater-tolerant
2004,Mayfield and Cech,Trans. Am. Fish. Soc. .,738.9016766,NA,24,0,NA,0,NA,105.776756,NA,4.661330798,6.605164863,Acipenser medirostris,NA,juvenile,NA,19,individual,1,NA,1,1,365,NA,NA,exogenous,0,fresh,seawater-tolerant
2004,Mayfield and Cech,Trans. Am. Fish. Soc. .,621.3534917,NA,24,0,NA,0,NA,119.8369607,NA,4.786132158,6.43190015,Acipenser medirostris,NA,juvenile,NA,19,individual,1,NA,1,1,365,NA,NA,exogenous,0,fresh,seawater-tolerant
2004,Mayfield and Cech,Trans. Am. Fish. Soc. .,513.3757976,NA,24,0,NA,0,NA,112.5875879,NA,4.723731478,6.241008126,Acipenser medirostris,NA,juvenile,NA,19,individual,1,NA,1,1,365,NA,NA,exogenous,0,fresh,seawater-tolerant
2004,Mayfield and Cech,Trans. Am. Fish. Soc. .,487.6658272,NA,24,0,NA,0,NA,174.2578743,NA,5.160536238,6.189630391,Acipenser medirostris,NA,juvenile,NA,19,individual,1,NA,1,1,365,NA,NA,exogenous,0,fresh,seawater-tolerant
2004,Mayfield and Cech,Trans. Am. Fish. Soc. .,560.2026363,NA,24,0,NA,0,NA,163.7163829,NA,5.098135558,6.328298569,Acipenser medirostris,NA,juvenile,NA,19,individual,1,NA,1,1,365,NA,NA,exogenous,0,fresh,seawater-tolerant
2004,Mayfield and Cech,Trans. Am. Fish. Soc. .,621.9379152,NA,24,0,NA,0,NA,223.6626653,NA,5.410138958,6.432840273,Acipenser medirostris,NA,juvenile,NA,19,individual,1,NA,1,1,365,NA,NA,exogenous,0,fresh,seawater-tolerant
2004,Mayfield and Cech,Trans. Am. Fish. Soc. .,1084.094238,NA,24,0,NA,0,NA,335.5407396,NA,5.815743379,6.988500114,Acipenser medirostris,NA,juvenile,NA,19,individual,1,NA,1,1,365,NA,NA,exogenous,0,fresh,seawater-tolerant
2004,Mayfield and Cech,Trans. Am. Fish. Soc. .,927.2327614,NA,24,0,NA,0,NA,296.1724892,NA,5.690942018,6.832204625,Acipenser medirostris,NA,juvenile,NA,19,individual,1,NA,1,1,365,NA,NA,exogenous,0,fresh,seawater-tolerant
2004,Mayfield and Cech,Trans. Am. Fish. Soc. .,677.7107205,NA,24,0,NA,0,NA,127.5531114,NA,4.848532838,6.518720531,Acipenser medirostris,NA,juvenile,NA,19,individual,1,NA,1,1,365,NA,NA,exogenous,0,fresh,seawater-tolerant
2004,Mayfield and Cech,Trans. Am. Fish. Soc. .,766.0278977,NA,24,0,NA,0,NA,261.4232283,NA,5.566140658,6.641218589,Acipenser medirostris,NA,juvenile,NA,19,individual,1,NA,1,1,365,NA,NA,exogenous,0,fresh,seawater-tolerant
2001,Gisbert,Fish Physiol. Biochem. ,0.06665956,NA,16,0,NA,0,NA,0.060039866,NA,-2.812746512,-2.70815681,Acipenser medirostris,NA,larval,NA,14.5,individual,1,NA,NA,1,16.42664366,NA,NA,exogenous,0,fresh,seawater-intolerant
2001,Gisbert,Fish Physiol. Biochem. ,0.080066414,NA,16,0,NA,0,NA,0.041279369,NA,-3.187392444,-2.52489881,Acipenser medirostris,NA,larval,NA,14.5,individual,1,NA,NA,1,14.14724333,NA,NA,endogenous,0,fresh,seawater-intolerant
2001,Gisbert,Fish Physiol. Biochem. ,0.082756536,NA,16,0,NA,0,NA,0.048519938,NA,-3.025780473,-2.491852285,Acipenser medirostris,NA,larval,NA,14.5,individual,1,NA,NA,1,15.02697246,NA,NA,exogenous,0,fresh,seawater-intolerant
2001,Gisbert,Fish Physiol. Biochem. ,0.085794401,NA,16,0,NA,0,NA,0.049238055,NA,-3.011088476,-2.455801531,Acipenser medirostris,NA,larval,NA,14.5,individual,1,NA,NA,1,15.1142237,NA,NA,exogenous,0,fresh,seawater-intolerant
2001,Gisbert,Fish Physiol. Biochem. ,0.087617728,NA,16,0,NA,0,NA,0.052218393,NA,-2.952320486,-2.434771925,Acipenser medirostris,NA,larval,NA,14.5,individual,1,NA,NA,1,15.47633477,NA,NA,exogenous,0,fresh,seawater-intolerant
2001,Gisbert,Fish Physiol. Biochem. ,0.088676975,NA,16,0,NA,0,NA,0.053381956,NA,-2.93028249,-2.422755007,Acipenser medirostris,NA,larval,NA,14.5,individual,1,NA,NA,1,15.61770767,NA,NA,exogenous,0,fresh,seawater-intolerant
2001,Gisbert,Fish Physiol. Biochem. ,0.089749027,NA,16,0,NA,0,NA,0.048877678,NA,-3.018434474,-2.410738089,Acipenser medirostris,NA,larval,NA,14.5,individual,1,NA,NA,1,15.07043785,NA,NA,exogenous,0,fresh,seawater-intolerant
2001,Gisbert,Fish Physiol. Biochem. ,0.087617728,NA,16,0,NA,0,NA,0.047114971,NA,-3.055164468,-2.434771925,Acipenser medirostris,NA,larval,NA,14.5,individual,1,NA,NA,1,14.85626901,NA,NA,endogenous,0,fresh,seawater-intolerant
2001,Gisbert,Fish Physiol. Biochem. ,0.086571134,NA,16,0,NA,0,NA,0.044100752,NA,-3.121278456,-2.446788843,Acipenser medirostris,NA,larval,NA,14.5,individual,1,NA,NA,1,14.49004131,NA,NA,endogenous,0,fresh,seawater-intolerant
2001,Gisbert,Fish Physiol. Biochem. ,0.085794401,NA,16,0,NA,0,NA,0.042510318,NA,-3.158008449,-2.455801531,Acipenser medirostris,NA,larval,NA,14.5,individual,1,NA,NA,1,14.29680367,NA,NA,endogenous,0,fresh,seawater-intolerant
2001,Gisbert,Fish Physiol. Biochem. ,0.087354899,NA,16,0,NA,0,NA,0.042510318,NA,-3.158008449,-2.437776154,Acipenser medirostris,NA,larval,NA,14.5,individual,1,NA,NA,1,14.29680367,NA,NA,endogenous,0,fresh,seawater-intolerant
2001,Gisbert,Fish Physiol. Biochem. ,0.085024637,NA,16,0,NA,0,NA,0.039210354,NA,-3.238814434,-2.46481422,Acipenser medirostris,NA,larval,NA,14.5,individual,1,NA,NA,1,13.89585801,NA,NA,endogenous,0,fresh,seawater-intolerant
2001,Gisbert,Fish Physiol. Biochem. ,0.087092859,NA,16,0,NA,0,NA,0.0346071,NA,-3.363696412,-2.440780384,Acipenser medirostris,NA,larval,NA,14.5,individual,1,NA,NA,1,13.33656267,NA,NA,endogenous,0,fresh,seawater-intolerant
2001,Gisbert,Fish Physiol. Biochem. ,0.094735929,NA,16,0,NA,0,NA,0.054973804,NA,-2.900898496,-2.356661958,Acipenser medirostris,NA,larval,NA,14.5,individual,1,NA,NA,1,15.8111172,NA,NA,exogenous,0,fresh,seawater-intolerant
2001,Gisbert,Fish Physiol. Biochem. ,0.098805427,NA,16,0,NA,0,NA,0.060482542,NA,-2.805400513,-2.314602745,Acipenser medirostris,NA,larval,NA,14.5,individual,1,NA,NA,1,16.48042889,NA,NA,exogenous,0,fresh,seawater-intolerant
2001,Gisbert,Fish Physiol. Biochem. ,0.094735929,NA,16,0,NA,0,NA,0.069541851,NA,-2.665826539,-2.356661958,Acipenser medirostris,NA,larval,NA,14.5,individual,1,NA,NA,1,17.58113487,NA,NA,exogenous,0,fresh,seawater-intolerant
2001,Gisbert,Fish Physiol. Biochem. ,0.099699955,NA,16,0,NA,0,NA,0.070571102,NA,-2.651134541,-2.305590056,Acipenser medirostris,NA,larval,NA,14.5,individual,1,NA,NA,1,17.70618887,NA,NA,exogenous,0,fresh,seawater-intolerant
2001,Gisbert,Fish Physiol. Biochem. ,0.100602581,NA,16,0,NA,0,NA,0.069032868,NA,-2.673172537,-2.296577368,Acipenser medirostris,NA,larval,NA,14.5,individual,1,NA,NA,1,17.51929349,NA,NA,exogenous,0,fresh,seawater-intolerant
2001,Gisbert,Fish Physiol. Biochem. ,0.100602581,NA,16,0,NA,0,NA,0.060482542,NA,-2.805400513,-2.296577368,Acipenser medirostris,NA,larval,NA,14.5,individual,1,NA,NA,1,16.48042889,NA,NA,exogenous,0,fresh,seawater-intolerant
2001,Gisbert,Fish Physiol. Biochem. ,0.104609346,NA,16,0,NA,0,NA,0.058301322,NA,-2.842130507,-2.257522384,Acipenser medirostris,NA,larval,NA,14.5,individual,1,NA,NA,1,16.21541065,NA,NA,exogenous,0,fresh,seawater-intolerant
2001,Gisbert,Fish Physiol. Biochem. ,0.102740616,NA,16,0,NA,0,NA,0.069032868,NA,-2.673172537,-2.275547761,Acipenser medirostris,NA,larval,NA,14.5,individual,1,NA,NA,1,17.51929349,NA,NA,exogenous,0,fresh,seawater-intolerant
2001,Gisbert,Fish Physiol. Biochem. ,0.104609346,NA,16,0,NA,0,NA,0.070571102,NA,-2.651134541,-2.257522384,Acipenser medirostris,NA,larval,NA,14.5,individual,1,NA,NA,1,17.70618887,NA,NA,exogenous,0,fresh,seawater-intolerant
2001,Gisbert,Fish Physiol. Biochem. ,0.106512066,NA,16,0,NA,0,NA,0.067528163,NA,-2.695210533,-2.239497007,Acipenser medirostris,NA,larval,NA,14.5,individual,1,NA,NA,1,17.33647185,NA,NA,exogenous,0,fresh,seawater-intolerant
2001,Gisbert,Fish Physiol. Biochem. ,0.110754192,NA,16,0,NA,0,NA,0.054973804,NA,-2.900898496,-2.200442024,Acipenser medirostris,NA,larval,NA,14.5,individual,1,NA,NA,1,15.8111172,NA,NA,exogenous,0,fresh,seawater-intolerant
2001,Gisbert,Fish Physiol. Biochem. ,0.109760483,NA,16,0,NA,0,NA,0.069541851,NA,-2.665826539,-2.209454712,Acipenser medirostris,NA,larval,NA,14.5,individual,1,NA,NA,1,17.58113487,NA,NA,exogenous,0,fresh,seawater-intolerant
2001,Gisbert,Fish Physiol. Biochem. ,0.113107971,NA,16,0,NA,0,NA,0.067528163,NA,-2.695210533,-2.179412417,Acipenser medirostris,NA,larval,NA,14.5,individual,1,NA,NA,1,17.33647185,NA,NA,exogenous,0,fresh,seawater-intolerant
2001,Gisbert,Fish Physiol. Biochem. ,0.117612797,NA,16,0,NA,0,NA,0.065092853,NA,-2.731940527,-2.140357434,Acipenser medirostris,NA,larval,NA,14.5,individual,1,NA,NA,1,17.04058159,NA,NA,exogenous,0,fresh,seawater-intolerant
2001,Gisbert,Fish Physiol. Biochem. ,0.123404246,NA,16,0,NA,0,NA,0.075950417,NA,-2.577674555,-2.092289762,Acipenser medirostris,NA,larval,NA,14.5,individual,1,NA,NA,1,18.35977571,NA,NA,exogenous,0,fresh,seawater-intolerant
2001,Gisbert,Fish Physiol. Biochem. ,0.130653121,NA,16,0,NA,0,NA,0.07375116,NA,-2.607058549,-2.035209401,Acipenser medirostris,NA,larval,NA,14.5,individual,1,NA,NA,1,18.09256599,NA,NA,exogenous,0,fresh,seawater-intolerant
2001,Gisbert,Fish Physiol. Biochem. ,0.12987045,NA,16,0,NA,0,NA,0.062745368,NA,-2.76867052,-2.04121786,Acipenser medirostris,NA,larval,NA,14.5,individual,1,NA,NA,1,16.75536222,NA,NA,exogenous,0,fresh,seawater-intolerant
2001,Gisbert,Fish Physiol. Biochem. ,0.136265487,NA,16,0,NA,0,NA,0.067528163,NA,-2.695210533,-1.993150188,Acipenser medirostris,NA,larval,NA,14.5,individual,1,NA,NA,1,17.33647185,NA,NA,exogenous,0,fresh,seawater-intolerant
2001,Gisbert,Fish Physiol. Biochem. ,0.148669801,NA,16,0,NA,0,NA,0.065092853,NA,-2.731940527,-1.906027533,Acipenser medirostris,NA,larval,NA,14.5,individual,1,NA,NA,1,17.04058159,NA,NA,exogenous,0,fresh,seawater-intolerant
2001,Gisbert,Fish Physiol. Biochem. ,0.151373929,NA,16,0,NA,0,NA,0.07375116,NA,-2.607058549,-1.888002156,Acipenser medirostris,NA,larval,NA,14.5,individual,1,NA,NA,1,18.09256599,NA,NA,exogenous,0,fresh,seawater-intolerant
2001,Gisbert,Fish Physiol. Biochem. ,0.152744381,NA,16,0,NA,0,NA,0.078215256,NA,-2.54829056,-1.878989467,Acipenser medirostris,NA,larval,NA,14.5,individual,1,NA,NA,1,18.63495361,NA,NA,exogenous,0,fresh,seawater-intolerant
2001,Gisbert,Fish Physiol. Biochem. ,0.161716722,NA,16,0,NA,0,NA,0.082342445,NA,-2.496868569,-1.821909106,Acipenser medirostris,NA,larval,NA,14.5,individual,1,NA,NA,1,19.13640707,NA,NA,exogenous,0,fresh,seawater-intolerant
2001,Gisbert,Fish Physiol. Biochem. ,0.160265767,NA,16,0,NA,0,NA,0.088619037,NA,-2.423408583,-1.830921795,Acipenser medirostris,NA,larval,NA,14.5,individual,1,NA,NA,1,19.89901297,NA,NA,exogenous,0,fresh,seawater-intolerant
2001,Gisbert,Fish Physiol. Biochem. ,0.162203286,NA,16,0,NA,0,NA,0.089272429,NA,-2.416062584,-1.818904877,Acipenser medirostris,NA,larval,NA,14.5,individual,1,NA,NA,1,19.97840013,NA,NA,exogenous,0,fresh,seawater-intolerant
2001,Gisbert,Fish Physiol. Biochem. ,0.171731251,NA,16,0,NA,0,NA,0.086052941,NA,-2.452792577,-1.761824516,Acipenser medirostris,NA,larval,NA,14.5,individual,1,NA,NA,1,19.58723235,NA,NA,exogenous,0,fresh,seawater-intolerant
2001,Gisbert,Fish Physiol. Biochem. ,0.176437874,NA,16,0,NA,0,NA,0.069541851,NA,-2.665826539,-1.734786451,Acipenser medirostris,NA,larval,NA,14.5,individual,1,NA,NA,1,17.58113487,NA,NA,exogenous,0,fresh,seawater-intolerant
2001,Gisbert,Fish Physiol. Biochem. ,0.178570904,NA,16,0,NA,0,NA,0.083561151,NA,-2.482176572,-1.722769533,Acipenser medirostris,NA,larval,NA,14.5,individual,1,NA,NA,1,19.2844798,NA,NA,exogenous,0,fresh,seawater-intolerant
2001,Gisbert,Fish Physiol. Biochem. ,0.184016981,NA,16,0,NA,0,NA,0.08294956,NA,-2.489522571,-1.692727238,Acipenser medirostris,NA,larval,NA,14.5,individual,1,NA,NA,1,19.2101715,NA,NA,exogenous,0,fresh,seawater-intolerant
2001,Gisbert,Fish Physiol. Biochem. ,0.184570641,NA,16,0,NA,0,NA,0.09193453,NA,-2.386678589,-1.689723008,Acipenser medirostris,NA,larval,NA,14.5,individual,1,NA,NA,1,20.30184535,NA,NA,exogenous,0,fresh,seawater-intolerant
2001,Gisbert,Fish Physiol. Biochem. ,0.181273491,NA,16,0,NA,0,NA,0.09193453,NA,-2.386678589,-1.707748385,Acipenser medirostris,NA,larval,NA,14.5,individual,1,NA,NA,1,20.30184535,NA,NA,exogenous,0,fresh,seawater-intolerant
2001,Gisbert,Fish Physiol. Biochem. ,0.199565447,NA,16,0,NA,0,NA,0.089930639,NA,-2.408716585,-1.611613041,Acipenser medirostris,NA,larval,NA,14.5,individual,1,NA,NA,1,20.05837262,NA,NA,exogenous,0,fresh,seawater-intolerant
2001,Gisbert,Fish Physiol. Biochem. ,0.212561436,NA,16,0,NA,0,NA,0.092612367,NA,-2.379332591,-1.548524222,Acipenser medirostris,NA,larval,NA,14.5,individual,1,NA,NA,1,20.38420262,NA,NA,exogenous,0,fresh,seawater-intolerant
2001,Gisbert,Fish Physiol. Biochem. ,0.227768175,NA,16,0,NA,0,NA,0.09193453,NA,-2.386678589,-1.479426943,Acipenser medirostris,NA,larval,NA,14.5,individual,1,NA,NA,1,20.30184535,NA,NA,exogenous,0,fresh,seawater-intolerant
2001,Gisbert,Fish Physiol. Biochem. ,0.222359291,NA,16,0,NA,0,NA,0.083561151,NA,-2.482176572,-1.503460779,Acipenser medirostris,NA,larval,NA,14.5,individual,1,NA,NA,1,19.2844798,NA,NA,exogenous,0,fresh,seawater-intolerant
2001,Gisbert,Fish Physiol. Biochem. ,0.22914083,NA,16,0,NA,0,NA,0.083561151,NA,-2.482176572,-1.473418484,Acipenser medirostris,NA,larval,NA,14.5,individual,1,NA,NA,1,19.2844798,NA,NA,exogenous,0,fresh,seawater-intolerant
2001,Gisbert,Fish Physiol. Biochem. ,0.236839647,NA,16,0,NA,0,NA,0.086052941,NA,-2.452792577,-1.44037196,Acipenser medirostris,NA,larval,NA,14.5,individual,1,NA,NA,1,19.58723235,NA,NA,exogenous,0,fresh,seawater-intolerant
2001,Gisbert,Fish Physiol. Biochem. ,0.25454683,NA,16,0,NA,0,NA,0.083561151,NA,-2.482176572,-1.368270452,Acipenser medirostris,NA,larval,NA,14.5,individual,1,NA,NA,1,19.2844798,NA,NA,exogenous,0,fresh,seawater-intolerant
2001,Gisbert,Fish Physiol. Biochem. ,0.244062811,NA,16,0,NA,0,NA,0.091261653,NA,-2.394024588,-1.410329665,Acipenser medirostris,NA,larval,NA,14.5,individual,1,NA,NA,1,20.22009087,NA,NA,exogenous,0,fresh,seawater-intolerant
2001,Gisbert,Fish Physiol. Biochem. ,0.249249704,NA,16,0,NA,0,NA,0.093983072,NA,-2.364640593,-1.389300058,Acipenser medirostris,NA,larval,NA,14.5,individual,1,NA,NA,1,20.5507433,NA,NA,exogenous,0,fresh,seawater-intolerant
2001,Gisbert,Fish Physiol. Biochem. ,0.247013387,NA,16,0,NA,0,NA,0.096785644,NA,-2.335256599,-1.398312747,Acipenser medirostris,NA,larval,NA,14.5,individual,1,NA,NA,1,20.89125578,NA,NA,exogenous,0,fresh,seawater-intolerant
2001,Gisbert,Fish Physiol. Biochem. ,0.25454683,NA,16,0,NA,0,NA,0.094676014,NA,-2.357294595,-1.368270452,Acipenser medirostris,NA,larval,NA,14.5,individual,1,NA,NA,1,20.6349357,NA,NA,exogenous,0,fresh,seawater-intolerant
2001,Gisbert,Fish Physiol. Biochem. ,0.266279969,NA,16,0,NA,0,NA,0.092612367,NA,-2.379332591,-1.323207009,Acipenser medirostris,NA,larval,NA,14.5,individual,1,NA,NA,1,20.38420262,NA,NA,exogenous,0,fresh,seawater-intolerant
2001,Gisbert,Fish Physiol. Biochem. ,0.267884717,NA,16,0,NA,0,NA,0.100406673,NA,-2.298526605,-1.31719855,Acipenser medirostris,NA,larval,NA,14.5,individual,1,NA,NA,1,21.33121082,NA,NA,exogenous,0,fresh,seawater-intolerant
2001,Gisbert,Fish Physiol. Biochem. ,0.269499137,NA,16,0,NA,0,NA,0.10965956,NA,-2.210374621,-1.311190091,Acipenser medirostris,NA,larval,NA,14.5,individual,1,NA,NA,1,22.45543654,NA,NA,exogenous,0,fresh,seawater-intolerant
2001,Gisbert,Fish Physiol. Biochem. ,0.262310029,NA,16,0,NA,0,NA,0.099671789,NA,-2.305872604,-1.338228157,Acipenser medirostris,NA,larval,NA,14.5,individual,1,NA,NA,1,21.24192233,NA,NA,exogenous,0,fresh,seawater-intolerant
2001,Gisbert,Fish Physiol. Biochem. ,0.259176735,NA,16,0,NA,0,NA,0.108856953,NA,-2.21772062,-1.350245075,Acipenser medirostris,NA,larval,NA,14.5,individual,1,NA,NA,1,22.35791974,NA,NA,exogenous,0,fresh,seawater-intolerant
2001,Gisbert,Fish Physiol. Biochem. ,0.249249704,NA,16,0,NA,0,NA,0.10965956,NA,-2.210374621,-1.389300058,Acipenser medirostris,NA,larval,NA,14.5,individual,1,NA,NA,1,22.45543654,NA,NA,exogenous,0,fresh,seawater-intolerant
2001,Gisbert,Fish Physiol. Biochem. ,0.288779224,NA,16,0,NA,0,NA,0.129844636,NA,-2.041416652,-1.242092813,Acipenser medirostris,NA,larval,NA,14.5,individual,1,NA,NA,1,24.90792326,NA,NA,exogenous,0,fresh,seawater-intolerant
2001,Gisbert,Fish Physiol. Biochem. ,0.299379866,NA,16,0,NA,0,NA,0.124245896,NA,-2.085492644,-1.206042059,Acipenser medirostris,NA,larval,NA,14.5,individual,1,NA,NA,1,24.22767637,NA,NA,exogenous,0,fresh,seawater-intolerant
2001,Gisbert,Fish Physiol. Biochem. ,0.314121826,NA,16,0,NA,0,NA,0.149293266,NA,-1.901842677,-1.157974387,Acipenser medirostris,NA,larval,NA,14.5,individual,1,NA,NA,1,27.27093185,NA,NA,exogenous,0,fresh,seawater-intolerant
2001,Gisbert,Fish Physiol. Biochem. ,0.323701951,NA,16,0,NA,0,NA,0.157171033,NA,-1.850420687,-1.127932092,Acipenser medirostris,NA,larval,NA,14.5,individual,1,NA,NA,1,28.22808046,NA,NA,exogenous,0,fresh,seawater-intolerant
2001,Gisbert,Fish Physiol. Biochem. ,0.30391084,NA,16,0,NA,0,NA,0.159497235,NA,-1.835728689,-1.191020911,Acipenser medirostris,NA,larval,NA,14.5,individual,1,NA,NA,1,28.51071411,NA,NA,exogenous,0,fresh,seawater-intolerant
2001,Gisbert,Fish Physiol. Biochem. ,0.312240097,NA,16,0,NA,0,NA,0.166684463,NA,-1.791652697,-1.163982846,Acipenser medirostris,NA,larval,NA,14.5,individual,1,NA,NA,1,29.38396224,NA,NA,exogenous,0,fresh,seawater-intolerant
2001,Gisbert,Fish Physiol. Biochem. ,0.298481809,NA,16,0,NA,0,NA,0.149293266,NA,-1.901842677,-1.209046288,Acipenser medirostris,NA,larval,NA,14.5,individual,1,NA,NA,1,27.27093185,NA,NA,exogenous,0,fresh,seawater-intolerant
2001,Gisbert,Fish Physiol. Biochem. ,0.292270395,NA,16,0,NA,0,NA,0.148200576,NA,-1.909188676,-1.230075895,Acipenser medirostris,NA,larval,NA,14.5,individual,1,NA,NA,1,27.13817004,NA,NA,exogenous,0,fresh,seawater-intolerant
2001,Gisbert,Fish Physiol. Biochem. ,0.295803772,NA,16,0,NA,0,NA,0.157171033,NA,-1.850420687,-1.218058977,Acipenser medirostris,NA,larval,NA,14.5,individual,1,NA,NA,1,28.22808046,NA,NA,exogenous,0,fresh,seawater-intolerant
2001,Gisbert,Fish Physiol. Biochem. ,0.267884717,NA,16,0,NA,0,NA,0.166684463,NA,-1.791652697,-1.31719855,Acipenser medirostris,NA,larval,NA,14.5,individual,1,NA,NA,1,29.38396224,NA,NA,exogenous,0,fresh,seawater-intolerant
2001,Gisbert,Fish Physiol. Biochem. ,0.252262986,NA,16,0,NA,0,NA,0.157171033,NA,-1.850420687,-1.37728314,Acipenser medirostris,NA,larval,NA,14.5,individual,1,NA,NA,1,28.22808046,NA,NA,exogenous,0,fresh,seawater-intolerant
2001,Gisbert,Fish Physiol. Biochem. ,0.249249704,NA,16,0,NA,0,NA,0.159497235,NA,-1.835728689,-1.389300058,Acipenser medirostris,NA,larval,NA,14.5,individual,1,NA,NA,1,28.51071411,NA,NA,exogenous,0,fresh,seawater-intolerant
2001,Gisbert,Fish Physiol. Biochem. ,0.348950098,NA,16,0,NA,0,NA,0.148200576,NA,-1.909188676,-1.052826354,Acipenser medirostris,NA,larval,NA,14.5,individual,1,NA,NA,1,27.13817004,NA,NA,exogenous,0,fresh,seawater-intolerant
2001,Gisbert,Fish Physiol. Biochem. ,0.343747638,NA,16,0,NA,0,NA,0.148200576,NA,-1.909188676,-1.067847502,Acipenser medirostris,NA,larval,NA,14.5,individual,1,NA,NA,1,27.13817004,NA,NA,exogenous,0,fresh,seawater-intolerant
2001,Gisbert,Fish Physiol. Biochem. ,0.348950098,NA,16,0,NA,0,NA,0.166684463,NA,-1.791652697,-1.052826354,Acipenser medirostris,NA,larval,NA,14.5,individual,1,NA,NA,1,29.38396224,NA,NA,exogenous,0,fresh,seawater-intolerant
2001,Gisbert,Fish Physiol. Biochem. ,0.366132979,NA,16,0,NA,0,NA,0.164253437,NA,-1.806344695,-1.004758682,Acipenser medirostris,NA,larval,NA,14.5,individual,1,NA,NA,1,29.08859263,NA,NA,exogenous,0,fresh,seawater-intolerant
2001,Gisbert,Fish Physiol. Biochem. ,0.3574383,NA,16,0,NA,0,NA,0.157171033,NA,-1.850420687,-1.028792518,Acipenser medirostris,NA,larval,NA,14.5,individual,1,NA,NA,1,28.22808046,NA,NA,exogenous,0,fresh,seawater-intolerant
2001,Gisbert,Fish Physiol. Biochem. ,0.368339496,NA,16,0,NA,0,NA,0.146039131,NA,-1.923880673,-0.998750223,Acipenser medirostris,NA,larval,NA,14.5,individual,1,NA,NA,1,26.8755544,NA,NA,exogenous,0,fresh,seawater-intolerant
2001,Gisbert,Fish Physiol. Biochem. ,0.384161973,NA,16,0,NA,0,NA,0.146039131,NA,-1.923880673,-0.95669101,Acipenser medirostris,NA,larval,NA,14.5,individual,1,NA,NA,1,26.8755544,NA,NA,exogenous,0,fresh,seawater-intolerant
2001,Gisbert,Fish Physiol. Biochem. ,0.384161973,NA,16,0,NA,0,NA,0.156020685,NA,-1.857766685,-0.95669101,Acipenser medirostris,NA,larval,NA,14.5,individual,1,NA,NA,1,28.08831321,NA,NA,exogenous,0,fresh,seawater-intolerant
2001,Gisbert,Fish Physiol. Biochem. ,0.398263969,NA,16,0,NA,0,NA,0.164253437,NA,-1.806344695,-0.920640256,Acipenser medirostris,NA,larval,NA,14.5,individual,1,NA,NA,1,29.08859263,NA,NA,exogenous,0,fresh,seawater-intolerant
2001,Gisbert,Fish Physiol. Biochem. ,0.37167423,NA,16,0,NA,0,NA,0.154878757,NA,-1.865112684,-0.989737534,Acipenser medirostris,NA,larval,NA,14.5,individual,1,NA,NA,1,27.94956892,NA,NA,exogenous,0,fresh,seawater-intolerant
2001,Gisbert,Fish Physiol. Biochem. ,0.362847962,NA,16,0,NA,0,NA,0.148200576,NA,-1.909188676,-1.01377137,Acipenser medirostris,NA,larval,NA,14.5,individual,1,NA,NA,1,27.13817004,NA,NA,exogenous,0,fresh,seawater-intolerant
2007,Allen,Environ. Biol. Fish.,42.31,3.21,12.9,0,NA,0,NA,3.084399,0.3101323,1.126356825,3.745023465,Acipenser medirostris,NA,juvenile,NA,12.5,mean,20,NA,0.273972603,2,100,NA,NA,exogenous,0.1,salt,seawater-intolerant
2007,Allen,Environ. Biol. Fish.,38.72,4.36,12.9,0,NA,0,NA,2.9450432,0.2954336,1.080123486,3.656356262,Acipenser medirostris,NA,juvenile,NA,12.5,mean,18,NA,0.273972603,2,100,NA,NA,exogenous,10.2,salt,seawater-intolerant
2007,Allen,Environ. Biol. Fish.,24.8,3.37,12.9,0,NA,0,NA,1.69012,0.131192,0.524799532,3.210843653,Acipenser medirostris,NA,juvenile,NA,12.5,mean,21,NA,0.273972603,1,100,NA,NA,exogenous,33.4,salt,seawater-intolerant
2007,Allen,Environ. Biol. Fish.,185,11,12,0,NA,0,NA,11.7216,1.1137,2.461433294,5.220355825,Acipenser medirostris,NA,juvenile,NA,12.5,mean,10,NA,0.465753425,2,170,NA,NA,exogenous,2.7,salt,seawater-tolerant
2007,Allen,Environ. Biol. Fish.,208,11,11.9,0,NA,0,NA,12.85024,0.9672,2.553362488,5.33753808,Acipenser medirostris,NA,juvenile,NA,12.5,mean,10,NA,0.465753425,2,170,NA,NA,exogenous,9.9,salt,seawater-tolerant
2007,Allen,Environ. Biol. Fish.,130,9,12.2,0,NA,0,NA,8.2901,0.5863,2.115062032,4.86753445,Acipenser medirostris,NA,juvenile,NA,12.5,mean,11,NA,0.465753425,1,170,NA,NA,exogenous,33.2,salt,seawater-tolerant
2007,Allen,Environ. Biol. Fish.,1667,76,12,0,NA,0,NA,115.62312,11.63566,4.750335936,7.418780883,Acipenser medirostris,NA,juvenile,NA,12.5,mean,12,NA,1.460273973,1,533,NA,NA,exogenous,2.7,salt,seawater-tolerant
2007,Allen,Environ. Biol. Fish.,1628,57,11.9,0,NA,0,NA,101.5872,12.06348,4.620917543,7.395107547,Acipenser medirostris,NA,juvenile,NA,12.5,mean,12,NA,1.460273973,1,533,NA,NA,exogenous,9.9,salt,seawater-tolerant
2007,Allen,Environ. Biol. Fish.,1632,97,12.2,0,NA,0,NA,115.9536,17.93568,4.753190111,7.397561536,Acipenser medirostris,NA,juvenile,NA,12.5,mean,11,NA,1.460273973,1,533,NA,NA,exogenous,33.2,salt,seawater-tolerant
2019,Lo,Pers. Comm.,0.0476,NA,14.7,0,NA,0,NA,0.001639427,NA,-6.413408683,-3.044922518,Acipenser medirostris,NA,embryo,rGS001,15,individual,1,NA,NA,1,-4,NA,0.034441737,endogenous,0,fresh,seawater-intolerant
2019,Lo,Pers. Comm.,0.0425,NA,14.7,0,NA,0,NA,0.001951431,NA,-6.239192559,-3.158251203,Acipenser medirostris,NA,embryo,rGS002,15,individual,1,NA,NA,1,-4,NA,0.045916013,endogenous,0,fresh,seawater-intolerant
2019,Lo,Pers. Comm.,0.0472,NA,14.7,0,NA,0,NA,0.002054523,NA,-6.187711475,-3.053361386,Acipenser medirostris,NA,embryo,rGS003,15,individual,1,NA,NA,1,-4,NA,0.043528034,endogenous,0,fresh,seawater-intolerant
2019,Lo,Pers. Comm.,0.0636,NA,14.7,0,NA,0,NA,0.001868766,NA,-6.282477034,-2.755141809,Acipenser medirostris,NA,embryo,rGS004,15,individual,1,NA,NA,1,-4,NA,0.029383111,endogenous,0,fresh,seawater-intolerant
2019,Lo,Pers. Comm.,0.0471,NA,14.7,0,NA,0,NA,0.001669713,NA,-6.395103415,-3.055482278,Acipenser medirostris,NA,embryo,rGS006,15,individual,1,NA,NA,1,-4,NA,0.035450386,endogenous,0,fresh,seawater-intolerant
2019,Lo,Pers. Comm.,0.0479,NA,14.7,0,NA,0,NA,0.001224539,NA,-6.705190735,-3.038639775,Acipenser medirostris,NA,embryo,rGS007,15,individual,1,NA,NA,1,-4,NA,0.025564491,endogenous,0,fresh,seawater-intolerant
2019,Lo,Pers. Comm.,0.0456,NA,14.7,0,NA,0,NA,0.001762267,NA,-6.341154001,-3.087847562,Acipenser medirostris,NA,embryo,rGS008,15,individual,1,NA,NA,1,-4,NA,0.038646215,endogenous,0,fresh,seawater-intolerant
2019,Lo,Pers. Comm.,0.0467,NA,14.7,0,NA,0,NA,0.001788436,NA,-6.326413969,-3.064011114,Acipenser medirostris,NA,embryo,rGS009,15,individual,1,NA,NA,1,-4,NA,0.038296267,endogenous,0,fresh,seawater-intolerant
2019,Lo,Pers. Comm.,0.0473,NA,14.7,0,NA,0,NA,0.003038609,NA,-5.796355544,-3.051244983,Acipenser medirostris,NA,embryo,rGS010,15,individual,1,NA,NA,1,-4,NA,0.064241198,endogenous,0,fresh,seawater-intolerant
2019,Lo,Pers. Comm.,0.0453,NA,14.7,0,NA,0,NA,0.001944,NA,-6.243007789,-3.094448246,Acipenser medirostris,NA,embryo,rGS011,15,individual,1,NA,NA,1,-4,NA,0.042913898,endogenous,0,fresh,seawater-intolerant
2019,Lo,Pers. Comm.,0.0448,NA,14.7,0,NA,0,NA,0.001810647,NA,-6.314070982,-3.10554714,Acipenser medirostris,NA,embryo,rGS012,15,individual,1,NA,NA,1,-4,NA,0.04041623,endogenous,0,fresh,seawater-intolerant
2019,Lo,Pers. Comm.,0.0478,NA,14.7,0,NA,0,NA,0.00189452,NA,-6.268789887,-3.040729639,Acipenser medirostris,NA,embryo,rGS013,15,individual,1,NA,NA,1,-4,NA,0.039634305,endogenous,0,fresh,seawater-intolerant
2019,Lo,Pers. Comm.,0.0478,NA,14.7,0,NA,0,NA,0.001740561,NA,-6.353547942,-3.040729639,Acipenser medirostris,NA,embryo,rGS014,15,individual,1,NA,NA,1,-4,NA,0.036413405,endogenous,0,fresh,seawater-intolerant
2019,Lo,Pers. Comm.,0.0445,NA,14.7,0,NA,0,NA,0.002641074,NA,-5.936569804,-3.11226609,Acipenser medirostris,NA,embryo,rGS015,15,individual,1,NA,NA,1,-4,NA,0.059349967,endogenous,0,fresh,seawater-intolerant
2019,Lo,Pers. Comm.,0.0459,NA,14.7,0,NA,0,NA,0.002521581,NA,-5.98286907,-3.081290162,Acipenser medirostris,NA,embryo,rGS016,15,individual,1,NA,NA,1,-4,NA,0.054936412,endogenous,0,fresh,seawater-intolerant
2019,Lo,Pers. Comm.,0.047,NA,14.7,0,NA,0,NA,0.001979866,NA,-6.224726197,-3.057607677,Acipenser medirostris,NA,embryo,rGS017,15,individual,1,NA,NA,1,-4,NA,0.042124805,endogenous,0,fresh,seawater-intolerant
2019,Lo,Pers. Comm.,0.0475,NA,14.7,0,NA,0,NA,0.002015644,NA,-6.206816544,-3.047025568,Acipenser medirostris,NA,embryo,rGS018,15,individual,1,NA,NA,1,-4,NA,0.04243461,endogenous,0,fresh,seawater-intolerant
2019,Lo,Pers. Comm.,0.0458,NA,14.7,0,NA,0,NA,0.003431313,NA,-5.674812196,-3.083471188,Acipenser medirostris,NA,embryo,rGS019,15,individual,1,NA,NA,1,-4,NA,0.074919505,endogenous,0,fresh,seawater-intolerant
2019,Lo,Pers. Comm.,0.0441,NA,14.7,0,NA,0,NA,0.002304361,NA,-6.072951748,-3.121295497,Acipenser medirostris,NA,embryo,rGS020,15,individual,1,NA,NA,1,-4,NA,0.05225309,endogenous,0,fresh,seawater-intolerant
2019,Lo,Pers. Comm.,0.0484,NA,14.7,0,NA,0,NA,0.001968747,NA,-6.230357805,-3.028255465,Acipenser medirostris,NA,embryo,rGS021,15,individual,1,NA,NA,1,-4,NA,0.040676598,endogenous,0,fresh,seawater-intolerant
2019,Lo,Pers. Comm.,0.0437,NA,14.7,0,NA,0,NA,0.001600113,NA,-6.437681003,-3.130407177,Acipenser medirostris,NA,embryo,rGS022,15,individual,1,NA,NA,1,-4,NA,0.036615859,endogenous,0,fresh,seawater-intolerant
2019,Lo,Pers. Comm.,0.0344,NA,14.7,0,NA,0,NA,0.002272375,NA,-6.086929842,-3.369698715,Acipenser medirostris,NA,embryo,rGS023,15,individual,1,NA,NA,1,-4,NA,0.066057406,endogenous,0,fresh,seawater-intolerant
2019,Lo,Pers. Comm.,0.0488,NA,14.7,0,NA,0,NA,0.00239459,NA,-6.034543176,-3.020024966,Acipenser medirostris,NA,embryo,rGS024,15,individual,1,NA,NA,1,-4,NA,0.049069471,endogenous,0,fresh,seawater-intolerant
2019,Lo,Pers. Comm.,0.0486,NA,14.7,0,NA,0,NA,0.00246712,NA,-6.004703663,-3.024131748,Acipenser medirostris,NA,embryo,rGS025,15,individual,1,NA,NA,1,-4,NA,0.050763793,endogenous,0,fresh,seawater-intolerant
2019,Lo,Pers. Comm.,0.0443,NA,14.7,0,NA,0,NA,0.002677614,NA,-5.92282903,-3.116770602,Acipenser medirostris,NA,embryo,rGS026,15,individual,1,NA,NA,1,-4,NA,0.060442763,endogenous,0,fresh,seawater-intolerant
2019,Lo,Pers. Comm.,0.0511,NA,14.7,0,NA,0,NA,0.002404796,NA,-6.030290332,-2.973970782,Acipenser medirostris,NA,embryo,rGS027,15,individual,1,NA,NA,1,-4,NA,0.047060581,endogenous,0,fresh,seawater-intolerant
2019,Lo,Pers. Comm.,0.0465,NA,14.7,0,NA,0,NA,0.001957376,NA,-6.236150562,-3.068302966,Acipenser medirostris,NA,embryo,rGS028,15,individual,1,NA,NA,1,-4,NA,0.042094104,endogenous,0,fresh,seawater-intolerant
2019,Lo,Pers. Comm.,0.0522,NA,14.7,0,NA,0,NA,0.002418164,NA,-6.024746658,-2.952672784,Acipenser medirostris,NA,embryo,rGS029,15,individual,1,NA,NA,1,-4,NA,0.046324983,endogenous,0,fresh,seawater-intolerant
2019,Lo,Pers. Comm.,0.0471,NA,14.7,0,NA,0,NA,0.002337142,NA,-6.058826428,-3.055482278,Acipenser medirostris,NA,embryo,rGS030,15,individual,1,NA,NA,1,-4,NA,0.049620851,endogenous,0,fresh,seawater-intolerant
2019,Lo,Pers. Comm.,0.0461,NA,14.7,0,NA,0,NA,0.00220796,NA,-6.115686451,-3.076942329,Acipenser medirostris,NA,embryo,rGS031,15,individual,1,NA,NA,1,-4,NA,0.047895002,endogenous,0,fresh,seawater-intolerant
2019,Lo,Pers. Comm.,0.0474,NA,14.7,0,NA,0,NA,0.001992425,NA,-6.218402806,-3.04913305,Acipenser medirostris,NA,embryo,rGS032,15,individual,1,NA,NA,1,-4,NA,0.042034282,endogenous,0,fresh,seawater-intolerant
2019,Lo,Pers. Comm.,0.0455,NA,14.7,0,NA,0,NA,0.002471515,NA,-6.002923974,-3.090042953,Acipenser medirostris,NA,embryo,rGS033,15,individual,1,NA,NA,1,-4,NA,0.05431901,endogenous,0,fresh,seawater-intolerant
2019,Lo,Pers. Comm.,0.0495,NA,14.7,0,NA,0,NA,0.001517273,NA,-6.490840497,-3.005782609,Acipenser medirostris,NA,embryo,rGS034,15,individual,1,NA,NA,1,-4,NA,0.030651984,endogenous,0,fresh,seawater-intolerant
2019,Lo,Pers. Comm.,0.0452,NA,14.7,0,NA,0,NA,0.001909184,NA,-6.261079237,-3.096658192,Acipenser medirostris,NA,embryo,rGS035,15,individual,1,NA,NA,1,-4,NA,0.042238589,endogenous,0,fresh,seawater-intolerant
2019,Lo,Pers. Comm.,0.0482,NA,14.7,0,NA,0,NA,0.002204723,NA,-6.1171536,-3.032396258,Acipenser medirostris,NA,embryo,rGS036,15,individual,1,NA,NA,1,-4,NA,0.045741132,endogenous,0,fresh,seawater-intolerant
2019,Lo,Pers. Comm.,0.0413,NA,11.3,0,NA,0,NA,0.001365197,NA,-6.596456612,-3.186892779,Acipenser medirostris,NA,embryo,rGS037,11,individual,1,NA,NA,1,-2,NA,0.033055615,endogenous,0,fresh,seawater-intolerant
2019,Lo,Pers. Comm.,0.0444,NA,11.3,0,NA,0,NA,0.001429366,NA,-6.550524381,-3.11451581,Acipenser medirostris,NA,embryo,rGS039,11,individual,1,NA,NA,1,-2,NA,0.032192925,endogenous,0,fresh,seawater-intolerant
2019,Lo,Pers. Comm.,0.0434,NA,11.3,0,NA,0,NA,0.00147711,NA,-6.517667851,-3.137295838,Acipenser medirostris,NA,embryo,rGS040,11,individual,1,NA,NA,1,-2,NA,0.034034791,endogenous,0,fresh,seawater-intolerant
2019,Lo,Pers. Comm.,0.0421,NA,11.3,0,NA,0,NA,0.001124058,NA,-6.790810001,-3.167707538,Acipenser medirostris,NA,embryo,rGS041,11,individual,1,NA,NA,1,-2,NA,0.026699713,endogenous,0,fresh,seawater-intolerant
2019,Lo,Pers. Comm.,0.0455,NA,11.3,0,NA,0,NA,0.001870737,NA,-6.28142283,-3.090042953,Acipenser medirostris,NA,embryo,rGS042,11,individual,1,NA,NA,1,-2,NA,0.041115098,endogenous,0,fresh,seawater-intolerant
2019,Lo,Pers. Comm.,0.0458,NA,11.3,0,NA,0,NA,0.001753448,NA,-6.346171192,-3.083471188,Acipenser medirostris,NA,embryo,rGS043,11,individual,1,NA,NA,1,-2,NA,0.038284889,endogenous,0,fresh,seawater-intolerant
2019,Lo,Pers. Comm.,0.049,NA,11.3,0,NA,0,NA,0.002058666,NA,-6.185697122,-3.015934981,Acipenser medirostris,NA,embryo,rGS045,11,individual,1,NA,NA,1,-2,NA,0.04201359,endogenous,0,fresh,seawater-intolerant
2019,Lo,Pers. Comm.,0.0433,NA,11.3,0,NA,0,NA,0.001221709,NA,-6.707504845,-3.139602644,Acipenser medirostris,NA,embryo,rGS047,11,individual,1,NA,NA,1,-2,NA,0.028214981,endogenous,0,fresh,seawater-intolerant
2019,Lo,Pers. Comm.,0.0436,NA,11.3,0,NA,0,NA,0.002730341,NA,-5.903328673,-3.132698129,Acipenser medirostris,NA,embryo,rGS048,11,individual,1,NA,NA,1,-2,NA,0.062622506,endogenous,0,fresh,seawater-intolerant
2019,Lo,Pers. Comm.,0.0496,NA,11.3,0,NA,0,NA,0.001429732,NA,-6.550268159,-3.003764445,Acipenser medirostris,NA,embryo,rGS049,11,individual,1,NA,NA,1,-2,NA,0.028825245,endogenous,0,fresh,seawater-intolerant
2019,Lo,Pers. Comm.,0.037,NA,11.3,0,NA,0,NA,0.001376777,NA,-6.588009916,-3.296837366,Acipenser medirostris,NA,embryo,rGS050,11,individual,1,NA,NA,1,-2,NA,0.037210193,endogenous,0,fresh,seawater-intolerant
2019,Lo,Pers. Comm.,0.0442,NA,11.3,0,NA,0,NA,0.001679908,NA,-6.389016521,-3.11903049,Acipenser medirostris,NA,embryo,rGS051,11,individual,1,NA,NA,1,-2,NA,0.038006958,endogenous,0,fresh,seawater-intolerant
2019,Lo,Pers. Comm.,0.0439,NA,11.3,0,NA,0,NA,0.001494772,NA,-6.505781271,-3.125840959,Acipenser medirostris,NA,embryo,rGS052,11,individual,1,NA,NA,1,-2,NA,0.034049487,endogenous,0,fresh,seawater-intolerant
2019,Lo,Pers. Comm.,0.045,NA,11.3,0,NA,0,NA,0.001500464,NA,-6.501980959,-3.101092789,Acipenser medirostris,NA,embryo,rGS053,11,individual,1,NA,NA,1,-2,NA,0.033343642,endogenous,0,fresh,seawater-intolerant
2019,Lo,Pers. Comm.,0.0434,NA,11.3,0,NA,0,NA,0.001380813,NA,-6.58508294,-3.137295838,Acipenser medirostris,NA,embryo,rGS054,11,individual,1,NA,NA,1,-2,NA,0.031815964,endogenous,0,fresh,seawater-intolerant
2019,Lo,Pers. Comm.,0.0449,NA,11.3,0,NA,0,NA,0.0019993,NA,-6.214958197,-3.103317484,Acipenser medirostris,NA,embryo,rGS055,11,individual,1,NA,NA,1,-2,NA,0.044527838,endogenous,0,fresh,seawater-intolerant
2019,Lo,Pers. Comm.,0.0446,NA,11.3,0,NA,0,NA,0.001901057,NA,-6.265345241,-3.11002142,Acipenser medirostris,NA,embryo,rGS056,11,individual,1,NA,NA,1,-2,NA,0.042624596,endogenous,0,fresh,seawater-intolerant
2019,Lo,Pers. Comm.,0.0483,NA,11.3,0,NA,0,NA,0.001311026,NA,-6.636945001,-3.030323718,Acipenser medirostris,NA,embryo,rGS057,11,individual,1,NA,NA,1,-2,NA,0.027143402,endogenous,0,fresh,seawater-intolerant
2019,Lo,Pers. Comm.,0.0444,NA,11.3,0,NA,0,NA,0.002063473,NA,-6.183364796,-3.11451581,Acipenser medirostris,NA,embryo,rGS058,11,individual,1,NA,NA,1,-2,NA,0.046474617,endogenous,0,fresh,seawater-intolerant
2019,Lo,Pers. Comm.,0.044,NA,11.3,0,NA,0,NA,0.00208068,NA,-6.175060554,-3.123565645,Acipenser medirostris,NA,embryo,rGS059,11,individual,1,NA,NA,1,-2,NA,0.04728818,endogenous,0,fresh,seawater-intolerant
2019,Lo,Pers. Comm.,0.0451,NA,11.3,0,NA,0,NA,0.001035699,NA,-6.872679158,-3.098873032,Acipenser medirostris,NA,embryo,rGS060,11,individual,1,NA,NA,1,-2,NA,0.022964491,endogenous,0,fresh,seawater-intolerant
2019,Lo,Pers. Comm.,0.0477,NA,11.3,0,NA,0,NA,0.00150463,NA,-6.499208381,-3.042823881,Acipenser medirostris,NA,embryo,rGS061,11,individual,1,NA,NA,1,-2,NA,0.031543602,endogenous,0,fresh,seawater-intolerant
2019,Lo,Pers. Comm.,0.0428,NA,11.3,0,NA,0,NA,0.001498457,NA,-6.503319612,-3.151217176,Acipenser medirostris,NA,embryo,rGS062,11,individual,1,NA,NA,1,-2,NA,0.035010669,endogenous,0,fresh,seawater-intolerant
2019,Lo,Pers. Comm.,0.043,NA,11.3,0,NA,0,NA,0.001278603,NA,-6.661987253,-3.146555163,Acipenser medirostris,NA,embryo,rGS063,11,individual,1,NA,NA,1,-2,NA,0.029734952,endogenous,0,fresh,seawater-intolerant
2019,Lo,Pers. Comm.,0.0444,NA,11.3,0,NA,0,NA,0.002048478,NA,-6.190658198,-3.11451581,Acipenser medirostris,NA,embryo,rGS064,11,individual,1,NA,NA,1,-2,NA,0.046136892,endogenous,0,fresh,seawater-intolerant
2019,Lo,Pers. Comm.,0.0468,NA,11.3,0,NA,0,NA,0.001452341,NA,-6.534578392,-3.061872076,Acipenser medirostris,NA,embryo,rGS066,11,individual,1,NA,NA,1,-2,NA,0.031032932,endogenous,0,fresh,seawater-intolerant
2019,Lo,Pers. Comm.,0.0467,NA,11.3,0,NA,0,NA,0.001066611,NA,-6.843268902,-3.064011114,Acipenser medirostris,NA,embryo,rGS067,11,individual,1,NA,NA,1,-2,NA,0.022839637,endogenous,0,fresh,seawater-intolerant
2019,Lo,Pers. Comm.,0.048,NA,11.3,0,NA,0,NA,0.001979289,NA,-6.225017553,-3.036554268,Acipenser medirostris,NA,embryo,rGS069,11,individual,1,NA,NA,1,-2,NA,0.041235189,endogenous,0,fresh,seawater-intolerant
2019,Lo,Pers. Comm.,0.0446,NA,11.3,0,NA,0,NA,0.001916358,NA,-6.257328773,-3.11002142,Acipenser medirostris,NA,embryo,rGS070,11,individual,1,NA,NA,1,-2,NA,0.042967668,endogenous,0,fresh,seawater-intolerant
2019,Lo,Pers. Comm.,0.043,NA,11.3,0,NA,0,NA,0.002122064,NA,-6.155366233,-3.146555163,Acipenser medirostris,NA,embryo,rGS071,11,individual,1,NA,NA,1,-2,NA,0.049350318,endogenous,0,fresh,seawater-intolerant
2019,Lo,Pers. Comm.,0.0421,NA,11.3,0,NA,0,NA,0.001488166,NA,-6.510211046,-3.167707538,Acipenser medirostris,NA,embryo,rGS072,11,individual,1,NA,NA,1,-2,NA,0.035348352,endogenous,0,fresh,seawater-intolerant
2019,Lo,Pers. Comm.,0.0441,NA,14.8,0,NA,0,NA,0.0065591,NA,-5.026901883,-3.121295497,Acipenser medirostris,NA,embryo,rGS073,15,individual,1,NA,NA,1,0,NA,0.148732426,endogenous,0,fresh,seawater-intolerant
2019,Lo,Pers. Comm.,0.041,NA,14.8,0,NA,0,NA,0.004251908,NA,-5.460387467,-3.194183212,Acipenser medirostris,NA,embryo,rGS074,15,individual,1,NA,NA,1,0,NA,0.103705072,endogenous,0,fresh,seawater-intolerant
2019,Lo,Pers. Comm.,0.043,NA,14.8,0,NA,0,NA,0.003562354,NA,-5.637333667,-3.146555163,Acipenser medirostris,NA,embryo,rGS075,15,individual,1,NA,NA,1,0,NA,0.082845446,endogenous,0,fresh,seawater-intolerant
2019,Lo,Pers. Comm.,0.0416,NA,14.8,0,NA,0,NA,0.004177047,NA,-5.478150838,-3.179655112,Acipenser medirostris,NA,embryo,rGS076,15,individual,1,NA,NA,1,0,NA,0.100409774,endogenous,0,fresh,seawater-intolerant
2019,Lo,Pers. Comm.,0.0409,NA,14.8,0,NA,0,NA,0.00560832,NA,-5.183504021,-3.196625216,Acipenser medirostris,NA,embryo,rGS078,15,individual,1,NA,NA,1,0,NA,0.137122745,endogenous,0,fresh,seawater-intolerant
2019,Lo,Pers. Comm.,0.0448,NA,14.8,0,NA,0,NA,0.003852894,NA,-5.558930681,-3.10554714,Acipenser medirostris,NA,embryo,rGS079,15,individual,1,NA,NA,1,0,NA,0.086002102,endogenous,0,fresh,seawater-intolerant
2019,Lo,Pers. Comm.,0.0409,NA,14.8,0,NA,0,NA,0.004787646,NA,-5.341716501,-3.196625216,Acipenser medirostris,NA,embryo,rGS081,15,individual,1,NA,NA,1,0,NA,0.117057351,endogenous,0,fresh,seawater-intolerant
2019,Lo,Pers. Comm.,0.0442,NA,14.8,0,NA,0,NA,0.004164958,NA,-5.481049066,-3.11903049,Acipenser medirostris,NA,embryo,rGS084,15,individual,1,NA,NA,1,0,NA,0.094229821,endogenous,0,fresh,seawater-intolerant
2019,Lo,Pers. Comm.,0.0423,NA,14.8,0,NA,0,NA,0.002923236,NA,-5.835064145,-3.162968193,Acipenser medirostris,NA,embryo,rGS085,15,individual,1,NA,NA,1,0,NA,0.069107228,endogenous,0,fresh,seawater-intolerant
2019,Lo,Pers. Comm.,0.0426,NA,14.8,0,NA,0,NA,0.005322847,NA,-5.235746961,-3.155901026,Acipenser medirostris,NA,embryo,rGS086,15,individual,1,NA,NA,1,0,NA,0.124949461,endogenous,0,fresh,seawater-intolerant
2019,Lo,Pers. Comm.,0.0396,NA,14.8,0,NA,0,NA,0.004348193,NA,-5.437994955,-3.228926161,Acipenser medirostris,NA,embryo,rGS088,15,individual,1,NA,NA,1,0,NA,0.10980285,endogenous,0,fresh,seawater-intolerant
2019,Lo,Pers. Comm.,0.0432,NA,14.8,0,NA,0,NA,0.0053209,NA,-5.23611278,-3.141914784,Acipenser medirostris,NA,embryo,rGS089,15,individual,1,NA,NA,1,0,NA,0.123168986,endogenous,0,fresh,seawater-intolerant
2019,Lo,Pers. Comm.,0.0452,NA,14.8,0,NA,0,NA,0.002664489,NA,-5.927742979,-3.096658192,Acipenser medirostris,NA,embryo,rGS090,15,individual,1,NA,NA,1,0,NA,0.058948872,endogenous,0,fresh,seawater-intolerant
2019,Lo,Pers. Comm.,0.0391,NA,11.5,0,NA,0,NA,0.002051769,NA,-6.189053169,-3.241632812,Acipenser medirostris,NA,larval,rGS118,11,individual,1,NA,NA,1,2,14.77,0.052474898,endogenous,0,fresh,seawater-intolerant
2019,Lo,Pers. Comm.,0.0422,NA,11.5,0,NA,0,NA,0.003232774,NA,-5.734414791,-3.165335058,Acipenser medirostris,NA,larval,rGS119,11,individual,1,NA,NA,1,2,15.39,0.076606011,endogenous,0,fresh,seawater-intolerant
2019,Lo,Pers. Comm.,0.0344,NA,11.5,0,NA,0,NA,0.001626078,NA,-6.421584072,-3.369698715,Acipenser medirostris,NA,larval,rGS120,11,individual,1,NA,NA,1,2,14.32,0.04726972,endogenous,0,fresh,seawater-intolerant
2019,Lo,Pers. Comm.,0.0408,NA,11.5,0,NA,0,NA,0.002684667,NA,-5.920198486,-3.199073198,Acipenser medirostris,NA,larval,rGS121,11,individual,1,NA,NA,1,2,14.64,0.065800668,endogenous,0,fresh,seawater-intolerant
2019,Lo,Pers. Comm.,0.0363,NA,11.5,0,NA,0,NA,0.002731102,NA,-5.903049911,-3.315937538,Acipenser medirostris,NA,larval,rGS122,11,individual,1,NA,NA,1,2,14.94,0.075236983,endogenous,0,fresh,seawater-intolerant
2019,Lo,Pers. Comm.,0.0385,NA,11.5,0,NA,0,NA,0.002634912,NA,-5.938905607,-3.257097038,Acipenser medirostris,NA,larval,rGS123,11,individual,1,NA,NA,1,2,15.24,0.068439265,endogenous,0,fresh,seawater-intolerant
2019,Lo,Pers. Comm.,0.0391,NA,11.5,0,NA,0,NA,0.002724739,NA,-5.905382814,-3.241632812,Acipenser medirostris,NA,larval,rGS124,11,individual,1,NA,NA,1,2,15.48,0.069686407,endogenous,0,fresh,seawater-intolerant
2019,Lo,Pers. Comm.,0.0392,NA,11.5,0,NA,0,NA,0.001629404,NA,-6.419541037,-3.239078532,Acipenser medirostris,NA,larval,rGS125,11,individual,1,NA,NA,1,2,14.98,0.041566426,endogenous,0,fresh,seawater-intolerant
2019,Lo,Pers. Comm.,0.039,NA,11.5,0,NA,0,NA,0.00308066,NA,-5.782611281,-3.244193633,Acipenser medirostris,NA,larval,rGS126,11,individual,1,NA,NA,1,2,14.85,0.078991293,endogenous,0,fresh,seawater-intolerant
2019,Lo,Pers. Comm.,0.0397,NA,11.5,0,NA,0,NA,0.002545851,NA,-5.973290167,-3.226404091,Acipenser medirostris,NA,larval,rGS127,11,individual,1,NA,NA,1,2,14.81,0.064127238,endogenous,0,fresh,seawater-intolerant
2019,Lo,Pers. Comm.,0.038,NA,11.5,0,NA,0,NA,0.002663796,NA,-5.928003059,-3.270169119,Acipenser medirostris,NA,larval,rGS128,11,individual,1,NA,NA,1,2,15.17,0.070099898,endogenous,0,fresh,seawater-intolerant
2019,Lo,Pers. Comm.,0.0389,NA,11.5,0,NA,0,NA,0.003115786,NA,-5.771273737,-3.246761028,Acipenser medirostris,NA,larval,rGS129,11,individual,1,NA,NA,1,2,15.77,0.080097334,endogenous,0,fresh,seawater-intolerant
2019,Lo,Pers. Comm.,0.0371,NA,11.5,0,NA,0,NA,0.002379589,NA,-6.040827374,-3.294138309,Acipenser medirostris,NA,larval,rGS130,11,individual,1,NA,NA,1,2,13.96,0.064139873,endogenous,0,fresh,seawater-intolerant
2019,Lo,Pers. Comm.,0.0392,NA,11.5,0,NA,0,NA,0.002621609,NA,-5.943967126,-3.239078532,Acipenser medirostris,NA,larval,rGS131,11,individual,1,NA,NA,1,2,14.93,0.066877774,endogenous,0,fresh,seawater-intolerant
2019,Lo,Pers. Comm.,0.0394,NA,11.5,0,NA,0,NA,0.002480584,NA,-5.9992611,-3.233989463,Acipenser medirostris,NA,larval,rGS132,11,individual,1,NA,NA,1,2,15.49,0.062958995,endogenous,0,fresh,seawater-intolerant
2019,Lo,Pers. Comm.,0.0418,NA,11.5,0,NA,0,NA,0.002531224,NA,-5.97905235,-3.174858939,Acipenser medirostris,NA,larval,rGS133,11,individual,1,NA,NA,1,2,16.61,0.060555595,endogenous,0,fresh,seawater-intolerant
2019,Lo,Pers. Comm.,0.035,NA,11.5,0,NA,0,NA,0.002216043,NA,-6.112032079,-3.352407217,Acipenser medirostris,NA,larval,rGS134,11,individual,1,NA,NA,1,2,14.08,0.063315516,endogenous,0,fresh,seawater-intolerant
2019,Lo,Pers. Comm.,0.0371,NA,11.5,0,NA,0,NA,0.001841143,NA,-6.297368542,-3.294138309,Acipenser medirostris,NA,larval,rGS135,11,individual,1,NA,NA,1,2,14.17,0.049626504,endogenous,0,fresh,seawater-intolerant
2019,Lo,Pers. Comm.,0.0436,NA,11.7,0,NA,0,NA,0.0048959,NA,-5.319357073,-3.132698129,Acipenser medirostris,NA,larval,rGS178,11,individual,1,NA,NA,1,6,17.78,0.112291294,endogenous,0,fresh,seawater-intolerant
2019,Lo,Pers. Comm.,0.0426,NA,11.7,0,NA,0,NA,0.003406086,NA,-5.682191578,-3.155901026,Acipenser medirostris,NA,larval,rGS181,11,individual,1,NA,NA,1,6,16.52,0.07995506,endogenous,0,fresh,seawater-intolerant
2019,Lo,Pers. Comm.,0.0422,NA,11.7,0,NA,0,NA,0.004076776,NA,-5.502448678,-3.165335058,Acipenser medirostris,NA,larval,rGS182,11,individual,1,NA,NA,1,6,15.81,0.096606078,endogenous,0,fresh,seawater-intolerant
2019,Lo,Pers. Comm.,0.0427,NA,11.7,0,NA,0,NA,0.004258344,NA,-5.458874974,-3.153556359,Acipenser medirostris,NA,larval,rGS183,11,individual,1,NA,NA,1,6,15.45,0.099727021,endogenous,0,fresh,seawater-intolerant
2019,Lo,Pers. Comm.,0.0427,NA,11.7,0,NA,0,NA,0.006157787,NA,-5.090037808,-3.153556359,Acipenser medirostris,NA,larval,rGS185,11,individual,1,NA,NA,1,6,18.05,0.14421047,endogenous,0,fresh,seawater-intolerant
2019,Lo,Pers. Comm.,0.0471,NA,11.7,0,NA,0,NA,0.004401478,NA,-5.425814993,-3.055482278,Acipenser medirostris,NA,larval,rGS193,11,individual,1,NA,NA,1,6,18.23,0.093449629,endogenous,0,fresh,seawater-intolerant
2019,Lo,Pers. Comm.,0.0424,NA,11.7,0,NA,0,NA,0.00413604,NA,-5.488016422,-3.160606917,Acipenser medirostris,NA,larval,rGS194,11,individual,1,NA,NA,1,6,17.1,0.097548118,endogenous,0,fresh,seawater-intolerant
2019,Lo,Pers. Comm.,0.0437,NA,11.7,0,NA,0,NA,0.003509844,NA,-5.652183716,-3.130407177,Acipenser medirostris,NA,larval,rGS195,11,individual,1,NA,NA,1,6,17.33,0.080316794,endogenous,0,fresh,seawater-intolerant
2019,Lo,Pers. Comm.,0.0418,NA,11.7,0,NA,0,NA,0.004665707,NA,-5.367515971,-3.174858939,Acipenser medirostris,NA,larval,rGS196,11,individual,1,NA,NA,1,6,16.25,0.111619777,endogenous,0,fresh,seawater-intolerant
2019,Lo,Pers. Comm.,0.0463,NA,11.7,0,NA,0,NA,0.005712161,NA,-5.165157899,-3.072613318,Acipenser medirostris,NA,larval,rGS197,11,individual,1,NA,NA,1,6,17.89,0.123372804,endogenous,0,fresh,seawater-intolerant
2019,Lo,Pers. Comm.,0.0464,NA,11.7,0,NA,0,NA,0.007176614,NA,-4.936927551,-3.07045582,Acipenser medirostris,NA,larval,rGS198,11,individual,1,NA,NA,1,6,17.76,0.154668412,endogenous,0,fresh,seawater-intolerant
2019,Lo,Pers. Comm.,0.0594,NA,14.9,0,NA,0,NA,0.049574555,NA,-3.004277579,-2.823461053,Acipenser medirostris,NA,larval,rGS218,15,individual,1,NA,NA,2,6,20.38,0.83458847,endogenous,0,fresh,seawater-intolerant
2019,Lo,Pers. Comm.,0.0577,NA,14.9,0,NA,0,NA,0.040636992,NA,-3.203076484,-2.852498105,Acipenser medirostris,NA,larval,rGS219,15,individual,1,NA,NA,2,6,21.28,0.704280631,endogenous,0,fresh,seawater-intolerant
2019,Lo,Pers. Comm.,0.0596,NA,14.9,0,NA,0,NA,0.055076044,NA,-2.899040435,-2.820099705,Acipenser medirostris,NA,larval,rGS220,15,individual,1,NA,NA,2,6,21.52,0.924094694,endogenous,0,fresh,seawater-intolerant
2019,Lo,Pers. Comm.,0.0667,NA,14.9,0,NA,0,NA,0.056384841,NA,-2.875554927,-2.707550326,Acipenser medirostris,NA,larval,rGS221,15,individual,1,NA,NA,2,6,22.86,0.845349945,endogenous,0,fresh,seawater-intolerant
2019,Lo,Pers. Comm.,0.0587,NA,14.9,0,NA,0,NA,0.046437436,NA,-3.069649335,-2.835315552,Acipenser medirostris,NA,larval,rGS222,15,individual,1,NA,NA,2,6,20.48,0.791097717,endogenous,0,fresh,seawater-intolerant
2019,Lo,Pers. Comm.,0.0598,NA,14.9,0,NA,0,NA,0.045365455,NA,-3.093004362,-2.816749618,Acipenser medirostris,NA,larval,rGS223,15,individual,1,NA,NA,2,6,21.46,0.758619652,endogenous,0,fresh,seawater-intolerant
2019,Lo,Pers. Comm.,0.0599,NA,14.9,0,NA,0,NA,0.049732977,NA,-3.001087036,-2.815078774,Acipenser medirostris,NA,larval,rGS224,15,individual,1,NA,NA,2,6,21.55,0.830266735,endogenous,0,fresh,seawater-intolerant
2019,Lo,Pers. Comm.,0.0688,NA,14.9,0,NA,0,NA,0.058896372,NA,-2.831975782,-2.676551534,Acipenser medirostris,NA,larval,rGS225,15,individual,1,NA,NA,2,6,21.77,0.856051922,endogenous,0,fresh,seawater-intolerant
2019,Lo,Pers. Comm.,0.0624,NA,15.3,0,NA,0,NA,0.05511466,NA,-2.89833953,-2.774190004,Acipenser medirostris,NA,larval,rGS226,15,individual,1,NA,NA,2,7,21.38,0.883247762,endogenous,0,fresh,seawater-intolerant
2019,Lo,Pers. Comm.,0.061,NA,15.3,0,NA,0,NA,0.042299518,NA,-3.16297959,-2.796881415,Acipenser medirostris,NA,larval,rGS227,15,individual,1,NA,NA,2,7,21.33,0.69343472,endogenous,0,fresh,seawater-intolerant
2019,Lo,Pers. Comm.,0.066,NA,15.3,0,NA,0,NA,0.046594534,NA,-3.066272048,-2.718100537,Acipenser medirostris,NA,larval,rGS228,15,individual,1,NA,NA,2,7,22.23,0.705977783,endogenous,0,fresh,seawater-intolerant
2019,Lo,Pers. Comm.,0.0642,NA,15.3,0,NA,0,NA,0.050805482,NA,-2.979751016,-2.745752068,Acipenser medirostris,NA,larval,rGS229,15,individual,1,NA,NA,2,7,22.53,0.791362649,endogenous,0,fresh,seawater-intolerant
2019,Lo,Pers. Comm.,0.0675,NA,15.3,0,NA,0,NA,0.043702044,NA,-3.130360404,-2.695627681,Acipenser medirostris,NA,larval,rGS230,15,individual,1,NA,NA,2,7,23.14,0.647437689,endogenous,0,fresh,seawater-intolerant
2019,Lo,Pers. Comm.,0.0689,NA,15.3,0,NA,0,NA,0.054885225,NA,-2.902511098,-2.675099101,Acipenser medirostris,NA,larval,rGS231,15,individual,1,NA,NA,2,7,23.32,0.796592521,endogenous,0,fresh,seawater-intolerant
2019,Lo,Pers. Comm.,0.0672,NA,15.3,0,NA,0,NA,0.054128192,NA,-2.916400121,-2.700082031,Acipenser medirostris,NA,larval,rGS232,15,individual,1,NA,NA,2,7,23.03,0.805479047,endogenous,0,fresh,seawater-intolerant
2019,Lo,Pers. Comm.,0.0627,NA,15.3,0,NA,0,NA,0.062329716,NA,-2.775316984,-2.769393831,Acipenser medirostris,NA,larval,rGS233,15,individual,1,NA,NA,2,7,22.08,0.994094355,endogenous,0,fresh,seawater-intolerant
2019,Lo,Pers. Comm.,0.0933,NA,15,0,NA,0,NA,0.015904694,NA,-4.141140977,-2.371935171,Acipenser medirostris,NA,larval,rGS250,15,individual,1,NA,NA,1,15,26.2,0.17046832,exogenous,0,fresh,seawater-intolerant
2019,Lo,Pers. Comm.,0.0847,NA,15,0,NA,0,NA,0.01460062,NA,-4.226691253,-2.468639677,Acipenser medirostris,NA,larval,rGS251,15,individual,1,NA,NA,1,15,24.69,0.172380407,exogenous,0,fresh,seawater-intolerant
2019,Lo,Pers. Comm.,0.0888,NA,15,0,NA,0,NA,0.01175893,NA,-4.443142319,-2.421368629,Acipenser medirostris,NA,larval,rGS252,15,individual,1,NA,NA,1,15,25.99,0.132420384,exogenous,0,fresh,seawater-intolerant
2019,Lo,Pers. Comm.,0.0936,NA,15,0,NA,0,NA,0.018144387,NA,-4.00939404,-2.368724895,Acipenser medirostris,NA,larval,rGS253,15,individual,1,NA,NA,1,15,25.89,0.193850285,exogenous,0,fresh,seawater-intolerant
2019,Lo,Pers. Comm.,0.0928,NA,15,0,NA,0,NA,0.012328948,NA,-4.395805279,-2.377308639,Acipenser medirostris,NA,larval,rGS254,15,individual,1,NA,NA,1,15,26.87,0.132855044,exogenous,0,fresh,seawater-intolerant
2019,Lo,Pers. Comm.,0.0915,NA,15,0,NA,0,NA,0.012375344,NA,-4.392049152,-2.391416307,Acipenser medirostris,NA,larval,rGS255,15,individual,1,NA,NA,1,15,26.31,0.135249664,exogenous,0,fresh,seawater-intolerant
2019,Lo,Pers. Comm.,0.0875,NA,15,0,NA,0,NA,0.011030894,NA,-4.507055366,-2.436116486,Acipenser medirostris,NA,larval,rGS256,15,individual,1,NA,NA,1,15,25.38,0.126067364,exogenous,0,fresh,seawater-intolerant
2019,Lo,Pers. Comm.,0.0923,NA,15,0,NA,0,NA,0.012217213,NA,-4.404909421,-2.382711137,Acipenser medirostris,NA,larval,rGS257,15,individual,1,NA,NA,1,15,25.52,0.132364171,exogenous,0,fresh,seawater-intolerant
2019,Lo,Pers. Comm.,0.087,NA,15,0,NA,0,NA,0.012945628,NA,-4.346997146,-2.44184716,Acipenser medirostris,NA,larval,rGS258,15,individual,1,NA,NA,1,15,25.06,0.148800323,exogenous,0,fresh,seawater-intolerant
2019,Lo,Pers. Comm.,0.0836,NA,15,0,NA,0,NA,0.013070104,NA,-4.337427832,-2.481711759,Acipenser medirostris,NA,larval,rGS259,15,individual,1,NA,NA,1,15,24.21,0.156340951,exogenous,0,fresh,seawater-intolerant
2019,Lo,Pers. Comm.,0.0897,NA,15,0,NA,0,NA,0.015583427,NA,-4.161547296,-2.41128451,Acipenser medirostris,NA,larval,rGS260,15,individual,1,NA,NA,1,15,25.67,0.173728284,exogenous,0,fresh,seawater-intolerant
2019,Lo,Pers. Comm.,0.0909,NA,15,0,NA,0,NA,0.014888685,NA,-4.207153752,-2.397995278,Acipenser medirostris,NA,larval,rGS261,15,individual,1,NA,NA,1,15,26.01,0.163791914,exogenous,0,fresh,seawater-intolerant
2019,Lo,Pers. Comm.,0.1025,NA,15,0,NA,0,NA,0.016120497,NA,-4.127663733,-2.27789248,Acipenser medirostris,NA,larval,rGS262,15,individual,1,NA,NA,1,15,24.3,0.157273138,exogenous,0,fresh,seawater-intolerant
2019,Lo,Pers. Comm.,0.0986,NA,15,0,NA,0,NA,0.011286643,NA,-4.48413527,-2.316684017,Acipenser medirostris,NA,larval,rGS263,15,individual,1,NA,NA,1,15,24.5,0.114468998,exogenous,0,fresh,seawater-intolerant
2019,Lo,Pers. Comm.,0.0849,NA,15,0,NA,0,NA,0.016938244,NA,-4.078181247,-2.466281186,Acipenser medirostris,NA,larval,rGS264,15,individual,1,NA,NA,1,15,24.28,0.199508176,exogenous,0,fresh,seawater-intolerant
2019,Lo,Pers. Comm.,0.0829,NA,15,0,NA,0,NA,0.013642356,NA,-4.294575937,-2.490120217,Acipenser medirostris,NA,larval,rGS265,15,individual,1,NA,NA,1,15,24.86,0.164564001,exogenous,0,fresh,seawater-intolerant
2019,Lo,Pers. Comm.,0.0638,NA,11.1,0,NA,0,NA,0.004812696,NA,-5.336497821,-2.752002089,Acipenser medirostris,NA,larval,rGS282,11,individual,1,NA,NA,1,20,23.94,0.075434109,exogenous,0,fresh,seawater-intolerant
2019,Lo,Pers. Comm.,0.062,NA,11.1,0,NA,0,NA,0.007291389,NA,-4.921061177,-2.780620894,Acipenser medirostris,NA,larval,rGS283,11,individual,1,NA,NA,1,20,24.09,0.117603053,exogenous,0,fresh,seawater-intolerant
2019,Lo,Pers. Comm.,0.0691,NA,11.1,0,NA,0,NA,0.009182739,NA,-4.690429797,-2.672200548,Acipenser medirostris,NA,larval,rGS284,11,individual,1,NA,NA,1,20,24.13,0.132890573,exogenous,0,fresh,seawater-intolerant
2019,Lo,Pers. Comm.,0.0619,NA,11.1,0,NA,0,NA,0.007078178,NA,-4.95073878,-2.782235099,Acipenser medirostris,NA,larval,rGS285,11,individual,1,NA,NA,1,20,22.83,0.114348591,exogenous,0,fresh,seawater-intolerant
2019,Lo,Pers. Comm.,0.0603,NA,11.1,0,NA,0,NA,0.006531911,NA,-5.031055669,-2.808423175,Acipenser medirostris,NA,larval,rGS286,11,individual,1,NA,NA,1,20,24.27,0.108323572,exogenous,0,fresh,seawater-intolerant
2019,Lo,Pers. Comm.,0.0607,NA,11.1,0,NA,0,NA,0.006390759,NA,-5.052902246,-2.801811581,Acipenser medirostris,NA,larval,rGS287,11,individual,1,NA,NA,1,20,24.19,0.105284332,exogenous,0,fresh,seawater-intolerant
2019,Lo,Pers. Comm.,0.0613,NA,11.1,0,NA,0,NA,0.007490182,NA,-4.894162237,-2.791975436,Acipenser medirostris,NA,larval,rGS288,11,individual,1,NA,NA,1,20,23.14,0.122188933,exogenous,0,fresh,seawater-intolerant
2019,Lo,Pers. Comm.,0.0691,NA,11.1,0,NA,0,NA,0.008558329,NA,-4.760850332,-2.672200548,Acipenser medirostris,NA,larval,rGS289,11,individual,1,NA,NA,1,20,24.77,0.123854253,exogenous,0,fresh,seawater-intolerant
2019,Lo,Pers. Comm.,0.0659,NA,11.1,0,NA,0,NA,0.003179534,NA,-5.75102058,-2.719616837,Acipenser medirostris,NA,larval,rGS290,11,individual,1,NA,NA,1,20,23.48,0.048247863,exogenous,0,fresh,seawater-intolerant
2019,Lo,Pers. Comm.,0.0632,NA,11.1,0,NA,0,NA,0.006385768,NA,-5.053683583,-2.761450978,Acipenser medirostris,NA,larval,rGS291,11,individual,1,NA,NA,1,20,24.14,0.101040626,exogenous,0,fresh,seawater-intolerant
2019,Lo,Pers. Comm.,0.063,NA,11.1,0,NA,0,NA,0.007085708,NA,-4.949675522,-2.764620553,Acipenser medirostris,NA,larval,rGS292,11,individual,1,NA,NA,1,20,24.48,0.112471551,exogenous,0,fresh,seawater-intolerant
2019,Lo,Pers. Comm.,0.0538,NA,11.1,0,NA,0,NA,0.003264883,NA,-5.724531279,-2.922481812,Acipenser medirostris,NA,larval,rGS293,11,individual,1,NA,NA,1,20,21.73,0.060685562,exogenous,0,fresh,seawater-intolerant
2019,Lo,Pers. Comm.,0.0596,NA,11.1,0,NA,0,NA,0.005541799,NA,-5.195436152,-2.820099705,Acipenser medirostris,NA,larval,rGS294,11,individual,1,NA,NA,1,20,23.28,0.0929832,exogenous,0,fresh,seawater-intolerant
2019,Lo,Pers. Comm.,0.0623,NA,11.1,0,NA,0,NA,0.004250396,NA,-5.460743064,-2.775793853,Acipenser medirostris,NA,larval,rGS295,11,individual,1,NA,NA,1,20,24.31,0.068224659,exogenous,0,fresh,seawater-intolerant
2019,Lo,Pers. Comm.,0.067,NA,11.1,0,NA,0,NA,0.00560745,NA,-5.183659275,-2.70306266,Acipenser medirostris,NA,larval,rGS296,11,individual,1,NA,NA,1,20,23.12,0.083693278,exogenous,0,fresh,seawater-intolerant
2019,Lo,Pers. Comm.,0.0629,NA,11.1,0,NA,0,NA,0.003478029,NA,-5.661289447,-2.766209115,Acipenser medirostris,NA,larval,rGS297,11,individual,1,NA,NA,1,20,24.46,0.055294583,exogenous,0,fresh,seawater-intolerant
2019,Lo,Pers. Comm.,0.1585,NA,14.9,0,NA,0,NA,0.021316769,NA,-3.848261255,-1.842000686,Acipenser medirostris,NA,larval,rGS298,15,individual,1,NA,NA,1,28,29.06,0.134490654,exogenous,0,fresh,seawater-intolerant
2019,Lo,Pers. Comm.,0.2271,NA,14.9,0,NA,0,NA,0.03186552,NA,-3.446230741,-1.48236483,Acipenser medirostris,NA,larval,rGS299,15,individual,1,NA,NA,1,28,31.99,0.140314926,exogenous,0,fresh,seawater-intolerant
2019,Lo,Pers. Comm.,0.1646,NA,14.9,0,NA,0,NA,0.028450456,NA,-3.559591089,-1.804236991,Acipenser medirostris,NA,larval,rGS300,15,individual,1,NA,NA,1,28,29.37,0.172846027,exogenous,0,fresh,seawater-intolerant
2019,Lo,Pers. Comm.,0.1547,NA,14.9,0,NA,0,NA,0.02605089,NA,-3.647703341,-1.866267521,Acipenser medirostris,NA,larval,rGS301,15,individual,1,NA,NA,1,28,28.69,0.168396187,exogenous,0,fresh,seawater-intolerant
2019,Lo,Pers. Comm.,0.1092,NA,14.9,0,NA,0,NA,0.009838544,NA,-4.621447499,-2.214574216,Acipenser medirostris,NA,larval,rGS302,15,individual,1,NA,NA,1,28,26.99,0.090096561,exogenous,0,fresh,seawater-intolerant
2019,Lo,Pers. Comm.,0.1594,NA,14.9,0,NA,0,NA,0.019697866,NA,-3.927244966,-1.836338513,Acipenser medirostris,NA,larval,rGS303,15,individual,1,NA,NA,1,28,28.16,0.12357507,exogenous,0,fresh,seawater-intolerant
2019,Lo,Pers. Comm.,0.1529,NA,14.9,0,NA,0,NA,0.012594731,NA,-4.37447672,-1.877971166,Acipenser medirostris,NA,larval,rGS304,15,individual,1,NA,NA,1,28,27.13,0.082372342,exogenous,0,fresh,seawater-intolerant
2019,Lo,Pers. Comm.,0.194,NA,14.9,0,NA,0,NA,0.030668626,NA,-3.484515095,-1.63989712,Acipenser medirostris,NA,larval,rGS305,15,individual,1,NA,NA,1,28,31.42,0.158085702,exogenous,0,fresh,seawater-intolerant
2019,Lo,Pers. Comm.,0.1229,NA,15,0,NA,0,NA,0.023011293,NA,-3.771770201,-2.096384262,Acipenser medirostris,NA,larval,rGS306,15,individual,1,NA,NA,1,28,27.16,0.187235904,exogenous,0,fresh,seawater-intolerant
2019,Lo,Pers. Comm.,0.1762,NA,15,0,NA,0,NA,0.028568705,NA,-3.555443396,-1.736135565,Acipenser medirostris,NA,larval,rGS307,15,individual,1,NA,NA,1,28,29.17,0.162137939,exogenous,0,fresh,seawater-intolerant
2019,Lo,Pers. Comm.,0.14,NA,15,0,NA,0,NA,0.022581904,NA,-3.790606385,-1.966112856,Acipenser medirostris,NA,larval,rGS308,15,individual,1,NA,NA,1,28,28.9,0.161299317,exogenous,0,fresh,seawater-intolerant
2019,Lo,Pers. Comm.,0.1798,NA,15,0,NA,0,NA,0.031851814,NA,-3.44666095,-1.715910157,Acipenser medirostris,NA,larval,rGS309,15,individual,1,NA,NA,1,28,29.91,0.177151356,exogenous,0,fresh,seawater-intolerant
2019,Lo,Pers. Comm.,0.1356,NA,15,0,NA,0,NA,0.020191708,NA,-3.902483242,-1.998045903,Acipenser medirostris,NA,larval,rGS310,15,individual,1,NA,NA,1,28,28.79,0.148906403,exogenous,0,fresh,seawater-intolerant
2019,Lo,Pers. Comm.,0.1821,NA,15,0,NA,0,NA,0.028719877,NA,-3.550165814,-1.703199292,Acipenser medirostris,NA,larval,rGS311,15,individual,1,NA,NA,1,28,31.49,0.157714866,exogenous,0,fresh,seawater-intolerant
2019,Lo,Pers. Comm.,0.1894,NA,15,0,NA,0,NA,0.035592755,NA,-3.335613172,-1.663894098,Acipenser medirostris,NA,larval,rGS312,15,individual,1,NA,NA,1,28,30.51,0.187923733,exogenous,0,fresh,seawater-intolerant
2019,Lo,Pers. Comm.,0.1439,NA,15,0,NA,0,NA,0.023770037,NA,-3.73932944,-1.938636665,Acipenser medirostris,NA,larval,rGS313,15,individual,1,NA,NA,1,28,27.37,0.165184413,exogenous,0,fresh,seawater-intolerant
2019,Lo,Pers. Comm.,0.0851,NA,11.1,0,NA,0,NA,0.01034157,NA,-4.57158359,-2.463928243,Acipenser medirostris,NA,larval,rGS346,11,individual,1,NA,NA,1,36,26.11,0.121522561,exogenous,0,fresh,seawater-intolerant
2019,Lo,Pers. Comm.,0.0925,NA,11.1,0,NA,0,NA,0.010273195,NA,-4.578217208,-2.380546634,Acipenser medirostris,NA,larval,rGS347,11,individual,1,NA,NA,1,36,26.69,0.111061567,exogenous,0,fresh,seawater-intolerant
2019,Lo,Pers. Comm.,0.0916,NA,11.1,0,NA,0,NA,0.011571418,NA,-4.459217187,-2.390324007,Acipenser medirostris,NA,larval,rGS348,11,individual,1,NA,NA,1,36,26.49,0.126325524,exogenous,0,fresh,seawater-intolerant
2019,Lo,Pers. Comm.,0.0814,NA,11.1,0,NA,0,NA,0.007081101,NA,-4.950325861,-2.508380006,Acipenser medirostris,NA,larval,rGS349,11,individual,1,NA,NA,1,36,24.99,0.086991414,exogenous,0,fresh,seawater-intolerant
2019,Lo,Pers. Comm.,0.0884,NA,11.1,0,NA,0,NA,0.010260838,NA,-4.579420784,-2.425883309,Acipenser medirostris,NA,larval,rGS350,11,individual,1,NA,NA,1,36,25.55,0.116072826,exogenous,0,fresh,seawater-intolerant
2019,Lo,Pers. Comm.,0.0923,NA,11.1,0,NA,0,NA,0.01031249,NA,-4.574399509,-2.382711137,Acipenser medirostris,NA,larval,rGS351,11,individual,1,NA,NA,1,36,24.33,0.111727951,exogenous,0,fresh,seawater-intolerant
2019,Lo,Pers. Comm.,0.0895,NA,11.1,0,NA,0,NA,0.010978621,NA,-4.511805405,-2.413516654,Acipenser medirostris,NA,larval,rGS352,11,individual,1,NA,NA,1,36,25.58,0.122666161,exogenous,0,fresh,seawater-intolerant
2019,Lo,Pers. Comm.,0.0834,NA,11.1,0,NA,0,NA,0.007098749,NA,-4.947836655,-2.48410697,Acipenser medirostris,NA,larval,rGS353,11,individual,1,NA,NA,1,36,24.42,0.085116899,exogenous,0,fresh,seawater-intolerant
2019,Lo,Pers. Comm.,0.0865,NA,11.1,0,NA,0,NA,0.00711557,NA,-4.945469912,-2.447610865,Acipenser medirostris,NA,larval,rGS354,11,individual,1,NA,NA,1,36,25.97,0.082260927,exogenous,0,fresh,seawater-intolerant
2019,Lo,Pers. Comm.,0.0952,NA,11.1,0,NA,0,NA,0.009104258,NA,-4.699013096,-2.351775337,Acipenser medirostris,NA,larval,rGS355,11,individual,1,NA,NA,1,36,27.22,0.095632959,exogenous,0,fresh,seawater-intolerant
2019,Lo,Pers. Comm.,0.0963,NA,11.1,0,NA,0,NA,0.013471411,NA,-4.307185539,-2.34028696,Acipenser medirostris,NA,larval,rGS356,11,individual,1,NA,NA,1,36,26.58,0.139890042,exogenous,0,fresh,seawater-intolerant
2019,Lo,Pers. Comm.,0.0869,NA,11.1,0,NA,0,NA,0.011626305,NA,-4.454485073,-2.442997247,Acipenser medirostris,NA,larval,rGS357,11,individual,1,NA,NA,1,36,25.47,0.133789471,exogenous,0,fresh,seawater-intolerant
2019,Lo,Pers. Comm.,0.0875,NA,11.1,0,NA,0,NA,0.009816554,NA,-4.623685122,-2.436116486,Acipenser medirostris,NA,larval,rGS358,11,individual,1,NA,NA,1,36,24.75,0.11218919,exogenous,0,fresh,seawater-intolerant
2019,Lo,Pers. Comm.,0.0861,NA,11.1,0,NA,0,NA,0.008922627,NA,-4.719164894,-2.452245868,Acipenser medirostris,NA,larval,rGS359,11,individual,1,NA,NA,1,36,26.59,0.103630973,exogenous,0,fresh,seawater-intolerant
2019,Lo,Pers. Comm.,0.0762,NA,11.1,0,NA,0,NA,0.0084967,NA,-4.768077474,-2.574393816,Acipenser medirostris,NA,larval,rGS360,11,individual,1,NA,NA,1,36,23.75,0.111505244,exogenous,0,fresh,seawater-intolerant
2019,Lo,Pers. Comm.,0.0848,NA,11.1,0,NA,0,NA,0.009614328,NA,-4.644500779,-2.467459736,Acipenser medirostris,NA,larval,rGS361,11,individual,1,NA,NA,1,36,25.99,0.113376511,exogenous,0,fresh,seawater-intolerant
2019,Lo,Pers. Comm.,0.4843,NA,14.8,0,NA,0,NA,0.111124545,NA,-2.197103679,-0.72505073,Acipenser medirostris,NA,larval,rGS362,15,individual,1,NA,NA,1,42,40.39,0.229453944,exogenous,0,fresh,seawater-intolerant
2019,Lo,Pers. Comm.,0.391,NA,14.8,0,NA,0,NA,0.048470277,NA,-3.026804505,-0.939047719,Acipenser medirostris,NA,larval,rGS363,15,individual,1,NA,NA,1,42,37.54,0.123964904,exogenous,0,fresh,seawater-intolerant
2019,Lo,Pers. Comm.,0.2863,NA,14.8,0,NA,0,NA,0.05353875,NA,-2.927349585,-1.250715067,Acipenser medirostris,NA,larval,rGS364,15,individual,1,NA,NA,1,42,33.91,0.187002271,exogenous,0,fresh,seawater-intolerant
2019,Lo,Pers. Comm.,0.44,NA,14.8,0,NA,0,NA,0.10719716,NA,-2.233085528,-0.820980552,Acipenser medirostris,NA,larval,rGS365,15,individual,1,NA,NA,1,42,39.35,0.243629908,exogenous,0,fresh,seawater-intolerant
2019,Lo,Pers. Comm.,0.5851,NA,14.8,0,NA,0,NA,0.091853741,NA,-2.387557741,-0.535972506,Acipenser medirostris,NA,larval,rGS366,15,individual,1,NA,NA,1,42,43.52,0.156988106,exogenous,0,fresh,seawater-intolerant
2019,Lo,Pers. Comm.,0.5109,NA,14.8,0,NA,0,NA,0.067029111,NA,-2.702628264,-0.671581403,Acipenser medirostris,NA,larval,rGS367,15,individual,1,NA,NA,1,42,41.93,0.131198103,exogenous,0,fresh,seawater-intolerant
2019,Lo,Pers. Comm.,0.3684,NA,14.8,0,NA,0,NA,0.060810636,NA,-2.799990565,-0.998585975,Acipenser medirostris,NA,larval,rGS368,15,individual,1,NA,NA,1,42,38.01,0.165066874,exogenous,0,fresh,seawater-intolerant
2019,Lo,Pers. Comm.,0.2864,NA,14.8,0,NA,0,NA,0.02746504,NA,-3.594841346,-1.250365844,Acipenser medirostris,NA,larval,rGS369,15,individual,1,NA,NA,1,42,34.57,0.095897487,exogenous,0,fresh,seawater-intolerant
2019,Lo,Pers. Comm.,0.4163,NA,14.8,0,NA,0,NA,0.10037767,NA,-2.298815508,-0.876349125,Acipenser medirostris,NA,larval,rGS370,15,individual,1,NA,NA,1,42,38.34,0.241118592,exogenous,0,fresh,seawater-intolerant
2019,Lo,Pers. Comm.,0.3136,NA,14.8,0,NA,0,NA,0.091486534,NA,-2.391563484,-1.159636991,Acipenser medirostris,NA,larval,rGS371,15,individual,1,NA,NA,1,42,35.16,0.29173002,exogenous,0,fresh,seawater-intolerant
2019,Lo,Pers. Comm.,0.7624,NA,14.8,0,NA,0,NA,0.211575442,NA,-1.553173646,-0.271283927,Acipenser medirostris,NA,larval,rGS372,15,individual,1,NA,NA,1,42,49.01,0.277512384,exogenous,0,fresh,seawater-intolerant
2019,Lo,Pers. Comm.,0.3682,NA,14.8,0,NA,0,NA,0.104406526,NA,-2.259463098,-0.99912901,Acipenser medirostris,NA,larval,rGS373,15,individual,1,NA,NA,1,42,38.31,0.283559277,exogenous,0,fresh,seawater-intolerant
2019,Lo,Pers. Comm.,0.324,NA,14.8,0,NA,0,NA,0.075419598,NA,-2.584688117,-1.127011763,Acipenser medirostris,NA,larval,rGS374,15,individual,1,NA,NA,1,42,35.19,0.232776537,exogenous,0,fresh,seawater-intolerant
2019,Lo,Pers. Comm.,0.3315,NA,14.8,0,NA,0,NA,0.069303728,NA,-2.669256577,-1.104127469,Acipenser medirostris,NA,larval,rGS375,15,individual,1,NA,NA,1,42,36.79,0.20906102,exogenous,0,fresh,seawater-intolerant
2019,Lo,Pers. Comm.,0.3265,NA,14.8,0,NA,0,NA,0.042801564,NA,-3.15118064,-1.11932533,Acipenser medirostris,NA,larval,rGS376,15,individual,1,NA,NA,1,42,35.6,0.131092079,exogenous,0,fresh,seawater-intolerant
2019,Lo,Pers. Comm.,0.2277,NA,14.8,0,NA,0,NA,0.062910316,NA,-2.766045122,-1.479726306,Acipenser medirostris,NA,larval,rGS377,15,individual,1,NA,NA,1,42,31.14,0.276285973,exogenous,0,fresh,seawater-intolerant
2019,Lo,Pers. Comm.,0.1472,NA,11,0,NA,0,NA,0.017443316,NA,-4.04879875,-1.915963073,Acipenser medirostris,NA,larval,rGS394,11,individual,1,NA,NA,1,55,30.2,0.118500787,exogenous,0,fresh,seawater-intolerant
2019,Lo,Pers. Comm.,0.1781,NA,11,0,NA,0,NA,0.025394196,NA,-3.673234622,-1.725410089,Acipenser medirostris,NA,larval,rGS395,11,individual,1,NA,NA,1,55,31.1,0.142583921,exogenous,0,fresh,seawater-intolerant
2019,Lo,Pers. Comm.,0.1724,NA,11,0,NA,0,NA,0.020673265,NA,-3.878913977,-1.757937921,Acipenser medirostris,NA,larval,rGS396,11,individual,1,NA,NA,1,55,30.83,0.119914528,exogenous,0,fresh,seawater-intolerant
2019,Lo,Pers. Comm.,0.1434,NA,11,0,NA,0,NA,0.0171681,NA,-4.064702288,-1.942117351,Acipenser medirostris,NA,larval,rGS397,11,individual,1,NA,NA,1,55,28.99,0.119721755,exogenous,0,fresh,seawater-intolerant
2019,Lo,Pers. Comm.,0.1511,NA,11,0,NA,0,NA,0.016544618,NA,-4.101694396,-1.88981341,Acipenser medirostris,NA,larval,rGS398,11,individual,1,NA,NA,1,55,28.12,0.109494497,exogenous,0,fresh,seawater-intolerant
2019,Lo,Pers. Comm.,0.0871,NA,11,0,NA,0,NA,0.005704707,NA,-5.166463594,-2.440698395,Acipenser medirostris,NA,larval,rGS399,11,individual,1,NA,NA,1,55,26.72,0.065496066,exogenous,0,fresh,seawater-intolerant
2019,Lo,Pers. Comm.,0.1389,NA,11,0,NA,0,NA,0.016944659,NA,-4.07780261,-1.974001029,Acipenser medirostris,NA,larval,rGS400,11,individual,1,NA,NA,1,55,28.83,0.121991784,exogenous,0,fresh,seawater-intolerant
2019,Lo,Pers. Comm.,0.1592,NA,11,0,NA,0,NA,0.018787313,NA,-3.974573478,-1.837594006,Acipenser medirostris,NA,larval,rGS401,11,individual,1,NA,NA,1,55,29.8,0.11801076,exogenous,0,fresh,seawater-intolerant
2019,Lo,Pers. Comm.,0.1694,NA,11,0,NA,0,NA,0.020696019,NA,-3.87781391,-1.775492497,Acipenser medirostris,NA,larval,rGS402,11,individual,1,NA,NA,1,55,29.45,0.122172486,exogenous,0,fresh,seawater-intolerant
2019,Lo,Pers. Comm.,0.106,NA,11,0,NA,0,NA,0.005222834,NA,-5.25471513,-2.244316185,Acipenser medirostris,NA,larval,rGS403,11,individual,1,NA,NA,1,55,26.52,0.049272018,exogenous,0,fresh,seawater-intolerant
2019,Lo,Pers. Comm.,0.1037,NA,11,0,NA,0,NA,0.01335577,NA,-4.315806746,-2.266253164,Acipenser medirostris,NA,larval,rGS404,11,individual,1,NA,NA,1,55,26.47,0.128792386,exogenous,0,fresh,seawater-intolerant
2019,Lo,Pers. Comm.,0.0967,NA,11,0,NA,0,NA,0.00951729,NA,-4.654645144,-2.336141877,Acipenser medirostris,NA,larval,rGS405,11,individual,1,NA,NA,1,55,26.74,0.098420785,exogenous,0,fresh,seawater-intolerant
2019,Lo,Pers. Comm.,0.1545,NA,11,0,NA,0,NA,0.016214326,NA,-4.121860134,-1.867561183,Acipenser medirostris,NA,larval,rGS406,11,individual,1,NA,NA,1,55,30.12,0.104947091,exogenous,0,fresh,seawater-intolerant
2019,Lo,Pers. Comm.,0.0815,NA,11,0,NA,0,NA,0.006222418,NA,-5.079596743,-2.507152259,Acipenser medirostris,NA,larval,rGS407,11,individual,1,NA,NA,1,55,26.37,0.076348684,exogenous,0,fresh,seawater-intolerant
2019,Lo,Pers. Comm.,0.1635,NA,11,0,NA,0,NA,0.023611331,NA,-3.746028537,-1.810942289,Acipenser medirostris,NA,larval,rGS408,11,individual,1,NA,NA,1,55,29.38,0.144411813,exogenous,0,fresh,seawater-intolerant
2019,Lo,Pers. Comm.,0.1026,NA,11,0,NA,0,NA,0.012145586,NA,-4.410789503,-2.276917346,Acipenser medirostris,NA,larval,rGS409,11,individual,1,NA,NA,1,55,26.98,0.118378027,exogenous,0,fresh,seawater-intolerant
2019,Lo,Pers. Comm.,2.7817,NA,15,0,NA,0,NA,0.074129724,NA,-2.601938699,1.023062252,Acipenser medirostris,NA,larval,rGS442,15,individual,1,NA,NA,2,70,76.38,0.026649072,exogenous,0,fresh,seawater-intolerant
2019,Lo,Pers. Comm.,1.63,NA,15,0,NA,0,NA,0.04456844,NA,-3.110729302,0.488580015,Acipenser medirostris,NA,larval,rGS443,15,individual,1,NA,NA,2,70,63.89,0.027342601,exogenous,0,fresh,seawater-intolerant
2019,Lo,Pers. Comm.,1.1188,NA,15,0,NA,0,NA,0.039164359,NA,-3.239988148,0.112256682,Acipenser medirostris,NA,larval,rGS444,15,individual,1,NA,NA,2,70,59.66,0.035005684,exogenous,0,fresh,seawater-intolerant
2019,Lo,Pers. Comm.,2.283,NA,15,0,NA,0,NA,0.083025101,NA,-2.488612298,0.825490368,Acipenser medirostris,NA,larval,rGS445,15,individual,1,NA,NA,2,70,70.74,0.036366667,exogenous,0,fresh,seawater-intolerant
2019,Lo,Pers. Comm.,3.0475,NA,15,0,NA,0,NA,0.065180198,NA,-2.730599565,1.114321582,Acipenser medirostris,NA,larval,rGS446,15,individual,1,NA,NA,2,70,77.82,0.021388088,exogenous,0,fresh,seawater-intolerant
2019,Lo,Pers. Comm.,1.4232,NA,15,0,NA,0,NA,0.051479173,NA,-2.966577951,0.352907857,Acipenser medirostris,NA,larval,rGS447,15,individual,1,NA,NA,2,70,60.29,0.036171426,exogenous,0,fresh,seawater-intolerant
2019,Lo,Pers. Comm.,2.8735,NA,15,0,NA,0,NA,0.115973403,NA,-2.154394403,1.055530799,Acipenser medirostris,NA,larval,rGS448,15,individual,1,NA,NA,2,70,79.01,0.040359632,exogenous,0,fresh,seawater-intolerant
2019,Lo,Pers. Comm.,0.6532,NA,18.5,0,NA,0,NA,0.168417552,NA,-1.781308953,-0.425871918,Acipenser medirostris,NA,juvenile,gs_003,19,individual,1,NA,NA,1,38,43.03,0.257834587,exogenous,0,fresh,seawater-intolerant
2019,Lo,Pers. Comm.,0.6771,NA,18.8,0,NA,0,NA,0.120694483,NA,-2.114492857,-0.389936306,Acipenser medirostris,NA,juvenile,gs_011,19,individual,1,NA,NA,1,38,46.65,0.17825208,exogenous,0,fresh,seawater-intolerant
2019,Lo,Pers. Comm.,0.6266,NA,18.8,0,NA,0,NA,0.287438442,NA,-1.246746558,-0.4674469,Acipenser medirostris,NA,juvenile,gs_014,19,individual,1,NA,NA,1,38,44.01,0.458727165,exogenous,0,fresh,seawater-intolerant
2019,Lo,Pers. Comm.,1.006,NA,18.3,0,NA,0,NA,0.258092339,NA,-1.354437855,0.005982072,Acipenser medirostris,NA,juvenile,gs_018,19,individual,1,NA,NA,1,39,51.82,0.256553021,exogenous,0,fresh,seawater-intolerant
2019,Lo,Pers. Comm.,0.8599,NA,19,0,NA,0,NA,0.230359439,NA,-1.468114411,-0.150939176,Acipenser medirostris,NA,juvenile,gs_030,19,individual,1,NA,NA,1,39,51.29,0.267890963,exogenous,0,fresh,seawater-intolerant
2019,Lo,Pers. Comm.,1.0349,NA,18.8,0,NA,0,NA,0.197789126,NA,-1.620553838,0.034304804,Acipenser medirostris,NA,juvenile,gs_037,19,individual,1,NA,NA,1,40,54.62,0.19111907,exogenous,0,fresh,seawater-intolerant
2019,Lo,Pers. Comm.,1.0496,NA,18.8,0,NA,0,NA,0.368939705,NA,-0.99712205,0.048409139,Acipenser medirostris,NA,juvenile,gs_039,19,individual,1,NA,NA,1,40,54.27,0.351505054,exogenous,0,fresh,seawater-intolerant
2019,Lo,Pers. Comm.,0.721,NA,19.1,0,NA,0,NA,0.16854042,NA,-1.780579677,-0.327116142,Acipenser medirostris,NA,juvenile,gs_046,19,individual,1,NA,NA,1,40,47.53,0.233759251,exogenous,0,fresh,seawater-intolerant
2019,Lo,Pers. Comm.,0.932,NA,19.3,0,NA,0,NA,0.26508011,NA,-1.327723196,-0.070422464,Acipenser medirostris,NA,juvenile,gs_052,19,individual,1,NA,NA,1,40,51.36,0.284420719,exogenous,0,fresh,seawater-intolerant
2019,Lo,Pers. Comm.,0.554,NA,19.3,0,NA,0,NA,0.198617759,NA,-1.616373112,-0.590590592,Acipenser medirostris,NA,juvenile,gs_056,19,individual,1,NA,NA,1,40,44.32,0.35851581,exogenous,0,fresh,seawater-intolerant
2019,Lo,Pers. Comm.,0.4833,NA,19,0,NA,0,NA,0.21454778,NA,-1.539222817,-0.7271177,Acipenser medirostris,NA,juvenile,gs_057,19,individual,1,NA,NA,1,41,41.25,0.443922573,exogenous,0,fresh,seawater-intolerant
2019,Lo,Pers. Comm.,0.7569,NA,18.6,0,NA,0,NA,0.13364194,NA,-2.012591143,-0.278524135,Acipenser medirostris,NA,juvenile,gs_068,19,individual,1,NA,NA,1,41,47.33,0.176564857,exogenous,0,fresh,seawater-intolerant
2019,Lo,Pers. Comm.,0.5264,NA,18.6,0,NA,0,NA,0.241612836,NA,-1.420418685,-0.641693899,Acipenser medirostris,NA,juvenile,gs_071,19,individual,1,NA,NA,1,41,42.33,0.45899095,exogenous,0,fresh,seawater-intolerant
2019,Lo,Pers. Comm.,0.4279,NA,18.6,0,NA,0,NA,0.136773495,NA,-1.989429045,-0.848865756,Acipenser medirostris,NA,juvenile,gs_077,19,individual,1,NA,NA,1,41,40.91,0.319638922,exogenous,0,fresh,seawater-intolerant
2019,Lo,Pers. Comm.,0.8127,NA,18.5,0,NA,0,NA,0.150940638,NA,-1.890868648,-0.207393241,Acipenser medirostris,NA,juvenile,gs_085,19,individual,1,NA,NA,1,42,50.7,0.185727375,exogenous,0,fresh,seawater-intolerant
2019,Lo,Pers. Comm.,0.8388,NA,18.8,0,NA,0,NA,0.184602867,NA,-1.689548428,-0.17578298,Acipenser medirostris,NA,juvenile,gs_090,19,individual,1,NA,NA,1,42,49.97,0.220079717,exogenous,0,fresh,seawater-intolerant
2019,Lo,Pers. Comm.,0.7548,NA,19.2,0,NA,0,NA,0.226215234,NA,-1.486268369,-0.281302465,Acipenser medirostris,NA,juvenile,gs_102,19,individual,1,NA,NA,1,42,48.38,0.299702218,exogenous,0,fresh,seawater-intolerant
2019,Lo,Pers. Comm.,0.5114,NA,19.2,0,NA,0,NA,0.166332306,NA,-1.793767646,-0.670603216,Acipenser medirostris,NA,juvenile,gs_103,19,individual,1,NA,NA,1,42,41.27,0.325248937,exogenous,0,fresh,seawater-intolerant
2019,Lo,Pers. Comm.,0.749,NA,18.8,0,NA,0,NA,0.363139492,NA,-1.012968244,-0.289016295,Acipenser medirostris,NA,juvenile,gs_105,19,individual,1,NA,NA,1,43,47.09,0.484832432,exogenous,0,fresh,seawater-intolerant
2019,Lo,Pers. Comm.,0.6138,NA,19.2,0,NA,0,NA,0.160798505,NA,-1.827603219,-0.488086137,Acipenser medirostris,NA,juvenile,gs_116,19,individual,1,NA,NA,1,43,45.41,0.261972149,exogenous,0,fresh,seawater-intolerant
2005,Lankford,Physiol. Biochem. Zool.,1020,NA,19,10,NA,0.172413793,NA,238.6589833,NA,5.475035685,6.927557906,Acipenser medirostris,NA,juvenile,F1,19,individual,1,58,0.5,1,182.5,NA,0.233979395,exogenous,0,fresh,seawater-tolerant
2005,Lankford,Physiol. Biochem. Zool.,1020,NA,19,35,NA,0.603448276,NA,259.4119384,NA,5.558417294,6.927557906,Acipenser medirostris,NA,juvenile,F1,19,individual,1,58,0.5,1,182.5,NA,0.25432543,exogenous,0,fresh,seawater-tolerant
2005,Lankford,Physiol. Biochem. Zool.,1020,NA,19,40,NA,0.689655172,NA,482.5062054,NA,6.178993782,6.927557906,Acipenser medirostris,NA,juvenile,F1,19,individual,1,58,0.5,1,182.5,NA,0.473045299,exogenous,0,fresh,seawater-tolerant
2005,Lankford,Physiol. Biochem. Zool.,1020,NA,19,45,NA,0.775862069,NA,487.6944442,NA,6.189689071,6.927557906,Acipenser medirostris,NA,juvenile,F1,19,individual,1,58,0.5,1,182.5,NA,0.478131808,exogenous,0,fresh,seawater-tolerant
2005,Lankford,Physiol. Biochem. Zool.,1020,NA,19,50,NA,0.862068966,NA,793.8005315,NA,6.67683221,6.927557906,Acipenser medirostris,NA,juvenile,F1,19,individual,1,58,0.5,1,182.5,NA,0.778235815,exogenous,0,fresh,seawater-tolerant
2005,Lankford,Physiol. Biochem. Zool.,1514,NA,19,10,NA,0.142857143,NA,135.8230162,NA,4.911352687,7.322510434,Acipenser medirostris,NA,juvenile,F2,19,individual,1,70,0.5,1,182.5,NA,0.089711371,exogenous,0,fresh,seawater-tolerant
2005,Lankford,Physiol. Biochem. Zool.,1514,NA,19,35,NA,0.5,NA,391.7971622,NA,5.970744262,7.322510434,Acipenser medirostris,NA,juvenile,F2,19,individual,1,70,0.5,1,182.5,NA,0.258782802,exogenous,0,fresh,seawater-tolerant
2005,Lankford,Physiol. Biochem. Zool.,1514,NA,19,40,NA,0.571428571,NA,407.4690486,NA,6.009964976,7.322510434,Acipenser medirostris,NA,juvenile,F2,19,individual,1,70,0.5,1,182.5,NA,0.269134114,exogenous,0,fresh,seawater-tolerant
2005,Lankford,Physiol. Biochem. Zool.,1514,NA,19,45,NA,0.642857143,NA,475.3805568,NA,6.164115655,7.322510434,Acipenser medirostris,NA,juvenile,F2,19,individual,1,70,0.5,1,182.5,NA,0.3139898,exogenous,0,fresh,seawater-tolerant
2005,Lankford,Physiol. Biochem. Zool.,1514,NA,19,50,NA,0.714285714,NA,699.8922033,NA,6.550926328,7.322510434,Acipenser medirostris,NA,juvenile,F2,19,individual,1,70,0.5,1,182.5,NA,0.462280187,exogenous,0,fresh,seawater-tolerant
2005,Lankford,Physiol. Biochem. Zool.,1060,NA,19,10,NA,0.15625,NA,203.9970688,NA,5.318105625,6.966024187,Acipenser medirostris,NA,juvenile,F3,19,individual,1,64,0.5,1,182.5,NA,0.192450065,exogenous,0,fresh,seawater-tolerant
2005,Lankford,Physiol. Biochem. Zool.,1060,NA,19,35,NA,0.546875,NA,298.1495621,NA,5.697595247,6.966024187,Acipenser medirostris,NA,juvenile,F3,19,individual,1,64,0.5,1,182.5,NA,0.281273172,exogenous,0,fresh,seawater-tolerant
2005,Lankford,Physiol. Biochem. Zool.,1060,NA,19,40,NA,0.625,NA,308.6109503,NA,5.732081423,6.966024187,Acipenser medirostris,NA,juvenile,F3,19,individual,1,64,0.5,1,182.5,NA,0.291142406,exogenous,0,fresh,seawater-tolerant
2005,Lankford,Physiol. Biochem. Zool.,1060,NA,19,45,NA,0.703125,NA,434.147608,NA,6.073384587,6.966024187,Acipenser medirostris,NA,juvenile,F3,19,individual,1,64,0.5,1,182.5,NA,0.409573215,exogenous,0,fresh,seawater-tolerant
2005,Lankford,Physiol. Biochem. Zool.,1060,NA,19,50,NA,0.78125,NA,475.9931606,NA,6.165403486,6.966024187,Acipenser medirostris,NA,juvenile,F3,19,individual,1,64,0.5,1,182.5,NA,0.449050151,exogenous,0,fresh,seawater-tolerant
2005,Lankford,Physiol. Biochem. Zool.,1060,NA,19,55,NA,0.859375,NA,917.9868097,NA,6.822183022,6.966024187,Acipenser medirostris,NA,juvenile,F3,19,individual,1,64,0.5,1,182.5,NA,0.866025292,exogenous,0,fresh,seawater-tolerant
2005,Lankford,Physiol. Biochem. Zool.,1010,NA,19,10,NA,0.161290323,NA,224.1543695,NA,5.412334964,6.91770561,Acipenser medirostris,NA,juvenile,F4,19,individual,1,62,0.5,1,182.5,NA,0.221935019,exogenous,0,fresh,seawater-tolerant
2005,Lankford,Physiol. Biochem. Zool.,1010,NA,19,35,NA,0.564516129,NA,302.3477542,NA,5.711577859,6.91770561,Acipenser medirostris,NA,juvenile,F4,19,individual,1,62,0.5,1,182.5,NA,0.299354212,exogenous,0,fresh,seawater-tolerant
2005,Lankford,Physiol. Biochem. Zool.,1010,NA,19,40,NA,0.64516129,NA,479.5860929,NA,6.172923425,6.91770561,Acipenser medirostris,NA,juvenile,F4,19,individual,1,62,0.5,1,182.5,NA,0.474837716,exogenous,0,fresh,seawater-tolerant
2005,Lankford,Physiol. Biochem. Zool.,1010,NA,19,45,NA,0.725806452,NA,644.31349,NA,6.468185393,6.91770561,Acipenser medirostris,NA,juvenile,F4,19,individual,1,62,0.5,1,182.5,NA,0.637934148,exogenous,0,fresh,seawater-tolerant
2005,Lankford,Physiol. Biochem. Zool.,1010,NA,19,50,NA,0.806451613,NA,766.2951701,NA,6.641567435,6.91770561,Acipenser medirostris,NA,juvenile,F4,19,individual,1,62,0.5,1,182.5,NA,0.758708089,exogenous,0,fresh,seawater-tolerant
2005,Lankford,Physiol. Biochem. Zool.,1010,NA,19,55,NA,0.887096774,NA,834.0627702,NA,6.726308664,6.91770561,Acipenser medirostris,NA,juvenile,F4,19,individual,1,62,0.5,1,182.5,NA,0.825804723,exogenous,0,fresh,seawater-tolerant
2005,Lankford,Physiol. Biochem. Zool.,1010,NA,19,60,NA,0.967741935,NA,860.1272317,NA,6.757080322,6.91770561,Acipenser medirostris,NA,juvenile,F4,19,individual,1,62,0.5,1,182.5,NA,0.851611121,exogenous,0,fresh,seawater-tolerant
2005,Lankford,Physiol. Biochem. Zool.,1010,NA,19,65,NA,1.048387097,NA,1094.707386,NA,6.998242379,6.91770561,Acipenser medirostris,NA,juvenile,F4,19,individual,1,62,0.5,1,182.5,NA,1.083868699,exogenous,0,fresh,seawater-tolerant
2005,Lankford,Physiol. Biochem. Zool.,1040,NA,19,10,NA,0.158730159,NA,182.6036645,NA,5.207318037,6.946975992,Acipenser medirostris,NA,juvenile,F5,19,individual,1,63,0.5,1,182.5,NA,0.175580447,exogenous,0,fresh,seawater-tolerant
2005,Lankford,Physiol. Biochem. Zool.,1040,NA,19,35,NA,0.555555556,NA,318.7738258,NA,5.764481841,6.946975992,Acipenser medirostris,NA,juvenile,F5,19,individual,1,63,0.5,1,182.5,NA,0.306513294,exogenous,0,fresh,seawater-tolerant
2005,Lankford,Physiol. Biochem. Zool.,1040,NA,19,40,NA,0.634920635,NA,386.0763193,NA,5.956035068,6.946975992,Acipenser medirostris,NA,juvenile,F5,19,individual,1,63,0.5,1,182.5,NA,0.37122723,exogenous,0,fresh,seawater-tolerant
2005,Lankford,Physiol. Biochem. Zool.,1040,NA,19,45,NA,0.714285714,NA,469.5522802,NA,6.151779645,6.946975992,Acipenser medirostris,NA,juvenile,F5,19,individual,1,63,0.5,1,182.5,NA,0.451492577,exogenous,0,fresh,seawater-tolerant
2005,Lankford,Physiol. Biochem. Zool.,1040,NA,19,50,NA,0.793650794,NA,474.7695278,NA,6.162829482,6.946975992,Acipenser medirostris,NA,juvenile,F5,19,individual,1,63,0.5,1,182.5,NA,0.456509161,exogenous,0,fresh,seawater-tolerant
2005,Lankford,Physiol. Biochem. Zool.,1040,NA,19,55,NA,0.873015873,NA,711.03631,NA,6.566723497,6.946975992,Acipenser medirostris,NA,juvenile,F5,19,individual,1,63,0.5,1,182.5,NA,0.68368876,exogenous,0,fresh,seawater-tolerant
2005,Lankford,Physiol. Biochem. Zool.,1010,NA,19,10,NA,0.153846154,NA,156.7188649,NA,5.054453531,6.91770561,Acipenser medirostris,NA,juvenile,F6,19,individual,1,65,0.5,1,182.5,NA,0.155167193,exogenous,0,fresh,seawater-tolerant
2005,Lankford,Physiol. Biochem. Zool.,1010,NA,19,35,NA,0.538461538,NA,271.6460324,NA,5.604499867,6.91770561,Acipenser medirostris,NA,juvenile,F6,19,individual,1,65,0.5,1,182.5,NA,0.268956468,exogenous,0,fresh,seawater-tolerant
2005,Lankford,Physiol. Biochem. Zool.,1010,NA,19,40,NA,0.615384615,NA,376.1252757,NA,5.929922268,6.91770561,Acipenser medirostris,NA,juvenile,F6,19,individual,1,65,0.5,1,182.5,NA,0.372401263,exogenous,0,fresh,seawater-tolerant
2005,Lankford,Physiol. Biochem. Zool.,1010,NA,19,45,NA,0.692307692,NA,470.1565946,NA,6.153065819,6.91770561,Acipenser medirostris,NA,juvenile,F6,19,individual,1,65,0.5,1,182.5,NA,0.465501579,exogenous,0,fresh,seawater-tolerant
2005,Lankford,Physiol. Biochem. Zool.,1010,NA,19,50,NA,0.769230769,NA,616.4275351,NA,6.423940773,6.91770561,Acipenser medirostris,NA,juvenile,F6,19,individual,1,65,0.5,1,182.5,NA,0.610324292,exogenous,0,fresh,seawater-tolerant
