year,author,journal,mass_g,se_mass_g,temperature_c,swimspeed_cm_per_s,se_swimspeed_cm_per_s,swimspeed_bodylengths_per_second,se_swimSpeed_bodylengths_per_second,mr_mgo2_per_h,se_mr_mgo2_per_h,ln_mr_mgo2_per_h,ln_mass_g,species,race,life_stage,author_notes,acclimation_temperature_c,indiv_or_mean,n,fork_length_cm,data_quality,age_dph,exogenous_or_endogenous,wetmass_or_dry,salinity_ppt,salinity_factor,smolt_factor
1973,Brocksen and Bailey,International oil spill conference,4.32,NA,16,7,NA,NA,NA,1,NA,0,1.463255402,Oncorhynchus tshawytscha,hatchery,juvenile,NA,NA,individual,1,NA,3,NA,exogenous,wet,NA,NA,pre-smolt
1973,Brocksen and Bailey,International oil spill conference,4.75,NA,16,14,NA,NA,NA,1.11,NA,0.104360015,1.558144618,Oncorhynchus tshawytscha,hatchery,juvenile,NA,NA,individual,1,NA,3,NA,exogenous,wet,NA,NA,pre-smolt
1991,Morgan and Iwama, Can. J. Fish. Aquat.,7.939189189,0.466216216,11.5,0,NA,0,NA,2.112267148,0.124039518,0.747761848,2.071811153,Oncorhynchus tshawytscha,hatchery,juvenile,NA,,mean,2,NA,1,NA,exogenous,wet,0,fresh,post-smolt
1991,Morgan and Iwama, Can. J. Fish. Aquat.,6.885135135,0.506756757,11.5,0,NA,0,NA,2.062248842,0.151784753,0.723797058,1.929364759,Oncorhynchus tshawytscha,hatchery,juvenile,NA,,mean,2,NA,2,NA,exogenous,wet,5,salt,pre-smolt
1991,Morgan and Iwama, Can. J. Fish. Aquat.,6.317567568,0.486486486,11.5,0,NA,0,NA,1.964738344,0.151295359,0.675359078,1.843334256,Oncorhynchus tshawytscha,hatchery,juvenile,NA,,mean,2,NA,2,NA,exogenous,wet,10,salt,pre-smolt
1991,Morgan and Iwama, Can. J. Fish. Aquat.,5.486486486,0.324324324,11.5,0,NA,0,NA,1.94759341,0.115128674,0.666594462,1.702288066,Oncorhynchus tshawytscha,hatchery,juvenile,NA,,mean,2,NA,2,NA,exogenous,wet,20,salt,pre-smolt
1991,Morgan and Iwama, Can. J. Fish. Aquat.,4.391891892,0.486486486,11.5,0,NA,0,NA,1.54013675,0.170599763,0.431871211,1.479760089,Oncorhynchus tshawytscha,hatchery,juvenile,NA,,mean,2,NA,2,NA,exogenous,wet,28,salt,pre-smolt
1991,Rombough,Physiol. Zool.,0.093693694,NA,12,NA,NA,NA,NA,0.028718919,NA,-3.550199178,-3.550199178,Oncorhynchus tshawytscha,NA,larval,NA,NA,individual,1,NA,1,NA,endogenous,wet,0,fresh,pre-smolt
1991,Rombough,Physiol. Zool.,0.099099099,NA,12,NA,NA,NA,NA,0.033702703,NA,-3.390177246,-3.390177246,Oncorhynchus tshawytscha,NA,larval,NA,NA,individual,1,NA,1,NA,endogenous,wet,0,fresh,pre-smolt
1991,Rombough,Physiol. Zool.,0.124324324,NA,12,NA,NA,NA,NA,0.038627027,NA,-3.253803065,-3.253803065,Oncorhynchus tshawytscha,NA,larval,NA,NA,individual,1,NA,1,NA,endogenous,wet,0,fresh,pre-smolt
1991,Rombough,Physiol. Zool.,0.10990991,NA,12,NA,NA,NA,NA,0.04467027,NA,-3.108447093,-3.108447093,Oncorhynchus tshawytscha,NA,larval,NA,NA,individual,1,NA,1,NA,endogenous,wet,0,fresh,pre-smolt
1991,Rombough,Physiol. Zool.,0.118918919,NA,12,NA,NA,NA,NA,0.053643243,NA,-2.925399759,-2.925399759,Oncorhynchus tshawytscha,NA,larval,NA,NA,individual,1,NA,1,NA,endogenous,wet,0,fresh,pre-smolt
1991,Rombough,Physiol. Zool.,0.131531532,NA,12,NA,NA,NA,NA,0.064605405,NA,-2.739457197,-2.739457197,Oncorhynchus tshawytscha,NA,larval,NA,NA,individual,1,NA,1,NA,endogenous,wet,0,fresh,pre-smolt
1991,Rombough,Physiol. Zool.,0.176576577,NA,12,NA,NA,NA,NA,0.05647027,NA,-2.874040969,-2.874040969,Oncorhynchus tshawytscha,NA,larval,NA,NA,individual,1,NA,1,NA,endogenous,wet,0,fresh,pre-smolt
1991,Rombough,Physiol. Zool.,0.194594595,NA,12,NA,NA,NA,NA,0.065416216,NA,-2.726985097,-2.726985097,Oncorhynchus tshawytscha,NA,larval,NA,NA,individual,1,NA,1,NA,endogenous,wet,0,fresh,pre-smolt
1991,Rombough,Physiol. Zool.,0.207207207,NA,12,NA,NA,NA,NA,0.066378378,NA,-2.712383902,-2.712383902,Oncorhynchus tshawytscha,NA,larval,NA,NA,individual,1,NA,1,NA,endogenous,wet,0,fresh,pre-smolt
1991,Rombough,Physiol. Zool.,0.230630631,NA,12,NA,NA,NA,NA,0.066308108,NA,-2.713443095,-2.713443095,Oncorhynchus tshawytscha,NA,larval,NA,NA,individual,1,NA,1,NA,endogenous,wet,0,fresh,pre-smolt
1991,Rombough,Physiol. Zool.,0.187387387,NA,12,NA,NA,NA,NA,0.076437838,NA,-2.571277446,-2.571277446,Oncorhynchus tshawytscha,NA,larval,NA,NA,individual,1,NA,1,NA,endogenous,wet,0,fresh,pre-smolt
1991,Rombough,Physiol. Zool.,0.185585586,NA,12,NA,NA,NA,NA,0.079443243,NA,-2.532712434,-2.532712434,Oncorhynchus tshawytscha,NA,larval,NA,NA,individual,1,NA,1,NA,endogenous,wet,0,fresh,pre-smolt
1991,Rombough,Physiol. Zool.,0.187387387,NA,12,NA,NA,NA,NA,0.092437838,NA,-2.381218884,-2.381218884,Oncorhynchus tshawytscha,NA,larval,NA,NA,individual,1,NA,1,NA,endogenous,wet,0,fresh,pre-smolt
1991,Rombough,Physiol. Zool.,0.259459459,NA,12,NA,NA,NA,NA,0.061221622,NA,-2.793254857,-2.793254857,Oncorhynchus tshawytscha,NA,larval,NA,NA,individual,1,NA,1,NA,endogenous,wet,0,fresh,pre-smolt
1991,Rombough,Physiol. Zool.,0.369369369,NA,12,NA,NA,NA,NA,0.100891892,NA,-2.293705713,-2.293705713,Oncorhynchus tshawytscha,NA,larval,NA,NA,individual,1,NA,1,NA,endogenous,wet,0,fresh,pre-smolt
1991,Rombough,Physiol. Zool.,0.342342342,NA,12,NA,NA,NA,NA,0.118972973,NA,-2.12885893,-2.12885893,Oncorhynchus tshawytscha,NA,larval,NA,NA,individual,1,NA,1,NA,endogenous,wet,0,fresh,pre-smolt
1991,Rombough,Physiol. Zool.,0.351351351,NA,12,NA,NA,NA,NA,0.140945946,NA,-1.959378824,-1.959378824,Oncorhynchus tshawytscha,NA,larval,NA,NA,individual,1,NA,1,NA,endogenous,wet,0,fresh,pre-smolt
1991,Rombough,Physiol. Zool.,0.392792793,NA,12,NA,NA,NA,NA,0.111821622,NA,-2.190850341,-2.190850341,Oncorhynchus tshawytscha,NA,larval,NA,NA,individual,1,NA,1,NA,endogenous,wet,0,fresh,pre-smolt
1991,Rombough,Physiol. Zool.,0.405405405,NA,12,NA,NA,NA,NA,0.114783784,NA,-2.164705061,-2.164705061,Oncorhynchus tshawytscha,NA,larval,NA,NA,individual,1,NA,1,NA,exogenous,wet,0,fresh,pre-smolt
1991,Rombough,Physiol. Zool.,0.428828829,NA,12,NA,NA,NA,NA,0.110713514,NA,-2.200809373,-2.200809373,Oncorhynchus tshawytscha,NA,larval,NA,NA,individual,1,NA,1,NA,exogenous,wet,0,fresh,pre-smolt
1991,Rombough,Physiol. Zool.,0.427027027,NA,12,NA,NA,NA,NA,0.130718919,NA,-2.034705918,-2.034705918,Oncorhynchus tshawytscha,NA,larval,NA,NA,individual,1,NA,1,NA,exogenous,wet,0,fresh,pre-smolt
1991,Rombough,Physiol. Zool.,0.405405405,NA,12,NA,NA,NA,NA,0.128783784,NA,-2.049620376,-2.049620376,Oncorhynchus tshawytscha,NA,larval,NA,NA,individual,1,NA,1,NA,exogenous,wet,0,fresh,pre-smolt
1991,Rombough,Physiol. Zool.,0.389189189,NA,12,NA,NA,NA,NA,0.120832432,NA,-2.113350549,-2.113350549,Oncorhynchus tshawytscha,NA,larval,NA,NA,individual,1,NA,1,NA,endogenous,wet,0,fresh,pre-smolt
1991,Rombough,Physiol. Zool.,0.418018018,NA,12,NA,NA,NA,NA,0.125745946,NA,-2.07349171,-2.07349171,Oncorhynchus tshawytscha,NA,larval,NA,NA,individual,1,NA,1,NA,exogenous,wet,0,fresh,pre-smolt
1991,Rombough,Physiol. Zool.,0.488288288,NA,12,NA,NA,NA,NA,0.126535135,NA,-2.067235261,-2.067235261,Oncorhynchus tshawytscha,NA,larval,NA,NA,individual,1,NA,1,NA,exogenous,wet,0,fresh,pre-smolt
1991,Rombough,Physiol. Zool.,0.49009009,NA,12,NA,NA,NA,NA,0.12852973,NA,-2.051595042,-2.051595042,Oncorhynchus tshawytscha,NA,larval,NA,NA,individual,1,NA,1,NA,exogenous,wet,0,fresh,pre-smolt
1991,Rombough,Physiol. Zool.,0.416216216,NA,12,NA,NA,NA,NA,0.162751351,NA,-1.815531695,-1.815531695,Oncorhynchus tshawytscha,NA,larval,NA,NA,individual,1,NA,1,NA,exogenous,wet,0,fresh,pre-smolt
1991,Rombough,Physiol. Zool.,0.387387387,NA,12,NA,NA,NA,NA,0.185837838,NA,-1.682880825,-1.682880825,Oncorhynchus tshawytscha,NA,larval,NA,NA,individual,1,NA,1,NA,endogenous,wet,0,fresh,pre-smolt
1991,Rombough,Physiol. Zool.,0.500900901,NA,12,NA,NA,NA,NA,0.153497297,NA,-1.874072319,-1.874072319,Oncorhynchus tshawytscha,NA,larval,NA,NA,individual,1,NA,1,NA,exogenous,wet,0,fresh,pre-smolt
1991,Rombough,Physiol. Zool.,0.526126126,NA,12,NA,NA,NA,NA,0.166421622,NA,-1.793230821,-1.793230821,Oncorhynchus tshawytscha,NA,larval,NA,NA,individual,1,NA,1,NA,exogenous,wet,0,fresh,pre-smolt
1991,Rombough,Physiol. Zool.,0.547747748,NA,12,NA,NA,NA,NA,0.140356757,NA,-1.963567835,-1.963567835,Oncorhynchus tshawytscha,NA,larval,NA,NA,individual,1,NA,1,NA,exogenous,wet,0,fresh,pre-smolt
1991,Rombough,Physiol. Zool.,0.592792793,NA,12,NA,NA,NA,NA,0.182221622,NA,-1.702531631,-1.702531631,Oncorhynchus tshawytscha,NA,larval,NA,NA,individual,1,NA,1,NA,exogenous,wet,0,fresh,pre-smolt
1991,Rombough,Physiol. Zool.,0.663063063,NA,12,NA,NA,NA,NA,0.152010811,NA,-1.883803637,-1.883803637,Oncorhynchus tshawytscha,NA,larval,NA,NA,individual,1,NA,1,NA,exogenous,wet,0,fresh,pre-smolt
1991,Rombough,Physiol. Zool.,0.70990991,NA,12,NA,NA,NA,NA,0.17787027,NA,-1.726700813,-1.726700813,Oncorhynchus tshawytscha,NA,larval,NA,NA,individual,1,NA,1,NA,exogenous,wet,0,fresh,pre-smolt
1991,Rombough,Physiol. Zool.,0.740540541,NA,12,NA,NA,NA,NA,0.168778378,NA,-1.779168795,-1.779168795,Oncorhynchus tshawytscha,NA,larval,NA,NA,individual,1,NA,1,NA,exogenous,wet,0,fresh,pre-smolt
1991,Rombough,Physiol. Zool.,0.78018018,NA,12,NA,NA,NA,NA,0.170659459,NA,-1.768085173,-1.768085173,Oncorhynchus tshawytscha,NA,larval,NA,NA,individual,1,NA,1,NA,exogenous,wet,0,fresh,pre-smolt
1991,Rombough,Physiol. Zool.,0.673873874,NA,12,NA,NA,NA,NA,0.191978378,NA,-1.650372526,-1.650372526,Oncorhynchus tshawytscha,NA,larval,NA,NA,individual,1,NA,1,NA,exogenous,wet,0,fresh,pre-smolt
1991,Rombough,Physiol. Zool.,0.720720721,NA,12,NA,NA,NA,NA,0.212837838,NA,-1.547224728,-1.547224728,Oncorhynchus tshawytscha,NA,larval,NA,NA,individual,1,NA,1,NA,exogenous,wet,0,fresh,pre-smolt
1991,Rombough,Physiol. Zool.,0.767567568,NA,12,NA,NA,NA,NA,0.229697297,NA,-1.470992936,-1.470992936,Oncorhynchus tshawytscha,NA,larval,NA,NA,individual,1,NA,1,NA,exogenous,wet,0,fresh,pre-smolt
1991,Rombough,Physiol. Zool.,0.875675676,NA,12,NA,NA,NA,NA,0.190372973,NA,-1.658770115,-1.658770115,Oncorhynchus tshawytscha,NA,larval,NA,NA,individual,1,NA,1,NA,exogenous,wet,0,fresh,pre-smolt
1991,Rombough,Physiol. Zool.,0.89009009,NA,12,NA,NA,NA,NA,0.24632973,NA,-1.401084276,-1.401084276,Oncorhynchus tshawytscha,NA,larval,NA,NA,individual,1,NA,1,NA,exogenous,wet,0,fresh,pre-smolt
1991,Rombough,Physiol. Zool.,0.992792793,NA,12,NA,NA,NA,NA,0.291021622,NA,-1.234357713,-1.234357713,Oncorhynchus tshawytscha,NA,larval,NA,NA,individual,1,NA,1,NA,exogenous,wet,0,fresh,pre-smolt
1991,Rombough,Physiol. Zool.,0.886486486,NA,12,NA,NA,NA,NA,0.297340541,NA,-1.212877196,-1.212877196,Oncorhynchus tshawytscha,NA,larval,NA,NA,individual,1,NA,1,NA,exogenous,wet,0,fresh,pre-smolt
1991,Rombough,Physiol. Zool.,0.864864865,NA,12,NA,NA,NA,NA,0.347405405,NA,-1.057262866,-1.057262866,Oncorhynchus tshawytscha,NA,larval,NA,NA,individual,1,NA,1,NA,exogenous,wet,0,fresh,pre-smolt
1991,Rombough,Physiol. Zool.,0.695495495,NA,12,NA,NA,NA,NA,0.296913514,NA,-1.214314383,-1.214314383,Oncorhynchus tshawytscha,NA,larval,NA,NA,individual,1,NA,1,NA,exogenous,wet,0,fresh,pre-smolt
1991,Rombough,Physiol. Zool.,1.064864865,NA,12,NA,NA,NA,NA,0.481805405,NA,-0.73021497,-0.73021497,Oncorhynchus tshawytscha,NA,larval,NA,NA,individual,1,NA,1,NA,exogenous,wet,0,fresh,pre-smolt
1991,Rombough,Physiol. Zool.,1.063871763,NA,12,0,NA,0,NA,0.482598948,NA,-0.728569306,0.06191486,Oncorhynchus tshawytscha,fall run,juvenile,NA,NA,individual,1,NA,1,NA,exogenous,wet,0,fresh,pre-smolt
1991,Rombough,Physiol. Zool.,0.865598027,NA,12,0,NA,0,NA,0.347315794,NA,-1.057520845,-0.14433465,Oncorhynchus tshawytscha,fall run,juvenile,NA,NA,individual,1,NA,1,NA,exogenous,wet,0,fresh,pre-smolt
1991,Rombough,Physiol. Zool.,0.885573366,NA,12,0,NA,0,NA,0.297932621,NA,-1.210887924,-0.121519972,Oncorhynchus tshawytscha,fall run,juvenile,NA,NA,individual,1,NA,1,NA,exogenous,wet,0,fresh,pre-smolt
1991,Rombough,Physiol. Zool.,0.992848335,NA,12,0,NA,0,NA,0.291544309,NA,-1.232563283,-0.00717736,Oncorhynchus tshawytscha,fall run,juvenile,NA,NA,individual,1,NA,1,NA,exogenous,wet,0,fresh,pre-smolt
1991,Rombough,Physiol. Zool.,0.89001233,NA,12,0,NA,0,NA,0.246936652,NA,-1.398623444,-0.116519962,Oncorhynchus tshawytscha,fall run,juvenile,NA,NA,individual,1,NA,1,NA,exogenous,wet,0,fresh,pre-smolt
1991,Rombough,Physiol. Zool.,0.875215783,NA,12,0,NA,0,NA,0.19104602,NA,-1.655240937,-0.133284814,Oncorhynchus tshawytscha,fall run,juvenile,NA,NA,individual,1,NA,1,NA,exogenous,wet,0,fresh,pre-smolt
1991,Rombough,Physiol. Zool.,0.781257707,NA,12,0,NA,0,NA,0.17067998,NA,-1.767964938,-0.246850214,Oncorhynchus tshawytscha,fall run,juvenile,NA,NA,individual,1,NA,1,NA,exogenous,wet,0,fresh,pre-smolt
1991,Rombough,Physiol. Zool.,0.740567201,NA,12,0,NA,0,NA,0.169530084,NA,-1.774724882,-0.300338899,Oncorhynchus tshawytscha,fall run,juvenile,NA,NA,individual,1,NA,1,NA,exogenous,wet,0,fresh,pre-smolt
1991,Rombough,Physiol. Zool.,0.710234279,NA,12,0,NA,0,NA,0.178638499,NA,-1.722391076,-0.342160393,Oncorhynchus tshawytscha,fall run,juvenile,NA,NA,individual,1,NA,1,NA,exogenous,wet,0,fresh,pre-smolt
1991,Rombough,Physiol. Zool.,0.662145499,NA,12,0,NA,0,NA,0.15283276,NA,-1.878411027,-0.41226996,Oncorhynchus tshawytscha,fall run,juvenile,NA,NA,individual,1,NA,1,NA,exogenous,wet,0,fresh,pre-smolt
1991,Rombough,Physiol. Zool.,0.675462392,NA,12,0,NA,0,NA,0.191867882,NA,-1.650948261,-0.392357797,Oncorhynchus tshawytscha,fall run,juvenile,NA,NA,individual,1,NA,1,NA,exogenous,wet,0,fresh,pre-smolt
1991,Rombough,Physiol. Zool.,0.720591862,NA,12,0,NA,0,NA,0.213156678,NA,-1.545727807,-0.327682374,Oncorhynchus tshawytscha,fall run,juvenile,NA,NA,individual,1,NA,1,NA,exogenous,wet,0,fresh,pre-smolt
1991,Rombough,Physiol. Zool.,0.767940814,NA,12,0,NA,0,NA,0.229917885,NA,-1.470033056,-0.264042614,Oncorhynchus tshawytscha,fall run,juvenile,NA,NA,individual,1,NA,1,NA,exogenous,wet,0,fresh,pre-smolt
1991,Rombough,Physiol. Zool.,0.695437731,NA,12,0,NA,0,NA,0.296678788,NA,-1.215105249,-0.363213803,Oncorhynchus tshawytscha,fall run,juvenile,NA,NA,individual,1,NA,1,NA,exogenous,wet,0,fresh,pre-smolt
1991,Rombough,Physiol. Zool.,0.487546239,NA,12,0,NA,0,NA,0.12564238,NA,-2.074315659,-0.718370143,Oncorhynchus tshawytscha,fall run,juvenile,NA,NA,individual,1,NA,1,NA,exogenous,wet,0,fresh,pre-smolt
1991,Rombough,Physiol. Zool.,0.492725031,NA,12,0,NA,0,NA,0.129743575,NA,-2.042195275,-0.707804007,Oncorhynchus tshawytscha,fall run,juvenile,NA,NA,individual,1,NA,1,NA,exogenous,wet,0,fresh,pre-smolt
1991,Rombough,Physiol. Zool.,0.548212084,NA,12,0,NA,0,NA,0.139909103,NA,-1.966762328,-0.601093053,Oncorhynchus tshawytscha,fall run,juvenile,NA,NA,individual,1,NA,1,NA,exogenous,wet,0,fresh,pre-smolt
1991,Rombough,Physiol. Zool.,0.500863132,NA,12,0,NA,0,NA,0.153575528,NA,-1.873562793,-0.691422405,Oncorhynchus tshawytscha,fall run,juvenile,NA,NA,individual,1,NA,1,NA,exogenous,wet,0,fresh,pre-smolt
1991,Rombough,Physiol. Zool.,0.525277435,NA,12,0,NA,0,NA,0.166272045,NA,-1.794130008,-0.643828708,Oncorhynchus tshawytscha,fall run,juvenile,NA,NA,individual,1,NA,1,NA,exogenous,wet,0,fresh,pre-smolt
1991,Rombough,Physiol. Zool.,0.592601726,NA,12,0,NA,0,NA,0.182169816,NA,-1.702815975,-0.523232731,Oncorhynchus tshawytscha,fall run,juvenile,NA,NA,individual,1,NA,1,NA,exogenous,wet,0,fresh,pre-smolt
1991,Rombough,Physiol. Zool.,0.370653514,NA,12,0,NA,0,NA,0.10121165,NA,-2.290541412,-0.992487577,Oncorhynchus tshawytscha,fall run,juvenile,NA,NA,individual,1,NA,1,NA,endogenous,wet,0,fresh,pre-smolt
1991,Rombough,Physiol. Zool.,0.392848335,NA,12,0,NA,0,NA,0.111445624,NA,-2.194218481,-0.934331657,Oncorhynchus tshawytscha,fall run,juvenile,NA,NA,individual,1,NA,1,NA,endogenous,wet,0,fresh,pre-smolt
1991,Rombough,Physiol. Zool.,0.406905055,NA,12,0,NA,0,NA,0.114295014,NA,-2.168972329,-0.8991754,Oncorhynchus tshawytscha,fall run,juvenile,NA,NA,individual,1,NA,1,NA,exogenous,wet,0,fresh,pre-smolt
1991,Rombough,Physiol. Zool.,0.429099877,NA,12,0,NA,0,NA,0.11095991,NA,-2.198586316,-0.846065574,Oncorhynchus tshawytscha,fall run,juvenile,NA,NA,individual,1,NA,1,NA,exogenous,wet,0,fresh,pre-smolt
1991,Rombough,Physiol. Zool.,0.426880395,NA,12,0,NA,0,NA,0.130290131,NA,-2.03799154,-0.851251411,Oncorhynchus tshawytscha,fall run,juvenile,NA,NA,individual,1,NA,1,NA,exogenous,wet,0,fresh,pre-smolt
1991,Rombough,Physiol. Zool.,0.418742293,NA,12,0,NA,0,NA,0.125783836,NA,-2.073190435,-0.8704996,Oncorhynchus tshawytscha,fall run,juvenile,NA,NA,individual,1,NA,1,NA,exogenous,wet,0,fresh,pre-smolt
1991,Rombough,Physiol. Zool.,0.405425401,NA,12,0,NA,0,NA,0.129100688,NA,-2.047162653,-0.902818391,Oncorhynchus tshawytscha,fall run,juvenile,NA,NA,individual,1,NA,1,NA,exogenous,wet,0,fresh,pre-smolt
1991,Rombough,Physiol. Zool.,0.389889026,NA,12,0,NA,0,NA,0.121731314,NA,-2.10593901,-0.941893129,Oncorhynchus tshawytscha,fall run,juvenile,NA,NA,individual,1,NA,1,NA,endogenous,wet,0,fresh,pre-smolt
1991,Rombough,Physiol. Zool.,0.342540074,NA,12,0,NA,0,NA,0.119361554,NA,-2.125598122,-1.071366624,Oncorhynchus tshawytscha,fall run,juvenile,NA,NA,individual,1,NA,1,NA,endogenous,wet,0,fresh,pre-smolt
1991,Rombough,Physiol. Zool.,0.35215783,NA,12,0,NA,0,NA,0.14072336,NA,-1.960959304,-1.043675824,Oncorhynchus tshawytscha,fall run,juvenile,NA,NA,individual,1,NA,1,NA,endogenous,wet,0,fresh,pre-smolt
1991,Rombough,Physiol. Zool.,0.417262639,NA,12,0,NA,0,NA,0.162793457,NA,-1.815273018,-0.874039426,Oncorhynchus tshawytscha,fall run,juvenile,NA,NA,individual,1,NA,1,NA,exogenous,wet,0,fresh,pre-smolt
1991,Rombough,Physiol. Zool.,0.389149199,NA,12,0,NA,0,NA,0.185877572,NA,-1.682667039,-0.943792465,Oncorhynchus tshawytscha,fall run,juvenile,NA,NA,individual,1,NA,1,NA,endogenous,wet,0,fresh,pre-smolt
1991,Rombough,Physiol. Zool.,0.259679408,NA,12,0,NA,0,NA,0.060321383,NA,-2.808068631,-1.348307454,Oncorhynchus tshawytscha,fall run,juvenile,NA,NA,individual,1,NA,1,NA,endogenous,wet,0,fresh,pre-smolt
1991,Rombough,Physiol. Zool.,0.231565968,NA,12,0,NA,0,NA,0.066135761,NA,-2.716045668,-1.462890487,Oncorhynchus tshawytscha,fall run,juvenile,NA,NA,individual,1,NA,1,NA,endogenous,wet,0,fresh,pre-smolt
1991,Rombough,Physiol. Zool.,0.210110974,NA,12,0,NA,0,NA,0.067824607,NA,-2.690830209,-1.56011944,Oncorhynchus tshawytscha,fall run,juvenile,NA,NA,individual,1,NA,1,NA,endogenous,wet,0,fresh,pre-smolt
1991,Rombough,Physiol. Zool.,0.207151665,NA,12,0,NA,0,NA,0.066185955,NA,-2.715287004,-1.574304075,Oncorhynchus tshawytscha,fall run,juvenile,NA,NA,individual,1,NA,1,NA,endogenous,wet,0,fresh,pre-smolt
1991,Rombough,Physiol. Zool.,0.196054254,NA,12,0,NA,0,NA,0.064975217,NA,-2.733749352,-1.629363852,Oncorhynchus tshawytscha,fall run,juvenile,NA,NA,individual,1,NA,1,NA,endogenous,wet,0,fresh,pre-smolt
1991,Rombough,Physiol. Zool.,0.17755857,NA,12,0,NA,0,NA,0.056789559,NA,-2.868402793,-1.728454755,Oncorhynchus tshawytscha,fall run,juvenile,NA,NA,individual,1,NA,1,NA,endogenous,wet,0,fresh,pre-smolt
1991,Rombough,Physiol. Zool.,0.18865598,NA,12,0,NA,0,NA,0.076092401,NA,-2.57580687,-1.667830133,Oncorhynchus tshawytscha,fall run,juvenile,NA,NA,individual,1,NA,1,NA,endogenous,wet,0,fresh,pre-smolt
1991,Rombough,Physiol. Zool.,0.186436498,NA,12,0,NA,0,NA,0.080208807,NA,-2.523121963,-1.67966459,Oncorhynchus tshawytscha,fall run,juvenile,NA,NA,individual,1,NA,1,NA,endogenous,wet,0,fresh,pre-smolt
1991,Rombough,Physiol. Zool.,0.187916153,NA,12,0,NA,0,NA,0.091718922,NA,-2.38902657,-1.671759411,Oncorhynchus tshawytscha,fall run,juvenile,NA,NA,individual,1,NA,1,NA,endogenous,wet,0,fresh,pre-smolt
1991,Rombough,Physiol. Zool.,0.1324291,NA,12,0,NA,0,NA,0.063872473,NA,-2.750866792,-2.021707872,Oncorhynchus tshawytscha,fall run,juvenile,NA,NA,individual,1,NA,1,NA,endogenous,wet,0,fresh,pre-smolt
1991,Rombough,Physiol. Zool.,0.119852035,NA,12,0,NA,0,NA,0.052385173,NA,-2.949131693,-2.121497343,Oncorhynchus tshawytscha,fall run,juvenile,NA,NA,individual,1,NA,1,NA,endogenous,wet,0,fresh,pre-smolt
1991,Rombough,Physiol. Zool.,0.111713933,NA,12,0,NA,0,NA,0.043355851,NA,-3.138313607,-2.191813841,Oncorhynchus tshawytscha,fall run,juvenile,NA,NA,individual,1,NA,1,NA,endogenous,wet,0,fresh,pre-smolt
1991,Rombough,Physiol. Zool.,0.093218249,NA,12,0,NA,0,NA,0.027768877,NA,-3.583839419,-2.372811771,Oncorhynchus tshawytscha,fall run,juvenile,NA,NA,individual,1,NA,1,NA,endogenous,wet,0,fresh,pre-smolt
1991,Rombough,Physiol. Zool.,0.099136868,NA,12,0,NA,0,NA,0.03474684,NA,-3.359666637,-2.311253878,Oncorhynchus tshawytscha,fall run,juvenile,NA,NA,individual,1,NA,1,NA,endogenous,wet,0,fresh,pre-smolt
1991,Rombough,Physiol. Zool.,0.124290999,NA,12,0,NA,0,NA,0.038395783,NA,-3.259807635,-2.085129698,Oncorhynchus tshawytscha,fall run,juvenile,NA,NA,individual,1,NA,1,NA,endogenous,wet,0,fresh,pre-smolt
1991,Rombough,Physiol. Zool.,0.113193588,NA,12,0,NA,0,NA,0.036773862,NA,-3.302967962,-2.178655756,Oncorhynchus tshawytscha,fall run,juvenile,NA,NA,individual,1,NA,1,NA,endogenous,wet,0,fresh,pre-smolt
1992,Morgan,Can. J. Zool.,0.0999,0.0005,10.05,8.5,NA,3.183520599,NA,0.059599432,NA,-2.820109238,-2.303585593,Oncorhynchus tshawytscha,NA,alevin,NA,10,mean,25,NA,2,,endogenous,dry,0,salt,pre-smolt
1992,Morgan,Can. J. Zool.,0.1015,0.0004,10.05,8.5,NA,3.183520599,NA,0.067282197,NA,-2.69885961,-2.287696481,Oncorhynchus tshawytscha,NA,alevin,NA,10,mean,25,NA,2,,endogenous,dry,4,salt,pre-smolt
1992,Morgan,Can. J. Zool.,0.0988,0.0006,10.05,8.5,NA,3.024911032,NA,0.057633333,NA,-2.853654175,-2.314657674,Oncorhynchus tshawytscha,NA,alevin,NA,10,mean,25,NA,2,,endogenous,dry,8,salt,pre-smolt
1992,Morgan,Can. J. Zool.,0.1017,0.0003,10.05,8.5,NA,3.333333333,NA,0.067607386,NA,-2.694038036,-2.285727976,Oncorhynchus tshawytscha,NA,alevin,NA,10,mean,25,NA,2,,endogenous,dry,12,salt,pre-smolt
1993,Thorarensen et al.,J. Exp. Biol.,368,30.2,10,9.812071817,NA,0.343422514,NA,9.372644301,NA,2.237795266,5.908082938,Oncorhynchus tshawytscha,hatchery,juvenile,NA,9.5,individual,1,30.3,1,NA,exogenous,wet,30,salt,post-smolt
1993,Thorarensen et al.,J. Exp. Biol.,368,30.2,10,10.5878305,NA,0.370574067,NA,15.88317145,NA,2.765260149,5.908082938,Oncorhynchus tshawytscha,hatchery,juvenile,NA,9.5,individual,1,30.3,1,NA,exogenous,wet,30,salt,post-smolt
1993,Thorarensen et al.,J. Exp. Biol.,368,30.2,10,10.43635684,NA,0.365272489,NA,21.3114981,NA,3.059246744,5.908082938,Oncorhynchus tshawytscha,hatchery,juvenile,NA,9.5,individual,1,30.3,1,NA,exogenous,wet,30,salt,post-smolt
1993,Thorarensen et al.,J. Exp. Biol.,368,30.2,10,10.76105624,NA,0.376636968,NA,50.25847539,NA,3.917179197,5.908082938,Oncorhynchus tshawytscha,hatchery,juvenile,NA,9.5,individual,1,30.3,1,NA,exogenous,wet,30,salt,post-smolt
1993,Thorarensen et al.,J. Exp. Biol.,368,30.2,10,10.37970253,NA,0.363289589,NA,58.94430099,NA,4.076592947,5.908082938,Oncorhynchus tshawytscha,hatchery,juvenile,NA,9.5,individual,1,30.3,1,NA,exogenous,wet,30,salt,post-smolt
1993,Thorarensen et al.,J. Exp. Biol.,368,30.2,10,9.846677417,NA,0.34463371,NA,72.69660205,NA,4.286294644,5.908082938,Oncorhynchus tshawytscha,hatchery,juvenile,NA,9.5,individual,1,30.3,1,NA,exogenous,wet,30,salt,post-smolt
1993,Thorarensen et al.,J. Exp. Biol.,368,30.2,10,10.78261059,NA,0.377391371,NA,89.70025479,NA,4.496473609,5.908082938,Oncorhynchus tshawytscha,hatchery,juvenile,NA,9.5,individual,1,30.3,1,NA,exogenous,wet,30,salt,post-smolt
1993,Thorarensen et al.,J. Exp. Biol.,368,30.2,10,10.48124525,NA,0.366843584,NA,103.4517176,NA,4.639105007,5.908082938,Oncorhynchus tshawytscha,hatchery,juvenile,NA,9.5,individual,1,30.3,1,NA,exogenous,wet,30,salt,post-smolt
1993,Thorarensen et al.,J. Exp. Biol.,368,30.2,10,19.16616324,NA,0.670815713,NA,28.51694719,NA,3.350498549,5.908082938,Oncorhynchus tshawytscha,hatchery,juvenile,NA,9.5,individual,1,30.3,1,NA,exogenous,wet,30,salt,post-smolt
1993,Thorarensen et al.,J. Exp. Biol.,368,30.2,10,19.56155694,NA,0.684654493,NA,45.52255587,NA,3.818207937,5.908082938,Oncorhynchus tshawytscha,hatchery,juvenile,NA,9.5,individual,1,30.3,1,NA,exogenous,wet,30,salt,post-smolt
1993,Thorarensen et al.,J. Exp. Biol.,368,30.2,10,20.18307351,NA,0.706407573,NA,52.39549305,NA,3.958820577,5.908082938,Oncorhynchus tshawytscha,hatchery,juvenile,NA,9.5,individual,1,30.3,1,NA,exogenous,wet,30,salt,post-smolt
1993,Thorarensen et al.,J. Exp. Biol.,368,30.2,10,20.26523709,NA,0.709283298,NA,61.44149331,NA,4.118085394,5.908082938,Oncorhynchus tshawytscha,hatchery,juvenile,NA,9.5,individual,1,30.3,1,NA,exogenous,wet,30,salt,post-smolt
1993,Thorarensen et al.,J. Exp. Biol.,368,30.2,10,19.80191755,NA,0.693067114,NA,61.44316984,NA,4.11811268,5.908082938,Oncorhynchus tshawytscha,hatchery,juvenile,NA,9.5,individual,1,30.3,1,NA,exogenous,wet,30,salt,post-smolt
1993,Thorarensen et al.,J. Exp. Biol.,368,30.2,10,27.24429675,NA,0.953550386,NA,114.970321,NA,4.744674017,5.908082938,Oncorhynchus tshawytscha,hatchery,juvenile,NA,9.5,individual,1,30.3,1,NA,exogenous,wet,30,salt,post-smolt
1993,Thorarensen et al.,J. Exp. Biol.,368,30.2,10,28.85741207,NA,1.010009423,NA,99.40485214,NA,4.599200927,5.908082938,Oncorhynchus tshawytscha,hatchery,juvenile,NA,9.5,individual,1,30.3,1,NA,exogenous,wet,30,salt,post-smolt
1993,Thorarensen et al.,J. Exp. Biol.,368,30.2,10,29.30926234,NA,1.025824182,NA,78.41580676,NA,4.362025524,5.908082938,Oncorhynchus tshawytscha,hatchery,juvenile,NA,9.5,individual,1,30.3,1,NA,exogenous,wet,30,salt,post-smolt
1993,Thorarensen et al.,J. Exp. Biol.,368,30.2,10,28.82399295,NA,1.008839753,NA,38.25200152,NA,3.644195886,5.908082938,Oncorhynchus tshawytscha,hatchery,juvenile,NA,9.5,individual,1,30.3,1,NA,exogenous,wet,30,salt,post-smolt
1993,Thorarensen et al.,J. Exp. Biol.,368,30.2,10,38.16859255,NA,1.335900739,NA,40.02744742,NA,3.689565404,5.908082938,Oncorhynchus tshawytscha,hatchery,juvenile,NA,9.5,individual,1,30.3,1,NA,exogenous,wet,30,salt,post-smolt
1993,Thorarensen et al.,J. Exp. Biol.,368,30.2,10,38.42081794,NA,1.344728628,NA,77.65913262,NA,4.352329155,5.908082938,Oncorhynchus tshawytscha,hatchery,juvenile,NA,9.5,individual,1,30.3,1,NA,exogenous,wet,30,salt,post-smolt
1993,Thorarensen et al.,J. Exp. Biol.,368,30.2,10,33.3225232,NA,1.166288312,NA,74.42091377,NA,4.309737001,5.908082938,Oncorhynchus tshawytscha,hatchery,juvenile,NA,9.5,individual,1,30.3,1,NA,exogenous,wet,30,salt,post-smolt
1993,Thorarensen et al.,J. Exp. Biol.,368,30.2,10,34.25410595,NA,1.198893708,NA,83.46384039,NA,4.424413489,5.908082938,Oncorhynchus tshawytscha,hatchery,juvenile,NA,9.5,individual,1,30.3,1,NA,exogenous,wet,30,salt,post-smolt
1993,Thorarensen et al.,J. Exp. Biol.,368,30.2,10,35.86998973,NA,1.25544964,NA,72.9642881,NA,4.289970117,5.908082938,Oncorhynchus tshawytscha,hatchery,juvenile,NA,9.5,individual,1,30.3,1,NA,exogenous,wet,30,salt,post-smolt
1993,Thorarensen et al.,J. Exp. Biol.,368,30.2,10,39.12113641,NA,1.369239774,NA,87.42659987,NA,4.470799583,5.908082938,Oncorhynchus tshawytscha,hatchery,juvenile,NA,9.5,individual,1,30.3,1,NA,exogenous,wet,30,salt,post-smolt
1993,Thorarensen et al.,J. Exp. Biol.,368,30.2,10,42.51307844,NA,1.487957746,NA,76.92062089,NA,4.342773993,5.908082938,Oncorhynchus tshawytscha,hatchery,juvenile,NA,9.5,individual,1,30.3,1,NA,exogenous,wet,30,salt,post-smolt
1993,Thorarensen et al.,J. Exp. Biol.,368,30.2,10,43.51436676,NA,1.523002837,NA,72.21292297,NA,4.279619018,5.908082938,Oncorhynchus tshawytscha,hatchery,juvenile,NA,9.5,individual,1,30.3,1,NA,exogenous,wet,30,salt,post-smolt
1993,Thorarensen et al.,J. Exp. Biol.,368,30.2,10,41.57378359,NA,1.455082426,NA,53.76549797,NA,3.98463196,5.908082938,Oncorhynchus tshawytscha,hatchery,juvenile,NA,9.5,individual,1,30.3,1,NA,exogenous,wet,30,salt,post-smolt
1993,Thorarensen et al.,J. Exp. Biol.,368,30.2,10,42.57922458,NA,1.49027286,NA,56.65667499,NA,4.037009809,5.908082938,Oncorhynchus tshawytscha,hatchery,juvenile,NA,9.5,individual,1,30.3,1,NA,exogenous,wet,30,salt,post-smolt
1993,Thorarensen et al.,J. Exp. Biol.,368,30.2,10,46.06025132,NA,1.612108796,NA,67.86148781,NA,4.217468684,5.908082938,Oncorhynchus tshawytscha,hatchery,juvenile,NA,9.5,individual,1,30.3,1,NA,exogenous,wet,30,salt,post-smolt
1993,Thorarensen et al.,J. Exp. Biol.,368,30.2,10,47.2935949,NA,1.655275821,NA,63.876654,NA,4.156953943,5.908082938,Oncorhynchus tshawytscha,hatchery,juvenile,NA,9.5,individual,1,30.3,1,NA,exogenous,wet,30,salt,post-smolt
1993,Thorarensen et al.,J. Exp. Biol.,368,30.2,10,47.67099368,NA,1.668484779,NA,47.95380466,NA,3.870238145,5.908082938,Oncorhynchus tshawytscha,hatchery,juvenile,NA,9.5,individual,1,30.3,1,NA,exogenous,wet,30,salt,post-smolt
1993,Thorarensen et al.,J. Exp. Biol.,368,30.2,10,47.37852693,NA,1.658248443,NA,77.98857088,NA,4.356562289,5.908082938,Oncorhynchus tshawytscha,hatchery,juvenile,NA,9.5,individual,1,30.3,1,NA,exogenous,wet,30,salt,post-smolt
1993,Thorarensen et al.,J. Exp. Biol.,368,30.2,10,44.60849696,NA,1.561297394,NA,96.09118942,NA,4.56529763,5.908082938,Oncorhynchus tshawytscha,hatchery,juvenile,NA,9.5,individual,1,30.3,1,NA,exogenous,wet,30,salt,post-smolt
1993,Thorarensen et al.,J. Exp. Biol.,368,30.2,10,47.92934921,NA,1.677527222,NA,96.80287666,NA,4.572676711,5.908082938,Oncorhynchus tshawytscha,hatchery,juvenile,NA,9.5,individual,1,30.3,1,NA,exogenous,wet,30,salt,post-smolt
1993,Thorarensen et al.,J. Exp. Biol.,368,30.2,10,48.46988868,NA,1.696446104,NA,96.80092071,NA,4.572656506,5.908082938,Oncorhynchus tshawytscha,hatchery,juvenile,NA,9.5,individual,1,30.3,1,NA,exogenous,wet,30,salt,post-smolt
1993,Thorarensen et al.,J. Exp. Biol.,368,30.2,10,51.6325439,NA,1.807139036,NA,90.63799423,NA,4.506873488,5.908082938,Oncorhynchus tshawytscha,hatchery,juvenile,NA,9.5,individual,1,30.3,1,NA,exogenous,wet,30,salt,post-smolt
1993,Thorarensen et al.,J. Exp. Biol.,368,30.2,10,51.69789904,NA,1.809426467,NA,68.92664358,NA,4.233042803,5.908082938,Oncorhynchus tshawytscha,hatchery,juvenile,NA,9.5,individual,1,30.3,1,NA,exogenous,wet,30,salt,post-smolt
1993,Thorarensen et al.,J. Exp. Biol.,368,30.2,10,54.94469531,NA,1.923064336,NA,75.42822924,NA,4.323181598,5.908082938,Oncorhynchus tshawytscha,hatchery,juvenile,NA,9.5,individual,1,30.3,1,NA,exogenous,wet,30,salt,post-smolt
1993,Thorarensen et al.,J. Exp. Biol.,368,30.2,10,56.56394077,NA,1.979737927,NA,71.08014713,NA,4.263808073,5.908082938,Oncorhynchus tshawytscha,hatchery,juvenile,NA,9.5,individual,1,30.3,1,NA,exogenous,wet,30,salt,post-smolt
1993,Thorarensen et al.,J. Exp. Biol.,368,30.2,10,57.57294119,NA,2.015052942,NA,80.48464552,NA,4.388066427,5.908082938,Oncorhynchus tshawytscha,hatchery,juvenile,NA,9.5,individual,1,30.3,1,NA,exogenous,wet,30,salt,post-smolt
1993,Thorarensen et al.,J. Exp. Biol.,368,30.2,10,53.19038914,NA,1.86166362,NA,115.2382865,NA,4.747002041,5.908082938,Oncorhynchus tshawytscha,hatchery,juvenile,NA,9.5,individual,1,30.3,1,NA,exogenous,wet,30,salt,post-smolt
1993,Thorarensen et al.,J. Exp. Biol.,368,30.2,10,57.82061841,NA,2.023721644,NA,109.7937534,NA,4.698603637,5.908082938,Oncorhynchus tshawytscha,hatchery,juvenile,NA,9.5,individual,1,30.3,1,NA,exogenous,wet,30,salt,post-smolt
1993,Thorarensen et al.,J. Exp. Biol.,368,30.2,10,57.89329017,NA,2.026265156,NA,101.4708967,NA,4.619772025,5.908082938,Oncorhynchus tshawytscha,hatchery,juvenile,NA,9.5,individual,1,30.3,1,NA,exogenous,wet,30,salt,post-smolt
1993,Thorarensen et al.,J. Exp. Biol.,368,30.2,10,60.66865929,NA,2.123403075,NA,93.1382602,NA,4.534085058,5.908082938,Oncorhynchus tshawytscha,hatchery,juvenile,NA,9.5,individual,1,30.3,1,NA,exogenous,wet,30,salt,post-smolt
1993,Thorarensen et al.,J. Exp. Biol.,368,30.2,10,60.97457279,NA,2.134110048,NA,87.7093747,NA,4.474028789,5.908082938,Oncorhynchus tshawytscha,hatchery,juvenile,NA,9.5,individual,1,30.3,1,NA,exogenous,wet,30,salt,post-smolt
1993,Thorarensen et al.,J. Exp. Biol.,368,30.2,10,61.99108757,NA,2.169688065,NA,110.8642182,NA,4.708306193,5.908082938,Oncorhynchus tshawytscha,hatchery,juvenile,NA,9.5,individual,1,30.3,1,NA,exogenous,wet,30,salt,post-smolt
1993,Thorarensen et al.,J. Exp. Biol.,368,30.2,10,61.91841581,NA,2.167144554,NA,119.1870749,NA,4.780694317,5.908082938,Oncorhynchus tshawytscha,hatchery,juvenile,NA,9.5,individual,1,30.3,1,NA,exogenous,wet,30,salt,post-smolt
1993,Thorarensen et al.,J. Exp. Biol.,368,30.2,10,61.15195121,NA,2.140318292,NA,129.6835536,NA,4.86509728,5.908082938,Oncorhynchus tshawytscha,hatchery,juvenile,NA,9.5,individual,1,30.3,1,NA,exogenous,wet,30,salt,post-smolt
1993,Thorarensen et al.,J. Exp. Biol.,368,30.2,10,67.01849027,NA,2.345647159,NA,125.6819545,NA,4.833754545,5.908082938,Oncorhynchus tshawytscha,hatchery,juvenile,NA,9.5,individual,1,30.3,1,NA,exogenous,wet,30,salt,post-smolt
1993,Thorarensen et al.,J. Exp. Biol.,368,30.2,10,69.9579888,NA,2.448529608,NA,135.0794673,NA,4.905863252,5.908082938,Oncorhynchus tshawytscha,hatchery,juvenile,NA,9.5,individual,1,30.3,1,NA,exogenous,wet,30,salt,post-smolt
1993,Thorarensen et al.,J. Exp. Biol.,368,30.2,10,70.57594594,NA,2.470158108,NA,135.4390831,NA,4.908521968,5.908082938,Oncorhynchus tshawytscha,hatchery,juvenile,NA,9.5,individual,1,30.3,1,NA,exogenous,wet,30,salt,post-smolt
1993,Thorarensen et al.,J. Exp. Biol.,368,30.2,10,71.27369371,NA,2.49457928,NA,140.5024849,NA,4.945225175,5.908082938,Oncorhynchus tshawytscha,hatchery,juvenile,NA,9.5,individual,1,30.3,1,NA,exogenous,wet,30,salt,post-smolt
1993,Thorarensen et al.,J. Exp. Biol.,368,30.2,10,72.05083662,NA,2.521779282,NA,149.5459704,NA,5.00760384,5.908082938,Oncorhynchus tshawytscha,hatchery,juvenile,NA,9.5,individual,1,30.3,1,NA,exogenous,wet,30,salt,post-smolt
1993,Thorarensen et al.,J. Exp. Biol.,368,30.2,10,70.43119566,NA,2.465091848,NA,153.1703501,NA,5.031550701,5.908082938,Oncorhynchus tshawytscha,hatchery,juvenile,NA,9.5,individual,1,30.3,1,NA,exogenous,wet,30,salt,post-smolt
1993,Thorarensen et al.,J. Exp. Biol.,368,30.2,10,70.20665476,NA,2.457232916,NA,166.1978311,NA,5.113178833,5.908082938,Oncorhynchus tshawytscha,hatchery,juvenile,NA,9.5,individual,1,30.3,1,NA,exogenous,wet,30,salt,post-smolt
1993,Thorarensen et al.,J. Exp. Biol.,368,30.2,10,72.21555927,NA,2.527544574,NA,168.3616733,NA,5.126114483,5.908082938,Oncorhynchus tshawytscha,hatchery,juvenile,NA,9.5,individual,1,30.3,1,NA,exogenous,wet,30,salt,post-smolt
1993,Thorarensen et al.,J. Exp. Biol.,368,30.2,10,67.35920712,NA,2.357572249,NA,183.9388779,NA,5.214603517,5.908082938,Oncorhynchus tshawytscha,hatchery,juvenile,NA,9.5,individual,1,30.3,1,NA,exogenous,wet,30,salt,post-smolt
1993,Thorarensen et al.,J. Exp. Biol.,368,30.2,10,75.00061796,NA,2.625021628,NA,177.759745,NA,5.180432891,5.908082938,Oncorhynchus tshawytscha,hatchery,juvenile,NA,9.5,individual,1,30.3,1,NA,exogenous,wet,30,salt,post-smolt
1993,Thorarensen et al.,J. Exp. Biol.,368,30.2,10,76.38919237,NA,2.673621733,NA,175.2217571,NA,5.166052355,5.908082938,Oncorhynchus tshawytscha,hatchery,juvenile,NA,9.5,individual,1,30.3,1,NA,exogenous,wet,30,salt,post-smolt
1993,Thorarensen et al.,J. Exp. Biol.,368,30.2,10,74.76025735,NA,2.616609007,NA,161.839131,NA,5.086602823,5.908082938,Oncorhynchus tshawytscha,hatchery,juvenile,NA,9.5,individual,1,30.3,1,NA,exogenous,wet,30,salt,post-smolt
1993,Thorarensen et al.,J. Exp. Biol.,368,30.2,10,76.68956898,NA,2.684134914,NA,159.6610383,NA,5.073053058,5.908082938,Oncorhynchus tshawytscha,hatchery,juvenile,NA,9.5,individual,1,30.3,1,NA,exogenous,wet,30,salt,post-smolt
1993,Thorarensen et al.,J. Exp. Biol.,368,30.2,10,75.91361256,NA,2.65697644,NA,152.78866,NA,5.029055659,5.908082938,Oncorhynchus tshawytscha,hatchery,juvenile,NA,9.5,individual,1,30.3,1,NA,exogenous,wet,30,salt,post-smolt
1993,Thorarensen et al.,J. Exp. Biol.,368,30.2,10,75.52494223,NA,2.643372978,NA,148.0859917,NA,4.99779313,5.908082938,Oncorhynchus tshawytscha,hatchery,juvenile,NA,9.5,individual,1,30.3,1,NA,exogenous,wet,30,salt,post-smolt
1993,Thorarensen et al.,J. Exp. Biol.,368,30.2,10,75.52237153,NA,2.643283004,NA,143.3819262,NA,4.965511883,5.908082938,Oncorhynchus tshawytscha,hatchery,juvenile,NA,9.5,individual,1,30.3,1,NA,exogenous,wet,30,salt,post-smolt
1993,Thorarensen et al.,J. Exp. Biol.,368,30.2,10,79.07607003,NA,2.767662451,NA,146.2638823,NA,4.985412403,5.908082938,Oncorhynchus tshawytscha,hatchery,juvenile,NA,9.5,individual,1,30.3,1,NA,exogenous,wet,30,salt,post-smolt
1993,Thorarensen et al.,J. Exp. Biol.,368,30.2,10,80.07933581,NA,2.802776753,NA,145.1746963,NA,4.977937819,5.908082938,Oncorhynchus tshawytscha,hatchery,juvenile,NA,9.5,individual,1,30.3,1,NA,exogenous,wet,30,salt,post-smolt
1993,Thorarensen et al.,J. Exp. Biol.,368,30.2,10,79.62313513,NA,2.78680973,NA,158.2030155,NA,5.063879117,5.908082938,Oncorhynchus tshawytscha,hatchery,juvenile,NA,9.5,individual,1,30.3,1,NA,exogenous,wet,30,salt,post-smolt
1993,Thorarensen et al.,J. Exp. Biol.,368,30.2,10,79.6247171,NA,2.786865098,NA,161.097825,NA,5.082011789,5.908082938,Oncorhynchus tshawytscha,hatchery,juvenile,NA,9.5,individual,1,30.3,1,NA,exogenous,wet,30,salt,post-smolt
1993,Thorarensen et al.,J. Exp. Biol.,368,30.2,10,80.55887055,NA,2.819560469,NA,174.8448171,NA,5.163898821,5.908082938,Oncorhynchus tshawytscha,hatchery,juvenile,NA,9.5,individual,1,30.3,1,NA,exogenous,wet,30,salt,post-smolt
1993,Thorarensen et al.,J. Exp. Biol.,368,30.2,10,79.6353954,NA,2.787238839,NA,180.6377892,NA,5.196493861,5.908082938,Oncorhynchus tshawytscha,hatchery,juvenile,NA,9.5,individual,1,30.3,1,NA,exogenous,wet,30,salt,post-smolt
1993,Thorarensen et al.,J. Exp. Biol.,368,30.2,10,77.47323751,NA,2.711563313,NA,180.645613,NA,5.196537173,5.908082938,Oncorhynchus tshawytscha,hatchery,juvenile,NA,9.5,individual,1,30.3,1,NA,exogenous,wet,30,salt,post-smolt
1993,Thorarensen et al.,J. Exp. Biol.,368,30.2,10,76.86398121,NA,2.690239342,NA,196.2074494,NA,5.279172515,5.908082938,Oncorhynchus tshawytscha,hatchery,juvenile,NA,9.5,individual,1,30.3,1,NA,exogenous,wet,30,salt,post-smolt
1993,Thorarensen et al.,J. Exp. Biol.,368,30.2,10,64.05328471,NA,2.241864965,NA,69.24378729,NA,4.237633427,5.908082938,Oncorhynchus tshawytscha,hatchery,juvenile,NA,9.5,individual,1,30.3,1,NA,exogenous,wet,30,salt,post-smolt
1993,Thorarensen et al.,J. Exp. Biol.,368,30.2,10,65.84021902,NA,2.304407666,NA,89.13917588,NA,4.490198922,5.908082938,Oncorhynchus tshawytscha,hatchery,juvenile,NA,9.5,individual,1,30.3,1,NA,exogenous,wet,30,salt,post-smolt
1993,Thorarensen et al.,J. Exp. Biol.,368,30.2,10,70.39935851,NA,2.463977548,NA,94.91230899,NA,4.552953402,5.908082938,Oncorhynchus tshawytscha,hatchery,juvenile,NA,9.5,individual,1,30.3,1,NA,exogenous,wet,30,salt,post-smolt
1993,Thorarensen et al.,J. Exp. Biol.,368,30.2,10,73.03867818,NA,2.556353736,NA,120.2323917,NA,4.789426468,5.908082938,Oncorhynchus tshawytscha,hatchery,juvenile,NA,9.5,individual,1,30.3,1,NA,exogenous,wet,30,salt,post-smolt
1993,Thorarensen et al.,J. Exp. Biol.,368,30.2,10,72.19143422,NA,2.526700198,NA,124.2158284,NA,4.822020605,5.908082938,Oncorhynchus tshawytscha,hatchery,juvenile,NA,9.5,individual,1,30.3,1,NA,exogenous,wet,30,salt,post-smolt
1993,Thorarensen et al.,J. Exp. Biol.,368,30.2,10,74.50921844,NA,2.607822645,NA,126.3785529,NA,4.839281791,5.908082938,Oncorhynchus tshawytscha,hatchery,juvenile,NA,9.5,individual,1,30.3,1,NA,exogenous,wet,30,salt,post-smolt
1993,Thorarensen et al.,J. Exp. Biol.,368,30.2,10,75.04659397,NA,2.626630789,NA,120.586978,NA,4.792371301,5.908082938,Oncorhynchus tshawytscha,hatchery,juvenile,NA,9.5,individual,1,30.3,1,NA,exogenous,wet,30,salt,post-smolt
1993,Thorarensen et al.,J. Exp. Biol.,368,30.2,10,84.72617577,NA,2.965416152,NA,170.1256629,NA,5.136537357,5.908082938,Oncorhynchus tshawytscha,hatchery,juvenile,NA,9.5,individual,1,30.3,1,NA,exogenous,wet,30,salt,post-smolt
1993,Thorarensen et al.,J. Exp. Biol.,368,30.2,10,81.10494692,NA,2.838673142,NA,184.9746944,NA,5.220219029,5.908082938,Oncorhynchus tshawytscha,hatchery,juvenile,NA,9.5,individual,1,30.3,1,NA,exogenous,wet,30,salt,post-smolt
1993,Thorarensen et al.,J. Exp. Biol.,368,30.2,10,81.95772778,NA,2.868520472,NA,191.1230909,NA,5.252917676,5.908082938,Oncorhynchus tshawytscha,hatchery,juvenile,NA,9.5,individual,1,30.3,1,NA,exogenous,wet,30,salt,post-smolt
1993,Thorarensen et al.,J. Exp. Biol.,368,30.2,10,81.65043005,NA,2.857765052,NA,194.0190181,NA,5.267956186,5.908082938,Oncorhynchus tshawytscha,hatchery,juvenile,NA,9.5,individual,1,30.3,1,NA,exogenous,wet,30,salt,post-smolt
1993,Thorarensen et al.,J. Exp. Biol.,368,30.2,10,84.27412777,NA,2.949594472,NA,190.7528571,NA,5.250978648,5.908082938,Oncorhynchus tshawytscha,hatchery,juvenile,NA,9.5,individual,1,30.3,1,NA,exogenous,wet,30,salt,post-smolt
1993,Thorarensen et al.,J. Exp. Biol.,368,30.2,10,84.27650072,NA,2.949677525,NA,195.0950713,NA,5.273486985,5.908082938,Oncorhynchus tshawytscha,hatchery,juvenile,NA,9.5,individual,1,30.3,1,NA,exogenous,wet,30,salt,post-smolt
1993,Thorarensen et al.,J. Exp. Biol.,368,30.2,10,84.28381733,NA,2.949933607,NA,208.4835653,NA,5.339860214,5.908082938,Oncorhynchus tshawytscha,hatchery,juvenile,NA,9.5,individual,1,30.3,1,NA,exogenous,wet,30,salt,post-smolt
1993,Thorarensen et al.,J. Exp. Biol.,368,30.2,10,83.97770608,NA,2.939219713,NA,213.5505996,NA,5.363873805,5.908082938,Oncorhynchus tshawytscha,hatchery,juvenile,NA,9.5,individual,1,30.3,1,NA,exogenous,wet,30,salt,post-smolt
1993,Thorarensen et al.,J. Exp. Biol.,368,30.2,10,81.43478772,NA,2.85021757,NA,223.3298025,NA,5.408649614,5.908082938,Oncorhynchus tshawytscha,hatchery,juvenile,NA,9.5,individual,1,30.3,1,NA,exogenous,wet,30,salt,post-smolt
1993,Thorarensen et al.,J. Exp. Biol.,368,30.2,10,86.14599411,NA,3.015109794,NA,224.7601626,NA,5.415033889,5.908082938,Oncorhynchus tshawytscha,hatchery,juvenile,NA,9.5,individual,1,30.3,1,NA,exogenous,wet,30,salt,post-smolt
1993,Thorarensen et al.,J. Exp. Biol.,368,30.2,10,85.29123579,NA,2.985193253,NA,214.9932541,NA,5.370606652,5.908082938,Oncorhynchus tshawytscha,hatchery,juvenile,NA,9.5,individual,1,30.3,1,NA,exogenous,wet,30,salt,post-smolt
1993,Thorarensen et al.,J. Exp. Biol.,368,30.2,10,85.28866508,NA,2.985103278,NA,210.2891887,NA,5.348483672,5.908082938,Oncorhynchus tshawytscha,hatchery,juvenile,NA,9.5,individual,1,30.3,1,NA,exogenous,wet,30,salt,post-smolt
1993,Thorarensen et al.,J. Exp. Biol.,368,30.2,10,74.79585168,NA,2.617854809,NA,226.9723447,NA,5.42482818,5.908082938,Oncorhynchus tshawytscha,hatchery,juvenile,NA,9.5,individual,1,30.3,1,NA,exogenous,wet,30,salt,post-smolt
1993,Thorarensen et al.,J. Exp. Biol.,368,30.2,10,85.70600862,NA,2.999710302,NA,267.4602792,NA,5.588971066,5.908082938,Oncorhynchus tshawytscha,hatchery,juvenile,NA,9.5,individual,1,30.3,1,NA,exogenous,wet,30,salt,post-smolt
1993,Thorarensen et al.,J. Exp. Biol.,368,30.2,10,89.93748251,NA,3.147811888,NA,238.8586672,NA,5.475872026,5.908082938,Oncorhynchus tshawytscha,hatchery,juvenile,NA,9.5,individual,1,30.3,1,NA,exogenous,wet,30,salt,post-smolt
1993,Thorarensen et al.,J. Exp. Biol.,368,30.2,10,88.8390019,NA,3.109365066,NA,207.0196746,NA,5.332813835,5.908082938,Oncorhynchus tshawytscha,hatchery,juvenile,NA,9.5,individual,1,30.3,1,NA,exogenous,wet,30,salt,post-smolt
1993,Thorarensen et al.,J. Exp. Biol.,368,30.2,10,88.83662894,NA,3.109282013,NA,202.6774604,NA,5.31161585,5.908082938,Oncorhynchus tshawytscha,hatchery,juvenile,NA,9.5,individual,1,30.3,1,NA,exogenous,wet,30,salt,post-smolt
1993,Thorarensen et al.,J. Exp. Biol.,368,30.2,10,90.84157853,NA,3.179455249,NA,197.6042788,NA,5.286266439,5.908082938,Oncorhynchus tshawytscha,hatchery,juvenile,NA,9.5,individual,1,30.3,1,NA,exogenous,wet,30,salt,post-smolt
1993,Thorarensen et al.,J. Exp. Biol.,368,30.2,10,94.49859946,NA,3.307450981,NA,248.2503122,NA,5.51443756,5.908082938,Oncorhynchus tshawytscha,hatchery,juvenile,NA,9.5,individual,1,30.3,1,NA,exogenous,wet,30,salt,post-smolt
1993,Thorarensen et al.,J. Exp. Biol.,368,30.2,10,99.13357465,NA,3.469675113,NA,251.4902075,NA,5.527404053,5.908082938,Oncorhynchus tshawytscha,hatchery,juvenile,NA,9.5,individual,1,30.3,1,NA,exogenous,wet,30,salt,post-smolt
1993,Thorarensen et al.,J. Exp. Biol.,362,15.9,10,10.90086287,NA,0.3815302,NA,23.09808747,NA,3.13974982,5.891644212,Oncorhynchus tshawytscha,hatchery,juvenile,NA,9.5,individual,1,30.1,1,NA,exogenous,wet,30,salt,post-smolt
1993,Thorarensen et al.,J. Exp. Biol.,362,15.9,10,9.671276462,NA,0.338494676,NA,33.78102851,NA,3.519899358,5.891644212,Oncorhynchus tshawytscha,hatchery,juvenile,NA,9.5,individual,1,30.1,1,NA,exogenous,wet,30,salt,post-smolt
1993,Thorarensen et al.,J. Exp. Biol.,362,15.9,10,10.52207986,NA,0.368272795,NA,36.26966506,NA,3.590981719,5.891644212,Oncorhynchus tshawytscha,hatchery,juvenile,NA,9.5,individual,1,30.1,1,NA,exogenous,wet,30,salt,post-smolt
1993,Thorarensen et al.,J. Exp. Biol.,362,15.9,10,11.21962988,NA,0.392687046,NA,40.89455998,NA,3.710997046,5.891644212,Oncorhynchus tshawytscha,hatchery,juvenile,NA,9.5,individual,1,30.1,1,NA,exogenous,wet,30,salt,post-smolt
1993,Thorarensen et al.,J. Exp. Biol.,362,15.9,10,10.60523217,NA,0.371183126,NA,46.94793338,NA,3.849039187,5.891644212,Oncorhynchus tshawytscha,hatchery,juvenile,NA,9.5,individual,1,30.1,1,NA,exogenous,wet,30,salt,post-smolt
1993,Thorarensen et al.,J. Exp. Biol.,362,15.9,10,10.30090064,NA,0.360531522,NA,55.13591595,NA,4.009801336,5.891644212,Oncorhynchus tshawytscha,hatchery,juvenile,NA,9.5,individual,1,30.1,1,NA,exogenous,wet,30,salt,post-smolt
1993,Thorarensen et al.,J. Exp. Biol.,362,15.9,10,10.69550335,NA,0.374342617,NA,70.44045352,NA,4.254767722,5.891644212,Oncorhynchus tshawytscha,hatchery,juvenile,NA,9.5,individual,1,30.1,1,NA,exogenous,wet,30,salt,post-smolt
1993,Thorarensen et al.,J. Exp. Biol.,362,15.9,10,10.23851168,NA,0.358347909,NA,81.83254878,NA,4.404675071,5.891644212,Oncorhynchus tshawytscha,hatchery,juvenile,NA,9.5,individual,1,30.1,1,NA,exogenous,wet,30,salt,post-smolt
1993,Thorarensen et al.,J. Exp. Biol.,362,15.9,10,10.08980648,NA,0.353143227,NA,92.15569026,NA,4.523479432,5.891644212,Oncorhynchus tshawytscha,hatchery,juvenile,NA,9.5,individual,1,30.1,1,NA,exogenous,wet,30,salt,post-smolt
1993,Thorarensen et al.,J. Exp. Biol.,362,15.9,10,10.40224561,NA,0.364078596,NA,98.56171671,NA,4.590682918,5.891644212,Oncorhynchus tshawytscha,hatchery,juvenile,NA,9.5,individual,1,30.1,1,NA,exogenous,wet,30,salt,post-smolt
1993,Thorarensen et al.,J. Exp. Biol.,362,15.9,10,10.28527868,NA,0.359984754,NA,27.01575223,NA,3.296420112,5.891644212,Oncorhynchus tshawytscha,hatchery,juvenile,NA,9.5,individual,1,30.1,1,NA,exogenous,wet,30,salt,post-smolt
1993,Thorarensen et al.,J. Exp. Biol.,362,15.9,10,20.13116511,NA,0.704590779,NA,97.10327784,NA,4.575775132,5.891644212,Oncorhynchus tshawytscha,hatchery,juvenile,NA,9.5,individual,1,30.1,1,NA,exogenous,wet,30,salt,post-smolt
1993,Thorarensen et al.,J. Exp. Biol.,362,15.9,10,29.6307978,NA,1.037077923,NA,99.91708084,NA,4.60434065,5.891644212,Oncorhynchus tshawytscha,hatchery,juvenile,NA,9.5,individual,1,30.1,1,NA,exogenous,wet,30,salt,post-smolt
1993,Thorarensen et al.,J. Exp. Biol.,362,15.9,10,28.77781919,NA,1.007223672,NA,93.51297845,NA,4.538100234,5.891644212,Oncorhynchus tshawytscha,hatchery,juvenile,NA,9.5,individual,1,30.1,1,NA,exogenous,wet,30,salt,post-smolt
1993,Thorarensen et al.,J. Exp. Biol.,362,15.9,10,29.00137137,NA,1.015047998,NA,78.91814483,NA,4.368411174,5.891644212,Oncorhynchus tshawytscha,hatchery,juvenile,NA,9.5,individual,1,30.1,1,NA,exogenous,wet,30,salt,post-smolt
1993,Thorarensen et al.,J. Exp. Biol.,362,15.9,10,28.29610924,NA,0.990363824,NA,60.41114377,NA,4.101173587,5.891644212,Oncorhynchus tshawytscha,hatchery,juvenile,NA,9.5,individual,1,30.1,1,NA,exogenous,wet,30,salt,post-smolt
1993,Thorarensen et al.,J. Exp. Biol.,362,15.9,10,30.76714683,NA,1.076850139,NA,60.40234806,NA,4.101027979,5.891644212,Oncorhynchus tshawytscha,hatchery,juvenile,NA,9.5,individual,1,30.1,1,NA,exogenous,wet,30,salt,post-smolt
1993,Thorarensen et al.,J. Exp. Biol.,362,15.9,10,28.9891111,NA,1.014618889,NA,56.84915558,NA,4.040401367,5.891644212,Oncorhynchus tshawytscha,hatchery,juvenile,NA,9.5,individual,1,30.1,1,NA,exogenous,wet,30,salt,post-smolt
1993,Thorarensen et al.,J. Exp. Biol.,362,15.9,10,29.90981781,NA,1.046843623,NA,46.16731401,NA,3.832272059,5.891644212,Oncorhynchus tshawytscha,hatchery,juvenile,NA,9.5,individual,1,30.1,1,NA,exogenous,wet,30,salt,post-smolt
1993,Thorarensen et al.,J. Exp. Biol.,362,15.9,10,28.28800165,NA,0.990080058,NA,45.81713475,NA,3.824658142,5.891644212,Oncorhynchus tshawytscha,hatchery,juvenile,NA,9.5,individual,1,30.1,1,NA,exogenous,wet,30,salt,post-smolt
1993,Thorarensen et al.,J. Exp. Biol.,362,15.9,10,28.4394753,NA,0.995381636,NA,40.47731343,NA,3.700741655,5.891644212,Oncorhynchus tshawytscha,hatchery,juvenile,NA,9.5,individual,1,30.1,1,NA,exogenous,wet,30,salt,post-smolt
1993,Thorarensen et al.,J. Exp. Biol.,362,15.9,10,26.82022984,NA,0.938708044,NA,44.75450289,NA,3.801192063,5.891644212,Oncorhynchus tshawytscha,hatchery,juvenile,NA,9.5,individual,1,30.1,1,NA,exogenous,wet,30,salt,post-smolt
1993,Thorarensen et al.,J. Exp. Biol.,362,15.9,10,36.63902503,NA,1.282365876,NA,66.07668128,NA,4.190815905,5.891644212,Oncorhynchus tshawytscha,hatchery,juvenile,NA,9.5,individual,1,30.1,1,NA,exogenous,wet,30,salt,post-smolt
1993,Thorarensen et al.,J. Exp. Biol.,362,15.9,10,37.87098439,NA,1.325484454,NA,59.66515751,NA,4.088748224,5.891644212,Oncorhynchus tshawytscha,hatchery,juvenile,NA,9.5,individual,1,30.1,1,NA,exogenous,wet,30,salt,post-smolt
1993,Thorarensen et al.,J. Exp. Biol.,362,15.9,10,37.32293056,NA,1.30630257,NA,46.14092687,NA,3.831700341,5.891644212,Oncorhynchus tshawytscha,hatchery,juvenile,NA,9.5,individual,1,30.1,1,NA,exogenous,wet,30,salt,post-smolt
1993,Thorarensen et al.,J. Exp. Biol.,362,15.9,10,38.96926726,NA,1.363924354,NA,90.62908463,NA,4.506775184,5.891644212,Oncorhynchus tshawytscha,hatchery,juvenile,NA,9.5,individual,1,30.1,1,NA,exogenous,wet,30,salt,post-smolt
1993,Thorarensen et al.,J. Exp. Biol.,362,15.9,10,43.88860161,NA,1.536101056,NA,49.67707766,NA,3.905543613,5.891644212,Oncorhynchus tshawytscha,hatchery,juvenile,NA,9.5,individual,1,30.1,1,NA,exogenous,wet,30,salt,post-smolt
1993,Thorarensen et al.,J. Exp. Biol.,362,15.9,10,43.28705741,NA,1.515047009,NA,78.86729463,NA,4.367766625,5.891644212,Oncorhynchus tshawytscha,hatchery,juvenile,NA,9.5,individual,1,30.1,1,NA,exogenous,wet,30,salt,post-smolt
1993,Thorarensen et al.,J. Exp. Biol.,362,15.9,10,42.90234201,NA,1.50158197,NA,81.36032903,NA,4.398887796,5.891644212,Oncorhynchus tshawytscha,hatchery,juvenile,NA,9.5,individual,1,30.1,1,NA,exogenous,wet,30,salt,post-smolt
1993,Thorarensen et al.,J. Exp. Biol.,362,15.9,10,46.99361378,NA,1.644776482,NA,78.85410106,NA,4.367599323,5.891644212,Oncorhynchus tshawytscha,hatchery,juvenile,NA,9.5,individual,1,30.1,1,NA,exogenous,wet,30,salt,post-smolt
1993,Thorarensen et al.,J. Exp. Biol.,362,15.9,10,48.84491451,NA,1.709572008,NA,75.28798988,NA,4.321320625,5.891644212,Oncorhynchus tshawytscha,hatchery,juvenile,NA,9.5,individual,1,30.1,1,NA,exogenous,wet,30,salt,post-smolt
1993,Thorarensen et al.,J. Exp. Biol.,362,15.9,10,48.31307587,NA,1.690957656,NA,90.95177728,NA,4.510329446,5.891644212,Oncorhynchus tshawytscha,hatchery,juvenile,NA,9.5,individual,1,30.1,1,NA,exogenous,wet,30,salt,post-smolt
1993,Thorarensen et al.,J. Exp. Biol.,362,15.9,10,46.77718047,NA,1.637201317,NA,106.2631865,NA,4.665918908,5.891644212,Oncorhynchus tshawytscha,hatchery,juvenile,NA,9.5,individual,1,30.1,1,NA,exogenous,wet,30,salt,post-smolt
1993,Thorarensen et al.,J. Exp. Biol.,362,15.9,10,46.54591619,NA,1.629107067,NA,106.975914,NA,4.672603706,5.891644212,Oncorhynchus tshawytscha,hatchery,juvenile,NA,9.5,individual,1,30.1,1,NA,exogenous,wet,30,salt,post-smolt
1993,Thorarensen et al.,J. Exp. Biol.,362,15.9,10,52.55779877,NA,1.839522957,NA,86.66524238,NA,4.462052908,5.891644212,Oncorhynchus tshawytscha,hatchery,juvenile,NA,9.5,individual,1,30.1,1,NA,exogenous,wet,30,salt,post-smolt
1993,Thorarensen et al.,J. Exp. Biol.,362,15.9,10,50.54236862,NA,1.768982902,NA,72.79028275,NA,4.287582468,5.891644212,Oncorhynchus tshawytscha,hatchery,juvenile,NA,9.5,individual,1,30.1,1,NA,exogenous,wet,30,salt,post-smolt
1993,Thorarensen et al.,J. Exp. Biol.,362,15.9,10,50.83720834,NA,1.779302292,NA,47.51663108,NA,3.861079778,5.891644212,Oncorhynchus tshawytscha,hatchery,juvenile,NA,9.5,individual,1,30.1,1,NA,exogenous,wet,30,salt,post-smolt
1993,Thorarensen et al.,J. Exp. Biol.,362,15.9,10,56.64412689,NA,1.982544441,NA,75.26022842,NA,4.32095182,5.891644212,Oncorhynchus tshawytscha,hatchery,juvenile,NA,9.5,individual,1,30.1,1,NA,exogenous,wet,30,salt,post-smolt
1993,Thorarensen et al.,J. Exp. Biol.,362,15.9,10,56.80667433,NA,1.988233602,NA,89.85368771,NA,4.498182655,5.891644212,Oncorhynchus tshawytscha,hatchery,juvenile,NA,9.5,individual,1,30.1,1,NA,exogenous,wet,30,salt,post-smolt
1993,Thorarensen et al.,J. Exp. Biol.,362,15.9,10,59.82200857,NA,2.0937703,NA,96.60604528,NA,4.57064132,5.891644212,Oncorhynchus tshawytscha,hatchery,juvenile,NA,9.5,individual,1,30.1,1,NA,exogenous,wet,30,salt,post-smolt
1993,Thorarensen et al.,J. Exp. Biol.,362,15.9,10,58.82427968,NA,2.058849789,NA,107.6441132,NA,4.678830537,5.891644212,Oncorhynchus tshawytscha,hatchery,juvenile,NA,9.5,individual,1,30.1,1,NA,exogenous,wet,30,salt,post-smolt
1993,Thorarensen et al.,J. Exp. Biol.,362,15.9,10,56.04456015,NA,1.961559605,NA,108.0099598,NA,4.682223443,5.891644212,Oncorhynchus tshawytscha,hatchery,juvenile,NA,9.5,individual,1,30.1,1,NA,exogenous,wet,30,salt,post-smolt
1993,Thorarensen et al.,J. Exp. Biol.,362,15.9,10,57.7507151,NA,2.021275029,NA,121.174116,NA,4.797228486,5.891644212,Oncorhynchus tshawytscha,hatchery,juvenile,NA,9.5,individual,1,30.1,1,NA,exogenous,wet,30,salt,post-smolt
1993,Thorarensen et al.,J. Exp. Biol.,362,15.9,10,59.83426884,NA,2.094199409,NA,118.6750345,NA,4.776388955,5.891644212,Oncorhynchus tshawytscha,hatchery,juvenile,NA,9.5,individual,1,30.1,1,NA,exogenous,wet,30,salt,post-smolt
1993,Thorarensen et al.,J. Exp. Biol.,362,15.9,10,60.44985303,NA,2.115744856,NA,114.7573698,NA,4.742820071,5.891644212,Oncorhynchus tshawytscha,hatchery,juvenile,NA,9.5,individual,1,30.1,1,NA,exogenous,wet,30,salt,post-smolt
1993,Thorarensen et al.,J. Exp. Biol.,362,15.9,10,61.91624061,NA,2.167068421,NA,113.3283416,NA,4.730289283,5.891644212,Oncorhynchus tshawytscha,hatchery,juvenile,NA,9.5,individual,1,30.1,1,NA,exogenous,wet,30,salt,post-smolt
1993,Thorarensen et al.,J. Exp. Biol.,362,15.9,10,63.14997968,NA,2.210249289,NA,110.1203807,NA,4.701574138,5.891644212,Oncorhynchus tshawytscha,hatchery,juvenile,NA,9.5,individual,1,30.1,1,NA,exogenous,wet,30,salt,post-smolt
1993,Thorarensen et al.,J. Exp. Biol.,362,15.9,10,63.29967362,NA,2.215488577,NA,101.5769965,NA,4.620817097,5.891644212,Oncorhynchus tshawytscha,hatchery,juvenile,NA,9.5,individual,1,30.1,1,NA,exogenous,wet,30,salt,post-smolt
1993,Thorarensen et al.,J. Exp. Biol.,362,15.9,10,65.23353342,NA,2.28317367,NA,107.6212993,NA,4.678618577,5.891644212,Oncorhynchus tshawytscha,hatchery,juvenile,NA,9.5,individual,1,30.1,1,NA,exogenous,wet,30,salt,post-smolt
1993,Thorarensen et al.,J. Exp. Biol.,362,15.9,10,66.15641533,NA,2.315474537,NA,100.8549235,NA,4.613683084,5.891644212,Oncorhynchus tshawytscha,hatchery,juvenile,NA,9.5,individual,1,30.1,1,NA,exogenous,wet,30,salt,post-smolt
1993,Thorarensen et al.,J. Exp. Biol.,362,15.9,10,64.44373475,NA,2.255530716,NA,75.94436983,NA,4.330001096,5.891644212,Oncorhynchus tshawytscha,hatchery,juvenile,NA,9.5,individual,1,30.1,1,NA,exogenous,wet,30,salt,post-smolt
1993,Thorarensen et al.,J. Exp. Biol.,362,15.9,10,49.95446892,NA,1.748406412,NA,126.541149,NA,4.840567544,5.891644212,Oncorhynchus tshawytscha,hatchery,juvenile,NA,9.5,individual,1,30.1,1,NA,exogenous,wet,30,salt,post-smolt
1993,Thorarensen et al.,J. Exp. Biol.,362,15.9,10,55.53289163,NA,1.943651207,NA,159.980794,NA,5.075053771,5.891644212,Oncorhynchus tshawytscha,hatchery,juvenile,NA,9.5,individual,1,30.1,1,NA,exogenous,wet,30,salt,post-smolt
1993,Thorarensen et al.,J. Exp. Biol.,362,15.9,10,68.92209488,NA,2.412273321,NA,75.21652473,NA,4.320370951,5.891644212,Oncorhynchus tshawytscha,hatchery,juvenile,NA,9.5,individual,1,30.1,1,NA,exogenous,wet,30,salt,post-smolt
1993,Thorarensen et al.,J. Exp. Biol.,362,15.9,10,69.54637991,NA,2.434123297,NA,86.9607233,NA,4.46545656,5.891644212,Oncorhynchus tshawytscha,hatchery,juvenile,NA,9.5,individual,1,30.1,1,NA,exogenous,wet,30,salt,post-smolt
1993,Thorarensen et al.,J. Exp. Biol.,362,15.9,10,73.71704682,NA,2.580096639,NA,88.3696863,NA,4.481528996,5.891644212,Oncorhynchus tshawytscha,hatchery,juvenile,NA,9.5,individual,1,30.1,1,NA,exogenous,wet,30,salt,post-smolt
1993,Thorarensen et al.,J. Exp. Biol.,362,15.9,10,73.49369239,NA,2.572279234,NA,103.3204714,NA,4.63783553,5.891644212,Oncorhynchus tshawytscha,hatchery,juvenile,NA,9.5,individual,1,30.1,1,NA,exogenous,wet,30,salt,post-smolt
1993,Thorarensen et al.,J. Exp. Biol.,362,15.9,10,71.26459738,NA,2.494260908,NA,121.8379173,NA,4.802691615,5.891644212,Oncorhynchus tshawytscha,hatchery,juvenile,NA,9.5,individual,1,30.1,1,NA,exogenous,wet,30,salt,post-smolt
1993,Thorarensen et al.,J. Exp. Biol.,362,15.9,10,70.88007973,NA,2.480802791,NA,124.6869032,NA,4.82580582,5.891644212,Oncorhynchus tshawytscha,hatchery,juvenile,NA,9.5,individual,1,30.1,1,NA,exogenous,wet,30,salt,post-smolt
1993,Thorarensen et al.,J. Exp. Biol.,362,15.9,10,72.65712673,NA,2.542999435,NA,126.4603385,NA,4.839928729,5.891644212,Oncorhynchus tshawytscha,hatchery,juvenile,NA,9.5,individual,1,30.1,1,NA,exogenous,wet,30,salt,post-smolt
1993,Thorarensen et al.,J. Exp. Biol.,362,15.9,10,72.1193557,NA,2.52417745,NA,131.4455827,NA,4.878592946,5.891644212,Oncorhynchus tshawytscha,hatchery,juvenile,NA,9.5,individual,1,30.1,1,NA,exogenous,wet,30,salt,post-smolt
1993,Thorarensen et al.,J. Exp. Biol.,362,15.9,10,64.62665007,NA,2.261932752,NA,127.2008274,NA,4.845767156,5.891644212,Oncorhynchus tshawytscha,hatchery,juvenile,NA,9.5,individual,1,30.1,1,NA,exogenous,wet,30,salt,post-smolt
1993,Thorarensen et al.,J. Exp. Biol.,362,15.9,10,65.33052797,NA,2.286568479,NA,143.2161684,NA,4.964355156,5.891644212,Oncorhynchus tshawytscha,hatchery,juvenile,NA,9.5,individual,1,30.1,1,NA,exogenous,wet,30,salt,post-smolt
1993,Thorarensen et al.,J. Exp. Biol.,362,15.9,10,67.26122383,NA,2.354142834,NA,143.5652482,NA,4.966789623,5.891644212,Oncorhynchus tshawytscha,hatchery,juvenile,NA,9.5,individual,1,30.1,1,NA,exogenous,wet,30,salt,post-smolt
1993,Thorarensen et al.,J. Exp. Biol.,362,15.9,10,67.6500919,NA,2.367753217,NA,148.547194,NA,5.000902712,5.891644212,Oncorhynchus tshawytscha,hatchery,juvenile,NA,9.5,individual,1,30.1,1,NA,exogenous,wet,30,salt,post-smolt
1993,Thorarensen et al.,J. Exp. Biol.,362,15.9,10,65.18399798,NA,2.281439929,NA,157.4547757,NA,5.059138279,5.891644212,Oncorhynchus tshawytscha,hatchery,juvenile,NA,9.5,individual,1,30.1,1,NA,exogenous,wet,30,salt,post-smolt
1993,Thorarensen et al.,J. Exp. Biol.,362,15.9,10,64.49811498,NA,2.257434024,NA,173.8310157,NA,5.158083653,5.891644212,Oncorhynchus tshawytscha,hatchery,juvenile,NA,9.5,individual,1,30.1,1,NA,exogenous,wet,30,salt,post-smolt
1993,Thorarensen et al.,J. Exp. Biol.,362,15.9,10,63.26655112,NA,2.214329289,NA,180.9544423,NA,5.1982453,5.891644212,Oncorhynchus tshawytscha,hatchery,juvenile,NA,9.5,individual,1,30.1,1,NA,exogenous,wet,30,salt,post-smolt
1993,Thorarensen et al.,J. Exp. Biol.,362,15.9,10,69.83202442,NA,2.444120855,NA,184.1346417,NA,5.215667238,5.891644212,Oncorhynchus tshawytscha,hatchery,juvenile,NA,9.5,individual,1,30.1,1,NA,exogenous,wet,30,salt,post-smolt
1993,Thorarensen et al.,J. Exp. Biol.,362,15.9,10,74.3127575,NA,2.600946513,NA,187.6782139,NA,5.234728868,5.891644212,Oncorhynchus tshawytscha,hatchery,juvenile,NA,9.5,individual,1,30.1,1,NA,exogenous,wet,30,salt,post-smolt
1993,Thorarensen et al.,J. Exp. Biol.,362,15.9,10,74.31691017,NA,2.601091856,NA,195.1531941,NA,5.273784861,5.891644212,Oncorhynchus tshawytscha,hatchery,juvenile,NA,9.5,individual,1,30.1,1,NA,exogenous,wet,30,salt,post-smolt
1993,Thorarensen et al.,J. Exp. Biol.,362,15.9,10,75.17107526,NA,2.630987634,NA,203.6930051,NA,5.316613984,5.891644212,Oncorhynchus tshawytscha,hatchery,juvenile,NA,9.5,individual,1,30.1,1,NA,exogenous,wet,30,salt,post-smolt
1993,Thorarensen et al.,J. Exp. Biol.,362,15.9,10,69.84883285,NA,2.44470915,NA,214.3905141,NA,5.367799184,5.891644212,Oncorhynchus tshawytscha,hatchery,juvenile,NA,9.5,individual,1,30.1,1,NA,exogenous,wet,30,salt,post-smolt
1993,Thorarensen et al.,J. Exp. Biol.,362,15.9,10,73.71536597,NA,2.580037809,NA,224.3434111,NA,5.413177963,5.891644212,Oncorhynchus tshawytscha,hatchery,juvenile,NA,9.5,individual,1,30.1,1,NA,exogenous,wet,30,salt,post-smolt
1993,Thorarensen et al.,J. Exp. Biol.,362,15.9,10,76.57527163,NA,2.680134507,NA,229.3165612,NA,5.435103412,5.891644212,Oncorhynchus tshawytscha,hatchery,juvenile,NA,9.5,individual,1,30.1,1,NA,exogenous,wet,30,salt,post-smolt
1993,Thorarensen et al.,J. Exp. Biol.,362,15.9,10,78.89384683,NA,2.761284639,NA,232.8678296,NA,5.450471038,5.891644212,Oncorhynchus tshawytscha,hatchery,juvenile,NA,9.5,individual,1,30.1,1,NA,exogenous,wet,30,salt,post-smolt
1993,Thorarensen et al.,J. Exp. Biol.,362,15.9,10,78.88672796,NA,2.761035479,NA,220.0535778,NA,5.393871052,5.891644212,Oncorhynchus tshawytscha,hatchery,juvenile,NA,9.5,individual,1,30.1,1,NA,exogenous,wet,30,salt,post-smolt
1993,Thorarensen et al.,J. Exp. Biol.,362,15.9,10,81.29656307,NA,2.845379707,NA,248.8771235,NA,5.516959295,5.891644212,Oncorhynchus tshawytscha,hatchery,juvenile,NA,9.5,individual,1,30.1,1,NA,exogenous,wet,30,salt,post-smolt
1993,Thorarensen et al.,J. Exp. Biol.,362,15.9,10,83.52763554,NA,2.923467244,NA,233.919192,NA,5.454975722,5.891644212,Oncorhynchus tshawytscha,hatchery,juvenile,NA,9.5,individual,1,30.1,1,NA,exogenous,wet,30,salt,post-smolt
1993,Thorarensen et al.,J. Exp. Biol.,362,15.9,10,83.52269188,NA,2.923294216,NA,225.020406,NA,5.416191091,5.891644212,Oncorhynchus tshawytscha,hatchery,juvenile,NA,9.5,individual,1,30.1,1,NA,exogenous,wet,30,salt,post-smolt
1993,Thorarensen et al.,J. Exp. Biol.,362,15.9,10,86.91957757,NA,3.042185215,NA,223.5845061,NA,5.409789446,5.891644212,Oncorhynchus tshawytscha,hatchery,juvenile,NA,9.5,individual,1,30.1,1,NA,exogenous,wet,30,salt,post-smolt
1993,Thorarensen et al.,J. Exp. Biol.,362,15.9,10,89.85887836,NA,3.145060743,NA,232.4728472,NA,5.448773432,5.891644212,Oncorhynchus tshawytscha,hatchery,juvenile,NA,9.5,individual,1,30.1,1,NA,exogenous,wet,30,salt,post-smolt
1993,Thorarensen et al.,J. Exp. Biol.,362,15.9,10,91.63810057,NA,3.20733352,NA,238.1617483,NA,5.472950058,5.891644212,Oncorhynchus tshawytscha,hatchery,juvenile,NA,9.5,individual,1,30.1,1,NA,exogenous,wet,30,salt,post-smolt
1993,Thorarensen et al.,J. Exp. Biol.,362,15.9,10,86.08340741,NA,3.012919259,NA,247.4362761,NA,5.511153078,5.891644212,Oncorhynchus tshawytscha,hatchery,juvenile,NA,9.5,individual,1,30.1,1,NA,exogenous,wet,30,salt,post-smolt
1993,Thorarensen et al.,J. Exp. Biol.,362,15.9,10,88.09705783,NA,3.083397024,NA,258.1076727,NA,5.553376834,5.891644212,Oncorhynchus tshawytscha,hatchery,juvenile,NA,9.5,individual,1,30.1,1,NA,exogenous,wet,30,salt,post-smolt
1993,Thorarensen et al.,J. Exp. Biol.,362,15.9,10,88.10496768,NA,3.083673869,NA,272.3457303,NA,5.607072327,5.891644212,Oncorhynchus tshawytscha,hatchery,juvenile,NA,9.5,individual,1,30.1,1,NA,exogenous,wet,30,salt,post-smolt
1993,Thorarensen et al.,J. Exp. Biol.,362,15.9,10,84.68197948,NA,2.963869282,NA,226.7960402,NA,5.424051112,5.891644212,Oncorhynchus tshawytscha,hatchery,juvenile,NA,9.5,individual,1,30.1,1,NA,exogenous,wet,30,salt,post-smolt
1993,Thorarensen et al.,J. Exp. Biol.,362,15.9,10,84.9896727,NA,2.974638545,NA,224.6592321,NA,5.41458473,5.891644212,Oncorhynchus tshawytscha,hatchery,juvenile,NA,9.5,individual,1,30.1,1,NA,exogenous,wet,30,salt,post-smolt
1993,Thorarensen et al.,J. Exp. Biol.,362,15.9,10,85.13580721,NA,2.979753252,NA,209.7087219,NA,5.345719529,5.891644212,Oncorhynchus tshawytscha,hatchery,juvenile,NA,9.5,individual,1,30.1,1,NA,exogenous,wet,30,salt,post-smolt
1993,Thorarensen et al.,J. Exp. Biol.,362,15.9,10,82.11928649,NA,2.874175027,NA,200.8206557,NA,5.302412249,5.891644212,Oncorhynchus tshawytscha,hatchery,juvenile,NA,9.5,individual,1,30.1,1,NA,exogenous,wet,30,salt,post-smolt
1993,Thorarensen et al.,J. Exp. Biol.,362,15.9,10,80.64676878,NA,2.822636907,NA,191.2151893,NA,5.253399439,5.891644212,Oncorhynchus tshawytscha,hatchery,juvenile,NA,9.5,individual,1,30.1,1,NA,exogenous,wet,30,salt,post-smolt
1993,Thorarensen et al.,J. Exp. Biol.,362,15.9,10,75.38177392,NA,2.638362087,NA,165.9613279,NA,5.111754797,5.891644212,Oncorhynchus tshawytscha,hatchery,juvenile,NA,9.5,individual,1,30.1,1,NA,exogenous,wet,30,salt,post-smolt
1993,Thorarensen et al.,J. Exp. Biol.,362,15.9,10,77.84213321,NA,2.724474662,NA,146.7311545,NA,4.988602031,5.891644212,Oncorhynchus tshawytscha,hatchery,juvenile,NA,9.5,individual,1,30.1,1,NA,exogenous,wet,30,salt,post-smolt
1993,Thorarensen et al.,J. Exp. Biol.,362,15.9,10,78.22328917,NA,2.737815121,NA,137.8309942,NA,4.926028255,5.891644212,Oncorhynchus tshawytscha,hatchery,juvenile,NA,9.5,individual,1,30.1,1,NA,exogenous,wet,30,salt,post-smolt
1993,Thorarensen et al.,J. Exp. Biol.,362,15.9,10,78.67691915,NA,2.75369217,NA,120.3877244,NA,4.790717571,5.891644212,Oncorhynchus tshawytscha,hatchery,juvenile,NA,9.5,individual,1,30.1,1,NA,exogenous,wet,30,salt,post-smolt
1993,Thorarensen et al.,J. Exp. Biol.,362,15.9,10,82.78223091,NA,2.897378082,NA,143.1540487,NA,4.963921314,5.891644212,Oncorhynchus tshawytscha,hatchery,juvenile,NA,9.5,individual,1,30.1,1,NA,exogenous,wet,30,salt,post-smolt
1993,Thorarensen et al.,J. Exp. Biol.,362,15.9,10,83.17011025,NA,2.910953859,NA,146.3562373,NA,4.986043631,5.891644212,Oncorhynchus tshawytscha,hatchery,juvenile,NA,9.5,individual,1,30.1,1,NA,exogenous,wet,30,salt,post-smolt
1993,Thorarensen et al.,J. Exp. Biol.,362,15.9,10,87.33840421,NA,3.056844147,NA,143.493783,NA,4.96629171,5.891644212,Oncorhynchus tshawytscha,hatchery,juvenile,NA,9.5,individual,1,30.1,1,NA,exogenous,wet,30,salt,post-smolt
1993,Thorarensen et al.,J. Exp. Biol.,362,15.9,10,87.8044922,NA,3.073157227,NA,148.475454,NA,5.000419651,5.891644212,Oncorhynchus tshawytscha,hatchery,juvenile,NA,9.5,individual,1,30.1,1,NA,exogenous,wet,30,salt,post-smolt
1993,Thorarensen et al.,J. Exp. Biol.,362,15.9,10,82.40938029,NA,2.88432831,NA,167.0041694,NA,5.118018779,5.891644212,Oncorhynchus tshawytscha,hatchery,juvenile,NA,9.5,individual,1,30.1,1,NA,exogenous,wet,30,salt,post-smolt
1993,Thorarensen et al.,J. Exp. Biol.,362,15.9,10,80.01635362,NA,2.800572377,NA,168.436496,NA,5.126558801,5.891644212,Oncorhynchus tshawytscha,hatchery,juvenile,NA,9.5,individual,1,30.1,1,NA,exogenous,wet,30,salt,post-smolt
1993,Thorarensen et al.,J. Exp. Biol.,362,15.9,10,92.29926527,NA,3.230474285,NA,177.2915783,NA,5.177795712,5.891644212,Oncorhynchus tshawytscha,hatchery,juvenile,NA,9.5,individual,1,30.1,1,NA,exogenous,wet,30,salt,post-smolt
1993,Thorarensen et al.,J. Exp. Biol.,362,15.9,10,96.78553525,NA,3.387493734,NA,190.8017908,NA,5.251235145,5.891644212,Oncorhynchus tshawytscha,hatchery,juvenile,NA,9.5,individual,1,30.1,1,NA,exogenous,wet,30,salt,post-smolt
1993,Thorarensen et al.,J. Exp. Biol.,362,15.9,10,94.7053432,NA,3.314687012,NA,199.3520468,NA,5.295072341,5.891644212,Oncorhynchus tshawytscha,hatchery,juvenile,NA,9.5,individual,1,30.1,1,NA,exogenous,wet,30,salt,post-smolt
1993,Thorarensen et al.,J. Exp. Biol.,362,15.9,10,91.85473162,NA,3.214915607,NA,211.1086143,NA,5.352372761,5.891644212,Oncorhynchus tshawytscha,hatchery,juvenile,NA,9.5,individual,1,30.1,1,NA,exogenous,wet,30,salt,post-smolt
1993,Thorarensen et al.,J. Exp. Biol.,362,15.9,10,96.33862865,NA,3.371852003,NA,220.3474095,NA,5.395205435,5.891644212,Oncorhynchus tshawytscha,hatchery,juvenile,NA,9.5,individual,1,30.1,1,NA,exogenous,wet,30,salt,post-smolt
1993,Thorarensen et al.,J. Exp. Biol.,362,15.9,10,96.80392566,NA,3.388137398,NA,223.9052747,NA,5.411223082,5.891644212,Oncorhynchus tshawytscha,hatchery,juvenile,NA,9.5,individual,1,30.1,1,NA,exogenous,wet,30,salt,post-smolt
2001,Gallaugher et al.,J. Exp. Biol.,387,NA,9,10.0621118,NA,0.314440994,NA,52.57682547,NA,3.962275442,5.958424693,Oncorhynchus tshawytscha,NA,juvenile,NA,9,mean,7,32,1,NA,exogenous,wet,26.5,salt,post-smolt
2001,Gallaugher et al.,J. Exp. Biol.,387,NA,9,28.07453416,NA,0.877329193,NA,59.49482883,NA,4.085889398,5.958424693,Oncorhynchus tshawytscha,NA,juvenile,NA,9,mean,7,32,1,NA,exogenous,wet,26.5,salt,post-smolt
2001,Gallaugher et al.,J. Exp. Biol.,387,NA,9,40.99378882,NA,1.281055901,NA,65.72103184,NA,4.185418994,5.958424693,Oncorhynchus tshawytscha,NA,juvenile,NA,9,mean,7,32,1,NA,exogenous,wet,26.5,salt,post-smolt
2001,Gallaugher et al.,J. Exp. Biol.,387,NA,9,50.0621118,NA,1.564440994,NA,94.08484559,NA,4.544196988,5.958424693,Oncorhynchus tshawytscha,NA,juvenile,NA,9,mean,7,32,1,NA,exogenous,wet,26.5,salt,post-smolt
2001,Gallaugher et al.,J. Exp. Biol.,387,NA,9,60,NA,1.875,NA,123.1404597,NA,4.813325652,5.958424693,Oncorhynchus tshawytscha,NA,juvenile,NA,9,mean,7,32,1,NA,exogenous,wet,26.5,salt,post-smolt
2001,Gallaugher et al.,J. Exp. Biol.,387,NA,9,69.06832298,NA,2.158385093,NA,151.5042734,NA,5.020613832,5.958424693,Oncorhynchus tshawytscha,NA,juvenile,NA,9,mean,7,32,1,NA,exogenous,wet,26.5,salt,post-smolt
2001,Gallaugher et al.,J. Exp. Biol.,387,NA,9,74.9068323,NA,2.340838509,NA,181.2516878,NA,5.199886606,5.958424693,Oncorhynchus tshawytscha,NA,juvenile,NA,9,mean,7,32,1,NA,exogenous,wet,26.5,salt,post-smolt
2001,Gallaugher et al.,J. Exp. Biol.,387,NA,9,79.00621118,NA,2.468944099,NA,193.7040939,NA,5.266331705,5.958424693,Oncorhynchus tshawytscha,NA,juvenile,NA,9,mean,7,32,1,NA,exogenous,wet,26.5,salt,post-smolt
2001,Gallaugher et al.,J. Exp. Biol.,387,NA,9,83.97515528,NA,2.624223602,NA,206.8483002,NA,5.331985675,5.958424693,Oncorhynchus tshawytscha,NA,juvenile,NA,9,mean,7,32,1,NA,exogenous,wet,26.5,salt,post-smolt
2001,Gallaugher et al.,J. Exp. Biol.,387,NA,9,87.95031056,NA,2.748447205,NA,226.9105099,NA,5.42455571,5.958424693,Oncorhynchus tshawytscha,NA,juvenile,NA,9,mean,7,32,1,NA,exogenous,wet,26.5,salt,post-smolt
2001,Gallaugher et al.,J. Exp. Biol.,387,NA,9,9.068322981,NA,0.283385093,NA,60.18662916,NA,4.097450221,5.958424693,Oncorhynchus tshawytscha,NA,juvenile,NA,9,mean,9,32,2,NA,exogenous,wet,26.5,salt,post-smolt
2001,Gallaugher et al.,J. Exp. Biol.,387,NA,9,26.95652174,NA,0.842391304,NA,70.56363419,NA,4.256514915,5.958424693,Oncorhynchus tshawytscha,NA,juvenile,NA,9,mean,9,32,2,NA,exogenous,wet,26.5,salt,post-smolt
2001,Gallaugher et al.,J. Exp. Biol.,387,NA,9,39.00621118,NA,1.218944099,NA,80.24883888,NA,4.385132293,5.958424693,Oncorhynchus tshawytscha,NA,juvenile,NA,9,mean,9,32,2,NA,exogenous,wet,26.5,salt,post-smolt
2001,Gallaugher et al.,J. Exp. Biol.,387,NA,9,48.07453416,NA,1.502329193,NA,93.39304525,NA,4.53681688,5.958424693,Oncorhynchus tshawytscha,NA,juvenile,NA,9,mean,9,32,2,NA,exogenous,wet,26.5,salt,post-smolt
2001,Gallaugher et al.,J. Exp. Biol.,387,NA,9,58.01242236,NA,1.812888199,NA,119.681458,NA,4.784833697,5.958424693,Oncorhynchus tshawytscha,NA,juvenile,NA,9,mean,9,32,2,NA,exogenous,wet,26.5,salt,post-smolt
2001,Gallaugher et al.,J. Exp. Biol.,387,NA,9,64.9689441,NA,2.030279503,NA,154.9632751,NA,5.043188154,5.958424693,Oncorhynchus tshawytscha,NA,juvenile,NA,9,mean,9,32,2,NA,exogenous,wet,26.5,salt,post-smolt
2001,Gallaugher et al.,J. Exp. Biol.,387,NA,9,70.93167702,NA,2.216614907,NA,211.6909026,NA,5.355127204,5.958424693,Oncorhynchus tshawytscha,NA,juvenile,NA,9,mean,9,32,2,NA,exogenous,wet,26.5,salt,post-smolt
2001,Gallaugher et al.,J. Exp. Biol.,387,NA,9,77.01863354,NA,2.406832298,NA,207.5401006,NA,5.335324577,5.958424693,Oncorhynchus tshawytscha,NA,juvenile,NA,9,mean,9,32,2,NA,exogenous,wet,26.5,salt,post-smolt
2001,Gallaugher et al.,J. Exp. Biol.,387,NA,9,81.98757764,NA,2.562111801,NA,233.136713,NA,5.451625032,5.958424693,Oncorhynchus tshawytscha,NA,juvenile,NA,9,mean,9,32,2,NA,exogenous,wet,26.5,salt,post-smolt
2001,Gallaugher et al.,J. Exp. Biol.,387,NA,9,86.95652174,NA,2.717391304,NA,264.9595284,NA,5.579577091,5.958424693,Oncorhynchus tshawytscha,NA,juvenile,NA,9,mean,9,32,2,NA,exogenous,wet,26.5,salt,post-smolt
2001,Gallaugher et al.,J. Exp. Biol.,387,NA,9,92.91925466,NA,2.903726708,NA,306.4675485,NA,5.725111872,5.958424693,Oncorhynchus tshawytscha,NA,juvenile,NA,9,mean,9,32,3,NA,exogenous,wet,26.5,salt,post-smolt
2003,Geist,J. Fish Biol.,5000,NA,8,32.201,NA,0.43280914,NA,385.2914265,NA,5.954,8.517193191,Oncorhynchus tshawytscha,spring run,adult,NA,NA,individual,1,74.4,1,NA,exogenous,wet,0,fresh,post-smolt
2003,Geist,J. Fish Biol.,5000,NA,8,29.919,NA,0.402137097,NA,391.5056707,NA,5.97,8.517193191,Oncorhynchus tshawytscha,spring run,adult,NA,NA,individual,1,74.4,1,NA,exogenous,wet,0,fresh,post-smolt
2003,Geist,J. Fish Biol.,5000,NA,8,29.665,NA,0.398723118,NA,421.1546054,NA,6.043,8.517193191,Oncorhynchus tshawytscha,spring run,adult,NA,NA,individual,1,74.4,1,NA,exogenous,wet,0,fresh,post-smolt
2003,Geist,J. Fish Biol.,5000,NA,8,33.722,NA,0.453252688,NA,495.2189559,NA,6.205,8.517193191,Oncorhynchus tshawytscha,spring run,adult,NA,NA,individual,1,74.4,1,NA,exogenous,wet,0,fresh,post-smolt
2003,Geist,J. Fish Biol.,5000,NA,8,29.412,NA,0.395322581,NA,500.1959892,NA,6.215,8.517193191,Oncorhynchus tshawytscha,spring run,adult,NA,NA,individual,1,74.4,1,NA,exogenous,wet,0,fresh,post-smolt
2003,Geist,J. Fish Biol.,5000,NA,8,29.412,NA,0.395322581,NA,515.944912,NA,6.246,8.517193191,Oncorhynchus tshawytscha,spring run,adult,NA,NA,individual,1,74.4,1,NA,exogenous,wet,0,fresh,post-smolt
2003,Geist,J. Fish Biol.,5000,NA,8,32.961,NA,0.443024194,NA,578.824892,NA,6.361,8.517193191,Oncorhynchus tshawytscha,spring run,adult,NA,NA,individual,1,74.4,1,NA,exogenous,wet,0,fresh,post-smolt
2003,Geist,J. Fish Biol.,5000,NA,8,33.722,NA,0.453252688,NA,597.0494854,NA,6.392,8.517193191,Oncorhynchus tshawytscha,spring run,adult,NA,NA,individual,1,74.4,1,NA,exogenous,wet,0,fresh,post-smolt
2003,Geist,J. Fish Biol.,5000,NA,8,29.919,NA,0.402137097,NA,588.1605766,NA,6.377,8.517193191,Oncorhynchus tshawytscha,spring run,adult,NA,NA,individual,1,74.4,1,NA,exogenous,wet,0,fresh,post-smolt
2003,Geist,J. Fish Biol.,5000,NA,8,29.919,NA,0.402137097,NA,625.7807061,NA,6.439,8.517193191,Oncorhynchus tshawytscha,spring run,adult,NA,NA,individual,1,74.4,1,NA,exogenous,wet,0,fresh,post-smolt
2003,Geist,J. Fish Biol.,5000,NA,8,32.961,NA,0.443024194,NA,669.8139585,NA,6.507,8.517193191,Oncorhynchus tshawytscha,spring run,adult,NA,NA,individual,1,74.4,1,NA,exogenous,wet,0,fresh,post-smolt
2003,Geist,J. Fish Biol.,5000,NA,8,32.454,NA,0.436209677,NA,771.2403014,NA,6.648,8.517193191,Oncorhynchus tshawytscha,spring run,adult,NA,NA,individual,1,74.4,1,NA,exogenous,wet,0,fresh,post-smolt
2003,Geist,J. Fish Biol.,5000,NA,8,32.708,NA,0.439623656,NA,833.8053651,NA,6.726,8.517193191,Oncorhynchus tshawytscha,spring run,adult,NA,NA,individual,1,74.4,1,NA,exogenous,wet,0,fresh,post-smolt
2003,Geist,J. Fish Biol.,5000,NA,8,32.454,NA,0.436209677,NA,865.2340082,NA,6.763,8.517193191,Oncorhynchus tshawytscha,spring run,adult,NA,NA,individual,1,74.4,1,NA,exogenous,wet,0,fresh,post-smolt
2003,Geist,J. Fish Biol.,5000,NA,8,29.919,NA,0.402137097,NA,1105.44141,NA,7.008,8.517193191,Oncorhynchus tshawytscha,spring run,adult,NA,NA,individual,1,74.4,1,NA,exogenous,wet,0,fresh,post-smolt
2003,Geist,J. Fish Biol.,5000,NA,8,54.006,NA,0.725887097,NA,515.944912,NA,6.246,8.517193191,Oncorhynchus tshawytscha,spring run,adult,NA,NA,individual,1,74.4,1,NA,exogenous,wet,0,fresh,post-smolt
2003,Geist,J. Fish Biol.,5000,NA,8,49.696,NA,0.667956989,NA,566.7963114,NA,6.34,8.517193191,Oncorhynchus tshawytscha,spring run,adult,NA,NA,individual,1,74.4,1,NA,exogenous,wet,0,fresh,post-smolt
2003,Geist,J. Fish Biol.,5000,NA,8,49.442,NA,0.664543011,NA,588.1605766,NA,6.377,8.517193191,Oncorhynchus tshawytscha,spring run,adult,NA,NA,individual,1,74.4,1,NA,exogenous,wet,0,fresh,post-smolt
2003,Geist,J. Fish Biol.,5000,NA,8,49.189,NA,0.661142473,NA,613.3894179,NA,6.419,8.517193191,Oncorhynchus tshawytscha,spring run,adult,NA,NA,individual,1,74.4,1,NA,exogenous,wet,0,fresh,post-smolt
2003,Geist,J. Fish Biol.,5000,NA,8,56.034,NA,0.753145161,NA,716.9456244,NA,6.575,8.517193191,Oncorhynchus tshawytscha,spring run,adult,NA,NA,individual,1,74.4,1,NA,exogenous,wet,0,fresh,post-smolt
2003,Geist,J. Fish Biol.,5000,NA,8,55.02,NA,0.739516129,NA,791.5555025,NA,6.674,8.517193191,Oncorhynchus tshawytscha,spring run,adult,NA,NA,individual,1,74.4,1,NA,exogenous,wet,0,fresh,post-smolt
2003,Geist,J. Fish Biol.,5000,NA,8,49.189,NA,0.661142473,NA,837.9848319,NA,6.731,8.517193191,Oncorhynchus tshawytscha,spring run,adult,NA,NA,individual,1,74.4,1,NA,exogenous,wet,0,fresh,post-smolt
2003,Geist,J. Fish Biol.,5000,NA,8,49.442,NA,0.664543011,NA,865.2340082,NA,6.763,8.517193191,Oncorhynchus tshawytscha,spring run,adult,NA,NA,individual,1,74.4,1,NA,exogenous,wet,0,fresh,post-smolt
2003,Geist,J. Fish Biol.,5000,NA,8,49.189,NA,0.661142473,NA,969.7128532,NA,6.877,8.517193191,Oncorhynchus tshawytscha,spring run,adult,NA,NA,individual,1,74.4,1,NA,exogenous,wet,0,fresh,post-smolt
2003,Geist,J. Fish Biol.,5000,NA,8,55.527,NA,0.746330645,NA,906.8708069,NA,6.81,8.517193191,Oncorhynchus tshawytscha,spring run,adult,NA,NA,individual,1,74.4,1,NA,exogenous,wet,0,fresh,post-smolt
2003,Geist,J. Fish Biol.,5000,NA,8,54.006,NA,0.725887097,NA,915.9850101,NA,6.82,8.517193191,Oncorhynchus tshawytscha,spring run,adult,NA,NA,individual,1,74.4,1,NA,exogenous,wet,0,fresh,post-smolt
2003,Geist,J. Fish Biol.,5000,NA,8,54.767,NA,0.736115591,NA,969.7128532,NA,6.877,8.517193191,Oncorhynchus tshawytscha,spring run,adult,NA,NA,individual,1,74.4,1,NA,exogenous,wet,0,fresh,post-smolt
2003,Geist,J. Fish Biol.,5000,NA,8,55.527,NA,0.746330645,NA,1043.149728,NA,6.95,8.517193191,Oncorhynchus tshawytscha,spring run,adult,NA,NA,individual,1,74.4,1,NA,exogenous,wet,0,fresh,post-smolt
2003,Geist,J. Fish Biol.,5000,NA,8,54.767,NA,0.736115591,NA,1093.348189,NA,6.997,8.517193191,Oncorhynchus tshawytscha,spring run,adult,NA,NA,individual,1,74.4,1,NA,exogenous,wet,0,fresh,post-smolt
2003,Geist,J. Fish Biol.,5000,NA,8,69.473,NA,0.933776882,NA,743.2258731,NA,6.611,8.517193191,Oncorhynchus tshawytscha,spring run,adult,NA,NA,individual,1,74.4,1,NA,exogenous,wet,0,fresh,post-smolt
2003,Geist,J. Fish Biol.,5000,NA,8,76.065,NA,1.022379032,NA,747.6986332,NA,6.617,8.517193191,Oncorhynchus tshawytscha,spring run,adult,NA,NA,individual,1,74.4,1,NA,exogenous,wet,0,fresh,post-smolt
2003,Geist,J. Fish Biol.,5000,NA,8,69.98,NA,0.940591398,NA,804.3222521,NA,6.69,8.517193191,Oncorhynchus tshawytscha,spring run,adult,NA,NA,individual,1,74.4,1,NA,exogenous,wet,0,fresh,post-smolt
2003,Geist,J. Fish Biol.,5000,NA,8,69.726,NA,0.937177419,NA,883.596049,NA,6.784,8.517193191,Oncorhynchus tshawytscha,spring run,adult,NA,NA,individual,1,74.4,1,NA,exogenous,wet,0,fresh,post-smolt
2003,Geist,J. Fish Biol.,5000,NA,8,69.98,NA,0.940591398,NA,1016.377384,NA,6.924,8.517193191,Oncorhynchus tshawytscha,spring run,adult,NA,NA,individual,1,74.4,1,NA,exogenous,wet,0,fresh,post-smolt
2003,Geist,J. Fish Biol.,5000,NA,8,69.726,NA,0.937177419,NA,1099.927998,NA,7.003,8.517193191,Oncorhynchus tshawytscha,spring run,adult,NA,NA,individual,1,74.4,1,NA,exogenous,wet,0,fresh,post-smolt
2003,Geist,J. Fish Biol.,5000,NA,8,69.473,NA,0.933776882,NA,1145.9623,NA,7.044,8.517193191,Oncorhynchus tshawytscha,spring run,adult,NA,NA,individual,1,74.4,1,NA,exogenous,wet,0,fresh,post-smolt
2003,Geist,J. Fish Biol.,5000,NA,8,79.108,NA,1.06327957,NA,990.2921494,NA,6.898,8.517193191,Oncorhynchus tshawytscha,spring run,adult,NA,NA,individual,1,74.4,1,NA,exogenous,wet,0,fresh,post-smolt
2003,Geist,J. Fish Biol.,5000,NA,8,76.318,NA,1.02577957,NA,1006.26426,NA,6.914,8.517193191,Oncorhynchus tshawytscha,spring run,adult,NA,NA,individual,1,74.4,1,NA,exogenous,wet,0,fresh,post-smolt
2003,Geist,J. Fish Biol.,5000,NA,8,76.065,NA,1.022379032,NA,1065.287506,NA,6.971,8.517193191,Oncorhynchus tshawytscha,spring run,adult,NA,NA,individual,1,74.4,1,NA,exogenous,wet,0,fresh,post-smolt
2003,Geist,J. Fish Biol.,5000,NA,8,77.586,NA,1.042822581,NA,1093.348189,NA,6.997,8.517193191,Oncorhynchus tshawytscha,spring run,adult,NA,NA,individual,1,74.4,1,NA,exogenous,wet,0,fresh,post-smolt
2003,Geist,J. Fish Biol.,5000,NA,8,76.572,NA,1.029193548,NA,1220.480607,NA,7.107,8.517193191,Oncorhynchus tshawytscha,spring run,adult,NA,NA,individual,1,74.4,1,NA,exogenous,wet,0,fresh,post-smolt
2003,Geist,J. Fish Biol.,5000,NA,8,76.826,NA,1.032607527,NA,1487.719962,NA,7.305,8.517193191,Oncorhynchus tshawytscha,spring run,adult,NA,NA,individual,1,74.4,1,NA,exogenous,wet,0,fresh,post-smolt
2003,Geist,J. Fish Biol.,5000,NA,8,78.093,NA,1.049637097,NA,1712.997433,NA,7.446,8.517193191,Oncorhynchus tshawytscha,spring run,adult,NA,NA,individual,1,74.4,1,NA,exogenous,wet,0,fresh,post-smolt
2003,Geist,J. Fish Biol.,5000,NA,8,97.363,NA,1.308642473,NA,1071.698444,NA,6.977,8.517193191,Oncorhynchus tshawytscha,spring run,adult,NA,NA,individual,1,74.4,1,NA,exogenous,wet,0,fresh,post-smolt
2003,Geist,J. Fish Biol.,5000,NA,8,89.757,NA,1.20641129,NA,1164.445166,NA,7.06,8.517193191,Oncorhynchus tshawytscha,spring run,adult,NA,NA,individual,1,74.4,1,NA,exogenous,wet,0,fresh,post-smolt
2003,Geist,J. Fish Biol.,5000,NA,8,89.757,NA,1.20641129,NA,1207.128889,NA,7.096,8.517193191,Oncorhynchus tshawytscha,spring run,adult,NA,NA,individual,1,74.4,1,NA,exogenous,wet,0,fresh,post-smolt
2003,Geist,J. Fish Biol.,5000,NA,8,89.503,NA,1.202997312,NA,1258.908053,NA,7.138,8.517193191,Oncorhynchus tshawytscha,spring run,adult,NA,NA,individual,1,74.4,1,NA,exogenous,wet,0,fresh,post-smolt
2003,Geist,J. Fish Biol.,5000,NA,8,90.01,NA,1.209811828,NA,1334.083743,NA,7.196,8.517193191,Oncorhynchus tshawytscha,spring run,adult,NA,NA,individual,1,74.4,1,NA,exogenous,wet,0,fresh,post-smolt
2003,Geist,J. Fish Biol.,5000,NA,8,90.264,NA,1.213225806,NA,1487.719962,NA,7.305,8.517193191,Oncorhynchus tshawytscha,spring run,adult,NA,NA,individual,1,74.4,1,NA,exogenous,wet,0,fresh,post-smolt
2003,Geist,J. Fish Biol.,5000,NA,8,89.757,NA,1.20641129,NA,1608.407761,NA,7.383,8.517193191,Oncorhynchus tshawytscha,spring run,adult,NA,NA,individual,1,74.4,1,NA,exogenous,wet,0,fresh,post-smolt
2003,Geist,J. Fish Biol.,5000,NA,8,98.377,NA,1.322271505,NA,1340.770865,NA,7.201,8.517193191,Oncorhynchus tshawytscha,spring run,adult,NA,NA,individual,1,74.4,1,NA,exogenous,wet,0,fresh,post-smolt
2003,Geist,J. Fish Biol.,5000,NA,8,101.166,NA,1.359758065,NA,1252.629223,NA,7.133,8.517193191,Oncorhynchus tshawytscha,spring run,adult,NA,NA,individual,1,74.4,1,NA,exogenous,wet,0,fresh,post-smolt
2003,Geist,J. Fish Biol.,5000,NA,8,99.899,NA,1.342728495,NA,1543.796621,NA,7.342,8.517193191,Oncorhynchus tshawytscha,spring run,adult,NA,NA,individual,1,74.4,1,NA,exogenous,wet,0,fresh,post-smolt
2003,Geist,J. Fish Biol.,5000,NA,8,98.631,NA,1.325685484,NA,1608.407761,NA,7.383,8.517193191,Oncorhynchus tshawytscha,spring run,adult,NA,NA,individual,1,74.4,1,NA,exogenous,wet,0,fresh,post-smolt
2003,Geist,J. Fish Biol.,5000,NA,8,98.377,NA,1.322271505,NA,1842.723649,NA,7.519,8.517193191,Oncorhynchus tshawytscha,spring run,adult,NA,NA,individual,1,74.4,1,NA,exogenous,wet,0,fresh,post-smolt
2003,Geist,J. Fish Biol.,5000,NA,8,100.406,NA,1.349543011,NA,2330.877302,NA,7.754,8.517193191,Oncorhynchus tshawytscha,spring run,adult,NA,NA,individual,1,74.4,1,NA,exogenous,wet,0,fresh,post-smolt
2003,Geist,J. Fish Biol.,5000,NA,8,109.787,NA,1.47563172,NA,1449.537762,NA,7.279,8.517193191,Oncorhynchus tshawytscha,spring run,adult,NA,NA,individual,1,74.4,1,NA,exogenous,wet,0,fresh,post-smolt
2003,Geist,J. Fish Biol.,5000,NA,8,109.787,NA,1.47563172,NA,1551.534934,NA,7.347,8.517193191,Oncorhynchus tshawytscha,spring run,adult,NA,NA,individual,1,74.4,1,NA,exogenous,wet,0,fresh,post-smolt
2003,Geist,J. Fish Biol.,5000,NA,8,109.533,NA,1.472217742,NA,1804.429943,NA,7.498,8.517193191,Oncorhynchus tshawytscha,spring run,adult,NA,NA,individual,1,74.4,1,NA,exogenous,wet,0,fresh,post-smolt
2003,Geist,J. Fish Biol.,5000,NA,8,109.533,NA,1.472217742,NA,1861.243329,NA,7.529,8.517193191,Oncorhynchus tshawytscha,spring run,adult,NA,NA,individual,1,74.4,1,NA,exogenous,wet,0,fresh,post-smolt
2003,Geist,J. Fish Biol.,5000,NA,8,109.787,NA,1.47563172,NA,2098.545994,NA,7.649,8.517193191,Oncorhynchus tshawytscha,spring run,adult,NA,NA,individual,1,74.4,1,NA,exogenous,wet,0,fresh,post-smolt
2003,Geist,J. Fish Biol.,5000,NA,8,110.041,NA,1.479045699,NA,2282.439258,NA,7.733,8.517193191,Oncorhynchus tshawytscha,spring run,adult,NA,NA,individual,1,74.4,1,NA,exogenous,wet,0,fresh,post-smolt
2003,Geist,J. Fish Biol.,5000,NA,8,119.422,NA,1.605134409,NA,1472.916901,NA,7.295,8.517193191,Oncorhynchus tshawytscha,spring run,adult,NA,NA,individual,1,74.4,1,NA,exogenous,wet,0,fresh,post-smolt
2003,Geist,J. Fish Biol.,5000,NA,8,124.239,NA,1.669879032,NA,1795.430311,NA,7.493,8.517193191,Oncorhynchus tshawytscha,spring run,adult,NA,NA,individual,1,74.4,1,NA,exogenous,wet,0,fresh,post-smolt
2003,Geist,J. Fish Biol.,5000,NA,8,121.45,NA,1.632392473,NA,1813.474686,NA,7.503,8.517193191,Oncorhynchus tshawytscha,spring run,adult,NA,NA,individual,1,74.4,1,NA,exogenous,wet,0,fresh,post-smolt
2003,Geist,J. Fish Biol.,5000,NA,8,120.436,NA,1.618763441,NA,1881.830025,NA,7.54,8.517193191,Oncorhynchus tshawytscha,spring run,adult,NA,NA,individual,1,74.4,1,NA,exogenous,wet,0,fresh,post-smolt
2003,Geist,J. Fish Biol.,5000,NA,8,120.943,NA,1.625577957,NA,2153.823686,NA,7.675,8.517193191,Oncorhynchus tshawytscha,spring run,adult,NA,NA,individual,1,74.4,1,NA,exogenous,wet,0,fresh,post-smolt
2003,Geist,J. Fish Biol.,5000,NA,8,120.943,NA,1.625577957,NA,2392.274821,NA,7.78,8.517193191,Oncorhynchus tshawytscha,spring run,adult,NA,NA,individual,1,74.4,1,NA,exogenous,wet,0,fresh,post-smolt
2003,Geist,J. Fish Biol.,5000,NA,8,123.479,NA,1.659663978,NA,3320.929525,NA,8.108,8.517193191,Oncorhynchus tshawytscha,spring run,adult,NA,NA,individual,1,74.4,1,NA,exogenous,wet,0,fresh,post-smolt
2003,Geist,J. Fish Biol.,5000,NA,8,130.071,NA,1.748266129,NA,3391.406462,NA,8.129,8.517193191,Oncorhynchus tshawytscha,spring run,adult,NA,NA,individual,1,74.4,1,NA,exogenous,wet,0,fresh,post-smolt
2003,Geist,J. Fish Biol.,5000,NA,8,130.325,NA,1.751680108,NA,1900.742731,NA,7.55,8.517193191,Oncorhynchus tshawytscha,spring run,adult,NA,NA,individual,1,74.4,1,NA,exogenous,wet,0,fresh,post-smolt
2003,Geist,J. Fish Biol.,5000,NA,8,130.071,NA,1.748266129,NA,2067.302714,NA,7.634,8.517193191,Oncorhynchus tshawytscha,spring run,adult,NA,NA,individual,1,74.4,1,NA,exogenous,wet,0,fresh,post-smolt
2003,Geist,J. Fish Biol.,5000,NA,8,130.071,NA,1.748266129,NA,2153.823686,NA,7.675,8.517193191,Oncorhynchus tshawytscha,spring run,adult,NA,NA,individual,1,74.4,1,NA,exogenous,wet,0,fresh,post-smolt
2003,Geist,J. Fish Biol.,5000,NA,8,130.071,NA,1.748266129,NA,2443.0438,NA,7.801,8.517193191,Oncorhynchus tshawytscha,spring run,adult,NA,NA,individual,1,74.4,1,NA,exogenous,wet,0,fresh,post-smolt
2003,Geist,J. Fish Biol.,5000,NA,8,130.325,NA,1.751680108,NA,2558.048648,NA,7.847,8.517193191,Oncorhynchus tshawytscha,spring run,adult,NA,NA,individual,1,74.4,1,NA,exogenous,wet,0,fresh,post-smolt
2003,Geist,J. Fish Biol.,5000,NA,8,141.481,NA,1.901626344,NA,2002.196286,NA,7.602,8.517193191,Oncorhynchus tshawytscha,spring run,adult,NA,NA,individual,1,74.4,1,NA,exogenous,wet,0,fresh,post-smolt
2003,Geist,J. Fish Biol.,5000,NA,8,142.748,NA,1.918655914,NA,2177.646532,NA,7.686,8.517193191,Oncorhynchus tshawytscha,spring run,adult,NA,NA,individual,1,74.4,1,NA,exogenous,wet,0,fresh,post-smolt
2003,Geist,J. Fish Biol.,5000,NA,8,143.002,NA,1.922069892,NA,2330.877302,NA,7.754,8.517193191,Oncorhynchus tshawytscha,spring run,adult,NA,NA,individual,1,74.4,1,NA,exogenous,wet,0,fresh,post-smolt
2003,Geist,J. Fish Biol.,5000,NA,8,144.016,NA,1.935698925,NA,2628.056819,NA,7.874,8.517193191,Oncorhynchus tshawytscha,spring run,adult,NA,NA,individual,1,74.4,1,NA,exogenous,wet,0,fresh,post-smolt
2003,Geist,J. Fish Biol.,5000,NA,8,147.312,NA,1.98,NA,2573.443077,NA,7.853,8.517193191,Oncorhynchus tshawytscha,spring run,adult,NA,NA,individual,1,74.4,1,NA,exogenous,wet,0,fresh,post-smolt
2003,Geist,J. Fish Biol.,5000,NA,8,150.101,NA,2.017486559,NA,3071.741673,NA,8.03,8.517193191,Oncorhynchus tshawytscha,spring run,adult,NA,NA,individual,1,74.4,1,NA,exogenous,wet,0,fresh,post-smolt
2003,Geist,J. Fish Biol.,5000,NA,8,142.748,NA,1.918655914,NA,3102.61319,NA,8.04,8.517193191,Oncorhynchus tshawytscha,spring run,adult,NA,NA,individual,1,74.4,1,NA,exogenous,wet,0,fresh,post-smolt
2003,Geist,J. Fish Biol.,5000,NA,8,145.284,NA,1.952741935,NA,3630.043824,NA,8.197,8.517193191,Oncorhynchus tshawytscha,spring run,adult,NA,NA,individual,1,74.4,1,NA,exogenous,wet,0,fresh,post-smolt
2003,Geist,J. Fish Biol.,5000,NA,8,149.848,NA,2.014086022,NA,2519.964265,NA,7.832,8.517193191,Oncorhynchus tshawytscha,spring run,adult,NA,NA,individual,1,74.4,1,NA,exogenous,wet,0,fresh,post-smolt
2003,Geist,J. Fish Biol.,5000,NA,8,149.848,NA,2.014086022,NA,2330.877302,NA,7.754,8.517193191,Oncorhynchus tshawytscha,spring run,adult,NA,NA,individual,1,74.4,1,NA,exogenous,wet,0,fresh,post-smolt
2003,Geist,J. Fish Biol.,5000,NA,8,150.101,NA,2.017486559,NA,2199.532243,NA,7.696,8.517193191,Oncorhynchus tshawytscha,spring run,adult,NA,NA,individual,1,74.4,1,NA,exogenous,wet,0,fresh,post-smolt
2003,Geist,J. Fish Biol.,5000,NA,8,149.848,NA,2.014086022,NA,2067.302714,NA,7.634,8.517193191,Oncorhynchus tshawytscha,spring run,adult,NA,NA,individual,1,74.4,1,NA,exogenous,wet,0,fresh,post-smolt
2003,Geist,J. Fish Biol.,5000,NA,8,163.286,NA,2.194704301,NA,1992.21029,NA,7.597,8.517193191,Oncorhynchus tshawytscha,spring run,adult,NA,NA,individual,1,74.4,1,NA,exogenous,wet,0,fresh,post-smolt
2003,Geist,J. Fish Biol.,5000,NA,8,170.132,NA,2.28672043,NA,2246.21083,NA,7.717,8.517193191,Oncorhynchus tshawytscha,spring run,adult,NA,NA,individual,1,74.4,1,NA,exogenous,wet,0,fresh,post-smolt
2003,Geist,J. Fish Biol.,5000,NA,8,170.132,NA,2.28672043,NA,2479.965679,NA,7.816,8.517193191,Oncorhynchus tshawytscha,spring run,adult,NA,NA,individual,1,74.4,1,NA,exogenous,wet,0,fresh,post-smolt
2003,Geist,J. Fish Biol.,5000,NA,8,169.878,NA,2.283306452,NA,2738.04653,NA,7.915,8.517193191,Oncorhynchus tshawytscha,spring run,adult,NA,NA,individual,1,74.4,1,NA,exogenous,wet,0,fresh,post-smolt
2003,Geist,J. Fish Biol.,5000,NA,8,169.625,NA,2.279905914,NA,2960.164144,NA,7.993,8.517193191,Oncorhynchus tshawytscha,spring run,adult,NA,NA,individual,1,74.4,1,NA,exogenous,wet,0,fresh,post-smolt
2003,Geist,J. Fish Biol.,5000,NA,8,164.807,NA,2.215147849,NA,2641.230009,NA,7.879,8.517193191,Oncorhynchus tshawytscha,spring run,adult,NA,NA,individual,1,74.4,1,NA,exogenous,wet,0,fresh,post-smolt
2003,Geist,J. Fish Biol.,5000,NA,8,165.314,NA,2.221962366,NA,2768.331303,NA,7.926,8.517193191,Oncorhynchus tshawytscha,spring run,adult,NA,NA,individual,1,74.4,1,NA,exogenous,wet,0,fresh,post-smolt
2003,Geist,J. Fish Biol.,5000,NA,8,166.836,NA,2.242419355,NA,2916.093042,NA,7.978,8.517193191,Oncorhynchus tshawytscha,spring run,adult,NA,NA,individual,1,74.4,1,NA,exogenous,wet,0,fresh,post-smolt
2003,Geist,J. Fish Biol.,5000,NA,8,164.807,NA,2.215147849,NA,3087.138842,NA,8.035,8.517193191,Oncorhynchus tshawytscha,spring run,adult,NA,NA,individual,1,74.4,1,NA,exogenous,wet,0,fresh,post-smolt
2003,Geist,J. Fish Biol.,5000,NA,8,164.807,NA,2.215147849,NA,3251.91717,NA,8.087,8.517193191,Oncorhynchus tshawytscha,spring run,adult,NA,NA,individual,1,74.4,1,NA,exogenous,wet,0,fresh,post-smolt
2003,Geist,J. Fish Biol.,5000,NA,8,167.85,NA,2.256048387,NA,3804.728826,NA,8.244,8.517193191,Oncorhynchus tshawytscha,spring run,adult,NA,NA,individual,1,74.4,1,NA,exogenous,wet,0,fresh,post-smolt
2003,Geist,J. Fish Biol.,5000,NA,8,186.613,NA,2.508239247,NA,3446.10539,NA,8.145,8.517193191,Oncorhynchus tshawytscha,spring run,adult,NA,NA,individual,1,74.4,1,NA,exogenous,wet,0,fresh,post-smolt
2003,Geist,J. Fish Biol.,5000,NA,8,186.613,NA,2.508239247,NA,3287.885724,NA,8.098,8.517193191,Oncorhynchus tshawytscha,spring run,adult,NA,NA,individual,1,74.4,1,NA,exogenous,wet,0,fresh,post-smolt
2003,Geist,J. Fish Biol.,5000,NA,8,186.613,NA,2.508239247,NA,3152.654262,NA,8.056,8.517193191,Oncorhynchus tshawytscha,spring run,adult,NA,NA,individual,1,74.4,1,NA,exogenous,wet,0,fresh,post-smolt
2003,Geist,J. Fish Biol.,5000,NA,8,189.655,NA,2.549126344,NA,2681.147088,NA,7.894,8.517193191,Oncorhynchus tshawytscha,spring run,adult,NA,NA,individual,1,74.4,1,NA,exogenous,wet,0,fresh,post-smolt
2003,Geist,J. Fish Biol.,5000,NA,8,191.937,NA,2.579798387,NA,3203.502431,NA,8.072,8.517193191,Oncorhynchus tshawytscha,spring run,adult,NA,NA,individual,1,74.4,1,NA,exogenous,wet,0,fresh,post-smolt
2003,Geist,J. Fish Biol.,5000,NA,8,190.162,NA,2.55594086,NA,3707.080802,NA,8.218,8.517193191,Oncorhynchus tshawytscha,spring run,adult,NA,NA,individual,1,74.4,1,NA,exogenous,wet,0,fresh,post-smolt
2003,Geist,J. Fish Biol.,5000,NA,8,209.432,NA,2.814946237,NA,3056.421298,NA,8.025,8.517193191,Oncorhynchus tshawytscha,spring run,adult,NA,NA,individual,1,74.4,1,NA,exogenous,wet,0,fresh,post-smolt
2003,Geist,J. Fish Biol.,5000,NA,8,214.757,NA,2.886518817,NA,2945.400264,NA,7.988,8.517193191,Oncorhynchus tshawytscha,spring run,adult,NA,NA,individual,1,74.4,1,NA,exogenous,wet,0,fresh,post-smolt
2003,Geist,J. Fish Biol.,5000,NA,8,209.178,NA,2.811532258,NA,3519.238817,NA,8.166,8.517193191,Oncorhynchus tshawytscha,spring run,adult,NA,NA,individual,1,74.4,1,NA,exogenous,wet,0,fresh,post-smolt
2003,Geist,J. Fish Biol.,5000,NA,8,212.982,NA,2.86266129,NA,3707.080802,NA,8.218,8.517193191,Oncorhynchus tshawytscha,spring run,adult,NA,NA,individual,1,74.4,1,NA,exogenous,wet,0,fresh,post-smolt
2003,Geist,J. Fish Biol.,5000,NA,12.5,29.457,NA,0.395927419,NA,388.3861202,NA,5.962,8.517193191,Oncorhynchus tshawytscha,spring run,adult,NA,NA,individual,1,74.4,1,NA,exogenous,wet,0,fresh,post-smolt
2003,Geist,J. Fish Biol.,5000,NA,12.5,29.457,NA,0.395927419,NA,548.9459583,NA,6.308,8.517193191,Oncorhynchus tshawytscha,spring run,adult,NA,NA,individual,1,74.4,1,NA,exogenous,wet,0,fresh,post-smolt
2003,Geist,J. Fish Biol.,5000,NA,12.5,29.457,NA,0.395927419,NA,565.0984705,NA,6.337,8.517193191,Oncorhynchus tshawytscha,spring run,adult,NA,NA,individual,1,74.4,1,NA,exogenous,wet,0,fresh,post-smolt
2003,Geist,J. Fish Biol.,5000,NA,12.5,29.201,NA,0.392486559,NA,586.9854309,NA,6.375,8.517193191,Oncorhynchus tshawytscha,spring run,adult,NA,NA,individual,1,74.4,1,NA,exogenous,wet,0,fresh,post-smolt
2003,Geist,J. Fish Biol.,5000,NA,12.5,33.811,NA,0.454448925,NA,584.0578289,NA,6.37,8.517193191,Oncorhynchus tshawytscha,spring run,adult,NA,NA,individual,1,74.4,1,NA,exogenous,wet,0,fresh,post-smolt
2003,Geist,J. Fish Biol.,5000,NA,12.5,33.043,NA,0.444126344,NA,668.4756694,NA,6.505,8.517193191,Oncorhynchus tshawytscha,spring run,adult,NA,NA,individual,1,74.4,1,NA,exogenous,wet,0,fresh,post-smolt
2003,Geist,J. Fish Biol.,5000,NA,12.5,28.689,NA,0.385604839,NA,714.7980105,NA,6.572,8.517193191,Oncorhynchus tshawytscha,spring run,adult,NA,NA,individual,1,74.4,1,NA,exogenous,wet,0,fresh,post-smolt
2003,Geist,J. Fish Biol.,5000,NA,12.5,33.299,NA,0.447567204,NA,764.3302804,NA,6.639,8.517193191,Oncorhynchus tshawytscha,spring run,adult,NA,NA,individual,1,74.4,1,NA,exogenous,wet,0,fresh,post-smolt
2003,Geist,J. Fish Biol.,5000,NA,12.5,33.299,NA,0.447567204,NA,825.5088631,NA,6.716,8.517193191,Oncorhynchus tshawytscha,spring run,adult,NA,NA,individual,1,74.4,1,NA,exogenous,wet,0,fresh,post-smolt
2003,Geist,J. Fish Biol.,5000,NA,12.5,33.299,NA,0.447567204,NA,862.6421958,NA,6.76,8.517193191,Oncorhynchus tshawytscha,spring run,adult,NA,NA,individual,1,74.4,1,NA,exogenous,wet,0,fresh,post-smolt
2003,Geist,J. Fish Biol.,5000,NA,12.5,29.457,NA,0.395927419,NA,874.8041214,NA,6.774,8.517193191,Oncorhynchus tshawytscha,spring run,adult,NA,NA,individual,1,74.4,1,NA,exogenous,wet,0,fresh,post-smolt
2003,Geist,J. Fish Biol.,5000,NA,12.5,49.949,NA,0.671357527,NA,652.6232433,NA,6.481,8.517193191,Oncorhynchus tshawytscha,spring run,adult,NA,NA,individual,1,74.4,1,NA,exogenous,wet,0,fresh,post-smolt
2003,Geist,J. Fish Biol.,5000,NA,12.5,49.949,NA,0.671357527,NA,688.1452948,NA,6.534,8.517193191,Oncorhynchus tshawytscha,spring run,adult,NA,NA,individual,1,74.4,1,NA,exogenous,wet,0,fresh,post-smolt
2003,Geist,J. Fish Biol.,5000,NA,12.5,49.693,NA,0.667916667,NA,739.5190186,NA,6.606,8.517193191,Oncorhynchus tshawytscha,spring run,adult,NA,NA,individual,1,74.4,1,NA,exogenous,wet,0,fresh,post-smolt
2003,Geist,J. Fish Biol.,5000,NA,12.5,49.949,NA,0.671357527,NA,805.9325064,NA,6.692,8.517193191,Oncorhynchus tshawytscha,spring run,adult,NA,NA,individual,1,74.4,1,NA,exogenous,wet,0,fresh,post-smolt
2003,Geist,J. Fish Biol.,5000,NA,12.5,49.949,NA,0.671357527,NA,858.3397499,NA,6.755,8.517193191,Oncorhynchus tshawytscha,spring run,adult,NA,NA,individual,1,74.4,1,NA,exogenous,wet,0,fresh,post-smolt
2003,Geist,J. Fish Biol.,5000,NA,12.5,55.328,NA,0.743655914,NA,809.9722599,NA,6.697,8.517193191,Oncorhynchus tshawytscha,spring run,adult,NA,NA,individual,1,74.4,1,NA,exogenous,wet,0,fresh,post-smolt
2003,Geist,J. Fish Biol.,5000,NA,12.5,55.328,NA,0.743655914,NA,854.0587625,NA,6.75,8.517193191,Oncorhynchus tshawytscha,spring run,adult,NA,NA,individual,1,74.4,1,NA,exogenous,wet,0,fresh,post-smolt
2003,Geist,J. Fish Biol.,5000,NA,12.5,54.047,NA,0.726438172,NA,922.4193992,NA,6.827,8.517193191,Oncorhynchus tshawytscha,spring run,adult,NA,NA,individual,1,74.4,1,NA,exogenous,wet,0,fresh,post-smolt
2003,Geist,J. Fish Biol.,5000,NA,12.5,55.584,NA,0.747096774,NA,940.112924,NA,6.846,8.517193191,Oncorhynchus tshawytscha,spring run,adult,NA,NA,individual,1,74.4,1,NA,exogenous,wet,0,fresh,post-smolt
2003,Geist,J. Fish Biol.,5000,NA,12.5,55.584,NA,0.747096774,NA,1001.245496,NA,6.909,8.517193191,Oncorhynchus tshawytscha,spring run,adult,NA,NA,individual,1,74.4,1,NA,exogenous,wet,0,fresh,post-smolt
2003,Geist,J. Fish Biol.,5000,NA,12.5,55.072,NA,0.740215054,NA,1107.654505,NA,7.01,8.517193191,Oncorhynchus tshawytscha,spring run,adult,NA,NA,individual,1,74.4,1,NA,exogenous,wet,0,fresh,post-smolt
2003,Geist,J. Fish Biol.,5000,NA,12.5,69.416,NA,0.933010753,NA,874.8041214,NA,6.774,8.517193191,Oncorhynchus tshawytscha,spring run,adult,NA,NA,individual,1,74.4,1,NA,exogenous,wet,0,fresh,post-smolt
2003,Geist,J. Fish Biol.,5000,NA,12.5,69.416,NA,0.933010753,NA,913.2411729,NA,6.817,8.517193191,Oncorhynchus tshawytscha,spring run,adult,NA,NA,individual,1,74.4,1,NA,exogenous,wet,0,fresh,post-smolt
2003,Geist,J. Fish Biol.,5000,NA,12.5,69.672,NA,0.936451613,NA,1034.837822,NA,6.942,8.517193191,Oncorhynchus tshawytscha,spring run,adult,NA,NA,individual,1,74.4,1,NA,exogenous,wet,0,fresh,post-smolt
2003,Geist,J. Fish Biol.,5000,NA,12.5,69.672,NA,0.936451613,NA,1075.993823,NA,6.981,8.517193191,Oncorhynchus tshawytscha,spring run,adult,NA,NA,individual,1,74.4,1,NA,exogenous,wet,0,fresh,post-smolt
2003,Geist,J. Fish Biol.,5000,NA,12.5,77.613,NA,1.043185484,NA,1070.627281,NA,6.976,8.517193191,Oncorhynchus tshawytscha,spring run,adult,NA,NA,individual,1,74.4,1,NA,exogenous,wet,0,fresh,post-smolt
2003,Geist,J. Fish Biol.,5000,NA,12.5,76.588,NA,1.029408602,NA,1144.816911,NA,7.043,8.517193191,Oncorhynchus tshawytscha,spring run,adult,NA,NA,individual,1,74.4,1,NA,exogenous,wet,0,fresh,post-smolt
2003,Geist,J. Fish Biol.,5000,NA,12.5,78.637,NA,1.056948925,NA,1285.624665,NA,7.159,8.517193191,Oncorhynchus tshawytscha,spring run,adult,NA,NA,individual,1,74.4,1,NA,exogenous,wet,0,fresh,post-smolt
2003,Geist,J. Fish Biol.,5000,NA,12.5,77.1,NA,1.036290323,NA,1381.603417,NA,7.231,8.517193191,Oncorhynchus tshawytscha,spring run,adult,NA,NA,individual,1,74.4,1,NA,exogenous,wet,0,fresh,post-smolt
2003,Geist,J. Fish Biol.,5000,NA,12.5,77.1,NA,1.036290323,NA,1422.256537,NA,7.26,8.517193191,Oncorhynchus tshawytscha,spring run,adult,NA,NA,individual,1,74.4,1,NA,exogenous,wet,0,fresh,post-smolt
2003,Geist,J. Fish Biol.,5000,NA,12.5,77.1,NA,1.036290323,NA,1484.747495,NA,7.303,8.517193191,Oncorhynchus tshawytscha,spring run,adult,NA,NA,individual,1,74.4,1,NA,exogenous,wet,0,fresh,post-smolt
2003,Geist,J. Fish Biol.,5000,NA,12.5,77.1,NA,1.036290323,NA,1595.59183,NA,7.375,8.517193191,Oncorhynchus tshawytscha,spring run,adult,NA,NA,individual,1,74.4,1,NA,exogenous,wet,0,fresh,post-smolt
2003,Geist,J. Fish Biol.,5000,NA,12.5,89.652,NA,1.205,NA,1162.118603,NA,7.058,8.517193191,Oncorhynchus tshawytscha,spring run,adult,NA,NA,individual,1,74.4,1,NA,exogenous,wet,0,fresh,post-smolt
2003,Geist,J. Fish Biol.,5000,NA,12.5,89.908,NA,1.20844086,NA,1225.372306,NA,7.111,8.517193191,Oncorhynchus tshawytscha,spring run,adult,NA,NA,individual,1,74.4,1,NA,exogenous,wet,0,fresh,post-smolt
2003,Geist,J. Fish Biol.,5000,NA,12.5,89.908,NA,1.20844086,NA,1285.624665,NA,7.159,8.517193191,Oncorhynchus tshawytscha,spring run,adult,NA,NA,individual,1,74.4,1,NA,exogenous,wet,0,fresh,post-smolt
2003,Geist,J. Fish Biol.,5000,NA,12.5,89.908,NA,1.20844086,NA,1342.112307,NA,7.202,8.517193191,Oncorhynchus tshawytscha,spring run,adult,NA,NA,individual,1,74.4,1,NA,exogenous,wet,0,fresh,post-smolt
2003,Geist,J. Fish Biol.,5000,NA,12.5,89.395,NA,1.201545699,NA,1462.642485,NA,7.288,8.517193191,Oncorhynchus tshawytscha,spring run,adult,NA,NA,individual,1,74.4,1,NA,exogenous,wet,0,fresh,post-smolt
2003,Geist,J. Fish Biol.,5000,NA,12.5,89.395,NA,1.201545699,NA,1557.753503,NA,7.351,8.517193191,Oncorhynchus tshawytscha,spring run,adult,NA,NA,individual,1,74.4,1,NA,exogenous,wet,0,fresh,post-smolt
2003,Geist,J. Fish Biol.,5000,NA,12.5,99.898,NA,1.342715054,NA,1513.2274,NA,7.322,8.517193191,Oncorhynchus tshawytscha,spring run,adult,NA,NA,individual,1,74.4,1,NA,exogenous,wet,0,fresh,post-smolt
2003,Geist,J. Fish Biol.,5000,NA,12.5,99.898,NA,1.342715054,NA,1618.087216,NA,7.389,8.517193191,Oncorhynchus tshawytscha,spring run,adult,NA,NA,individual,1,74.4,1,NA,exogenous,wet,0,fresh,post-smolt
2003,Geist,J. Fish Biol.,5000,NA,12.5,97.848,NA,1.31516129,NA,1714.711288,NA,7.447,8.517193191,Oncorhynchus tshawytscha,spring run,adult,NA,NA,individual,1,74.4,1,NA,exogenous,wet,0,fresh,post-smolt
2003,Geist,J. Fish Biol.,5000,NA,12.5,101.434,NA,1.363360215,NA,1756.36217,NA,7.471,8.517193191,Oncorhynchus tshawytscha,spring run,adult,NA,NA,individual,1,74.4,1,NA,exogenous,wet,0,fresh,post-smolt
2003,Geist,J. Fish Biol.,5000,NA,12.5,99.385,NA,1.335819892,NA,1896.945045,NA,7.548,8.517193191,Oncorhynchus tshawytscha,spring run,adult,NA,NA,individual,1,74.4,1,NA,exogenous,wet,0,fresh,post-smolt
2003,Geist,J. Fish Biol.,5000,NA,12.5,109.631,NA,1.473534946,NA,1740.62583,NA,7.462,8.517193191,Oncorhynchus tshawytscha,spring run,adult,NA,NA,individual,1,74.4,1,NA,exogenous,wet,0,fresh,post-smolt
2003,Geist,J. Fish Biol.,5000,NA,12.5,109.375,NA,1.470094086,NA,1826.213543,NA,7.51,8.517193191,Oncorhynchus tshawytscha,spring run,adult,NA,NA,individual,1,74.4,1,NA,exogenous,wet,0,fresh,post-smolt
2003,Geist,J. Fish Biol.,5000,NA,12.5,109.119,NA,1.466653226,NA,1962.550143,NA,7.582,8.517193191,Oncorhynchus tshawytscha,spring run,adult,NA,NA,individual,1,74.4,1,NA,exogenous,wet,0,fresh,post-smolt
2003,Geist,J. Fish Biol.,5000,NA,12.5,108.607,NA,1.459771505,NA,2088.079452,NA,7.644,8.517193191,Oncorhynchus tshawytscha,spring run,adult,NA,NA,individual,1,74.4,1,NA,exogenous,wet,0,fresh,post-smolt
2003,Geist,J. Fish Biol.,5000,NA,12.5,119.877,NA,1.61125,NA,2423.577419,NA,7.793,8.517193191,Oncorhynchus tshawytscha,spring run,adult,NA,NA,individual,1,74.4,1,NA,exogenous,wet,0,fresh,post-smolt
2003,Geist,J. Fish Biol.,5000,NA,12.5,122.951,NA,1.652567204,NA,2435.725652,NA,7.798,8.517193191,Oncorhynchus tshawytscha,spring run,adult,NA,NA,individual,1,74.4,1,NA,exogenous,wet,0,fresh,post-smolt
2003,Geist,J. Fish Biol.,5000,NA,12.5,121.414,NA,1.631908602,NA,2630.68619,NA,7.875,8.517193191,Oncorhynchus tshawytscha,spring run,adult,NA,NA,individual,1,74.4,1,NA,exogenous,wet,0,fresh,post-smolt
2003,Geist,J. Fish Biol.,5000,NA,12.5,121.414,NA,1.631908602,NA,2732.57591,NA,7.913,8.517193191,Oncorhynchus tshawytscha,spring run,adult,NA,NA,individual,1,74.4,1,NA,exogenous,wet,0,fresh,post-smolt
2003,Geist,J. Fish Biol.,5000,NA,12.5,121.414,NA,1.631908602,NA,2855.493609,NA,7.957,8.517193191,Oncorhynchus tshawytscha,spring run,adult,NA,NA,individual,1,74.4,1,NA,exogenous,wet,0,fresh,post-smolt
2003,Geist,J. Fish Biol.,5000,NA,12.5,123.719,NA,1.662889785,NA,3022.984901,NA,8.014,8.517193191,Oncorhynchus tshawytscha,spring run,adult,NA,NA,individual,1,74.4,1,NA,exogenous,wet,0,fresh,post-smolt
2003,Geist,J. Fish Biol.,5000,NA,12.5,129.867,NA,1.745524194,NA,2939.515351,NA,7.986,8.517193191,Oncorhynchus tshawytscha,spring run,adult,NA,NA,individual,1,74.4,1,NA,exogenous,wet,0,fresh,post-smolt
2003,Geist,J. Fish Biol.,5000,NA,12.5,130.123,NA,1.748965054,NA,2773.873506,NA,7.928,8.517193191,Oncorhynchus tshawytscha,spring run,adult,NA,NA,individual,1,74.4,1,NA,exogenous,wet,0,fresh,post-smolt
2003,Geist,J. Fish Biol.,5000,NA,12.5,130.891,NA,1.759287634,NA,2542.746309,NA,7.841,8.517193191,Oncorhynchus tshawytscha,spring run,adult,NA,NA,individual,1,74.4,1,NA,exogenous,wet,0,fresh,post-smolt
2003,Geist,J. Fish Biol.,5000,NA,12.5,130.123,NA,1.748965054,NA,2447.934777,NA,7.803,8.517193191,Oncorhynchus tshawytscha,spring run,adult,NA,NA,individual,1,74.4,1,NA,exogenous,wet,0,fresh,post-smolt
2003,Geist,J. Fish Biol.,5000,NA,12.5,129.611,NA,1.742083333,NA,2354.303008,NA,7.764,8.517193191,Oncorhynchus tshawytscha,spring run,adult,NA,NA,individual,1,74.4,1,NA,exogenous,wet,0,fresh,post-smolt
2003,Geist,J. Fish Biol.,5000,NA,12.5,143.955,NA,1.934879032,NA,2732.57591,NA,7.913,8.517193191,Oncorhynchus tshawytscha,spring run,adult,NA,NA,individual,1,74.4,1,NA,exogenous,wet,0,fresh,post-smolt
2003,Geist,J. Fish Biol.,5000,NA,12.5,143.955,NA,1.934879032,NA,2895.751668,NA,7.971,8.517193191,Oncorhynchus tshawytscha,spring run,adult,NA,NA,individual,1,74.4,1,NA,exogenous,wet,0,fresh,post-smolt
2003,Geist,J. Fish Biol.,5000,NA,12.5,143.955,NA,1.934879032,NA,3038.137676,NA,8.019,8.517193191,Oncorhynchus tshawytscha,spring run,adult,NA,NA,individual,1,74.4,1,NA,exogenous,wet,0,fresh,post-smolt
2003,Geist,J. Fish Biol.,5000,NA,12.5,141.65,NA,1.903897849,NA,2841.251775,NA,7.952,8.517193191,Oncorhynchus tshawytscha,spring run,adult,NA,NA,individual,1,74.4,1,NA,exogenous,wet,0,fresh,post-smolt
2003,Geist,J. Fish Biol.,5000,NA,12.5,143.955,NA,1.934879032,NA,3330.907272,NA,8.111,8.517193191,Oncorhynchus tshawytscha,spring run,adult,NA,NA,individual,1,74.4,1,NA,exogenous,wet,0,fresh,post-smolt
2003,Geist,J. Fish Biol.,5000,NA,12.5,144.211,NA,1.938319892,NA,2366.104001,NA,7.769,8.517193191,Oncorhynchus tshawytscha,spring run,adult,NA,NA,individual,1,74.4,1,NA,exogenous,wet,0,fresh,post-smolt
2003,Geist,J. Fish Biol.,5000,NA,12.5,146.773,NA,1.972755376,NA,3774.412423,NA,8.236,8.517193191,Oncorhynchus tshawytscha,spring run,adult,NA,NA,individual,1,74.4,1,NA,exogenous,wet,0,fresh,post-smolt
2003,Geist,J. Fish Biol.,5000,NA,12.5,149.846,NA,2.01405914,NA,3477.260326,NA,8.154,8.517193191,Oncorhynchus tshawytscha,spring run,adult,NA,NA,individual,1,74.4,1,NA,exogenous,wet,0,fresh,post-smolt
2003,Geist,J. Fish Biol.,5000,NA,12.5,149.59,NA,2.01061828,NA,3171.627049,NA,8.062,8.517193191,Oncorhynchus tshawytscha,spring run,adult,NA,NA,individual,1,74.4,1,NA,exogenous,wet,0,fresh,post-smolt
2003,Geist,J. Fish Biol.,5000,NA,12.5,149.334,NA,2.007177419,NA,2995.900101,NA,8.005,8.517193191,Oncorhynchus tshawytscha,spring run,adult,NA,NA,individual,1,74.4,1,NA,exogenous,wet,0,fresh,post-smolt
2003,Geist,J. Fish Biol.,5000,NA,12.5,150.102,NA,2.0175,NA,2746.273004,NA,7.918,8.517193191,Oncorhynchus tshawytscha,spring run,adult,NA,NA,individual,1,74.4,1,NA,exogenous,wet,0,fresh,post-smolt
2003,Geist,J. Fish Biol.,5000,NA,12.5,150.102,NA,2.0175,NA,2604.510425,NA,7.865,8.517193191,Oncorhynchus tshawytscha,spring run,adult,NA,NA,individual,1,74.4,1,NA,exogenous,wet,0,fresh,post-smolt
2003,Geist,J. Fish Biol.,5000,NA,12.5,150.102,NA,2.0175,NA,2460.205101,NA,7.808,8.517193191,Oncorhynchus tshawytscha,spring run,adult,NA,NA,individual,1,74.4,1,NA,exogenous,wet,0,fresh,post-smolt
2003,Geist,J. Fish Biol.,5000,NA,12.5,169.57,NA,2.279166667,NA,2494.890202,NA,7.822,8.517193191,Oncorhynchus tshawytscha,spring run,adult,NA,NA,individual,1,74.4,1,NA,exogenous,wet,0,fresh,post-smolt
2003,Geist,J. Fish Biol.,5000,NA,12.5,169.314,NA,2.275725806,NA,2694.586394,NA,7.899,8.517193191,Oncorhynchus tshawytscha,spring run,adult,NA,NA,individual,1,74.4,1,NA,exogenous,wet,0,fresh,post-smolt
2003,Geist,J. Fish Biol.,5000,NA,12.5,169.314,NA,2.275725806,NA,2812.980848,NA,7.942,8.517193191,Oncorhynchus tshawytscha,spring run,adult,NA,NA,individual,1,74.4,1,NA,exogenous,wet,0,fresh,post-smolt
2003,Geist,J. Fish Biol.,5000,NA,12.5,169.314,NA,2.275725806,NA,3022.984901,NA,8.014,8.517193191,Oncorhynchus tshawytscha,spring run,adult,NA,NA,individual,1,74.4,1,NA,exogenous,wet,0,fresh,post-smolt
2003,Geist,J. Fish Biol.,5000,NA,12.5,166.24,NA,2.234408602,NA,3297.764191,NA,8.101,8.517193191,Oncorhynchus tshawytscha,spring run,adult,NA,NA,individual,1,74.4,1,NA,exogenous,wet,0,fresh,post-smolt
2003,Geist,J. Fish Biol.,5000,NA,12.5,164.959,NA,2.21719086,NA,3579.577301,NA,8.183,8.517193191,Oncorhynchus tshawytscha,spring run,adult,NA,NA,individual,1,74.4,1,NA,exogenous,wet,0,fresh,post-smolt
2003,Geist,J. Fish Biol.,5000,NA,12.5,169.826,NA,2.282607527,NA,3561.724084,NA,8.178,8.517193191,Oncorhynchus tshawytscha,spring run,adult,NA,NA,individual,1,74.4,1,NA,exogenous,wet,0,fresh,post-smolt
2003,Geist,J. Fish Biol.,5000,NA,12.5,170.082,NA,2.286048387,NA,3411.816069,NA,8.135,8.517193191,Oncorhynchus tshawytscha,spring run,adult,NA,NA,individual,1,74.4,1,NA,exogenous,wet,0,fresh,post-smolt
2003,Geist,J. Fish Biol.,5000,NA,12.5,168.033,NA,2.258508065,NA,3459.917418,NA,8.149,8.517193191,Oncorhynchus tshawytscha,spring run,adult,NA,NA,individual,1,74.4,1,NA,exogenous,wet,0,fresh,post-smolt
2003,Geist,J. Fish Biol.,5000,NA,12.5,165.215,NA,2.22063172,NA,4175.5443,NA,8.337,8.517193191,Oncorhynchus tshawytscha,spring run,adult,NA,NA,individual,1,74.4,1,NA,exogenous,wet,0,fresh,post-smolt
2003,Geist,J. Fish Biol.,5000,NA,12.5,169.314,NA,2.275725806,NA,4113.378544,NA,8.322,8.517193191,Oncorhynchus tshawytscha,spring run,adult,NA,NA,individual,1,74.4,1,NA,exogenous,wet,0,fresh,post-smolt
2003,Geist,J. Fish Biol.,5000,NA,12.5,189.549,NA,2.547701613,NA,3459.917418,NA,8.149,8.517193191,Oncorhynchus tshawytscha,spring run,adult,NA,NA,individual,1,74.4,1,NA,exogenous,wet,0,fresh,post-smolt
2003,Geist,J. Fish Biol.,5000,NA,12.5,189.549,NA,2.547701613,NA,3597.520007,NA,8.188,8.517193191,Oncorhynchus tshawytscha,spring run,adult,NA,NA,individual,1,74.4,1,NA,exogenous,wet,0,fresh,post-smolt
2003,Geist,J. Fish Biol.,5000,NA,12.5,188.525,NA,2.533938172,NA,3808.535458,NA,8.245,8.517193191,Oncorhynchus tshawytscha,spring run,adult,NA,NA,individual,1,74.4,1,NA,exogenous,wet,0,fresh,post-smolt
2003,Geist,J. Fish Biol.,5000,NA,12.5,188.012,NA,2.527043011,NA,4035.962137,NA,8.303,8.517193191,Oncorhynchus tshawytscha,spring run,adult,NA,NA,individual,1,74.4,1,NA,exogenous,wet,0,fresh,post-smolt
2003,Geist,J. Fish Biol.,5000,NA,12.5,191.598,NA,2.575241935,NA,4092.862983,NA,8.317,8.517193191,Oncorhynchus tshawytscha,spring run,adult,NA,NA,individual,1,74.4,1,NA,exogenous,wet,0,fresh,post-smolt
2003,Geist,J. Fish Biol.,5000,NA,12.5,214.908,NA,2.888548387,NA,4420.464235,NA,8.394,8.517193191,Oncorhynchus tshawytscha,spring run,adult,NA,NA,individual,1,74.4,1,NA,exogenous,wet,0,fresh,post-smolt
2003,Geist,J. Fish Biol.,5000,NA,17,28.885,NA,0.388239247,NA,469.1863386,NA,6.151,8.517193191,Oncorhynchus tshawytscha,spring run,adult,NA,NA,individual,1,74.4,1,NA,exogenous,wet,0,fresh,post-smolt
2003,Geist,J. Fish Biol.,5000,NA,17,32.209,NA,0.432916667,NA,494.2295078,NA,6.203,8.517193191,Oncorhynchus tshawytscha,spring run,adult,NA,NA,individual,1,74.4,1,NA,exogenous,wet,0,fresh,post-smolt
2003,Geist,J. Fish Biol.,5000,NA,17,28.63,NA,0.384811828,NA,547.8491635,NA,6.306,8.517193191,Oncorhynchus tshawytscha,spring run,adult,NA,NA,individual,1,74.4,1,NA,exogenous,wet,0,fresh,post-smolt
2003,Geist,J. Fish Biol.,5000,NA,17,33.231,NA,0.446653226,NA,571.3488678,NA,6.348,8.517193191,Oncorhynchus tshawytscha,spring run,adult,NA,NA,individual,1,74.4,1,NA,exogenous,wet,0,fresh,post-smolt
2003,Geist,J. Fish Biol.,5000,NA,17,33.487,NA,0.450094086,NA,659.8417279,NA,6.492,8.517193191,Oncorhynchus tshawytscha,spring run,adult,NA,NA,individual,1,74.4,1,NA,exogenous,wet,0,fresh,post-smolt
2003,Geist,J. Fish Biol.,5000,NA,17,33.487,NA,0.450094086,NA,702.0467519,NA,6.554,8.517193191,Oncorhynchus tshawytscha,spring run,adult,NA,NA,individual,1,74.4,1,NA,exogenous,wet,0,fresh,post-smolt
2003,Geist,J. Fish Biol.,5000,NA,17,28.119,NA,0.377943548,NA,695.06127,NA,6.544,8.517193191,Oncorhynchus tshawytscha,spring run,adult,NA,NA,individual,1,74.4,1,NA,exogenous,wet,0,fresh,post-smolt
2003,Geist,J. Fish Biol.,5000,NA,17,32.975,NA,0.443212366,NA,766.6267142,NA,6.642,8.517193191,Oncorhynchus tshawytscha,spring run,adult,NA,NA,individual,1,74.4,1,NA,exogenous,wet,0,fresh,post-smolt
2003,Geist,J. Fish Biol.,5000,NA,17,28.885,NA,0.388239247,NA,778.2127933,NA,6.657,8.517193191,Oncorhynchus tshawytscha,spring run,adult,NA,NA,individual,1,74.4,1,NA,exogenous,wet,0,fresh,post-smolt
2003,Geist,J. Fish Biol.,5000,NA,17,29.141,NA,0.391680108,NA,811.5938254,NA,6.699,8.517193191,Oncorhynchus tshawytscha,spring run,adult,NA,NA,individual,1,74.4,1,NA,exogenous,wet,0,fresh,post-smolt
2003,Geist,J. Fish Biol.,5000,NA,17,32.209,NA,0.432916667,NA,815.6619564,NA,6.704,8.517193191,Oncorhynchus tshawytscha,spring run,adult,NA,NA,individual,1,74.4,1,NA,exogenous,wet,0,fresh,post-smolt
2003,Geist,J. Fish Biol.,5000,NA,17,29.141,NA,0.391680108,NA,899.6447831,NA,6.802,8.517193191,Oncorhynchus tshawytscha,spring run,adult,NA,NA,individual,1,74.4,1,NA,exogenous,wet,0,fresh,post-smolt
2003,Geist,J. Fish Biol.,5000,NA,17,29.141,NA,0.391680108,NA,937.2968115,NA,6.843,8.517193191,Oncorhynchus tshawytscha,spring run,adult,NA,NA,individual,1,74.4,1,NA,exogenous,wet,0,fresh,post-smolt
2003,Geist,J. Fish Biol.,5000,NA,17,33.998,NA,0.456962366,NA,961.9860986,NA,6.869,8.517193191,Oncorhynchus tshawytscha,spring run,adult,NA,NA,individual,1,74.4,1,NA,exogenous,wet,0,fresh,post-smolt
2003,Geist,J. Fish Biol.,5000,NA,17,49.847,NA,0.669986559,NA,620.173948,NA,6.43,8.517193191,Oncorhynchus tshawytscha,spring run,adult,NA,NA,individual,1,74.4,1,NA,exogenous,wet,0,fresh,post-smolt
2003,Geist,J. Fish Biol.,5000,NA,17,54.448,NA,0.731827957,NA,630.1765385,NA,6.446,8.517193191,Oncorhynchus tshawytscha,spring run,adult,NA,NA,individual,1,74.4,1,NA,exogenous,wet,0,fresh,post-smolt
2003,Geist,J. Fish Biol.,5000,NA,17,49.591,NA,0.666545699,NA,790.7643426,NA,6.673,8.517193191,Oncorhynchus tshawytscha,spring run,adult,NA,NA,individual,1,74.4,1,NA,exogenous,wet,0,fresh,post-smolt
2003,Geist,J. Fish Biol.,5000,NA,17,49.847,NA,0.669986559,NA,854.0587625,NA,6.75,8.517193191,Oncorhynchus tshawytscha,spring run,adult,NA,NA,individual,1,74.4,1,NA,exogenous,wet,0,fresh,post-smolt
2003,Geist,J. Fish Biol.,5000,NA,17,49.847,NA,0.669986559,NA,880.949233,NA,6.781,8.517193191,Oncorhynchus tshawytscha,spring run,adult,NA,NA,individual,1,74.4,1,NA,exogenous,wet,0,fresh,post-smolt
2003,Geist,J. Fish Biol.,5000,NA,17,54.959,NA,0.738696237,NA,863.5052694,NA,6.761,8.517193191,Oncorhynchus tshawytscha,spring run,adult,NA,NA,individual,1,74.4,1,NA,exogenous,wet,0,fresh,post-smolt
2003,Geist,J. Fish Biol.,5000,NA,17,54.703,NA,0.735255376,NA,895.1577861,NA,6.797,8.517193191,Oncorhynchus tshawytscha,spring run,adult,NA,NA,individual,1,74.4,1,NA,exogenous,wet,0,fresh,post-smolt
2003,Geist,J. Fish Biol.,5000,NA,17,56.237,NA,0.755873656,NA,914.1548708,NA,6.818,8.517193191,Oncorhynchus tshawytscha,spring run,adult,NA,NA,individual,1,74.4,1,NA,exogenous,wet,0,fresh,post-smolt
2003,Geist,J. Fish Biol.,5000,NA,17,54.448,NA,0.731827957,NA,942.9374975,NA,6.849,8.517193191,Oncorhynchus tshawytscha,spring run,adult,NA,NA,individual,1,74.4,1,NA,exogenous,wet,0,fresh,post-smolt
2003,Geist,J. Fish Biol.,5000,NA,17,49.847,NA,0.669986559,NA,1050.477393,NA,6.957,8.517193191,Oncorhynchus tshawytscha,spring run,adult,NA,NA,individual,1,74.4,1,NA,exogenous,wet,0,fresh,post-smolt
2003,Geist,J. Fish Biol.,5000,NA,17,49.847,NA,0.669986559,NA,1201.108309,NA,7.091,8.517193191,Oncorhynchus tshawytscha,spring run,adult,NA,NA,individual,1,74.4,1,NA,exogenous,wet,0,fresh,post-smolt
2003,Geist,J. Fish Biol.,5000,NA,17,55.726,NA,0.749005376,NA,1117.66839,NA,7.019,8.517193191,Oncorhynchus tshawytscha,spring run,adult,NA,NA,individual,1,74.4,1,NA,exogenous,wet,0,fresh,post-smolt
2003,Geist,J. Fish Biol.,5000,NA,17,50.102,NA,0.673413978,NA,1654.0796,NA,7.411,8.517193191,Oncorhynchus tshawytscha,spring run,adult,NA,NA,individual,1,74.4,1,NA,exogenous,wet,0,fresh,post-smolt
2003,Geist,J. Fish Biol.,5000,NA,17,54.192,NA,0.728387097,NA,1579.715427,NA,7.365,8.517193191,Oncorhynchus tshawytscha,spring run,adult,NA,NA,individual,1,74.4,1,NA,exogenous,wet,0,fresh,post-smolt
2003,Geist,J. Fish Biol.,5000,NA,17,55.982,NA,0.752446237,NA,1432.24726,NA,7.267,8.517193191,Oncorhynchus tshawytscha,spring run,adult,NA,NA,individual,1,74.4,1,NA,exogenous,wet,0,fresh,post-smolt
2003,Geist,J. Fish Biol.,5000,NA,17,69.785,NA,0.93797043,NA,867.8336076,NA,6.766,8.517193191,Oncorhynchus tshawytscha,spring run,adult,NA,NA,individual,1,74.4,1,NA,exogenous,wet,0,fresh,post-smolt
2003,Geist,J. Fish Biol.,5000,NA,17,69.785,NA,0.93797043,NA,1050.477393,NA,6.957,8.517193191,Oncorhynchus tshawytscha,spring run,adult,NA,NA,individual,1,74.4,1,NA,exogenous,wet,0,fresh,post-smolt
2003,Geist,J. Fish Biol.,5000,NA,17,69.53,NA,0.934543011,NA,1088.983531,NA,6.993,8.517193191,Oncorhynchus tshawytscha,spring run,adult,NA,NA,individual,1,74.4,1,NA,exogenous,wet,0,fresh,post-smolt
2003,Geist,J. Fish Biol.,5000,NA,17,70.041,NA,0.94141129,NA,1245.13595,NA,7.127,8.517193191,Oncorhynchus tshawytscha,spring run,adult,NA,NA,individual,1,74.4,1,NA,exogenous,wet,0,fresh,post-smolt
2003,Geist,J. Fish Biol.,5000,NA,17,69.53,NA,0.934543011,NA,1311.596006,NA,7.179,8.517193191,Oncorhynchus tshawytscha,spring run,adult,NA,NA,individual,1,74.4,1,NA,exogenous,wet,0,fresh,post-smolt
2003,Geist,J. Fish Biol.,5000,NA,17,69.785,NA,0.93797043,NA,1680.757729,NA,7.427,8.517193191,Oncorhynchus tshawytscha,spring run,adult,NA,NA,individual,1,74.4,1,NA,exogenous,wet,0,fresh,post-smolt
2003,Geist,J. Fish Biol.,5000,NA,17,69.53,NA,0.934543011,NA,1921.766319,NA,7.561,8.517193191,Oncorhynchus tshawytscha,spring run,adult,NA,NA,individual,1,74.4,1,NA,exogenous,wet,0,fresh,post-smolt
2003,Geist,J. Fish Biol.,5000,NA,17,76.431,NA,1.027298387,NA,1962.550143,NA,7.582,8.517193191,Oncorhynchus tshawytscha,spring run,adult,NA,NA,individual,1,74.4,1,NA,exogenous,wet,0,fresh,post-smolt
2003,Geist,J. Fish Biol.,5000,NA,17,77.965,NA,1.047916667,NA,1751.100979,NA,7.468,8.517193191,Oncorhynchus tshawytscha,spring run,adult,NA,NA,individual,1,74.4,1,NA,exogenous,wet,0,fresh,post-smolt
2003,Geist,J. Fish Biol.,5000,NA,17,77.71,NA,1.044489247,NA,1305.054394,NA,7.174,8.517193191,Oncorhynchus tshawytscha,spring run,adult,NA,NA,individual,1,74.4,1,NA,exogenous,wet,0,fresh,post-smolt
2003,Geist,J. Fish Biol.,5000,NA,17,75.665,NA,1.017002688,NA,1292.068886,NA,7.164,8.517193191,Oncorhynchus tshawytscha,spring run,adult,NA,NA,individual,1,74.4,1,NA,exogenous,wet,0,fresh,post-smolt
2003,Geist,J. Fish Biol.,5000,NA,17,78.476,NA,1.054784946,NA,1252.629223,NA,7.133,8.517193191,Oncorhynchus tshawytscha,spring run,adult,NA,NA,individual,1,74.4,1,NA,exogenous,wet,0,fresh,post-smolt
2003,Geist,J. Fish Biol.,5000,NA,17,77.71,NA,1.044489247,NA,1164.445166,NA,7.06,8.517193191,Oncorhynchus tshawytscha,spring run,adult,NA,NA,individual,1,74.4,1,NA,exogenous,wet,0,fresh,post-smolt
2003,Geist,J. Fish Biol.,5000,NA,17,75.92,NA,1.020430108,NA,1134.559785,NA,7.034,8.517193191,Oncorhynchus tshawytscha,spring run,adult,NA,NA,individual,1,74.4,1,NA,exogenous,wet,0,fresh,post-smolt
2003,Geist,J. Fish Biol.,5000,NA,17,75.665,NA,1.017002688,NA,1170.281971,NA,7.065,8.517193191,Oncorhynchus tshawytscha,spring run,adult,NA,NA,individual,1,74.4,1,NA,exogenous,wet,0,fresh,post-smolt
2003,Geist,J. Fish Biol.,5000,NA,17,88.701,NA,1.192217742,NA,1183.226136,NA,7.076,8.517193191,Oncorhynchus tshawytscha,spring run,adult,NA,NA,individual,1,74.4,1,NA,exogenous,wet,0,fresh,post-smolt
2003,Geist,J. Fish Biol.,5000,NA,17,88.701,NA,1.192217742,NA,1346.144689,NA,7.205,8.517193191,Oncorhynchus tshawytscha,spring run,adult,NA,NA,individual,1,74.4,1,NA,exogenous,wet,0,fresh,post-smolt
2003,Geist,J. Fish Biol.,5000,NA,17,88.957,NA,1.195658602,NA,1587.633783,NA,7.37,8.517193191,Oncorhynchus tshawytscha,spring run,adult,NA,NA,individual,1,74.4,1,NA,exogenous,wet,0,fresh,post-smolt
2003,Geist,J. Fish Biol.,5000,NA,17,89.468,NA,1.202526882,NA,1672.374915,NA,7.422,8.517193191,Oncorhynchus tshawytscha,spring run,adult,NA,NA,individual,1,74.4,1,NA,exogenous,wet,0,fresh,post-smolt
2003,Geist,J. Fish Biol.,5000,NA,17,88.957,NA,1.195658602,NA,1779.343936,NA,7.484,8.517193191,Oncorhynchus tshawytscha,spring run,adult,NA,NA,individual,1,74.4,1,NA,exogenous,wet,0,fresh,post-smolt
2003,Geist,J. Fish Biol.,5000,NA,17,88.957,NA,1.195658602,NA,1863.105504,NA,7.53,8.517193191,Oncorhynchus tshawytscha,spring run,adult,NA,NA,individual,1,74.4,1,NA,exogenous,wet,0,fresh,post-smolt
2003,Geist,J. Fish Biol.,5000,NA,17,89.213,NA,1.199099462,NA,1972.387467,NA,7.587,8.517193191,Oncorhynchus tshawytscha,spring run,adult,NA,NA,individual,1,74.4,1,NA,exogenous,wet,0,fresh,post-smolt
2003,Geist,J. Fish Biol.,5000,NA,17,97.393,NA,1.309045699,NA,1402.483679,NA,7.246,8.517193191,Oncorhynchus tshawytscha,spring run,adult,NA,NA,individual,1,74.4,1,NA,exogenous,wet,0,fresh,post-smolt
2003,Geist,J. Fish Biol.,5000,NA,17,109.918,NA,1.477392473,NA,1339.430764,NA,7.2,8.517193191,Oncorhynchus tshawytscha,spring run,adult,NA,NA,individual,1,74.4,1,NA,exogenous,wet,0,fresh,post-smolt
2003,Geist,J. Fish Biol.,5000,NA,17,109.918,NA,1.477392473,NA,1595.59183,NA,7.375,8.517193191,Oncorhynchus tshawytscha,spring run,adult,NA,NA,individual,1,74.4,1,NA,exogenous,wet,0,fresh,post-smolt
2003,Geist,J. Fish Biol.,5000,NA,17,99.182,NA,1.333091398,NA,1571.836563,NA,7.36,8.517193191,Oncorhynchus tshawytscha,spring run,adult,NA,NA,individual,1,74.4,1,NA,exogenous,wet,0,fresh,post-smolt
2003,Geist,J. Fish Biol.,5000,NA,17,99.182,NA,1.333091398,NA,1637.621233,NA,7.401,8.517193191,Oncorhynchus tshawytscha,spring run,adult,NA,NA,individual,1,74.4,1,NA,exogenous,wet,0,fresh,post-smolt
2003,Geist,J. Fish Biol.,5000,NA,17,101.994,NA,1.370887097,NA,1788.262934,NA,7.489,8.517193191,Oncorhynchus tshawytscha,spring run,adult,NA,NA,individual,1,74.4,1,NA,exogenous,wet,0,fresh,post-smolt
2003,Geist,J. Fish Biol.,5000,NA,17,100.204,NA,1.346827957,NA,1844.567294,NA,7.52,8.517193191,Oncorhynchus tshawytscha,spring run,adult,NA,NA,individual,1,74.4,1,NA,exogenous,wet,0,fresh,post-smolt
2003,Geist,J. Fish Biol.,5000,NA,17,97.904,NA,1.315913978,NA,1893.154946,NA,7.546,8.517193191,Oncorhynchus tshawytscha,spring run,adult,NA,NA,individual,1,74.4,1,NA,exogenous,wet,0,fresh,post-smolt
2003,Geist,J. Fish Biol.,5000,NA,17,98.415,NA,1.322782258,NA,2303.073928,NA,7.742,8.517193191,Oncorhynchus tshawytscha,spring run,adult,NA,NA,individual,1,74.4,1,NA,exogenous,wet,0,fresh,post-smolt
2003,Geist,J. Fish Biol.,5000,NA,17,101.227,NA,1.360577957,NA,2326.220206,NA,7.752,8.517193191,Oncorhynchus tshawytscha,spring run,adult,NA,NA,individual,1,74.4,1,NA,exogenous,wet,0,fresh,post-smolt
2003,Geist,J. Fish Biol.,5000,NA,17,109.663,NA,1.473965054,NA,2966.090397,NA,7.995,8.517193191,Oncorhynchus tshawytscha,spring run,adult,NA,NA,individual,1,74.4,1,NA,exogenous,wet,0,fresh,post-smolt
2003,Geist,J. Fish Biol.,5000,NA,17,109.407,NA,1.470524194,NA,2787.777605,NA,7.933,8.517193191,Oncorhynchus tshawytscha,spring run,adult,NA,NA,individual,1,74.4,1,NA,exogenous,wet,0,fresh,post-smolt
2003,Geist,J. Fish Biol.,5000,NA,17,110.174,NA,1.480833333,NA,2326.220206,NA,7.752,8.517193191,Oncorhynchus tshawytscha,spring run,adult,NA,NA,individual,1,74.4,1,NA,exogenous,wet,0,fresh,post-smolt
2003,Geist,J. Fish Biol.,5000,NA,17,109.918,NA,1.477392473,NA,2243.965742,NA,7.716,8.517193191,Oncorhynchus tshawytscha,spring run,adult,NA,NA,individual,1,74.4,1,NA,exogenous,wet,0,fresh,post-smolt
2003,Geist,J. Fish Biol.,5000,NA,17,120.143,NA,1.614825269,NA,1972.387467,NA,7.587,8.517193191,Oncorhynchus tshawytscha,spring run,adult,NA,NA,individual,1,74.4,1,NA,exogenous,wet,0,fresh,post-smolt
2003,Geist,J. Fish Biol.,5000,NA,17,122.444,NA,1.645752688,NA,2065.236445,NA,7.633,8.517193191,Oncorhynchus tshawytscha,spring run,adult,NA,NA,individual,1,74.4,1,NA,exogenous,wet,0,fresh,post-smolt
2003,Geist,J. Fish Biol.,5000,NA,17,130.112,NA,1.748817204,NA,2186.374562,NA,7.69,8.517193191,Oncorhynchus tshawytscha,spring run,adult,NA,NA,individual,1,74.4,1,NA,exogenous,wet,0,fresh,post-smolt
2003,Geist,J. Fish Biol.,5000,NA,17,129.601,NA,1.741948925,NA,1844.567294,NA,7.52,8.517193191,Oncorhynchus tshawytscha,spring run,adult,NA,NA,individual,1,74.4,1,NA,exogenous,wet,0,fresh,post-smolt
2003,Geist,J. Fish Biol.,5000,NA,17,122.955,NA,1.652620968,NA,2314.618134,NA,7.747,8.517193191,Oncorhynchus tshawytscha,spring run,adult,NA,NA,individual,1,74.4,1,NA,exogenous,wet,0,fresh,post-smolt
2003,Geist,J. Fish Biol.,5000,NA,17,120.143,NA,1.614825269,NA,2411.489776,NA,7.788,8.517193191,Oncorhynchus tshawytscha,spring run,adult,NA,NA,individual,1,74.4,1,NA,exogenous,wet,0,fresh,post-smolt
2003,Geist,J. Fish Biol.,5000,NA,17,120.143,NA,1.614825269,NA,2514.929373,NA,7.83,8.517193191,Oncorhynchus tshawytscha,spring run,adult,NA,NA,individual,1,74.4,1,NA,exogenous,wet,0,fresh,post-smolt
2003,Geist,J. Fish Biol.,5000,NA,17,121.677,NA,1.635443548,NA,2633.318192,NA,7.876,8.517193191,Oncorhynchus tshawytscha,spring run,adult,NA,NA,individual,1,74.4,1,NA,exogenous,wet,0,fresh,post-smolt
2003,Geist,J. Fish Biol.,5000,NA,17,129.601,NA,1.741948925,NA,2729.8447,NA,7.912,8.517193191,Oncorhynchus tshawytscha,spring run,adult,NA,NA,individual,1,74.4,1,NA,exogenous,wet,0,fresh,post-smolt
2003,Geist,J. Fish Biol.,5000,NA,17,129.601,NA,1.741948925,NA,2966.090397,NA,7.995,8.517193191,Oncorhynchus tshawytscha,spring run,adult,NA,NA,individual,1,74.4,1,NA,exogenous,wet,0,fresh,post-smolt
2003,Geist,J. Fish Biol.,5000,NA,17,129.857,NA,1.745389785,NA,3374.491752,NA,8.124,8.517193191,Oncorhynchus tshawytscha,spring run,adult,NA,NA,individual,1,74.4,1,NA,exogenous,wet,0,fresh,post-smolt
2003,Geist,J. Fish Biol.,5000,NA,17,122.699,NA,1.649180108,NA,3357.661404,NA,8.119,8.517193191,Oncorhynchus tshawytscha,spring run,adult,NA,NA,individual,1,74.4,1,NA,exogenous,wet,0,fresh,post-smolt
2003,Geist,J. Fish Biol.,5000,NA,17,140.849,NA,1.89313172,NA,2014.245575,NA,7.608,8.517193191,Oncorhynchus tshawytscha,spring run,adult,NA,NA,individual,1,74.4,1,NA,exogenous,wet,0,fresh,post-smolt
2003,Geist,J. Fish Biol.,5000,NA,17,149.796,NA,2.013387097,NA,2221.63791,NA,7.706,8.517193191,Oncorhynchus tshawytscha,spring run,adult,NA,NA,individual,1,74.4,1,NA,exogenous,wet,0,fresh,post-smolt
2003,Geist,J. Fish Biol.,5000,NA,17,149.796,NA,2.013387097,NA,2387.495052,NA,7.778,8.517193191,Oncorhynchus tshawytscha,spring run,adult,NA,NA,individual,1,74.4,1,NA,exogenous,wet,0,fresh,post-smolt
2003,Geist,J. Fish Biol.,5000,NA,17,144.172,NA,1.937795699,NA,2438.162596,NA,7.799,8.517193191,Oncorhynchus tshawytscha,spring run,adult,NA,NA,individual,1,74.4,1,NA,exogenous,wet,0,fresh,post-smolt
2003,Geist,J. Fish Biol.,5000,NA,17,144.172,NA,1.937795699,NA,2594.113192,NA,7.861,8.517193191,Oncorhynchus tshawytscha,spring run,adult,NA,NA,individual,1,74.4,1,NA,exogenous,wet,0,fresh,post-smolt
2003,Geist,J. Fish Biol.,5000,NA,17,143.149,NA,1.924045699,NA,2801.751398,NA,7.938,8.517193191,Oncorhynchus tshawytscha,spring run,adult,NA,NA,individual,1,74.4,1,NA,exogenous,wet,0,fresh,post-smolt
2003,Geist,J. Fish Biol.,5000,NA,17,142.382,NA,1.913736559,NA,2995.900101,NA,8.005,8.517193191,Oncorhynchus tshawytscha,spring run,adult,NA,NA,individual,1,74.4,1,NA,exogenous,wet,0,fresh,post-smolt
2003,Geist,J. Fish Biol.,5000,NA,17,145.45,NA,1.954973118,NA,3059.479248,NA,8.026,8.517193191,Oncorhynchus tshawytscha,spring run,adult,NA,NA,individual,1,74.4,1,NA,exogenous,wet,0,fresh,post-smolt
2003,Geist,J. Fish Biol.,5000,NA,17,149.796,NA,2.013387097,NA,3140.068833,NA,8.052,8.517193191,Oncorhynchus tshawytscha,spring run,adult,NA,NA,individual,1,74.4,1,NA,exogenous,wet,0,fresh,post-smolt
2003,Geist,J. Fish Biol.,5000,NA,17,150.051,NA,2.016814516,NA,3320.929525,NA,8.108,8.517193191,Oncorhynchus tshawytscha,spring run,adult,NA,NA,individual,1,74.4,1,NA,exogenous,wet,0,fresh,post-smolt
2003,Geist,J. Fish Biol.,5000,NA,17,144.172,NA,1.937795699,NA,3304.366319,NA,8.103,8.517193191,Oncorhynchus tshawytscha,spring run,adult,NA,NA,individual,1,74.4,1,NA,exogenous,wet,0,fresh,post-smolt
2003,Geist,J. Fish Biol.,5000,NA,17,145.45,NA,1.954973118,NA,3819.97822,NA,8.248,8.517193191,Oncorhynchus tshawytscha,spring run,adult,NA,NA,individual,1,74.4,1,NA,exogenous,wet,0,fresh,post-smolt
2003,Geist,J. Fish Biol.,5000,NA,17,148.773,NA,1.999637097,NA,3684.904911,NA,8.212,8.517193191,Oncorhynchus tshawytscha,spring run,adult,NA,NA,individual,1,74.4,1,NA,exogenous,wet,0,fresh,post-smolt
2003,Geist,J. Fish Biol.,5000,NA,17,170.245,NA,2.288239247,NA,2423.577419,NA,7.793,8.517193191,Oncorhynchus tshawytscha,spring run,adult,NA,NA,individual,1,74.4,1,NA,exogenous,wet,0,fresh,post-smolt
2003,Geist,J. Fish Biol.,5000,NA,17,163.599,NA,2.19891129,NA,2801.751398,NA,7.938,8.517193191,Oncorhynchus tshawytscha,spring run,adult,NA,NA,individual,1,74.4,1,NA,exogenous,wet,0,fresh,post-smolt
2003,Geist,J. Fish Biol.,5000,NA,17,164.877,NA,2.21608871,NA,3026.009398,NA,8.015,8.517193191,Oncorhynchus tshawytscha,spring run,adult,NA,NA,individual,1,74.4,1,NA,exogenous,wet,0,fresh,post-smolt
2003,Geist,J. Fish Biol.,5000,NA,17,166.411,NA,2.236706989,NA,3044.220031,NA,8.021,8.517193191,Oncorhynchus tshawytscha,spring run,adult,NA,NA,individual,1,74.4,1,NA,exogenous,wet,0,fresh,post-smolt
2003,Geist,J. Fish Biol.,5000,NA,17,169.734,NA,2.281370968,NA,2980.957987,NA,8,8.517193191,Oncorhynchus tshawytscha,spring run,adult,NA,NA,individual,1,74.4,1,NA,exogenous,wet,0,fresh,post-smolt
2003,Geist,J. Fish Biol.,5000,NA,17,164.622,NA,2.21266129,NA,3140.068833,NA,8.052,8.517193191,Oncorhynchus tshawytscha,spring run,adult,NA,NA,individual,1,74.4,1,NA,exogenous,wet,0,fresh,post-smolt
2003,Geist,J. Fish Biol.,5000,NA,17,170.757,NA,2.295120968,NA,3304.366319,NA,8.103,8.517193191,Oncorhynchus tshawytscha,spring run,adult,NA,NA,individual,1,74.4,1,NA,exogenous,wet,0,fresh,post-smolt
2003,Geist,J. Fish Biol.,5000,NA,17,167.689,NA,2.253884409,NA,3590.332157,NA,8.186,8.517193191,Oncorhynchus tshawytscha,spring run,adult,NA,NA,individual,1,74.4,1,NA,exogenous,wet,0,fresh,post-smolt
2003,Geist,J. Fish Biol.,5000,NA,17,170.501,NA,2.291680108,NA,3858.369639,NA,8.258,8.517193191,Oncorhynchus tshawytscha,spring run,adult,NA,NA,individual,1,74.4,1,NA,exogenous,wet,0,fresh,post-smolt
2003,Geist,J. Fish Biol.,5000,NA,17,167.945,NA,2.257325269,NA,4105.160008,NA,8.32,8.517193191,Oncorhynchus tshawytscha,spring run,adult,NA,NA,individual,1,74.4,1,NA,exogenous,wet,0,fresh,post-smolt
2003,Geist,J. Fish Biol.,5000,NA,17,185.583,NA,2.494395161,NA,2646.517755,NA,7.881,8.517193191,Oncorhynchus tshawytscha,spring run,adult,NA,NA,individual,1,74.4,1,NA,exogenous,wet,0,fresh,post-smolt
2003,Geist,J. Fish Biol.,5000,NA,17,189.417,NA,2.545927419,NA,2729.8447,NA,7.912,8.517193191,Oncorhynchus tshawytscha,spring run,adult,NA,NA,individual,1,74.4,1,NA,exogenous,wet,0,fresh,post-smolt
2003,Geist,J. Fish Biol.,5000,NA,17,186.861,NA,2.511572581,NA,3554.607755,NA,8.176,8.517193191,Oncorhynchus tshawytscha,spring run,adult,NA,NA,individual,1,74.4,1,NA,exogenous,wet,0,fresh,post-smolt
2003,Geist,J. Fish Biol.,5000,NA,17,190.44,NA,2.559677419,NA,3463.379065,NA,8.15,8.517193191,Oncorhynchus tshawytscha,spring run,adult,NA,NA,individual,1,74.4,1,NA,exogenous,wet,0,fresh,post-smolt
2003,Geist,J. Fish Biol.,5000,NA,17,190.695,NA,2.563104839,NA,3626.415595,NA,8.196,8.517193191,Oncorhynchus tshawytscha,spring run,adult,NA,NA,individual,1,74.4,1,NA,exogenous,wet,0,fresh,post-smolt
2003,Geist,J. Fish Biol.,5000,NA,17,189.417,NA,2.545927419,NA,3839.12594,NA,8.253,8.517193191,Oncorhynchus tshawytscha,spring run,adult,NA,NA,individual,1,74.4,1,NA,exogenous,wet,0,fresh,post-smolt
2003,Geist,J. Fish Biol.,5000,NA,17,208.589,NA,2.803615591,NA,3819.97822,NA,8.248,8.517193191,Oncorhynchus tshawytscha,spring run,adult,NA,NA,individual,1,74.4,1,NA,exogenous,wet,0,fresh,post-smolt
2003,Geist,J. Fish Biol.,5000,NA,17,212.679,NA,2.85858871,NA,3979.852352,NA,8.289,8.517193191,Oncorhynchus tshawytscha,spring run,adult,NA,NA,individual,1,74.4,1,NA,exogenous,wet,0,fresh,post-smolt
2006,Thorarensen,J. Fish Biol.,520,NA,10,10.037,NA,0.297833828,NA,24.7313664,NA,3.208072333,6.253828812,Oncorhynchus tshawytscha,hatchery,adult,NA,NA,individual,1,33.7,1,NA,exogenous,wet,30,salt,post-smolt
2006,Thorarensen,J. Fish Biol.,520,NA,10,10.135,NA,0.30074184,NA,56.7899904,NA,4.039360085,6.253828812,Oncorhynchus tshawytscha,hatchery,adult,NA,NA,individual,1,33.7,1,NA,exogenous,wet,30,salt,post-smolt
2006,Thorarensen,J. Fish Biol.,520,NA,10,24.207,NA,0.718308605,NA,44.8820736,NA,3.804038463,6.253828812,Oncorhynchus tshawytscha,hatchery,adult,NA,NA,individual,1,33.7,1,NA,exogenous,wet,30,salt,post-smolt
2006,Thorarensen,J. Fish Biol.,520,NA,10,24.108,NA,0.71537092,NA,88.3903488,NA,4.481762787,6.253828812,Oncorhynchus tshawytscha,hatchery,adult,NA,NA,individual,1,33.7,1,NA,exogenous,wet,30,salt,post-smolt
2006,Thorarensen,J. Fish Biol.,520,NA,10,32.177,NA,0.954807122,NA,80.6048256,NA,4.389558519,6.253828812,Oncorhynchus tshawytscha,hatchery,adult,NA,NA,individual,1,33.7,1,NA,exogenous,wet,30,salt,post-smolt
2006,Thorarensen,J. Fish Biol.,520,NA,10,32.177,NA,0.954807122,NA,55.8734592,NA,4.023089477,6.253828812,Oncorhynchus tshawytscha,hatchery,adult,NA,NA,individual,1,33.7,1,NA,exogenous,wet,30,salt,post-smolt
2006,Thorarensen,J. Fish Biol.,520,NA,10,39.164,NA,1.162136499,NA,56.3317248,NA,4.031257872,6.253828812,Oncorhynchus tshawytscha,hatchery,adult,NA,NA,individual,1,33.7,1,NA,exogenous,wet,30,salt,post-smolt
2006,Thorarensen,J. Fish Biol.,520,NA,10,39.065,NA,1.159198813,NA,92.0544768,NA,4.522380541,6.253828812,Oncorhynchus tshawytscha,hatchery,adult,NA,NA,individual,1,33.7,1,NA,exogenous,wet,30,salt,post-smolt
2006,Thorarensen,J. Fish Biol.,520,NA,10,45.953,NA,1.363590504,NA,87.0165504,NA,4.466098335,6.253828812,Oncorhynchus tshawytscha,hatchery,adult,NA,NA,individual,1,33.7,1,NA,exogenous,wet,30,salt,post-smolt
2006,Thorarensen,J. Fish Biol.,520,NA,10,46.052,NA,1.36652819,NA,115.869312,NA,4.752462935,6.253828812,Oncorhynchus tshawytscha,hatchery,adult,NA,NA,individual,1,33.7,1,NA,exogenous,wet,30,salt,post-smolt
2006,Thorarensen,J. Fish Biol.,520,NA,10,48.02,NA,1.424925816,NA,98.4662016,NA,4.589713358,6.253828812,Oncorhynchus tshawytscha,hatchery,adult,NA,NA,individual,1,33.7,1,NA,exogenous,wet,30,salt,post-smolt
2006,Thorarensen,J. Fish Biol.,520,NA,10,48.118,NA,1.427833828,NA,133.2724224,NA,4.892395322,6.253828812,Oncorhynchus tshawytscha,hatchery,adult,NA,NA,individual,1,33.7,1,NA,exogenous,wet,30,salt,post-smolt
2006,Thorarensen,J. Fish Biol.,520,NA,10,54.121,NA,1.605964392,NA,115.869312,NA,4.752462935,6.253828812,Oncorhynchus tshawytscha,hatchery,adult,NA,NA,individual,1,33.7,1,NA,exogenous,wet,30,salt,post-smolt
2006,Thorarensen,J. Fish Biol.,520,NA,10,54.121,NA,1.605964392,NA,183.1924224,NA,5.210537089,6.253828812,Oncorhynchus tshawytscha,hatchery,adult,NA,NA,individual,1,33.7,1,NA,exogenous,wet,30,salt,post-smolt
2006,Thorarensen,J. Fish Biol.,520,NA,10,61.107,NA,1.813264095,NA,166.7048448,NA,5.116224852,6.253828812,Oncorhynchus tshawytscha,hatchery,adult,NA,NA,individual,1,33.7,1,NA,exogenous,wet,30,salt,post-smolt
2006,Thorarensen,J. Fish Biol.,520,NA,10,60.123,NA,1.784065282,NA,179.0710272,NA,5.187782527,6.253828812,Oncorhynchus tshawytscha,hatchery,adult,NA,NA,individual,1,33.7,1,NA,exogenous,wet,30,salt,post-smolt
2006,Thorarensen,J. Fish Biol.,520,NA,10,60.221,NA,1.786973294,NA,222.1210368,NA,5.403222444,6.253828812,Oncorhynchus tshawytscha,hatchery,adult,NA,NA,individual,1,33.7,1,NA,exogenous,wet,30,salt,post-smolt
2006,Thorarensen,J. Fish Biol.,520,NA,10,65.141,NA,1.932967359,NA,207.9237888,NA,5.337171613,6.253828812,Oncorhynchus tshawytscha,hatchery,adult,NA,NA,individual,1,33.7,1,NA,exogenous,wet,30,salt,post-smolt
2006,Thorarensen,J. Fish Biol.,520,NA,10,65.338,NA,1.938813056,NA,246.3941376,NA,5.506932439,6.253828812,Oncorhynchus tshawytscha,hatchery,adult,NA,NA,individual,1,33.7,1,NA,exogenous,wet,30,salt,post-smolt
2006,Thorarensen,J. Fish Biol.,520,NA,10,66.125,NA,1.962166172,NA,216.1675776,NA,5.376053929,6.253828812,Oncorhynchus tshawytscha,hatchery,adult,NA,NA,individual,1,33.7,1,NA,exogenous,wet,30,salt,post-smolt
2006,Thorarensen,J. Fish Biol.,520,NA,10,70.258,NA,2.084807122,NA,239.5241472,NA,5.478654235,6.253828812,Oncorhynchus tshawytscha,hatchery,adult,NA,NA,individual,1,33.7,1,NA,exogenous,wet,30,salt,post-smolt
2006,Thorarensen,J. Fish Biol.,520,NA,10,74.096,NA,2.198694362,NA,245.4786048,NA,5.503209794,6.253828812,Oncorhynchus tshawytscha,hatchery,adult,NA,NA,individual,1,33.7,1,NA,exogenous,wet,30,salt,post-smolt
2008,Clark et al.,Am J Physiol Regul Integr Comp Physiol.,2120,NA,13,0,NA,0,NA,688.5,NA,6.534515318,7.659171368,Oncorhynchus tshawytscha,"unclear, caught spawning in August",adult,NA,,individual,1,NA,2,NA,exogenous,wet,NA,NA,post-smolt
2008,Clark et al.,Am J Physiol Regul Integr Comp Physiol.,2120,NA,17,0,NA,0,NA,NA,NA,NA,7.659171368,Oncorhynchus tshawytscha,"unclear, caught spawning in August",adult,NA,,individual,1,NA,3,NA,exogenous,wet,NA,NA,post-smolt
2008,Clark et al.,Am J Physiol Regul Integr Comp Physiol.,2120,NA,21,0,NA,0,NA,1249.5,NA,7.13049875,7.659171368,Oncorhynchus tshawytscha,"unclear, caught spawning in August",adult,NA,,individual,1,NA,2,NA,exogenous,wet,NA,NA,post-smolt
2008,Clark et al.,Am J Physiol Regul Integr Comp Physiol.,2120,NA,25,0,NA,0,NA,867,NA,6.765038977,7.659171368,Oncorhynchus tshawytscha,"unclear, caught spawning in August",adult,NA,,individual,1,NA,2,NA,exogenous,wet,NA,NA,post-smolt
2008,Clark et al.,Am J Physiol Regul Integr Comp Physiol.,2120,NA,13,0,NA,0,NA,255,NA,5.541263545,7.659171368,Oncorhynchus tshawytscha,"unclear, caught spawning in August",adult,rec 1 h,,individual,1,NA,2,NA,exogenous,wet,NA,NA,post-smolt
2008,Clark et al.,Am J Physiol Regul Integr Comp Physiol.,2120,NA,13,0,NA,0,NA,204,NA,5.318119994,7.659171368,Oncorhynchus tshawytscha,"unclear, caught spawning in August",adult,rec 2 h,,individual,1,NA,2,NA,exogenous,wet,NA,NA,post-smolt
2008,Clark et al.,Am J Physiol Regul Integr Comp Physiol.,2120,NA,13,0,NA,0,NA,NA,NA,NA,7.659171368,Oncorhynchus tshawytscha,"unclear, caught spawning in August",adult,rec o/n,,individual,1,NA,3,NA,exogenous,wet,NA,NA,post-smolt
2008,Clark et al.,Am J Physiol Regul Integr Comp Physiol.,4390,NA,13,0,NA,0,NA,382.5,NA,5.946728653,8.387084506,Oncorhynchus tshawytscha,"unclear, caught spawning in August",adult,NA,,individual,1,NA,2,NA,exogenous,wet,NA,NA,post-smolt
2008,Clark et al.,Am J Physiol Regul Integr Comp Physiol.,4390,NA,17,0,NA,0,NA,663,NA,6.49677499,8.387084506,Oncorhynchus tshawytscha,"unclear, caught spawning in August",adult,NA,,individual,1,NA,2,NA,exogenous,wet,NA,NA,post-smolt
2008,Clark et al.,Am J Physiol Regul Integr Comp Physiol.,4390,NA,21,0,NA,0,NA,1045.5,NA,6.952250519,8.387084506,Oncorhynchus tshawytscha,"unclear, caught spawning in August",adult,NA,,individual,1,NA,2,NA,exogenous,wet,NA,NA,post-smolt
2008,Clark et al.,Am J Physiol Regul Integr Comp Physiol.,4390,NA,25,0,NA,0,NA,2269.5,NA,7.727314822,8.387084506,Oncorhynchus tshawytscha,"unclear, caught spawning in August",adult,NA,,individual,1,NA,2,NA,exogenous,wet,NA,NA,post-smolt
2008,Clark et al.,Am J Physiol Regul Integr Comp Physiol.,4390,NA,13,0,NA,0,NA,510,NA,6.234410726,8.387084506,Oncorhynchus tshawytscha,"unclear, caught spawning in August",adult,rec 1 h,,individual,1,NA,2,NA,exogenous,wet,NA,NA,post-smolt
2008,Clark et al.,Am J Physiol Regul Integr Comp Physiol.,4390,NA,13,0,NA,0,NA,484.5,NA,6.183117431,8.387084506,Oncorhynchus tshawytscha,"unclear, caught spawning in August",adult,rec 2 h,,individual,1,NA,2,NA,exogenous,wet,NA,NA,post-smolt
2008,Clark et al.,Am J Physiol Regul Integr Comp Physiol.,4390,NA,13,0,NA,0,NA,484.5,NA,6.183117431,8.387084506,Oncorhynchus tshawytscha,"unclear, caught spawning in August",adult,rec o/n,,individual,1,NA,2,NA,exogenous,wet,NA,NA,post-smolt
2008,Clark et al.,Am J Physiol Regul Integr Comp Physiol.,4220,NA,13,0,NA,0,NA,488.4,NA,6.191134742,8.347590407,Oncorhynchus tshawytscha,"unclear, caught spawning in August",adult,NA,,individual,1,NA,2,NA,exogenous,wet,NA,NA,post-smolt
2008,Clark et al.,Am J Physiol Regul Integr Comp Physiol.,4220,NA,17,0,NA,0,NA,NA,NA,NA,8.347590407,Oncorhynchus tshawytscha,"unclear, caught spawning in August",adult,NA,,individual,1,NA,3,NA,exogenous,wet,NA,NA,post-smolt
2008,Clark et al.,Am J Physiol Regul Integr Comp Physiol.,4220,NA,21,0,NA,0,NA,1056,NA,6.962243464,8.347590407,Oncorhynchus tshawytscha,"unclear, caught spawning in August",adult,NA,,individual,1,NA,2,NA,exogenous,wet,NA,NA,post-smolt
2008,Clark et al.,Am J Physiol Regul Integr Comp Physiol.,4220,NA,25,0,NA,0,NA,1927.2,NA,7.563823451,8.347590407,Oncorhynchus tshawytscha,"unclear, caught spawning in August",adult,NA,,individual,1,NA,2,NA,exogenous,wet,NA,NA,post-smolt
2008,Clark et al.,Am J Physiol Regul Integr Comp Physiol.,4220,NA,13,0,NA,0,NA,646.8,NA,6.472037128,8.347590407,Oncorhynchus tshawytscha,"unclear, caught spawning in August",adult,rec 1 h,,individual,1,NA,2,NA,exogenous,wet,NA,NA,post-smolt
2008,Clark et al.,Am J Physiol Regul Integr Comp Physiol.,4220,NA,13,0,NA,0,NA,541.2,NA,6.293788896,8.347590407,Oncorhynchus tshawytscha,"unclear, caught spawning in August",adult,rec 2 h,,individual,1,NA,2,NA,exogenous,wet,NA,NA,post-smolt
2008,Clark et al.,Am J Physiol Regul Integr Comp Physiol.,4220,NA,13,0,NA,0,NA,554.4,NA,6.317886448,8.347590407,Oncorhynchus tshawytscha,"unclear, caught spawning in August",adult,rec o/n,,individual,1,NA,2,NA,exogenous,wet,NA,NA,post-smolt
2008,Clark et al.,Am J Physiol Regul Integr Comp Physiol.,2290,NA,13,0,NA,0,NA,686.4,NA,6.531460548,7.736307097,Oncorhynchus tshawytscha,"unclear, caught spawning in August",adult,NA,,individual,1,NA,2,NA,exogenous,wet,NA,NA,post-smolt
2008,Clark et al.,Am J Physiol Regul Integr Comp Physiol.,2290,NA,17,0,NA,0,NA,752.4,NA,6.623268097,7.736307097,Oncorhynchus tshawytscha,"unclear, caught spawning in August",adult,NA,,individual,1,NA,2,NA,exogenous,wet,NA,NA,post-smolt
2008,Clark et al.,Am J Physiol Regul Integr Comp Physiol.,2290,NA,21,0,NA,0,NA,924,NA,6.828712072,7.736307097,Oncorhynchus tshawytscha,"unclear, caught spawning in August",adult,NA,,individual,1,NA,2,NA,exogenous,wet,NA,NA,post-smolt
2008,Clark et al.,Am J Physiol Regul Integr Comp Physiol.,2290,NA,25,0,NA,0,NA,1610.4,NA,7.384237874,7.736307097,Oncorhynchus tshawytscha,"unclear, caught spawning in August",adult,NA,,individual,1,NA,2,NA,exogenous,wet,NA,NA,post-smolt
2008,Clark et al.,Am J Physiol Regul Integr Comp Physiol.,2290,NA,13,0,NA,0,NA,303.6,NA,5.715711046,7.736307097,Oncorhynchus tshawytscha,"unclear, caught spawning in August",adult,rec 1 h,,individual,1,NA,2,NA,exogenous,wet,NA,NA,post-smolt
2008,Clark et al.,Am J Physiol Regul Integr Comp Physiol.,2290,NA,13,0,NA,0,NA,277.2,NA,5.624739267,7.736307097,Oncorhynchus tshawytscha,"unclear, caught spawning in August",adult,rec 2 h,,individual,1,NA,2,NA,exogenous,wet,NA,NA,post-smolt
2008,Clark et al.,Am J Physiol Regul Integr Comp Physiol.,2290,NA,13,0,NA,0,NA,NA,NA,NA,7.736307097,Oncorhynchus tshawytscha,"unclear, caught spawning in August",adult,rec o/n,,individual,1,NA,3,NA,exogenous,wet,NA,NA,post-smolt
2017,Poletto et al.,Conserv. Physiol.,19.8,NA,12.00428273,0,NA,0,NA,1.442827795,NA,0.366604934,2.985681938,Oncorhynchus tshawytscha,fall run,juvenile,NA,19,individual,1,NA,1,NA,exogenous,wet,0,fresh,post-smolt
2017,Poletto et al.,Conserv. Physiol.,19.8,NA,12.00453172,0,NA,0,NA,1.514610272,NA,0.41515816,2.985681938,Oncorhynchus tshawytscha,fall run,juvenile,NA,19,individual,1,NA,1,NA,exogenous,wet,0,fresh,post-smolt
2017,Poletto et al.,Conserv. Physiol.,19.8,NA,11.98934298,0,NA,0,NA,1.887879154,NA,0.635454058,2.985681938,Oncorhynchus tshawytscha,fall run,juvenile,NA,19,individual,1,NA,1,NA,exogenous,wet,0,fresh,post-smolt
2017,Poletto et al.,Conserv. Physiol.,19.8,NA,12.01384416,0,NA,0,NA,4.199274924,NA,1.434911873,2.985681938,Oncorhynchus tshawytscha,fall run,juvenile,NA,19,individual,1,NA,1,NA,exogenous,wet,0,fresh,post-smolt
2017,Poletto et al.,Conserv. Physiol.,19.8,NA,12.99907042,0,NA,0,NA,3.108181269,NA,1.134037754,2.985681938,Oncorhynchus tshawytscha,fall run,juvenile,NA,19,individual,1,NA,1,NA,exogenous,wet,0,fresh,post-smolt
2017,Poletto et al.,Conserv. Physiol.,19.8,NA,13.01122141,0,NA,0,NA,1.859166163,NA,0.620128088,2.985681938,Oncorhynchus tshawytscha,fall run,juvenile,NA,19,individual,1,NA,1,NA,exogenous,wet,0,fresh,post-smolt
2017,Poletto et al.,Conserv. Physiol.,19.8,NA,13.01062382,0,NA,0,NA,1.686888218,NA,0.52288554,2.985681938,Oncorhynchus tshawytscha,fall run,juvenile,NA,19,individual,1,NA,1,NA,exogenous,wet,0,fresh,post-smolt
2017,Poletto et al.,Conserv. Physiol.,19.8,NA,13.99878822,0,NA,0,NA,1.442827795,NA,0.366604934,2.985681938,Oncorhynchus tshawytscha,fall run,juvenile,NA,19,individual,1,NA,1,NA,exogenous,wet,0,fresh,post-smolt
2017,Poletto et al.,Conserv. Physiol.,19.8,NA,14.00132798,0,NA,0,NA,2.175009063,NA,0.777032832,2.985681938,Oncorhynchus tshawytscha,fall run,juvenile,NA,19,individual,1,NA,1,NA,exogenous,wet,0,fresh,post-smolt
2017,Poletto et al.,Conserv. Physiol.,19.8,NA,14.00197537,0,NA,0,NA,2.361643505,NA,0.859357777,2.985681938,Oncorhynchus tshawytscha,fall run,juvenile,NA,19,individual,1,NA,1,NA,exogenous,wet,0,fresh,post-smolt
2017,Poletto et al.,Conserv. Physiol.,19.8,NA,14.00356894,0,NA,0,NA,2.82105136,NA,1.037109638,2.985681938,Oncorhynchus tshawytscha,fall run,juvenile,NA,19,individual,1,NA,1,NA,exogenous,wet,0,fresh,post-smolt
2017,Poletto et al.,Conserv. Physiol.,19.8,NA,15.0113542,0,NA,0,NA,3.481450151,NA,1.247448917,2.985681938,Oncorhynchus tshawytscha,fall run,juvenile,NA,19,individual,1,NA,1,NA,exogenous,wet,0,fresh,post-smolt
2017,Poletto et al.,Conserv. Physiol.,19.8,NA,15.00976063,0,NA,0,NA,3.022042296,NA,1.10593286,2.985681938,Oncorhynchus tshawytscha,fall run,juvenile,NA,19,individual,1,NA,1,NA,exogenous,wet,0,fresh,post-smolt
2017,Poletto et al.,Conserv. Physiol.,19.8,NA,15.00836626,0,NA,0,NA,2.620060423,NA,0.96319738,2.985681938,Oncorhynchus tshawytscha,fall run,juvenile,NA,19,individual,1,NA,1,NA,exogenous,wet,0,fresh,post-smolt
2017,Poletto et al.,Conserv. Physiol.,19.8,NA,16.01585273,0,NA,0,NA,3.194320242,NA,1.161374308,2.985681938,Oncorhynchus tshawytscha,fall run,juvenile,NA,19,individual,1,NA,1,NA,exogenous,wet,0,fresh,post-smolt
2017,Poletto et al.,Conserv. Physiol.,19.8,NA,15.99842303,0,NA,0,NA,2.921546828,NA,1.072113212,2.985681938,Oncorhynchus tshawytscha,fall run,juvenile,NA,19,individual,1,NA,1,NA,exogenous,wet,0,fresh,post-smolt
2017,Poletto et al.,Conserv. Physiol.,19.8,NA,17.00167657,0,NA,0,NA,2.275504532,NA,0.8222018,2.985681938,Oncorhynchus tshawytscha,fall run,juvenile,NA,19,individual,1,NA,1,NA,exogenous,wet,0,fresh,post-smolt
2017,Poletto et al.,Conserv. Physiol.,19.8,NA,17.00665649,0,NA,0,NA,3.711154079,NA,1.311342901,2.985681938,Oncorhynchus tshawytscha,fall run,juvenile,NA,19,individual,1,NA,1,NA,exogenous,wet,0,fresh,post-smolt
2017,Poletto et al.,Conserv. Physiol.,19.8,NA,18.01484014,0,NA,0,NA,4.486404834,NA,1.501051676,2.985681938,Oncorhynchus tshawytscha,fall run,juvenile,NA,19,individual,1,NA,1,NA,exogenous,wet,0,fresh,post-smolt
2017,Poletto et al.,Conserv. Physiol.,19.8,NA,18.0114538,0,NA,0,NA,3.510163142,NA,1.255662516,2.985681938,Oncorhynchus tshawytscha,fall run,juvenile,NA,19,individual,1,NA,1,NA,exogenous,wet,0,fresh,post-smolt
2017,Poletto et al.,Conserv. Physiol.,19.8,NA,18.01030842,0,NA,0,NA,3.179963746,NA,1.156869796,2.985681938,Oncorhynchus tshawytscha,fall run,juvenile,NA,19,individual,1,NA,1,NA,exogenous,wet,0,fresh,post-smolt
2017,Poletto et al.,Conserv. Physiol.,19.8,NA,18.00876465,0,NA,0,NA,2.734912387,NA,1.006099401,2.985681938,Oncorhynchus tshawytscha,fall run,juvenile,NA,19,individual,1,NA,1,NA,exogenous,wet,0,fresh,post-smolt
2017,Poletto et al.,Conserv. Physiol.,19.8,NA,20.00491352,0,NA,0,NA,3.208676737,NA,1.165858621,2.985681938,Oncorhynchus tshawytscha,fall run,juvenile,NA,19,individual,1,NA,1,NA,exogenous,wet,0,fresh,post-smolt
2017,Poletto et al.,Conserv. Physiol.,19.8,NA,20.00546131,0,NA,0,NA,3.366598187,NA,1.213902795,2.985681938,Oncorhynchus tshawytscha,fall run,juvenile,NA,19,individual,1,NA,1,NA,exogenous,wet,0,fresh,post-smolt
2017,Poletto et al.,Conserv. Physiol.,19.8,NA,19.00165997,0,NA,0,NA,3.854719033,NA,1.349298121,2.985681938,Oncorhynchus tshawytscha,fall run,juvenile,NA,19,individual,1,NA,1,NA,exogenous,wet,0,fresh,post-smolt
2017,Poletto et al.,Conserv. Physiol.,19.8,NA,19.00250656,0,NA,0,NA,4.098779456,NA,1.410689236,2.985681938,Oncorhynchus tshawytscha,fall run,juvenile,NA,19,individual,1,NA,1,NA,exogenous,wet,0,fresh,post-smolt
2017,Poletto et al.,Conserv. Physiol.,19.8,NA,19.00305435,0,NA,0,NA,4.256700906,NA,1.448494425,2.985681938,Oncorhynchus tshawytscha,fall run,juvenile,NA,19,individual,1,NA,1,NA,exogenous,wet,0,fresh,post-smolt
2017,Poletto et al.,Conserv. Physiol.,19.8,NA,20.00829986,0,NA,0,NA,4.184918429,NA,1.431487212,2.985681938,Oncorhynchus tshawytscha,fall run,juvenile,NA,19,individual,1,NA,1,NA,exogenous,wet,0,fresh,post-smolt
2017,Poletto et al.,Conserv. Physiol.,19.8,NA,21.01220079,0,NA,0,NA,3.725510574,NA,1.315203909,2.985681938,Oncorhynchus tshawytscha,fall run,juvenile,NA,19,individual,1,NA,1,NA,exogenous,wet,0,fresh,post-smolt
2017,Poletto et al.,Conserv. Physiol.,19.8,NA,21.01115501,0,NA,0,NA,3.424024169,NA,1.230816517,2.985681938,Oncorhynchus tshawytscha,fall run,juvenile,NA,19,individual,1,NA,1,NA,exogenous,wet,0,fresh,post-smolt
2017,Poletto et al.,Conserv. Physiol.,19.8,NA,21.01424256,0,NA,0,NA,4.314126888,NA,1.461894961,2.985681938,Oncorhynchus tshawytscha,fall run,juvenile,NA,19,individual,1,NA,1,NA,exogenous,wet,0,fresh,post-smolt
2017,Poletto et al.,Conserv. Physiol.,19.8,NA,21.0164185,0,NA,0,NA,4.809425982,NA,1.570577739,2.985681938,Oncorhynchus tshawytscha,fall run,juvenile,NA,19,individual,1,NA,1,NA,exogenous,wet,0,fresh,post-smolt
2017,Poletto et al.,Conserv. Physiol.,19.8,NA,22.0085281,0,NA,0,NA,3.722719033,NA,1.314454324,2.985681938,Oncorhynchus tshawytscha,fall run,juvenile,NA,19,individual,1,NA,1,NA,exogenous,wet,0,fresh,post-smolt
2017,Poletto et al.,Conserv. Physiol.,19.8,NA,22.02063206,0,NA,0,NA,3.912145015,NA,1.364085821,2.985681938,Oncorhynchus tshawytscha,fall run,juvenile,NA,19,individual,1,NA,1,NA,exogenous,wet,0,fresh,post-smolt
2017,Poletto et al.,Conserv. Physiol.,19.8,NA,22.01298928,0,NA,0,NA,5.008821752,NA,1.611200708,2.985681938,Oncorhynchus tshawytscha,fall run,juvenile,NA,19,individual,1,NA,1,NA,exogenous,wet,0,fresh,post-smolt
2017,Poletto et al.,Conserv. Physiol.,19.8,NA,22.02481657,0,NA,0,NA,5.118489426,NA,1.632859362,2.985681938,Oncorhynchus tshawytscha,fall run,juvenile,NA,19,individual,1,NA,1,NA,exogenous,wet,0,fresh,post-smolt
2017,Poletto et al.,Conserv. Physiol.,19.8,NA,23.02097236,0,NA,0,NA,5.198247734,NA,1.648321595,2.985681938,Oncorhynchus tshawytscha,fall run,juvenile,NA,19,individual,1,NA,1,NA,exogenous,wet,0,fresh,post-smolt
2017,Poletto et al.,Conserv. Physiol.,19.8,NA,23.01409039,0,NA,0,NA,6.514259819,NA,1.873993592,2.985681938,Oncorhynchus tshawytscha,fall run,juvenile,NA,19,individual,1,NA,1,NA,exogenous,wet,0,fresh,post-smolt
2017,Poletto et al.,Conserv. Physiol.,19.8,NA,24.02667297,0,NA,0,NA,8.029667674,NA,2.083143142,2.985681938,Oncorhynchus tshawytscha,fall run,juvenile,NA,19,individual,1,NA,1,NA,exogenous,wet,0,fresh,post-smolt
2017,Poletto et al.,Conserv. Physiol.,19.8,NA,25.0233475,0,NA,0,NA,8.25897281,NA,2.111300223,2.985681938,Oncorhynchus tshawytscha,fall run,juvenile,NA,19,individual,1,NA,1,NA,exogenous,wet,0,fresh,post-smolt
2017,Poletto et al.,Conserv. Physiol.,19.8,NA,24.01612524,0,NA,0,NA,4.988882175,NA,1.607211872,2.985681938,Oncorhynchus tshawytscha,fall run,juvenile,NA,19,individual,1,NA,1,NA,exogenous,wet,0,fresh,post-smolt
2017,Poletto et al.,Conserv. Physiol.,19.8,NA,24.01878811,0,NA,0,NA,5.756555891,NA,1.75033936,2.985681938,Oncorhynchus tshawytscha,fall run,juvenile,NA,19,individual,1,NA,1,NA,exogenous,wet,0,fresh,post-smolt
2017,Poletto et al.,Conserv. Physiol.,19.8,NA,24.02010225,0,NA,0,NA,6.135407855,NA,1.814076556,2.985681938,Oncorhynchus tshawytscha,fall run,juvenile,NA,19,individual,1,NA,1,NA,exogenous,wet,0,fresh,post-smolt
2017,Poletto et al.,Conserv. Physiol.,19.8,NA,25.02770492,0,NA,0,NA,6.215166163,NA,1.82699246,2.985681938,Oncorhynchus tshawytscha,fall run,juvenile,NA,19,individual,1,NA,1,NA,exogenous,wet,0,fresh,post-smolt
2017,Poletto et al.,Conserv. Physiol.,19.8,NA,25.0157393,0,NA,0,NA,6.065619335,NA,1.802636653,2.985681938,Oncorhynchus tshawytscha,fall run,juvenile,NA,19,individual,1,NA,1,NA,exogenous,wet,0,fresh,post-smolt
2017,Poletto et al.,Conserv. Physiol.,19.8,NA,25.01404474,0,NA,0,NA,5.577099698,NA,1.718668874,2.985681938,Oncorhynchus tshawytscha,fall run,juvenile,NA,19,individual,1,NA,1,NA,exogenous,wet,0,fresh,post-smolt
2017,Poletto et al.,Conserv. Physiol.,19.8,NA,26.01898454,0,NA,0,NA,4.88918429,NA,1.587025478,2.985681938,Oncorhynchus tshawytscha,fall run,juvenile,NA,19,individual,1,NA,1,NA,exogenous,wet,0,fresh,post-smolt
2017,Poletto et al.,Conserv. Physiol.,19.8,NA,13.00767875,0,NA,0,NA,2.685861027,NA,0.988001357,2.985681938,Oncorhynchus tshawytscha,fall run,juvenile,NA,19,individual,1,NA,1,NA,exogenous,wet,0,fresh,post-smolt
2017,Poletto et al.,Conserv. Physiol.,19.8,NA,16.00818089,0,NA,0,NA,3.094622356,NA,1.129665881,2.985681938,Oncorhynchus tshawytscha,fall run,juvenile,NA,19,individual,1,NA,1,NA,exogenous,wet,0,fresh,post-smolt
2017,Poletto et al.,Conserv. Physiol.,19.8,NA,12.00616264,0,NA,0,NA,4.360785498,NA,1.472652201,2.985681938,Oncorhynchus tshawytscha,fall run,juvenile,NA,15,individual,1,NA,1,NA,exogenous,wet,0,fresh,post-smolt
2017,Poletto et al.,Conserv. Physiol.,19.8,NA,11.99108457,0,NA,0,NA,3.313957704,NA,1.198143156,2.985681938,Oncorhynchus tshawytscha,fall run,juvenile,NA,15,individual,1,NA,1,NA,exogenous,wet,0,fresh,post-smolt
2017,Poletto et al.,Conserv. Physiol.,19.8,NA,11.99976484,0,NA,0,NA,2.516374622,NA,0.922819224,2.985681938,Oncorhynchus tshawytscha,fall run,juvenile,NA,15,individual,1,NA,1,NA,exogenous,wet,0,fresh,post-smolt
2017,Poletto et al.,Conserv. Physiol.,19.8,NA,11.9972403,0,NA,0,NA,1.78858006,NA,0.581422043,2.985681938,Oncorhynchus tshawytscha,fall run,juvenile,NA,15,individual,1,NA,1,NA,exogenous,wet,0,fresh,post-smolt
2017,Poletto et al.,Conserv. Physiol.,19.8,NA,13.00743667,0,NA,0,NA,2.616072508,NA,0.96167415,2.985681938,Oncorhynchus tshawytscha,fall run,juvenile,NA,15,individual,1,NA,1,NA,exogenous,wet,0,fresh,post-smolt
2017,Poletto et al.,Conserv. Physiol.,19.8,NA,13.0085779,0,NA,0,NA,2.945075529,NA,1.080134463,2.985681938,Oncorhynchus tshawytscha,fall run,juvenile,NA,15,individual,1,NA,1,NA,exogenous,wet,0,fresh,post-smolt
2017,Poletto et al.,Conserv. Physiol.,19.8,NA,13.01034162,0,NA,0,NA,3.453534743,NA,1.23939827,2.985681938,Oncorhynchus tshawytscha,fall run,juvenile,NA,15,individual,1,NA,1,NA,exogenous,wet,0,fresh,post-smolt
2017,Poletto et al.,Conserv. Physiol.,19.8,NA,13.0113791,0,NA,0,NA,3.752628399,NA,1.322456501,2.985681938,Oncorhynchus tshawytscha,fall run,juvenile,NA,15,individual,1,NA,1,NA,exogenous,wet,0,fresh,post-smolt
2017,Poletto et al.,Conserv. Physiol.,19.8,NA,14.01095858,0,NA,0,NA,4.81939577,NA,1.572648561,2.985681938,Oncorhynchus tshawytscha,fall run,juvenile,NA,15,individual,1,NA,1,NA,exogenous,wet,0,fresh,post-smolt
2017,Poletto et al.,Conserv. Physiol.,19.8,NA,14.00843404,0,NA,0,NA,4.091601208,NA,1.408936387,2.985681938,Oncorhynchus tshawytscha,fall run,juvenile,NA,15,individual,1,NA,1,NA,exogenous,wet,0,fresh,post-smolt
2017,Poletto et al.,Conserv. Physiol.,19.8,NA,14.00487202,0,NA,0,NA,3.064712991,NA,1.119953924,2.985681938,Oncorhynchus tshawytscha,fall run,juvenile,NA,15,individual,1,NA,1,NA,exogenous,wet,0,fresh,post-smolt
2017,Poletto et al.,Conserv. Physiol.,19.8,NA,14.00124083,0,NA,0,NA,2.017885196,NA,0.702050031,2.985681938,Oncorhynchus tshawytscha,fall run,juvenile,NA,15,individual,1,NA,1,NA,exogenous,wet,0,fresh,post-smolt
2017,Poletto et al.,Conserv. Physiol.,19.8,NA,14.99836493,0,NA,0,NA,2.376797583,NA,0.865754028,2.985681938,Oncorhynchus tshawytscha,fall run,juvenile,NA,15,individual,1,NA,1,NA,exogenous,wet,0,fresh,post-smolt
2017,Poletto et al.,Conserv. Physiol.,19.8,NA,14.99967907,0,NA,0,NA,2.755649547,NA,1.013653185,2.985681938,Oncorhynchus tshawytscha,fall run,juvenile,NA,15,individual,1,NA,1,NA,exogenous,wet,0,fresh,post-smolt
2017,Poletto et al.,Conserv. Physiol.,19.8,NA,15.0002324,0,NA,0,NA,2.915166163,NA,1.069926821,2.985681938,Oncorhynchus tshawytscha,fall run,juvenile,NA,15,individual,1,NA,1,NA,exogenous,wet,0,fresh,post-smolt
2017,Poletto et al.,Conserv. Physiol.,19.8,NA,15.00348317,0,NA,0,NA,3.852326284,NA,1.348677195,2.985681938,Oncorhynchus tshawytscha,fall run,juvenile,NA,15,individual,1,NA,1,NA,exogenous,wet,0,fresh,post-smolt
2017,Poletto et al.,Conserv. Physiol.,19.8,NA,16.01067085,0,NA,0,NA,3.81244713,NA,1.338271274,2.985681938,Oncorhynchus tshawytscha,fall run,juvenile,NA,15,individual,1,NA,1,NA,exogenous,wet,0,fresh,post-smolt
2017,Poletto et al.,Conserv. Physiol.,19.8,NA,16.00984086,0,NA,0,NA,3.573172205,NA,1.273453774,2.985681938,Oncorhynchus tshawytscha,fall run,juvenile,NA,15,individual,1,NA,1,NA,exogenous,wet,0,fresh,post-smolt
2017,Poletto et al.,Conserv. Physiol.,19.8,NA,16.00928754,0,NA,0,NA,3.413655589,NA,1.227783737,2.985681938,Oncorhynchus tshawytscha,fall run,juvenile,NA,15,individual,1,NA,1,NA,exogenous,wet,0,fresh,post-smolt
2017,Poletto et al.,Conserv. Physiol.,19.8,NA,17.01557607,0,NA,0,NA,3.114561934,NA,1.136088511,2.985681938,Oncorhynchus tshawytscha,fall run,juvenile,NA,15,individual,1,NA,1,NA,exogenous,wet,0,fresh,post-smolt
2017,Poletto et al.,Conserv. Physiol.,19.8,NA,17.00696496,0,NA,0,NA,3.932084592,NA,1.369169716,2.985681938,Oncorhynchus tshawytscha,fall run,juvenile,NA,15,individual,1,NA,1,NA,exogenous,wet,0,fresh,post-smolt
2017,Poletto et al.,Conserv. Physiol.,19.8,NA,17.00727621,0,NA,0,NA,4.021812689,NA,1.391732719,2.985681938,Oncorhynchus tshawytscha,fall run,juvenile,NA,15,individual,1,NA,1,NA,exogenous,wet,0,fresh,post-smolt
2017,Poletto et al.,Conserv. Physiol.,19.8,NA,17.00886701,0,NA,0,NA,4.480422961,NA,1.499717453,2.985681938,Oncorhynchus tshawytscha,fall run,juvenile,NA,15,individual,1,NA,1,NA,exogenous,wet,0,fresh,post-smolt
2017,Poletto et al.,Conserv. Physiol.,19.8,NA,18.0020141,0,NA,0,NA,3.692809668,NA,1.306387596,2.985681938,Oncorhynchus tshawytscha,fall run,juvenile,NA,15,individual,1,NA,1,NA,exogenous,wet,0,fresh,post-smolt
2017,Poletto et al.,Conserv. Physiol.,19.8,NA,18.01117852,0,NA,0,NA,3.034803625,NA,1.110146719,2.985681938,Oncorhynchus tshawytscha,fall run,juvenile,NA,15,individual,1,NA,1,NA,exogenous,wet,0,fresh,post-smolt
2017,Poletto et al.,Conserv. Physiol.,19.8,NA,18.01225059,0,NA,0,NA,3.343867069,NA,1.207127942,2.985681938,Oncorhynchus tshawytscha,fall run,juvenile,NA,15,individual,1,NA,1,NA,exogenous,wet,0,fresh,post-smolt
2017,Poletto et al.,Conserv. Physiol.,19.8,NA,19.00930552,0,NA,0,NA,3.682839879,NA,1.303684161,2.985681938,Oncorhynchus tshawytscha,fall run,juvenile,NA,15,individual,1,NA,1,NA,exogenous,wet,0,fresh,post-smolt
2017,Poletto et al.,Conserv. Physiol.,19.8,NA,19.01380128,0,NA,0,NA,4.978912387,NA,1.605211471,2.985681938,Oncorhynchus tshawytscha,fall run,juvenile,NA,15,individual,1,NA,1,NA,exogenous,wet,0,fresh,post-smolt
2017,Poletto et al.,Conserv. Physiol.,19.8,NA,19.01584166,0,NA,0,NA,5.567129909,NA,1.716879645,2.985681938,Oncorhynchus tshawytscha,fall run,juvenile,NA,15,individual,1,NA,1,NA,exogenous,wet,0,fresh,post-smolt
2017,Poletto et al.,Conserv. Physiol.,19.8,NA,20.00874667,0,NA,0,NA,4.709728097,NA,1.549630177,2.985681938,Oncorhynchus tshawytscha,fall run,juvenile,NA,15,individual,1,NA,1,NA,exogenous,wet,0,fresh,post-smolt
2017,Poletto et al.,Conserv. Physiol.,19.8,NA,20.00815876,0,NA,0,NA,4.540241692,NA,1.512980247,2.985681938,Oncorhynchus tshawytscha,fall run,juvenile,NA,15,individual,1,NA,1,NA,exogenous,wet,0,fresh,post-smolt
2017,Poletto et al.,Conserv. Physiol.,19.8,NA,20.00629129,0,NA,0,NA,4.001873112,NA,1.386762529,2.985681938,Oncorhynchus tshawytscha,fall run,juvenile,NA,15,individual,1,NA,1,NA,exogenous,wet,0,fresh,post-smolt
2017,Poletto et al.,Conserv. Physiol.,19.8,NA,20.0060838,0,NA,0,NA,3.942054381,NA,1.371702004,2.985681938,Oncorhynchus tshawytscha,fall run,juvenile,NA,15,individual,1,NA,1,NA,exogenous,wet,0,fresh,post-smolt
2017,Poletto et al.,Conserv. Physiol.,19.8,NA,21.01188816,0,NA,0,NA,3.503383686,NA,1.253729269,2.985681938,Oncorhynchus tshawytscha,fall run,juvenile,NA,15,individual,1,NA,1,NA,exogenous,wet,0,fresh,post-smolt
2017,Poletto et al.,Conserv. Physiol.,19.8,NA,21.01423979,0,NA,0,NA,4.181329305,NA,1.430629212,2.985681938,Oncorhynchus tshawytscha,fall run,juvenile,NA,15,individual,1,NA,1,NA,exogenous,wet,0,fresh,post-smolt
2017,Poletto et al.,Conserv. Physiol.,19.8,NA,21.01939262,0,NA,0,NA,5.666827795,NA,1.734629489,2.985681938,Oncorhynchus tshawytscha,fall run,juvenile,NA,15,individual,1,NA,1,NA,exogenous,wet,0,fresh,post-smolt
2017,Poletto et al.,Conserv. Physiol.,19.8,NA,22.01036099,0,NA,0,NA,4.251117825,NA,1.447181966,2.985681938,Oncorhynchus tshawytscha,fall run,juvenile,NA,15,individual,1,NA,1,NA,exogenous,wet,0,fresh,post-smolt
2017,Poletto et al.,Conserv. Physiol.,19.8,NA,22.01585964,0,NA,0,NA,5.836314199,NA,1.764099467,2.985681938,Oncorhynchus tshawytscha,fall run,juvenile,NA,15,individual,1,NA,1,NA,exogenous,wet,0,fresh,post-smolt
2017,Poletto et al.,Conserv. Physiol.,19.8,NA,22.01658588,0,NA,0,NA,6.045679758,NA,1.799343927,2.985681938,Oncorhynchus tshawytscha,fall run,juvenile,NA,15,individual,1,NA,1,NA,exogenous,wet,0,fresh,post-smolt
2017,Poletto et al.,Conserv. Physiol.,19.8,NA,23.01326041,0,NA,0,NA,6.274984894,NA,1.836571078,2.985681938,Oncorhynchus tshawytscha,fall run,juvenile,NA,15,individual,1,NA,1,NA,exogenous,wet,0,fresh,post-smolt
2017,Poletto et al.,Conserv. Physiol.,19.8,NA,23.01498954,0,NA,0,NA,6.77347432,NA,1.913014149,2.985681938,Oncorhynchus tshawytscha,fall run,juvenile,NA,15,individual,1,NA,1,NA,exogenous,wet,0,fresh,post-smolt
2017,Poletto et al.,Conserv. Physiol.,19.8,NA,23.00817674,0,NA,0,NA,4.809425982,NA,1.570577739,2.985681938,Oncorhynchus tshawytscha,fall run,juvenile,NA,15,individual,1,NA,1,NA,exogenous,wet,0,fresh,post-smolt
2017,Poletto et al.,Conserv. Physiol.,19.8,NA,24.01308196,0,NA,0,NA,4.111540785,NA,1.413797845,2.985681938,Oncorhynchus tshawytscha,fall run,juvenile,NA,15,individual,1,NA,1,NA,exogenous,wet,0,fresh,post-smolt
2017,Poletto et al.,Conserv. Physiol.,19.8,NA,24.02245388,0,NA,0,NA,6.813353474,NA,1.918884433,2.985681938,Oncorhynchus tshawytscha,fall run,juvenile,NA,15,individual,1,NA,1,NA,exogenous,wet,0,fresh,post-smolt
2017,Poletto et al.,Conserv. Physiol.,19.8,NA,24.02553174,0,NA,0,NA,7.700664653,NA,2.041306644,2.985681938,Oncorhynchus tshawytscha,fall run,juvenile,NA,15,individual,1,NA,1,NA,exogenous,wet,0,fresh,post-smolt
2017,Poletto et al.,Conserv. Physiol.,19.8,NA,24.02892085,0,NA,0,NA,8.677703927,NA,2.160756969,2.985681938,Oncorhynchus tshawytscha,fall run,juvenile,NA,15,individual,1,NA,1,NA,exogenous,wet,0,fresh,post-smolt
2017,Poletto et al.,Conserv. Physiol.,19.8,NA,25.02424665,0,NA,0,NA,8.518187311,NA,2.142203561,2.985681938,Oncorhynchus tshawytscha,fall run,juvenile,NA,15,individual,1,NA,1,NA,exogenous,wet,0,fresh,post-smolt
2017,Poletto et al.,Conserv. Physiol.,19.8,NA,25.02386624,0,NA,0,NA,5.108519637,NA,1.630909663,2.985681938,Oncorhynchus tshawytscha,fall run,juvenile,NA,15,individual,1,NA,1,NA,exogenous,wet,0,fresh,post-smolt
2017,Poletto et al.,Conserv. Physiol.,19.8,NA,25.01138187,0,NA,0,NA,4.809425982,NA,1.570577739,2.985681938,Oncorhynchus tshawytscha,fall run,juvenile,NA,15,individual,1,NA,1,NA,exogenous,wet,0,fresh,post-smolt
2021,Del Rio,Conserv. Physiol.,0.174,NA,10,0,NA,0,NA,0.030378375,NA,NA,-1.74869998,Onchorhynchus tshawytscha,fall-run,alevin,Control,10,individual,1,NA,1,5,endogenous,wet,0,fresh,pre-smolt
2021,Del Rio,Conserv. Physiol.,0.3026,NA,10,0,NA,0,NA,0.075068618,NA,NA,-1.195343478,Onchorhynchus tshawytscha,fall-run,fry,Control,10,individual,1,NA,1,34,endogenous,wet,0,fresh,pre-smolt
2021,Del Rio,Conserv. Physiol.,0.3208,NA,10,0,NA,0,NA,0.060960923,NA,NA,-1.136937403,Onchorhynchus tshawytscha,fall-run,fry,Control,10,individual,1,NA,1,34,endogenous,wet,0,fresh,pre-smolt
2021,Del Rio,Conserv. Physiol.,0.2038,NA,10,0,NA,0,NA,0.066077341,NA,NA,-1.590616158,Onchorhynchus tshawytscha,fall-run,fry,Control,10,individual,1,NA,1,34,endogenous,wet,0,fresh,pre-smolt
2021,Del Rio,Conserv. Physiol.,0.3443,NA,10,0,NA,0,NA,0.12906585,NA,NA,-1.066241909,Onchorhynchus tshawytscha,fall-run,fry,Control,10,individual,1,NA,1,34,endogenous,wet,0,fresh,pre-smolt
2021,Del Rio,Conserv. Physiol.,0.2301,NA,10,0,NA,0,NA,0.020485311,NA,NA,-1.469241282,Onchorhynchus tshawytscha,fall-run,alevin,Control,10,individual,1,NA,1,5,endogenous,wet,0,fresh,pre-smolt
2021,Del Rio,Conserv. Physiol.,0.2665,NA,10,0,NA,0,NA,0.148505105,NA,NA,-1.322381035,Onchorhynchus tshawytscha,fall-run,fry,Control,10,individual,1,NA,1,34,endogenous,wet,0,fresh,pre-smolt
2021,Del Rio,Conserv. Physiol.,0.2312,NA,10,0,NA,0,NA,0.014742004,NA,NA,-1.464472142,Onchorhynchus tshawytscha,fall-run,alevin,Control,10,individual,1,NA,1,5,endogenous,wet,0,fresh,pre-smolt
2021,Del Rio,Conserv. Physiol.,0.2781,NA,10,0,NA,0,NA,0.064066106,NA,NA,-1.279774518,Onchorhynchus tshawytscha,fall-run,fry,Control,10,individual,1,NA,1,34,endogenous,wet,0,fresh,pre-smolt
2021,Del Rio,Conserv. Physiol.,0.2577,NA,10,0,NA,0,NA,0.049439325,NA,NA,-1.355959161,Onchorhynchus tshawytscha,fall-run,alevin,Control,10,individual,1,NA,1,5,endogenous,wet,0,fresh,pre-smolt
2021,Del Rio,Conserv. Physiol.,0.249,NA,10,0,NA,0,NA,0.102500874,NA,NA,-1.390302383,Onchorhynchus tshawytscha,fall-run,fry,Control,10,individual,1,NA,1,34,endogenous,wet,0,fresh,pre-smolt
2021,Del Rio,Conserv. Physiol.,0.2285,NA,10,0,NA,0,NA,0.027485635,NA,NA,-1.476219069,Onchorhynchus tshawytscha,fall-run,alevin,Control,10,individual,1,NA,1,5,endogenous,wet,0,fresh,pre-smolt
2021,Del Rio,Conserv. Physiol.,0.3404,NA,10,0,NA,0,NA,0.080829055,NA,NA,-1.077633882,Onchorhynchus tshawytscha,fall-run,fry,Control,10,individual,1,NA,1,34,endogenous,wet,0,fresh,pre-smolt
2021,Del Rio,Conserv. Physiol.,0.2018,NA,10,0,NA,0,NA,0.020746837,NA,NA,-1.600478171,Onchorhynchus tshawytscha,fall-run,alevin,Control,10,individual,1,NA,1,5,endogenous,wet,0,fresh,pre-smolt
2021,Del Rio,Conserv. Physiol.,0.3046,NA,10,0,NA,0,NA,0.024646495,NA,NA,-1.188755839,Onchorhynchus tshawytscha,fall-run,fry,Control,10,individual,1,NA,1,34,endogenous,wet,0,fresh,pre-smolt
2021,Del Rio,Conserv. Physiol.,0.1775,NA,10,0,NA,0,NA,0.012358108,NA,NA,-1.72878467,Onchorhynchus tshawytscha,fall-run,alevin,Control,10,individual,1,NA,1,5,endogenous,wet,0,fresh,pre-smolt
2021,Del Rio,Conserv. Physiol.,0.2466,NA,10,0,NA,0,NA,0.023226515,NA,NA,-1.399987688,Onchorhynchus tshawytscha,fall-run,fry,Control,10,individual,1,NA,1,34,endogenous,wet,0,fresh,pre-smolt
2021,Del Rio,Conserv. Physiol.,0.1813,NA,10,0,NA,0,NA,0.015847887,NA,NA,-1.707602161,Onchorhynchus tshawytscha,fall-run,alevin,Control,10,individual,1,NA,1,5,endogenous,wet,0,fresh,pre-smolt
2021,Del Rio,Conserv. Physiol.,0.2382,NA,10,0,NA,0,NA,0.058634832,NA,NA,-1.434644622,Onchorhynchus tshawytscha,fall-run,fry,Control,10,individual,1,NA,1,34,endogenous,wet,0,fresh,pre-smolt
2021,Del Rio,Conserv. Physiol.,0.1812,NA,10,0,NA,0,NA,0.024884594,NA,NA,-1.708153885,Onchorhynchus tshawytscha,fall-run,alevin,Control,10,individual,1,NA,1,5,endogenous,wet,0,fresh,pre-smolt
2021,Del Rio,Conserv. Physiol.,0.3132,NA,10,0,NA,0,NA,0.108357119,NA,NA,-1.160913315,Onchorhynchus tshawytscha,fall-run,fry,Control,10,individual,1,NA,1,34,endogenous,wet,0,fresh,pre-smolt
2021,Del Rio,Conserv. Physiol.,0.1742,NA,10,0,NA,0,NA,0.025377285,NA,NA,-1.747551215,Onchorhynchus tshawytscha,fall-run,alevin,Control,10,individual,1,NA,1,5,endogenous,wet,0,fresh,pre-smolt
2021,Del Rio,Conserv. Physiol.,0.3194,NA,10,0,NA,0,NA,0.04121574,NA,NA,-1.141311043,Onchorhynchus tshawytscha,fall-run,fry,Control,10,individual,1,NA,1,34,endogenous,wet,0,fresh,pre-smolt
2021,Del Rio,Conserv. Physiol.,0.2208,NA,10,0,NA,0,NA,0.048217567,NA,NA,-1.510497965,Onchorhynchus tshawytscha,fall-run,alevin,Control,10,individual,1,NA,1,5,endogenous,wet,0,fresh,pre-smolt
2021,Del Rio,Conserv. Physiol.,0.3056,NA,10,0,NA,0,NA,0.108093688,NA,NA,-1.185478222,Onchorhynchus tshawytscha,fall-run,fry,Control,10,individual,1,NA,1,34,endogenous,wet,0,fresh,pre-smolt
2021,Del Rio,Conserv. Physiol.,0.2543,NA,10,0,NA,0,NA,0.020651207,NA,NA,-1.369240607,Onchorhynchus tshawytscha,fall-run,alevin,Control,10,individual,1,NA,1,5,endogenous,wet,0,fresh,pre-smolt
2021,Del Rio,Conserv. Physiol.,0.2303,NA,10,0,NA,0,NA,0.076330409,NA,NA,-1.468372472,Onchorhynchus tshawytscha,fall-run,fry,Control,10,individual,1,NA,1,34,endogenous,wet,0,fresh,pre-smolt
2021,Del Rio,Conserv. Physiol.,0.2417,NA,10,0,NA,0,NA,0.041599346,NA,NA,-1.420057991,Onchorhynchus tshawytscha,fall-run,fry,Control,10,individual,1,NA,1,34,endogenous,wet,0,fresh,pre-smolt
2021,Del Rio,Conserv. Physiol.,0.2879,NA,10,0,NA,0,NA,0.093164915,NA,NA,-1.245142081,Onchorhynchus tshawytscha,fall-run,fry,Chronic.cold.hypoxia,10,individual,1,NA,1,41,endogenous,wet,0,fresh,pre-smolt
2021,Del Rio,Conserv. Physiol.,0.2454,NA,10,0,NA,0,NA,0.059056657,NA,NA,-1.404865747,Onchorhynchus tshawytscha,fall-run,fry,Chronic.cold.hypoxia,10,individual,1,NA,1,41,endogenous,wet,0,fresh,pre-smolt
2021,Del Rio,Conserv. Physiol.,0.2863,NA,10,0,NA,0,NA,0.057088203,NA,NA,-1.250715067,Onchorhynchus tshawytscha,fall-run,fry,Chronic.cold.hypoxia,10,individual,1,NA,1,41,endogenous,wet,0,fresh,pre-smolt
2021,Del Rio,Conserv. Physiol.,0.3467,NA,10,0,NA,0,NA,0.067273481,NA,NA,-1.059295426,Onchorhynchus tshawytscha,fall-run,fry,Chronic.cold.hypoxia,10,individual,1,NA,1,41,endogenous,wet,0,fresh,pre-smolt
2021,Del Rio,Conserv. Physiol.,0.2642,NA,10,0,NA,0,NA,0.031853221,NA,NA,-1.331048887,Onchorhynchus tshawytscha,fall-run,fry,Chronic.cold.hypoxia,10,individual,1,NA,1,41,endogenous,wet,0,fresh,pre-smolt
2021,Del Rio,Conserv. Physiol.,0.3151,NA,10,0,NA,0,NA,0.082513087,NA,NA,-1.15486523,Onchorhynchus tshawytscha,fall-run,fry,Chronic.cold.hypoxia,10,individual,1,NA,1,41,endogenous,wet,0,fresh,pre-smolt
2021,Del Rio,Conserv. Physiol.,0.2554,NA,10,0,NA,0,NA,0.032389577,NA,NA,-1.364924335,Onchorhynchus tshawytscha,fall-run,fry,Chronic.cold.hypoxia,10,individual,1,NA,1,41,endogenous,wet,0,fresh,pre-smolt
2021,Del Rio,Conserv. Physiol.,0.2523,NA,10,0,NA,0,NA,0.076946884,NA,NA,-1.377136423,Onchorhynchus tshawytscha,fall-run,fry,Chronic.cold.hypoxia,10,individual,1,NA,1,41,endogenous,wet,0,fresh,pre-smolt
2021,Del Rio,Conserv. Physiol.,0.2946,NA,10,0,NA,0,NA,0.054761551,NA,NA,-1.222136775,Onchorhynchus tshawytscha,fall-run,fry,Chronic.cold.hypoxia,10,individual,1,NA,1,41,endogenous,wet,0,fresh,pre-smolt
2021,Del Rio,Conserv. Physiol.,0.3475,NA,10,0,NA,0,NA,0.041820191,NA,NA,-1.056990614,Onchorhynchus tshawytscha,fall-run,fry,Chronic.cold.hypoxia,10,individual,1,NA,1,41,endogenous,wet,0,fresh,pre-smolt
2021,Del Rio,Conserv. Physiol.,0.3722,NA,10,0,NA,0,NA,0.038483802,NA,NA,-0.988323935,Onchorhynchus tshawytscha,fall-run,fry,Chronic.cold.hypoxia,10,individual,1,NA,1,41,endogenous,wet,0,fresh,pre-smolt
2021,Del Rio,Conserv. Physiol.,0.3536,NA,10,0,NA,0,NA,0.031906328,NA,NA,-1.039588948,Onchorhynchus tshawytscha,fall-run,fry,Chronic.cold.hypoxia,10,individual,1,NA,1,41,endogenous,wet,0,fresh,pre-smolt
2021,Del Rio,Conserv. Physiol.,0.2225,NA,10,0,NA,0,NA,0.018722571,NA,NA,-1.502828177,Onchorhynchus tshawytscha,fall-run,fry,Chronic.cold.hypoxia,10,individual,1,NA,1,41,endogenous,wet,0,fresh,pre-smolt
2021,Del Rio,Conserv. Physiol.,0.2342,NA,10,0,NA,0,NA,0.041324066,NA,NA,-1.451579828,Onchorhynchus tshawytscha,fall-run,fry,Chronic.cold.hypoxia,10,individual,1,NA,1,41,endogenous,wet,0,fresh,pre-smolt
2021,Del Rio,Conserv. Physiol.,0.2559,NA,10,0,NA,0,NA,0.050110598,NA,NA,-1.362968536,Onchorhynchus tshawytscha,fall-run,fry,Chronic.cold.hypoxia,10,individual,1,NA,1,41,endogenous,wet,0,fresh,pre-smolt
2021,Del Rio,Conserv. Physiol.,0.3526,NA,10,0,NA,0,NA,0.10952652,NA,NA,-1.042421009,Onchorhynchus tshawytscha,fall-run,fry,Chronic.cold.hypoxia,10,individual,1,NA,1,41,endogenous,wet,0,fresh,pre-smolt
2021,Del Rio,Conserv. Physiol.,0.3113,NA,10,0,NA,0,NA,0.072017389,NA,NA,-1.166998202,Onchorhynchus tshawytscha,fall-run,fry,Chronic.warm.hypoxia,14,individual,1,NA,1,44,endogenous,wet,0,fresh,pre-smolt
2021,Del Rio,Conserv. Physiol.,0.3077,NA,10,0,NA,0,NA,0.117877128,NA,NA,-1.178629997,Onchorhynchus tshawytscha,fall-run,fry,Chronic.warm.hypoxia,14,individual,1,NA,1,44,endogenous,wet,0,fresh,pre-smolt
2021,Del Rio,Conserv. Physiol.,0.3125,NA,10,0,NA,0,NA,0.039514358,NA,NA,-1.16315081,Onchorhynchus tshawytscha,fall-run,fry,Chronic.warm.hypoxia,14,individual,1,NA,1,44,endogenous,wet,0,fresh,pre-smolt
2021,Del Rio,Conserv. Physiol.,0.2845,NA,10,0,NA,0,NA,0.10854561,NA,NA,-1.257022025,Onchorhynchus tshawytscha,fall-run,fry,Chronic.warm.hypoxia,14,individual,1,NA,1,44,endogenous,wet,0,fresh,pre-smolt
2021,Del Rio,Conserv. Physiol.,0.235,NA,10,0,NA,0,NA,0.046341355,NA,NA,-1.448169765,Onchorhynchus tshawytscha,fall-run,fry,Chronic.warm.hypoxia,14,individual,1,NA,1,44,endogenous,wet,0,fresh,pre-smolt
2021,Del Rio,Conserv. Physiol.,0.283,NA,10,0,NA,0,NA,0.025487441,NA,NA,-1.262308381,Onchorhynchus tshawytscha,fall-run,fry,Chronic.warm.hypoxia,14,individual,1,NA,1,44,endogenous,wet,0,fresh,pre-smolt
2021,Del Rio,Conserv. Physiol.,0.3101,NA,10,0,NA,0,NA,0.064818588,NA,NA,-1.170860453,Onchorhynchus tshawytscha,fall-run,fry,Chronic.warm.hypoxia,14,individual,1,NA,1,44,endogenous,wet,0,fresh,pre-smolt
2021,Del Rio,Conserv. Physiol.,0.3163,NA,10,0,NA,0,NA,0.04976009,NA,NA,-1.151064149,Onchorhynchus tshawytscha,fall-run,fry,Chronic.warm.hypoxia,14,individual,1,NA,1,44,endogenous,wet,0,fresh,pre-smolt
2021,Del Rio,Conserv. Physiol.,0.3373,NA,10,0,NA,0,NA,0.099147836,NA,NA,-1.086782537,Onchorhynchus tshawytscha,fall-run,fry,Chronic.warm.hypoxia,14,individual,1,NA,1,44,endogenous,wet,0,fresh,pre-smolt
2021,Del Rio,Conserv. Physiol.,0.3454,NA,10,0,NA,0,NA,0.099696928,NA,NA,-1.063052113,Onchorhynchus tshawytscha,fall-run,fry,Chronic.warm.hypoxia,14,individual,1,NA,1,44,endogenous,wet,0,fresh,pre-smolt
2021,Del Rio,Conserv. Physiol.,0.3072,NA,10,0,NA,0,NA,0.032735195,NA,NA,-1.180256278,Onchorhynchus tshawytscha,fall-run,fry,Chronic.warm.hypoxia,14,individual,1,NA,1,44,endogenous,wet,0,fresh,pre-smolt
2021,Del Rio,Conserv. Physiol.,0.3471,NA,10,0,NA,0,NA,0.073603987,NA,NA,-1.058142356,Onchorhynchus tshawytscha,fall-run,fry,Chronic.warm.hypoxia,14,individual,1,NA,1,44,endogenous,wet,0,fresh,pre-smolt
2021,Del Rio,Conserv. Physiol.,0.3175,NA,10,0,NA,0,NA,0.068990039,NA,NA,-1.147277461,Onchorhynchus tshawytscha,fall-run,fry,Chronic.warm.hypoxia,14,individual,1,NA,1,44,endogenous,wet,0,fresh,pre-smolt
2021,Del Rio,Conserv. Physiol.,0.2956,NA,10,0,NA,0,NA,0.038071195,NA,NA,-1.21874809,Onchorhynchus tshawytscha,fall-run,fry,Chronic.warm.hypoxia,14,individual,1,NA,1,44,endogenous,wet,0,fresh,pre-smolt
2021,Del Rio,Conserv. Physiol.,0.333,NA,10,0,NA,0,NA,0.091296455,NA,NA,-1.099612789,Onchorhynchus tshawytscha,fall-run,fry,Chronic.warm.hypoxia,14,individual,1,NA,1,44,endogenous,wet,0,fresh,pre-smolt
2021,Del Rio,Conserv. Physiol.,0.2364,NA,10,0,NA,0,NA,0.008396037,NA,NA,-1.442229993,Onchorhynchus tshawytscha,fall-run,alevin,Chronic.warm.hypoxia,14,individual,1,NA,3,5,endogenous,wet,0,fresh,pre-smolt
2021,Del Rio,Conserv. Physiol.,0.245,NA,10,0,NA,0,NA,0.044892641,NA,NA,-1.406497068,Onchorhynchus tshawytscha,fall-run,fry,Chronic.warm.hypoxia,14,individual,1,NA,1,44,endogenous,wet,0,fresh,pre-smolt
2021,Del Rio,Conserv. Physiol.,0.2721,NA,10,0,NA,0,NA,0.05000286,NA,NA,-1.301585633,Onchorhynchus tshawytscha,fall-run,fry,Chronic.warm.normoxia,14,individual,1,NA,1,39,endogenous,wet,0,fresh,pre-smolt
2021,Del Rio,Conserv. Physiol.,0.3311,NA,10,0,NA,0,NA,0.05215143,NA,NA,-1.105334834,Onchorhynchus tshawytscha,fall-run,fry,Chronic.warm.normoxia,14,individual,1,NA,1,39,endogenous,wet,0,fresh,pre-smolt
2021,Del Rio,Conserv. Physiol.,0.3171,NA,10,0,NA,0,NA,0.06739493,NA,NA,-1.148538097,Onchorhynchus tshawytscha,fall-run,fry,Chronic.warm.normoxia,14,individual,1,NA,1,39,endogenous,wet,0,fresh,pre-smolt
2021,Del Rio,Conserv. Physiol.,0.1845,NA,10,0,NA,0,NA,0.001245179,NA,NA,-1.690105816,Onchorhynchus tshawytscha,fall-run,alevin,Chronic.warm.normoxia,14,individual,1,NA,3,5,endogenous,wet,0,fresh,pre-smolt
2021,Del Rio,Conserv. Physiol.,0.2468,NA,10,0,NA,0,NA,0.041518181,NA,NA,-1.399176987,Onchorhynchus tshawytscha,fall-run,fry,Chronic.warm.normoxia,14,individual,1,NA,1,39,endogenous,wet,0,fresh,pre-smolt
2021,Del Rio,Conserv. Physiol.,0.2184,NA,10,0,NA,0,NA,0.063319141,NA,NA,-1.521427035,Onchorhynchus tshawytscha,fall-run,fry,Chronic.warm.normoxia,14,individual,1,NA,1,39,endogenous,wet,0,fresh,pre-smolt
2021,Del Rio,Conserv. Physiol.,0.2444,NA,10,0,NA,0,NA,0.048233256,NA,NA,-1.408949052,Onchorhynchus tshawytscha,fall-run,fry,Chronic.warm.normoxia,14,individual,1,NA,1,39,endogenous,wet,0,fresh,pre-smolt
2021,Del Rio,Conserv. Physiol.,0.2253,NA,10,0,NA,0,NA,0.023168103,NA,NA,-1.490322432,Onchorhynchus tshawytscha,fall-run,alevin,Chronic.warm.normoxia,14,individual,1,NA,3,5,endogenous,wet,0,fresh,pre-smolt
2021,Del Rio,Conserv. Physiol.,0.3351,NA,10,0,NA,0,NA,0.032528453,NA,NA,-1.093326284,Onchorhynchus tshawytscha,fall-run,fry,Chronic.warm.normoxia,14,individual,1,NA,1,39,endogenous,wet,0,fresh,pre-smolt
2021,Del Rio,Conserv. Physiol.,0.2105,NA,10,0,NA,0,NA,0.012705993,NA,NA,-1.558269626,Onchorhynchus tshawytscha,fall-run,fry,Chronic.warm.normoxia,14,individual,1,NA,1,39,endogenous,wet,0,fresh,pre-smolt
2021,Del Rio,Conserv. Physiol.,0.3071,NA,10,0,NA,0,NA,0.027672052,NA,NA,-1.180581852,Onchorhynchus tshawytscha,fall-run,fry,Chronic.warm.normoxia,14,individual,1,NA,1,39,endogenous,wet,0,fresh,pre-smolt
2021,Del Rio,Conserv. Physiol.,0.1779,NA,10,0,NA,0,NA,0.009105891,NA,NA,-1.726533684,Onchorhynchus tshawytscha,fall-run,alevin,Chronic.warm.normoxia,14,individual,1,NA,3,5,endogenous,wet,0,fresh,pre-smolt
2021,Del Rio,Conserv. Physiol.,0.2694,NA,10,0,NA,0,NA,0.052735876,NA,NA,-1.311558015,Onchorhynchus tshawytscha,fall-run,fry,Chronic.warm.normoxia,14,individual,1,NA,1,39,endogenous,wet,0,fresh,pre-smolt
2021,Del Rio,Conserv. Physiol.,0.2632,NA,10,0,NA,0,NA,0.07717415,NA,NA,-1.33484108,Onchorhynchus tshawytscha,fall-run,fry,Chronic.warm.normoxia,14,individual,1,NA,1,39,endogenous,wet,0,fresh,pre-smolt
2021,Del Rio,Conserv. Physiol.,0.2029,NA,10,0,NA,0,NA,0.008248556,NA,NA,-1.595042032,Onchorhynchus tshawytscha,fall-run,alevin,Chronic.warm.normoxia,14,individual,1,NA,3,5,endogenous,wet,0,fresh,pre-smolt
2021,Del Rio,Conserv. Physiol.,0.2412,NA,10,0,NA,0,NA,0.018158304,NA,NA,-1.422128814,Onchorhynchus tshawytscha,fall-run,fry,Chronic.warm.normoxia,14,individual,1,NA,1,39,endogenous,wet,0,fresh,pre-smolt
2021,Del Rio,Conserv. Physiol.,0.2136,NA,10,0,NA,0,NA,0.008470998,NA,NA,-1.543650172,Onchorhynchus tshawytscha,fall-run,alevin,Chronic.warm.normoxia,14,individual,1,NA,3,5,endogenous,wet,0,fresh,pre-smolt
2021,Del Rio,Conserv. Physiol.,0.246,NA,10,0,NA,0,NA,0.041775692,NA,NA,-1.402423743,Onchorhynchus tshawytscha,fall-run,fry,Chronic.warm.normoxia,14,individual,1,NA,1,39,endogenous,wet,0,fresh,pre-smolt
2021,Del Rio,Conserv. Physiol.,0.1887,NA,10,0,NA,0,NA,0.010427006,NA,NA,-1.667596827,Onchorhynchus tshawytscha,fall-run,alevin,Chronic.warm.normoxia,14,individual,1,NA,3,5,endogenous,wet,0,fresh,pre-smolt
2021,Del Rio,Conserv. Physiol.,0.2996,NA,10,0,NA,0,NA,0.055505732,NA,NA,-1.205307027,Onchorhynchus tshawytscha,fall-run,fry,Chronic.warm.normoxia,14,individual,1,NA,1,39,endogenous,wet,0,fresh,pre-smolt
2021,Del Rio,Conserv. Physiol.,0.2106,NA,10,0,NA,0,NA,0.045472383,NA,NA,-1.557794679,Onchorhynchus tshawytscha,fall-run,fry,Chronic.warm.normoxia,14,individual,1,NA,1,39,endogenous,wet,0,fresh,pre-smolt
2021,Del Rio,Conserv. Physiol.,0.2214,NA,10,0,NA,0,NA,0.012761491,NA,NA,-1.507784259,Onchorhynchus tshawytscha,fall-run,alevin,Early.hypoxia,10,individual,1,NA,3,5,endogenous,wet,0,fresh,pre-smolt
2021,Del Rio,Conserv. Physiol.,0.3349,NA,10,0,NA,0,NA,0.113950745,NA,NA,-1.093923299,Onchorhynchus tshawytscha,fall-run,fry,Early.hypoxia,10,individual,1,NA,1,35,endogenous,wet,0,fresh,pre-smolt
2021,Del Rio,Conserv. Physiol.,0.2122,NA,10,0,NA,0,NA,0.015410168,NA,NA,-1.550226053,Onchorhynchus tshawytscha,fall-run,alevin,Early.hypoxia,10,individual,1,NA,3,5,endogenous,wet,0,fresh,pre-smolt
2021,Del Rio,Conserv. Physiol.,0.3427,NA,10,0,NA,0,NA,0.060317998,NA,NA,-1.07089985,Onchorhynchus tshawytscha,fall-run,fry,Early.hypoxia,10,individual,1,NA,1,35,endogenous,wet,0,fresh,pre-smolt
2021,Del Rio,Conserv. Physiol.,0.2639,NA,10,0,NA,0,NA,0.017379043,NA,NA,-1.332185035,Onchorhynchus tshawytscha,fall-run,alevin,Early.hypoxia,10,individual,1,NA,3,5,endogenous,wet,0,fresh,pre-smolt
2021,Del Rio,Conserv. Physiol.,0.2412,NA,10,0,NA,0,NA,0.005401727,NA,NA,-1.422128814,Onchorhynchus tshawytscha,fall-run,fry,Early.hypoxia,10,individual,1,NA,1,35,endogenous,wet,0,fresh,pre-smolt
2021,Del Rio,Conserv. Physiol.,0.2408,NA,10,0,NA,0,NA,0.016379102,NA,NA,-1.423788566,Onchorhynchus tshawytscha,fall-run,alevin,Early.hypoxia,10,individual,1,NA,3,5,endogenous,wet,0,fresh,pre-smolt
2021,Del Rio,Conserv. Physiol.,0.3474,NA,10,0,NA,0,NA,0.13255209,NA,NA,-1.057278425,Onchorhynchus tshawytscha,fall-run,fry,Early.hypoxia,10,individual,1,NA,1,35,endogenous,wet,0,fresh,pre-smolt
2021,Del Rio,Conserv. Physiol.,0.2525,NA,10,0,NA,0,NA,0.016353318,NA,NA,-1.37634403,Onchorhynchus tshawytscha,fall-run,alevin,Early.hypoxia,10,individual,1,NA,3,5,endogenous,wet,0,fresh,pre-smolt
2021,Del Rio,Conserv. Physiol.,0.3512,NA,10,0,NA,0,NA,0.092677739,NA,NA,-1.046399417,Onchorhynchus tshawytscha,fall-run,fry,Early.hypoxia,10,individual,1,NA,1,35,endogenous,wet,0,fresh,pre-smolt
2021,Del Rio,Conserv. Physiol.,0.2609,NA,10,0,NA,0,NA,0.02009314,NA,NA,-1.343618087,Onchorhynchus tshawytscha,fall-run,alevin,Early.hypoxia,10,individual,1,NA,3,5,endogenous,wet,0,fresh,pre-smolt
2021,Del Rio,Conserv. Physiol.,0.3117,NA,10,0,NA,0,NA,0.035403118,NA,NA,-1.165714092,Onchorhynchus tshawytscha,fall-run,fry,Early.hypoxia,10,individual,1,NA,1,35,endogenous,wet,0,fresh,pre-smolt
2021,Del Rio,Conserv. Physiol.,0.2211,NA,10,0,NA,0,NA,0.019344044,NA,NA,-1.509140191,Onchorhynchus tshawytscha,fall-run,alevin,Early.hypoxia,10,individual,1,NA,3,5,endogenous,wet,0,fresh,pre-smolt
2021,Del Rio,Conserv. Physiol.,0.2366,NA,10,0,NA,0,NA,0.047513622,NA,NA,-1.441384327,Onchorhynchus tshawytscha,fall-run,fry,Early.hypoxia,10,individual,1,NA,1,35,endogenous,wet,0,fresh,pre-smolt
2021,Del Rio,Conserv. Physiol.,0.1853,NA,10,0,NA,0,NA,0.012391368,NA,NA,-1.685779146,Onchorhynchus tshawytscha,fall-run,alevin,Early.hypoxia,10,individual,1,NA,3,5,endogenous,wet,0,fresh,pre-smolt
2021,Del Rio,Conserv. Physiol.,0.248,NA,10,0,NA,0,NA,0.050314274,NA,NA,-1.394326533,Onchorhynchus tshawytscha,fall-run,fry,Early.hypoxia,10,individual,1,NA,1,35,endogenous,wet,0,fresh,pre-smolt
2021,Del Rio,Conserv. Physiol.,0.2539,NA,10,0,NA,0,NA,0.007059733,NA,NA,-1.37081479,Onchorhynchus tshawytscha,fall-run,alevin,Early.hypoxia,10,individual,1,NA,3,5,endogenous,wet,0,fresh,pre-smolt
2021,Del Rio,Conserv. Physiol.,0.2424,NA,10,0,NA,0,NA,0.043257205,NA,NA,-1.417166025,Onchorhynchus tshawytscha,fall-run,fry,Early.hypoxia,10,individual,1,NA,1,35,endogenous,wet,0,fresh,pre-smolt
2021,Del Rio,Conserv. Physiol.,0.2581,NA,10,0,NA,0,NA,0.013460515,NA,NA,-1.354408172,Onchorhynchus tshawytscha,fall-run,alevin,Early.hypoxia,10,individual,1,NA,3,5,endogenous,wet,0,fresh,pre-smolt
2021,Del Rio,Conserv. Physiol.,0.2354,NA,10,0,NA,0,NA,0.035915487,NA,NA,-1.446469084,Onchorhynchus tshawytscha,fall-run,fry,Early.hypoxia,10,individual,1,NA,1,35,endogenous,wet,0,fresh,pre-smolt
2021,Del Rio,Conserv. Physiol.,0.2012,NA,10,0,NA,0,NA,0.0137101,NA,NA,-1.603455841,Onchorhynchus tshawytscha,fall-run,alevin,Early.hypoxia,10,individual,1,NA,3,5,endogenous,wet,0,fresh,pre-smolt
2021,Del Rio,Conserv. Physiol.,0.2653,NA,10,0,NA,0,NA,0.069635298,NA,NA,-1.326894018,Onchorhynchus tshawytscha,fall-run,fry,Early.hypoxia,10,individual,1,NA,1,35,endogenous,wet,0,fresh,pre-smolt
2021,Del Rio,Conserv. Physiol.,0.2152,NA,10,0,NA,0,NA,0.013726391,NA,NA,-1.536187451,Onchorhynchus tshawytscha,fall-run,alevin,Early.hypoxia,10,individual,1,NA,3,5,endogenous,wet,0,fresh,pre-smolt
2021,Del Rio,Conserv. Physiol.,0.313,NA,10,0,NA,0,NA,0.092600416,NA,NA,-1.161552088,Onchorhynchus tshawytscha,fall-run,fry,Early.hypoxia,10,individual,1,NA,1,35,endogenous,wet,0,fresh,pre-smolt
2021,Del Rio,Conserv. Physiol.,0.2307,NA,10,0,NA,0,NA,0.016479115,NA,NA,-1.466637114,Onchorhynchus tshawytscha,fall-run,alevin,Early.hypoxia,10,individual,1,NA,3,5,endogenous,wet,0,fresh,pre-smolt
2021,Del Rio,Conserv. Physiol.,0.261,NA,10,0,NA,0,NA,0.044455484,NA,NA,-1.343234872,Onchorhynchus tshawytscha,fall-run,fry,Early.hypoxia,10,individual,1,NA,1,35,endogenous,wet,0,fresh,pre-smolt
2021,Del Rio,Conserv. Physiol.,0.2407,NA,10,0,NA,0,NA,0.014182433,NA,NA,-1.424203934,Onchorhynchus tshawytscha,fall-run,alevin,Early.hypoxia,10,individual,1,NA,3,5,endogenous,wet,0,fresh,pre-smolt
2021,Del Rio,Conserv. Physiol.,0.2609,NA,10,0,NA,0,NA,0.064188522,NA,NA,-1.343618087,Onchorhynchus tshawytscha,fall-run,fry,Early.hypoxia,10,individual,1,NA,1,35,endogenous,wet,0,fresh,pre-smolt
2021,Del Rio,Conserv. Physiol.,0.2561,NA,10,0,NA,0,NA,0.016107376,NA,NA,-1.362187286,Onchorhynchus tshawytscha,fall-run,alevin,Early.hypoxia,10,individual,1,NA,3,5,endogenous,wet,0,fresh,pre-smolt
2021,Del Rio,Conserv. Physiol.,0.2446,NA,10,0,NA,0,NA,0.024956013,NA,NA,-1.408131056,Onchorhynchus tshawytscha,fall-run,fry,Early.hypoxia,10,individual,1,NA,1,35,endogenous,wet,0,fresh,pre-smolt
2021,Del Rio,Conserv. Physiol.,0.1623,NA,10,0,NA,0,NA,0.015335374,NA,NA,-1.818308804,Onchorhynchus tshawytscha,fall-run,alevin,Early.hypoxia,10,individual,1,NA,3,5,endogenous,wet,0,fresh,pre-smolt
2021,Del Rio,Conserv. Physiol.,0.3143,NA,10,0,NA,0,NA,0.088812517,NA,NA,-1.157407335,Onchorhynchus tshawytscha,fall-run,fry,Early.hypoxia,10,individual,1,NA,1,35,endogenous,wet,0,fresh,pre-smolt
2021,Del Rio,Conserv. Physiol.,0.1696,NA,10,0,NA,0,NA,0.010759328,NA,NA,-1.774312556,Onchorhynchus tshawytscha,fall-run,alevin,Early.warming,14,individual,1,NA,3,5,endogenous,wet,0,fresh,pre-smolt
2021,Del Rio,Conserv. Physiol.,0.3136,NA,10,0,NA,0,NA,0.075427249,NA,NA,-1.159636991,Onchorhynchus tshawytscha,fall-run,fry,Early.warming,14,individual,1,NA,1,35,endogenous,wet,0,fresh,pre-smolt
2021,Del Rio,Conserv. Physiol.,0.2036,NA,10,0,NA,0,NA,0.002097703,NA,NA,-1.591597994,Onchorhynchus tshawytscha,fall-run,alevin,Early.warming,14,individual,1,NA,3,5,endogenous,wet,0,fresh,pre-smolt
2021,Del Rio,Conserv. Physiol.,0.2238,NA,10,0,NA,0,NA,0.090072319,NA,NA,-1.497002483,Onchorhynchus tshawytscha,fall-run,fry,Early.warming,14,individual,1,NA,1,35,endogenous,wet,0,fresh,pre-smolt
2021,Del Rio,Conserv. Physiol.,0.1668,NA,10,0,NA,0,NA,0.001200289,NA,NA,-1.790959789,Onchorhynchus tshawytscha,fall-run,alevin,Early.warming,14,individual,1,NA,3,5,endogenous,wet,0,fresh,pre-smolt
2021,Del Rio,Conserv. Physiol.,0.3669,NA,10,0,NA,0,NA,0.087791601,NA,NA,-1.002665948,Onchorhynchus tshawytscha,fall-run,fry,Early.warming,14,individual,1,NA,1,35,endogenous,wet,0,fresh,pre-smolt
2021,Del Rio,Conserv. Physiol.,0.1613,NA,10,0,NA,0,NA,0.004433673,NA,NA,-1.824489294,Onchorhynchus tshawytscha,fall-run,alevin,Early.warming,14,individual,1,NA,3,5,endogenous,wet,0,fresh,pre-smolt
2021,Del Rio,Conserv. Physiol.,0.2553,NA,10,0,NA,0,NA,0.126904565,NA,NA,-1.365315955,Onchorhynchus tshawytscha,fall-run,fry,Early.warming,14,individual,1,NA,1,35,endogenous,wet,0,fresh,pre-smolt
2021,Del Rio,Conserv. Physiol.,0.1716,NA,10,0,NA,0,NA,0.008502292,NA,NA,-1.762589092,Onchorhynchus tshawytscha,fall-run,alevin,Early.warming,14,individual,1,NA,3,5,endogenous,wet,0,fresh,pre-smolt
2021,Del Rio,Conserv. Physiol.,0.3473,NA,10,0,NA,0,NA,0.063954021,NA,NA,-1.057566319,Onchorhynchus tshawytscha,fall-run,fry,Early.warming,14,individual,1,NA,1,35,endogenous,wet,0,fresh,pre-smolt
2021,Del Rio,Conserv. Physiol.,0.1905,NA,10,0,NA,0,NA,0.003351353,NA,NA,-1.658103084,Onchorhynchus tshawytscha,fall-run,alevin,Early.warming,14,individual,1,NA,3,5,endogenous,wet,0,fresh,pre-smolt
2021,Del Rio,Conserv. Physiol.,0.27,NA,10,0,NA,0,NA,0.093030332,NA,NA,-1.30933332,Onchorhynchus tshawytscha,fall-run,fry,Early.warming,14,individual,1,NA,1,35,endogenous,wet,0,fresh,pre-smolt
2021,Del Rio,Conserv. Physiol.,0.2828,NA,10,0,NA,0,NA,0.069264446,NA,NA,-1.263015345,Onchorhynchus tshawytscha,fall-run,fry,Early.warming,14,individual,1,NA,1,35,endogenous,wet,0,fresh,pre-smolt
2021,Del Rio,Conserv. Physiol.,0.2216,NA,10,0,NA,0,NA,0.007666885,NA,NA,-1.506881324,Onchorhynchus tshawytscha,fall-run,alevin,Early.warming,14,individual,1,NA,3,5,endogenous,wet,0,fresh,pre-smolt
2021,Del Rio,Conserv. Physiol.,0.2827,NA,10,0,NA,0,NA,0.064988064,NA,NA,-1.263369014,Onchorhynchus tshawytscha,fall-run,fry,Early.warming,14,individual,1,NA,1,35,endogenous,wet,0,fresh,pre-smolt
2021,Del Rio,Conserv. Physiol.,0.2188,NA,10,0,NA,0,NA,0.010818428,NA,NA,-1.519597208,Onchorhynchus tshawytscha,fall-run,alevin,Early.warming,14,individual,1,NA,3,5,endogenous,wet,0,fresh,pre-smolt
2021,Del Rio,Conserv. Physiol.,0.2832,NA,10,0,NA,0,NA,0.009652745,NA,NA,-1.261601917,Onchorhynchus tshawytscha,fall-run,fry,Early.warming,14,individual,1,NA,1,35,endogenous,wet,0,fresh,pre-smolt
2021,Del Rio,Conserv. Physiol.,0.2449,NA,10,0,NA,0,NA,0.011529239,NA,NA,-1.406905315,Onchorhynchus tshawytscha,fall-run,alevin,Early.warming,14,individual,1,NA,3,5,endogenous,wet,0,fresh,pre-smolt
2021,Del Rio,Conserv. Physiol.,0.2599,NA,10,0,NA,0,NA,0.059061182,NA,NA,-1.347458337,Onchorhynchus tshawytscha,fall-run,fry,Early.warming,14,individual,1,NA,1,35,endogenous,wet,0,fresh,pre-smolt
2021,Del Rio,Conserv. Physiol.,0.171,NA,10,0,NA,0,NA,0.011679615,NA,NA,-1.766091722,Onchorhynchus tshawytscha,fall-run,alevin,Early.warming,14,individual,1,NA,3,5,endogenous,wet,0,fresh,pre-smolt
2021,Del Rio,Conserv. Physiol.,0.3383,NA,10,0,NA,0,NA,0.097779186,NA,NA,-1.083822203,Onchorhynchus tshawytscha,fall-run,fry,Early.warming,14,individual,1,NA,1,35,endogenous,wet,0,fresh,pre-smolt
2021,Del Rio,Conserv. Physiol.,0.215,NA,10,0,NA,0,NA,0.010638756,NA,NA,-1.537117251,Onchorhynchus tshawytscha,fall-run,alevin,Early.warming,14,individual,1,NA,3,5,endogenous,wet,0,fresh,pre-smolt
2021,Del Rio,Conserv. Physiol.,0.2746,NA,10,0,NA,0,NA,0.050611488,NA,NA,-1.292439786,Onchorhynchus tshawytscha,fall-run,fry,Early.warming,14,individual,1,NA,1,35,endogenous,wet,0,fresh,pre-smolt
2021,Del Rio,Conserv. Physiol.,0.2271,NA,10,0,NA,0,NA,0.01265983,NA,NA,-1.48236483,Onchorhynchus tshawytscha,fall-run,alevin,Early.warming,14,individual,1,NA,3,5,endogenous,wet,0,fresh,pre-smolt
2021,Del Rio,Conserv. Physiol.,0.2895,NA,10,0,NA,0,NA,0.039814399,NA,NA,-1.239599982,Onchorhynchus tshawytscha,fall-run,fry,Early.warming,14,individual,1,NA,1,35,endogenous,wet,0,fresh,pre-smolt
2021,Del Rio,Conserv. Physiol.,0.2074,NA,10,0,NA,0,NA,0.015514774,NA,NA,-1.573105983,Onchorhynchus tshawytscha,fall-run,alevin,Early.warming,14,individual,1,NA,3,5,endogenous,wet,0,fresh,pre-smolt
2021,Del Rio,Conserv. Physiol.,0.249,NA,10,0,NA,0,NA,0.051103386,NA,NA,-1.390302383,Onchorhynchus tshawytscha,fall-run,fry,Early.warming,14,individual,1,NA,1,35,endogenous,wet,0,fresh,pre-smolt
2021,Del Rio,Conserv. Physiol.,0.2086,NA,10,0,NA,0,NA,0.011231154,NA,NA,-1.567336736,Onchorhynchus tshawytscha,fall-run,alevin,Early.warming,14,individual,1,NA,3,5,endogenous,wet,0,fresh,pre-smolt
2021,Del Rio,Conserv. Physiol.,0.3441,NA,10,0,NA,0,NA,0.057610182,NA,NA,-1.066822966,Onchorhynchus tshawytscha,fall-run,fry,Early.warming,14,individual,1,NA,1,35,endogenous,wet,0,fresh,pre-smolt
2021,Del Rio,Conserv. Physiol.,0.1937,NA,10,0,NA,0,NA,0.007758405,NA,NA,-1.641444709,Onchorhynchus tshawytscha,fall-run,alevin,Early.warming,14,individual,1,NA,3,5,endogenous,wet,0,fresh,pre-smolt
2021,Del Rio,Conserv. Physiol.,0.31,NA,10,0,NA,0,NA,0.122742941,NA,NA,-1.171182982,Onchorhynchus tshawytscha,fall-run,fry,Early.warming,14,individual,1,NA,1,35,endogenous,wet,0,fresh,pre-smolt
2021,Del Rio,Conserv. Physiol.,0.1974,NA,10,0,NA,0,NA,0.020221392,NA,NA,-1.622523152,Onchorhynchus tshawytscha,fall-run,alevin,Early.warm.hypoxia,14,individual,1,NA,1,5,endogenous,wet,0,fresh,pre-smolt
2021,Del Rio,Conserv. Physiol.,0.2511,NA,10,0,NA,0,NA,0.033422558,NA,NA,-1.381904013,Onchorhynchus tshawytscha,fall-run,fry,Early.warm.hypoxia,14,individual,1,NA,1,34,endogenous,wet,0,fresh,pre-smolt
2021,Del Rio,Conserv. Physiol.,0.195,NA,10,0,NA,0,NA,0.034483739,NA,NA,-1.63475572,Onchorhynchus tshawytscha,fall-run,alevin,Early.warm.hypoxia,14,individual,1,NA,1,5,endogenous,wet,0,fresh,pre-smolt
2021,Del Rio,Conserv. Physiol.,0.345,NA,10,0,NA,0,NA,0.114771318,NA,NA,-1.064210862,Onchorhynchus tshawytscha,fall-run,fry,Early.warm.hypoxia,14,individual,1,NA,1,34,endogenous,wet,0,fresh,pre-smolt
2021,Del Rio,Conserv. Physiol.,0.1836,NA,10,0,NA,0,NA,0.018702159,NA,NA,-1.694995801,Onchorhynchus tshawytscha,fall-run,alevin,Early.warm.hypoxia,14,individual,1,NA,1,5,endogenous,wet,0,fresh,pre-smolt
2021,Del Rio,Conserv. Physiol.,0.2883,NA,10,0,NA,0,NA,0.036756132,NA,NA,-1.243753674,Onchorhynchus tshawytscha,fall-run,fry,Early.warm.hypoxia,14,individual,1,NA,1,34,endogenous,wet,0,fresh,pre-smolt
2021,Del Rio,Conserv. Physiol.,0.255,NA,10,0,NA,0,NA,0.021651759,NA,NA,-1.366491734,Onchorhynchus tshawytscha,fall-run,alevin,Early.warm.hypoxia,14,individual,1,NA,1,5,endogenous,wet,0,fresh,pre-smolt
2021,Del Rio,Conserv. Physiol.,0.3264,NA,10,0,NA,0,NA,0.110996711,NA,NA,-1.119631656,Onchorhynchus tshawytscha,fall-run,fry,Early.warm.hypoxia,14,individual,1,NA,1,34,endogenous,wet,0,fresh,pre-smolt
2021,Del Rio,Conserv. Physiol.,0.2224,NA,10,0,NA,0,NA,0.025689991,NA,NA,-1.503277717,Onchorhynchus tshawytscha,fall-run,alevin,Early.warm.hypoxia,14,individual,1,NA,1,5,endogenous,wet,0,fresh,pre-smolt
2021,Del Rio,Conserv. Physiol.,0.3188,NA,10,0,NA,0,NA,0.139520253,NA,NA,-1.143191332,Onchorhynchus tshawytscha,fall-run,fry,Early.warm.hypoxia,14,individual,1,NA,1,34,endogenous,wet,0,fresh,pre-smolt
2021,Del Rio,Conserv. Physiol.,0.2385,NA,10,0,NA,0,NA,0.022106388,NA,NA,-1.433385969,Onchorhynchus tshawytscha,fall-run,alevin,Early.warm.hypoxia,14,individual,1,NA,1,5,endogenous,wet,0,fresh,pre-smolt
2021,Del Rio,Conserv. Physiol.,0.3596,NA,10,0,NA,0,NA,0.03856632,NA,NA,-1.022762976,Onchorhynchus tshawytscha,fall-run,fry,Early.warm.hypoxia,14,individual,1,NA,1,34,endogenous,wet,0,fresh,pre-smolt
2021,Del Rio,Conserv. Physiol.,0.2562,NA,10,0,NA,0,NA,0.01574195,NA,NA,-1.36179689,Onchorhynchus tshawytscha,fall-run,alevin,Early.warm.hypoxia,14,individual,1,NA,1,5,endogenous,wet,0,fresh,pre-smolt
2021,Del Rio,Conserv. Physiol.,0.272,NA,10,0,NA,0,NA,0.107420874,NA,NA,-1.301953213,Onchorhynchus tshawytscha,fall-run,fry,Early.warm.hypoxia,14,individual,1,NA,1,34,endogenous,wet,0,fresh,pre-smolt
2021,Del Rio,Conserv. Physiol.,0.2537,NA,10,0,NA,0,NA,0.016821535,NA,NA,-1.371602812,Onchorhynchus tshawytscha,fall-run,alevin,Early.warm.hypoxia,14,individual,1,NA,1,5,endogenous,wet,0,fresh,pre-smolt
2021,Del Rio,Conserv. Physiol.,0.2565,NA,10,0,NA,0,NA,0.083727912,NA,NA,-1.360626614,Onchorhynchus tshawytscha,fall-run,fry,Early.warm.hypoxia,14,individual,1,NA,1,34,endogenous,wet,0,fresh,pre-smolt
2021,Del Rio,Conserv. Physiol.,0.1793,NA,10,0,NA,0,NA,0.014640271,NA,NA,-1.718694898,Onchorhynchus tshawytscha,fall-run,alevin,Early.warm.hypoxia,14,individual,1,NA,1,5,endogenous,wet,0,fresh,pre-smolt
2021,Del Rio,Conserv. Physiol.,0.2729,NA,10,0,NA,0,NA,0.080860161,NA,NA,-1.298649851,Onchorhynchus tshawytscha,fall-run,fry,Early.warm.hypoxia,14,individual,1,NA,1,34,endogenous,wet,0,fresh,pre-smolt
2021,Del Rio,Conserv. Physiol.,0.1649,NA,10,0,NA,0,NA,0.011537692,NA,NA,-1.802416049,Onchorhynchus tshawytscha,fall-run,alevin,Early.warm.hypoxia,14,individual,1,NA,1,5,endogenous,wet,0,fresh,pre-smolt
2021,Del Rio,Conserv. Physiol.,0.2574,NA,10,0,NA,0,NA,0.02721668,NA,NA,-1.357123984,Onchorhynchus tshawytscha,fall-run,fry,Early.warm.hypoxia,14,individual,1,NA,1,34,endogenous,wet,0,fresh,pre-smolt
2021,Del Rio,Conserv. Physiol.,0.1884,NA,10,0,NA,0,NA,0.015350587,NA,NA,-1.669187917,Onchorhynchus tshawytscha,fall-run,alevin,Early.warm.hypoxia,14,individual,1,NA,1,5,endogenous,wet,0,fresh,pre-smolt
2021,Del Rio,Conserv. Physiol.,0.2761,NA,10,0,NA,0,NA,0.129492267,NA,NA,-1.28699216,Onchorhynchus tshawytscha,fall-run,fry,Early.warm.hypoxia,14,individual,1,NA,1,34,endogenous,wet,0,fresh,pre-smolt
2021,Del Rio,Conserv. Physiol.,0.2297,NA,10,0,NA,0,NA,0.02560322,NA,NA,-1.470981169,Onchorhynchus tshawytscha,fall-run,alevin,Early.warm.hypoxia,14,individual,1,NA,1,5,endogenous,wet,0,fresh,pre-smolt
2021,Del Rio,Conserv. Physiol.,0.2511,NA,10,0,NA,0,NA,0.072771364,NA,NA,-1.381904013,Onchorhynchus tshawytscha,fall-run,fry,Early.warm.hypoxia,14,individual,1,NA,1,34,endogenous,wet,0,fresh,pre-smolt
2021,Del Rio,Conserv. Physiol.,0.2265,NA,10,0,NA,0,NA,0.01810598,NA,NA,-1.485010334,Onchorhynchus tshawytscha,fall-run,alevin,Early.warm.hypoxia,14,individual,1,NA,1,5,endogenous,wet,0,fresh,pre-smolt
2021,Del Rio,Conserv. Physiol.,0.3192,NA,10,0,NA,0,NA,0.054028553,NA,NA,-1.141937413,Onchorhynchus tshawytscha,fall-run,fry,Early.warm.hypoxia,14,individual,1,NA,1,34,endogenous,wet,0,fresh,pre-smolt
2021,Del Rio,Conserv. Physiol.,0.2082,NA,10,0,NA,0,NA,0.019397011,NA,NA,-1.569256123,Onchorhynchus tshawytscha,fall-run,alevin,Early.warm.hypoxia,14,individual,1,NA,1,5,endogenous,wet,0,fresh,pre-smolt
2021,Del Rio,Conserv. Physiol.,0.3115,NA,10,0,NA,0,NA,0.104488331,NA,NA,-1.166355941,Onchorhynchus tshawytscha,fall-run,fry,Early.warm.hypoxia,14,individual,1,NA,1,34,endogenous,wet,0,fresh,pre-smolt
2021,Del Rio,Conserv. Physiol.,0.1954,NA,10,0,NA,0,NA,0.020534385,NA,NA,-1.632706539,Onchorhynchus tshawytscha,fall-run,alevin,Early.warm.hypoxia,14,individual,1,NA,1,5,endogenous,wet,0,fresh,pre-smolt
2021,Del Rio,Conserv. Physiol.,0.2671,NA,10,0,NA,0,NA,0.078079824,NA,NA,-1.320132159,Onchorhynchus tshawytscha,fall-run,fry,Early.warm.hypoxia,14,individual,1,NA,1,34,endogenous,wet,0,fresh,pre-smolt
2021,Del Rio,Conserv. Physiol.,0.252,NA,10,0,NA,0,NA,0.008944686,NA,NA,-1.378326191,Onchorhynchus tshawytscha,fall-run,alevin,Early.warm.hypoxia,14,individual,1,NA,1,5,endogenous,wet,0,fresh,pre-smolt
2021,Del Rio,Conserv. Physiol.,0.2506,NA,10,0,NA,0,NA,0.052045753,NA,NA,-1.383897237,Onchorhynchus tshawytscha,fall-run,fry,Early.warm.hypoxia,14,individual,1,NA,1,34,endogenous,wet,0,fresh,pre-smolt
2021,Del Rio,Conserv. Physiol.,0.1741,NA,10,0,NA,0,NA,0.01421185,NA,NA,-1.748125432,Onchorhynchus tshawytscha,fall-run,alevin,Late.hypoxia,10,individual,1,NA,3,5,endogenous,wet,0,fresh,pre-smolt
2021,Del Rio,Conserv. Physiol.,0.28355,NA,10,0,NA,0,NA,0.039820116,NA,NA,-1.260366805,Onchorhynchus tshawytscha,fall-run,fry,Late. hypoxia,10,individual,1,NA,1,36,endogenous,wet,0,fresh,pre-smolt
2021,Del Rio,Conserv. Physiol.,0.1687,NA,10,0,NA,0,NA,0.014481428,NA,NA,-1.779633289,Onchorhynchus tshawytscha,fall-run,alevin,Late.hypoxia,10,individual,1,NA,3,5,endogenous,wet,0,fresh,pre-smolt
2021,Del Rio,Conserv. Physiol.,0.2278,NA,10,0,NA,0,NA,0.01720783,NA,NA,-1.479287228,Onchorhynchus tshawytscha,fall-run,alevin,Late.hypoxia,10,individual,1,NA,3,5,endogenous,wet,0,fresh,pre-smolt
2021,Del Rio,Conserv. Physiol.,0.3076,NA,10,0,NA,0,NA,0.060256493,NA,NA,-1.178955041,Onchorhynchus tshawytscha,fall-run,fry,Late. hypoxia,10,individual,1,NA,1,36,endogenous,wet,0,fresh,pre-smolt
2021,Del Rio,Conserv. Physiol.,0.2478,NA,10,0,NA,0,NA,0.014069267,NA,NA,-1.39513331,Onchorhynchus tshawytscha,fall-run,alevin,Late.hypoxia,10,individual,1,NA,3,5,endogenous,wet,0,fresh,pre-smolt
2021,Del Rio,Conserv. Physiol.,0.3486,NA,10,0,NA,0,NA,0.082824561,NA,NA,-1.053830146,Onchorhynchus tshawytscha,fall-run,fry,Late. hypoxia,10,individual,1,NA,1,36,endogenous,wet,0,fresh,pre-smolt
2021,Del Rio,Conserv. Physiol.,0.2107,NA,10,0,NA,0,NA,0.016353566,NA,NA,-1.557319958,Onchorhynchus tshawytscha,fall-run,alevin,Late.hypoxia,10,individual,1,NA,3,5,endogenous,wet,0,fresh,pre-smolt
2021,Del Rio,Conserv. Physiol.,0.2692,NA,10,0,NA,0,NA,0.074028976,NA,NA,-1.312300681,Onchorhynchus tshawytscha,fall-run,fry,Late. hypoxia,10,individual,1,NA,1,36,endogenous,wet,0,fresh,pre-smolt
2021,Del Rio,Conserv. Physiol.,0.1572,NA,10,0,NA,0,NA,0.011965005,NA,NA,-1.850236399,Onchorhynchus tshawytscha,fall-run,alevin,Late.hypoxia,10,individual,1,NA,3,5,endogenous,wet,0,fresh,pre-smolt
2021,Del Rio,Conserv. Physiol.,0.2694,NA,10,0,NA,0,NA,0.042360261,NA,NA,-1.311558015,Onchorhynchus tshawytscha,fall-run,fry,Late. hypoxia,10,individual,1,NA,1,36,endogenous,wet,0,fresh,pre-smolt
2021,Del Rio,Conserv. Physiol.,0.1912,NA,10,0,NA,0,NA,0.011057617,NA,NA,-1.654435278,Onchorhynchus tshawytscha,fall-run,alevin,Late.hypoxia,10,individual,1,NA,3,5,endogenous,wet,0,fresh,pre-smolt
2021,Del Rio,Conserv. Physiol.,0.3114,NA,10,0,NA,0,NA,0.108693361,NA,NA,-1.16667702,Onchorhynchus tshawytscha,fall-run,fry,Late. hypoxia,10,individual,1,NA,1,36,endogenous,wet,0,fresh,pre-smolt
2021,Del Rio,Conserv. Physiol.,0.2106,NA,10,0,NA,0,NA,0.013608172,NA,NA,-1.557794679,Onchorhynchus tshawytscha,fall-run,alevin,Late.hypoxia,10,individual,1,NA,3,5,endogenous,wet,0,fresh,pre-smolt
2021,Del Rio,Conserv. Physiol.,0.2307,NA,10,0,NA,0,NA,0.064474559,NA,NA,-1.466637114,Onchorhynchus tshawytscha,fall-run,fry,Late. hypoxia,10,individual,1,NA,1,36,endogenous,wet,0,fresh,pre-smolt
2021,Del Rio,Conserv. Physiol.,0.182,NA,10,0,NA,0,NA,0.01506871,NA,NA,-1.703748592,Onchorhynchus tshawytscha,fall-run,alevin,Late.hypoxia,10,individual,1,NA,3,5,endogenous,wet,0,fresh,pre-smolt
2021,Del Rio,Conserv. Physiol.,0.2547,NA,10,0,NA,0,NA,0.046009777,NA,NA,-1.367668897,Onchorhynchus tshawytscha,fall-run,fry,Late. hypoxia,10,individual,1,NA,1,36,endogenous,wet,0,fresh,pre-smolt
2021,Del Rio,Conserv. Physiol.,0.1638,NA,10,0,NA,0,NA,0.01258921,NA,NA,-1.809109108,Onchorhynchus tshawytscha,fall-run,alevin,Late.hypoxia,10,individual,1,NA,3,5,endogenous,wet,0,fresh,pre-smolt
2021,Del Rio,Conserv. Physiol.,0.2717,NA,10,0,NA,0,NA,0.038266797,NA,NA,-1.303056763,Onchorhynchus tshawytscha,fall-run,fry,Late. hypoxia,10,individual,1,NA,1,36,endogenous,wet,0,fresh,pre-smolt
2021,Del Rio,Conserv. Physiol.,0.1924,NA,10,0,NA,0,NA,0.011636381,NA,NA,-1.648178741,Onchorhynchus tshawytscha,fall-run,alevin,Late.hypoxia,10,individual,1,NA,3,5,endogenous,wet,0,fresh,pre-smolt
2021,Del Rio,Conserv. Physiol.,0.2722,NA,10,0,NA,0,NA,0.085730367,NA,NA,-1.301218189,Onchorhynchus tshawytscha,fall-run,fry,Late. hypoxia,10,individual,1,NA,1,36,endogenous,wet,0,fresh,pre-smolt
2021,Del Rio,Conserv. Physiol.,0.2461,NA,10,0,NA,0,NA,0.01661251,NA,NA,-1.402017322,Onchorhynchus tshawytscha,fall-run,alevin,Late.hypoxia,10,individual,1,NA,3,5,endogenous,wet,0,fresh,pre-smolt
2021,Del Rio,Conserv. Physiol.,0.2551,NA,10,0,NA,0,NA,0.073051334,NA,NA,-1.366099654,Onchorhynchus tshawytscha,fall-run,fry,Late. hypoxia,10,individual,1,NA,1,36,endogenous,wet,0,fresh,pre-smolt
2021,Del Rio,Conserv. Physiol.,0.2196,NA,10,0,NA,0,NA,0.016239496,NA,NA,-1.515947569,Onchorhynchus tshawytscha,fall-run,alevin,Late.hypoxia,10,individual,1,NA,3,5,endogenous,wet,0,fresh,pre-smolt
2021,Del Rio,Conserv. Physiol.,0.3004,NA,10,0,NA,0,NA,0.048335644,NA,NA,-1.202640359,Onchorhynchus tshawytscha,fall-run,fry,Late. hypoxia,10,individual,1,NA,1,36,endogenous,wet,0,fresh,pre-smolt
2021,Del Rio,Conserv. Physiol.,0.182,NA,10,0,NA,0,NA,0.010390326,NA,NA,-1.703748592,Onchorhynchus tshawytscha,fall-run,alevin,Late.hypoxia,10,individual,1,NA,3,5,endogenous,wet,0,fresh,pre-smolt
2021,Del Rio,Conserv. Physiol.,0.2618,NA,10,0,NA,0,NA,0.042324076,NA,NA,-1.340174426,Onchorhynchus tshawytscha,fall-run,fry,Late. hypoxia,10,individual,1,NA,1,36,endogenous,wet,0,fresh,pre-smolt
2021,Del Rio,Conserv. Physiol.,0.1609,NA,10,0,NA,0,NA,0.009211434,NA,NA,-1.826972225,Onchorhynchus tshawytscha,fall-run,alevin,Late.hypoxia,10,individual,1,NA,3,5,endogenous,wet,0,fresh,pre-smolt
2021,Del Rio,Conserv. Physiol.,0.2631,NA,10,0,NA,0,NA,0.049984607,NA,NA,-1.335221091,Onchorhynchus tshawytscha,fall-run,fry,Late. hypoxia,10,individual,1,NA,1,36,endogenous,wet,0,fresh,pre-smolt
2021,Del Rio,Conserv. Physiol.,0.2313,NA,10,0,NA,0,NA,0.01843187,NA,NA,-1.46403971,Onchorhynchus tshawytscha,fall-run,alevin,Late.hypoxia,10,individual,1,NA,3,5,endogenous,wet,0,fresh,pre-smolt
2021,Del Rio,Conserv. Physiol.,0.3538,NA,10,0,NA,0,NA,0.12407007,NA,NA,-1.039023497,Onchorhynchus tshawytscha,fall-run,fry,Late. hypoxia,10,individual,1,NA,1,36,endogenous,wet,0,fresh,pre-smolt
2021,Del Rio,Conserv. Physiol.,0.1955,NA,10,0,NA,0,NA,0.008625426,NA,NA,-1.6321949,Onchorhynchus tshawytscha,fall-run,alevin,Late.warming,14,individual,1,NA,3,5,endogenous,wet,0,fresh,pre-smolt
2021,Del Rio,Conserv. Physiol.,0.3372,NA,10,0,NA,0,NA,0.049839547,NA,NA,-1.087079053,Onchorhynchus tshawytscha,fall-run,fry,Late.warming,14,individual,1,NA,1,33,endogenous,wet,0,fresh,pre-smolt
2021,Del Rio,Conserv. Physiol.,0.1745,NA,10,0,NA,0,NA,0.006544513,NA,NA,-1.745830537,Onchorhynchus tshawytscha,fall-run,alevin,Late.warming,14,individual,1,NA,3,5,endogenous,wet,0,fresh,pre-smolt
2021,Del Rio,Conserv. Physiol.,0.2539,NA,10,0,NA,0,NA,0.037371685,NA,NA,-1.37081479,Onchorhynchus tshawytscha,fall-run,fry,Late.warming,14,individual,1,NA,1,33,endogenous,wet,0,fresh,pre-smolt
2021,Del Rio,Conserv. Physiol.,0.1858,NA,10,0,NA,0,NA,0.009138981,NA,NA,-1.683084453,Onchorhynchus tshawytscha,fall-run,alevin,Late.warming,14,individual,1,NA,3,5,endogenous,wet,0,fresh,pre-smolt
2021,Del Rio,Conserv. Physiol.,0.2737,NA,10,0,NA,0,NA,0.053306283,NA,NA,-1.295722663,Onchorhynchus tshawytscha,fall-run,fry,Late.warming,14,individual,1,NA,1,33,endogenous,wet,0,fresh,pre-smolt
2021,Del Rio,Conserv. Physiol.,0.181,NA,10,0,NA,0,NA,0.006746217,NA,NA,-1.709258248,Onchorhynchus tshawytscha,fall-run,alevin,Late.warming,14,individual,1,NA,3,5,endogenous,wet,0,fresh,pre-smolt
2021,Del Rio,Conserv. Physiol.,0.3209,NA,10,0,NA,0,NA,0.106796445,NA,NA,-1.136625731,Onchorhynchus tshawytscha,fall-run,fry,Late.warming,14,individual,1,NA,1,33,endogenous,wet,0,fresh,pre-smolt
2021,Del Rio,Conserv. Physiol.,0.2467,NA,10,0,NA,0,NA,0.001551822,NA,NA,-1.399582255,Onchorhynchus tshawytscha,fall-run,alevin,Late.warming,14,individual,1,NA,3,5,endogenous,wet,0,fresh,pre-smolt
2021,Del Rio,Conserv. Physiol.,0.2692,NA,10,0,NA,0,NA,0.021424802,NA,NA,-1.312300681,Onchorhynchus tshawytscha,fall-run,fry,Late.warming,14,individual,1,NA,1,33,endogenous,wet,0,fresh,pre-smolt
2021,Del Rio,Conserv. Physiol.,0.1697,NA,10,0,NA,0,NA,0.011458151,NA,NA,-1.773723107,Onchorhynchus tshawytscha,fall-run,alevin,Late.warming,14,individual,1,NA,3,5,endogenous,wet,0,fresh,pre-smolt
2021,Del Rio,Conserv. Physiol.,0.3533,NA,10,0,NA,0,NA,0.057960845,NA,NA,-1.040437725,Onchorhynchus tshawytscha,fall-run,fry,Late.warming,14,individual,1,NA,1,33,endogenous,wet,0,fresh,pre-smolt
2021,Del Rio,Conserv. Physiol.,0.227,NA,10,0,NA,0,NA,0.015178656,NA,NA,-1.482805262,Onchorhynchus tshawytscha,fall-run,alevin,Late.warming,14,individual,1,NA,3,5,endogenous,wet,0,fresh,pre-smolt
2021,Del Rio,Conserv. Physiol.,0.2706,NA,10,0,NA,0,NA,0.007286563,NA,NA,-1.307113563,Onchorhynchus tshawytscha,fall-run,fry,Late.warming,14,individual,1,NA,1,33,endogenous,wet,0,fresh,pre-smolt
2021,Del Rio,Conserv. Physiol.,0.2392,NA,10,0,NA,0,NA,0.013722674,NA,NA,-1.430455257,Onchorhynchus tshawytscha,fall-run,alevin,Late.warming,14,individual,1,NA,3,5,endogenous,wet,0,fresh,pre-smolt
2021,Del Rio,Conserv. Physiol.,0.3441,NA,10,0,NA,0,NA,0.032375182,NA,NA,-1.066822966,Onchorhynchus tshawytscha,fall-run,fry,Late.warming,14,individual,1,NA,1,33,endogenous,wet,0,fresh,pre-smolt
2021,Del Rio,Conserv. Physiol.,0.1982,NA,10,0,NA,0,NA,0.005697413,NA,NA,-1.618478657,Onchorhynchus tshawytscha,fall-run,alevin,Late.warming,14,individual,1,NA,3,5,endogenous,wet,0,fresh,pre-smolt
2021,Del Rio,Conserv. Physiol.,0.2885,NA,10,0,NA,0,NA,0.037445636,NA,NA,-1.243060193,Onchorhynchus tshawytscha,fall-run,fry,Late.warming,14,individual,1,NA,1,33,endogenous,wet,0,fresh,pre-smolt
2021,Del Rio,Conserv. Physiol.,0.2623,NA,10,0,NA,0,NA,0.011859907,NA,NA,-1.338266392,Onchorhynchus tshawytscha,fall-run,alevin,Late.warming,14,individual,1,NA,3,5,endogenous,wet,0,fresh,pre-smolt
2021,Del Rio,Conserv. Physiol.,0.2799,NA,10,0,NA,0,NA,0.026181463,NA,NA,-1.273322882,Onchorhynchus tshawytscha,fall-run,fry,Late.warming,14,individual,1,NA,1,33,endogenous,wet,0,fresh,pre-smolt
2021,Del Rio,Conserv. Physiol.,0.1939,NA,10,0,NA,0,NA,0.011667189,NA,NA,-1.640412717,Onchorhynchus tshawytscha,fall-run,alevin,Late.warming,14,individual,1,NA,3,5,endogenous,wet,0,fresh,pre-smolt
2021,Del Rio,Conserv. Physiol.,0.3207,NA,10,0,NA,0,NA,0.095430549,NA,NA,-1.137249172,Onchorhynchus tshawytscha,fall-run,fry,Late.warming,14,individual,1,NA,1,33,endogenous,wet,0,fresh,pre-smolt
2021,Del Rio,Conserv. Physiol.,0.1826,NA,10,0,NA,0,NA,0.009845219,NA,NA,-1.700457311,Onchorhynchus tshawytscha,fall-run,alevin,Late.warming,14,individual,1,NA,3,5,endogenous,wet,0,fresh,pre-smolt
2021,Del Rio,Conserv. Physiol.,0.2468,NA,10,0,NA,0,NA,0.039289058,NA,NA,-1.399176987,Onchorhynchus tshawytscha,fall-run,fry,Late.warming,14,individual,1,NA,1,33,endogenous,wet,0,fresh,pre-smolt
2021,Del Rio,Conserv. Physiol.,0.2391,NA,10,0,NA,0,NA,0.013391614,NA,NA,-1.430873405,Onchorhynchus tshawytscha,fall-run,alevin,Late.warming,14,individual,1,NA,3,5,endogenous,wet,0,fresh,pre-smolt
2021,Del Rio,Conserv. Physiol.,0.3406,NA,10,0,NA,0,NA,0.059152249,NA,NA,-1.077046511,Onchorhynchus tshawytscha,fall-run,fry,Late.warming,14,individual,1,NA,1,33,endogenous,wet,0,fresh,pre-smolt
2021,Del Rio,Conserv. Physiol.,0.204,NA,10,0,NA,0,NA,0.011601016,NA,NA,-1.589635285,Onchorhynchus tshawytscha,fall-run,alevin,Late.warming,14,individual,1,NA,3,5,endogenous,wet,0,fresh,pre-smolt
2021,Del Rio,Conserv. Physiol.,0.3587,NA,10,0,NA,0,NA,0.046179263,NA,NA,-1.025268894,Onchorhynchus tshawytscha,fall-run,fry,Late.warming,14,individual,1,NA,1,33,endogenous,wet,0,fresh,pre-smolt
2021,Del Rio,Conserv. Physiol.,0.2488,NA,10,0,NA,0,NA,0.013511553,NA,NA,-1.391105918,Onchorhynchus tshawytscha,fall-run,alevin,Late.warming,14,individual,1,NA,3,5,endogenous,wet,0,fresh,pre-smolt
2021,Del Rio,Conserv. Physiol.,0.247,NA,10,0,NA,0,NA,0.068057785,NA,NA,-1.398366942,Onchorhynchus tshawytscha,fall-run,fry,Late.warming,14,individual,1,NA,1,33,endogenous,wet,0,fresh,pre-smolt
2021,Del Rio,Conserv. Physiol.,0.2268,NA,10,0,NA,0,NA,0.006479719,NA,NA,-1.483686707,Onchorhynchus tshawytscha,fall-run,alevin,Late.warming,14,individual,1,NA,3,5,endogenous,wet,0,fresh,pre-smolt
2021,Del Rio,Conserv. Physiol.,0.276,NA,10,0,NA,0,NA,0.064555286,NA,NA,-1.287354413,Onchorhynchus tshawytscha,fall-run,fry,Late.warming,14,individual,1,NA,1,33,endogenous,wet,0,fresh,pre-smolt
2021,Del Rio,Conserv. Physiol.,0.252,NA,10,0,NA,0,NA,0.008991608,NA,NA,-1.378326191,Onchorhynchus tshawytscha,fall-run,alevin,Late.warm.hypoxia,14,individual,1,NA,3,5,endogenous,wet,0,fresh,pre-smolt
2021,Del Rio,Conserv. Physiol.,0.2831,NA,10,0,NA,0,NA,0.075808838,NA,NA,-1.261955087,Onchorhynchus tshawytscha,fall-run,fry,Late.warm.hypoxia,14,individual,1,NA,1,32,endogenous,wet,0,fresh,pre-smolt
2021,Del Rio,Conserv. Physiol.,0.248,NA,10,0,NA,0,NA,0.011198,NA,NA,-1.394326533,Onchorhynchus tshawytscha,fall-run,fry,Late.warm.hypoxia,14,individual,1,NA,1,32,endogenous,wet,0,fresh,pre-smolt
2021,Del Rio,Conserv. Physiol.,0.3333,NA,10,0,NA,0,NA,0.100824456,NA,NA,-1.098712294,Onchorhynchus tshawytscha,fall-run,fry,Late.warm.hypoxia,14,individual,1,NA,1,32,endogenous,wet,0,fresh,pre-smolt
2021,Del Rio,Conserv. Physiol.,0.266,NA,10,0,NA,0,NA,0.045629353,NA,NA,-1.32425897,Onchorhynchus tshawytscha,fall-run,fry,Late.warm.hypoxia,14,individual,1,NA,1,32,endogenous,wet,0,fresh,pre-smolt
2021,Del Rio,Conserv. Physiol.,0.2723,NA,10,0,NA,0,NA,0.061463164,NA,NA,-1.300850879,Onchorhynchus tshawytscha,fall-run,fry,Late.warm.hypoxia,14,individual,1,NA,1,32,endogenous,wet,0,fresh,pre-smolt
2021,Del Rio,Conserv. Physiol.,0.2501,NA,10,0,NA,0,NA,0.05977074,NA,NA,-1.385894441,Onchorhynchus tshawytscha,fall-run,fry,Late.warm.hypoxia,14,individual,1,NA,1,32,endogenous,wet,0,fresh,pre-smolt
2021,Del Rio,Conserv. Physiol.,0.2305,NA,10,0,NA,0,NA,0.005248256,NA,NA,-1.467504417,Onchorhynchus tshawytscha,fall-run,alevin,Late.warm.hypoxia,14,individual,1,NA,3,5,endogenous,wet,0,fresh,pre-smolt
2021,Del Rio,Conserv. Physiol.,0.245,NA,10,0,NA,0,NA,0.079768821,NA,NA,-1.406497068,Onchorhynchus tshawytscha,fall-run,fry,Late.warm.hypoxia,14,individual,1,NA,1,32,endogenous,wet,0,fresh,pre-smolt
2021,Del Rio,Conserv. Physiol.,0.2535,NA,10,0,NA,0,NA,0.003592859,NA,NA,-1.372391456,Onchorhynchus tshawytscha,fall-run,alevin,Late.warm.hypoxia,14,individual,1,NA,3,5,endogenous,wet,0,fresh,pre-smolt
2021,Del Rio,Conserv. Physiol.,0.3408,NA,10,0,NA,0,NA,0.107529607,NA,NA,-1.076459484,Onchorhynchus tshawytscha,fall-run,fry,Late.warm.hypoxia,14,individual,1,NA,1,32,endogenous,wet,0,fresh,pre-smolt
2021,Del Rio,Conserv. Physiol.,0.2501,NA,10,0,NA,0,NA,0.008832044,NA,NA,-1.385894441,Onchorhynchus tshawytscha,fall-run,alevin,Late.warm.hypoxia,14,individual,1,NA,3,5,endogenous,wet,0,fresh,pre-smolt
2021,Del Rio,Conserv. Physiol.,0.2924,NA,10,0,NA,0,NA,0.047735483,NA,NA,-1.229632551,Onchorhynchus tshawytscha,fall-run,fry,Late.warm.hypoxia,14,individual,1,NA,1,32,endogenous,wet,0,fresh,pre-smolt
2021,Del Rio,Conserv. Physiol.,0.2225,NA,10,0,NA,0,NA,0.01004992,NA,NA,-1.502828177,Onchorhynchus tshawytscha,fall-run,alevin,Late.warm.hypoxia,14,individual,1,NA,3,5,endogenous,wet,0,fresh,pre-smolt
2021,Del Rio,Conserv. Physiol.,0.2805,NA,10,0,NA,0,NA,0.033456154,NA,NA,-1.271181554,Onchorhynchus tshawytscha,fall-run,fry,Late.warm.hypoxia,14,individual,1,NA,1,32,endogenous,wet,0,fresh,pre-smolt
2021,Del Rio,Conserv. Physiol.,0.241,NA,10,0,NA,0,NA,0.005206319,NA,NA,-1.422958345,Onchorhynchus tshawytscha,fall-run,alevin,Late.warm.hypoxia,14,individual,1,NA,3,5,endogenous,wet,0,fresh,pre-smolt
2021,Del Rio,Conserv. Physiol.,0.2366,NA,10,0,NA,0,NA,0.051010378,NA,NA,-1.441384327,Onchorhynchus tshawytscha,fall-run,fry,Late.warm.hypoxia,14,individual,1,NA,1,32,endogenous,wet,0,fresh,pre-smolt
2021,Del Rio,Conserv. Physiol.,0.2538,NA,10,0,NA,0,NA,0.011544435,NA,NA,-1.371208724,Onchorhynchus tshawytscha,fall-run,alevin,Late.warm.hypoxia,14,individual,1,NA,3,5,endogenous,wet,0,fresh,pre-smolt
2021,Del Rio,Conserv. Physiol.,0.3192,NA,10,0,NA,0,NA,0.091780013,NA,NA,-1.141937413,Onchorhynchus tshawytscha,fall-run,fry,Late.warm.hypoxia,14,individual,1,NA,1,32,endogenous,wet,0,fresh,pre-smolt
2021,Del Rio,Conserv. Physiol.,0.2441,NA,10,0,NA,0,NA,0.009175849,NA,NA,-1.410177302,Onchorhynchus tshawytscha,fall-run,alevin,Late.warm.hypoxia,14,individual,1,NA,3,5,endogenous,wet,0,fresh,pre-smolt
2021,Del Rio,Conserv. Physiol.,0.2674,NA,10,0,NA,0,NA,0.045207684,NA,NA,-1.319009614,Onchorhynchus tshawytscha,fall-run,fry,Late.warm.hypoxia,14,individual,1,NA,1,32,endogenous,wet,0,fresh,pre-smolt
2021,Del Rio,Conserv. Physiol.,0.257,NA,10,0,NA,0,NA,0.010242821,NA,NA,-1.358679194,Onchorhynchus tshawytscha,fall-run,alevin,Late.warm.hypoxia,14,individual,1,NA,3,5,endogenous,wet,0,fresh,pre-smolt
2021,Del Rio,Conserv. Physiol.,0.262,NA,10,0,NA,0,NA,0.055180367,NA,NA,-1.339410775,Onchorhynchus tshawytscha,fall-run,fry,Late.warm.hypoxia,14,individual,1,NA,1,32,endogenous,wet,0,fresh,pre-smolt
2021,Del Rio,Conserv. Physiol.,0.1859,NA,10,0,NA,0,NA,0.009721988,NA,NA,-1.682546384,Onchorhynchus tshawytscha,fall-run,alevin,Late.warm.hypoxia,14,individual,1,NA,3,5,endogenous,wet,0,fresh,pre-smolt
2021,Del Rio,Conserv. Physiol.,0.2647,NA,10,0,NA,0,NA,0.056583787,NA,NA,-1.32915817,Onchorhynchus tshawytscha,fall-run,fry,Late.warm.hypoxia,14,individual,1,NA,1,32,endogenous,wet,0,fresh,pre-smolt
2021,Del Rio,Conserv. Physiol.,0.2944,NA,10,0,NA,0,NA,0.088927231,NA,NA,-1.222815892,Onchorhynchus tshawytscha,fall-run,fry,Late.warm.hypoxia,14,individual,1,NA,1,32,endogenous,wet,0,fresh,pre-smolt
2021,Fangue et al.,Environ.  Biol. Fish.,9.4,0.2,16,12.2,,1.311827957,,1.07254,0.20116,0.070029667,2.240709689,Oncorhynchus tshawytscha,,juvenile,,16,mean,3,9.3,1,,exogenous,wet,,,post-smolt
2021,Fangue et al.,Environ.  Biol. Fish.,9.4,0.2,16,16.8,,1.806451613,,1.1468,0.29328,0.136975455,2.240709689,Oncorhynchus tshawytscha,,juvenile,,16,mean,3,9.3,1,,exogenous,wet,,,post-smolt
2021,Fangue et al.,Environ.  Biol. Fish.,9.4,0.2,16,21.3,,2.290322581,,1.62056,0.4465,0.482771769,2.240709689,Oncorhynchus tshawytscha,,juvenile,,16,mean,3,9.3,1,,exogenous,wet,,,post-smolt
2021,Fangue et al.,Environ.  Biol. Fish.,9.4,0.2,16,32.6,,3.505376344,,0.76892,0.08836,-0.262768346,2.240709689,Oncorhynchus tshawytscha,,juvenile,,16,mean,4,9.3,2,,exogenous,wet,,,post-smolt
2021,Fangue et al.,Environ.  Biol. Fish.,9.4,0.2,16,37.5,,4.032258065,,0.92496,0.09588,-0.078004786,2.240709689,Oncorhynchus tshawytscha,,juvenile,,16,mean,5,9.3,2,,exogenous,wet,,,post-smolt
2021,Fangue et al.,Environ.  Biol. Fish.,9.4,0.2,16,45.1,,4.849462366,,1.07066,0.22936,0.068275281,2.240709689,Oncorhynchus tshawytscha,,juvenile,,16,mean,3,9.3,2,,exogenous,wet,,,post-smolt
