BASS,SASQ,Shade,EmergVegDensity,EmergWMDensity,Depth5,Depth10,Depth15,Substrate5,Substrate10,Substrate15,Vel5,Vel10,Vel15
0,0,A,A,S,2,3.4,4.8,M,M,M,0.63,0.9,1.05
0,0,A,A,M,2.6,5.4,7.7,M,M,M,0.02,0.09,0.73
0,0,A,A,M,2.9,5.7,7.6,M,M,M,0.37,0.52,0.74
0,0,A,A,S,2.2,5.2,7.8,M,M,M,0.27,0.32,0.46
0,0,A,A,A,1.3,3.6,5.6,M,M,M,0.07,0.11,0.34
0,0,A,A,A,1.6,2.8,5.7,M,M,M,0.18,0.03,0.26
0,0,A,A,S,1.6,3.8,6.2,M,M,M,0.19,0.43,0.81
0,0,A,A,S,1.5,3,5.1,M,M,M,0.32,0.49,0.68
0,0,A,A,M,2.8,5.4,6.6,M,M,M,0.13,0.37,0.7
0,0,P,A,S,2.1,4.5,6.8,M,M,M,0.14,0.66,0.81
0,0,A,A,A,1.8,4.8,6.8,M,M,M,0.26,0.47,0.8
0,0,A,A,A,1.2,3.6,6.4,M,M,M,0.07,0.02,0.54
0,0,A,A,S,1.6,5.2,7.8,M,M,M,0.05,0.22,0.75
0,0,A,A,M,1.9,5.7,7,M,M,M,0.18,0.74,0.74
0,0,A,A,S,1.1,3.9,5.9,M,M,M,0.18,0.23,0.52
0,0,A,A,A,1,3.5,5.3,M,M,M,0.08,0.13,0.51
0,0,A,A,S,1.8,3.4,3.5,M,M,M,0.7,0.8,0.89
0,0,A,A,S,1.8,5,7.5,M,M,M,0.01,0.12,0.23
0,0,A,A,A,1.4,4.4,6.2,M,M,M,0.07,0.13,0.08
0,0,A,A,A,1.8,4.2,5.2,G,G,G,0.64,1.34,1.5
0,0,A,A,A,1.7,4.6,6.3,G,G,G,0.23,0.41,1.26
0,1,A,A,A,2,2.8,5.6,G,G,G,0.26,0.8,1.35
0,0,A,A,A,1.2,3.4,4.3,G,G,G,0.2,0.75,0.94
0,1,A,A,A,1,3.8,4.7,G,G,G,0.14,0.68,0.8
0,0,A,A,A,1.2,3,5.5,G,G,G,0.36,0.65,1.19
0,0,A,A,A,1.8,4.7,6,G,G,G,0.4,0.7,1.24
1,0,A,A,A,1,4.1,5.9,G,M/G,M/G,0.16,0.66,0.74
0,0,A,A,A,2.7,4.7,5.9,G,M/G,G,0.06,0.89,1.04
0,0,A,A,A,2.6,4.7,5.6,G,G,G,0.74,1.12,0.78
0,0,A,A,A,2.4,5.3,6.1,G,G,G,0.75,0.95,1.07
0,0,A,A,A,1.6,4.4,6.5,G,G,G,0.26,0.62,1.13
0,0,A,A,A,1.3,3.4,5,G,G,G,0.38,0.73,0.66
0,0,A,A,A,1.7,4.2,5.5,G,G,M/G,0.57,0.63,0.73
0,0,A,A,A,1.5,4.7,6,G,M/G,M/G,0.48,0.7,0.76
0,0,A,A,A,1.7,4.4,5.7,G,G,G,0.42,0.72,0.76
0,0,A,A,A,1.9,3.8,4.9,G,G,G,0.65,0.84,0.67
0,0,A,A,A,2,4,4.6,M/G,M/G,M/G,0.35,0.64,0.69
0,0,A,A,A,1.8,4.1,4.5,G,M,G,0.42,0.89,0.92
0,0,A,A,A,1.4,4,4.9,M,M,M,0.12,0.44,0.8
0,0,A,A,A,1.4,3.8,4.6,M/G,M/G,M/G,0.46,0.83,0.91
0,0,A,A,A,1.6,3.9,5.61,M,M,M,0.43,0.91,0.77
0,0,A,A,A,1.4,4,5.3,M,M,M,0.48,0.85,1.03
0,0,A,A,A,2.8,4.7,6.9,M,M,M,0.07,0.36,0.55
0,0,A,A,S,1.2,4,6.5,M,M,M,0.28,0.52,0.77
0,0,A,A,A,1,3.8,6.2,M,M,M,0.27,0.54,0.7
0,0,A,A,M,0.9,2.9,4.3,M,M,M,0.29,0.44,0.67
0,0,A,A,S,2.8,5,6.4,M,M,M,0.4,0.64,0.74
0,0,A,A,A,1.6,3.6,5.9,M,M,M,0.23,0.7,0.46
0,0,A,A,S,2.4,4.8,5.6,M,M,M,0.66,0.79,0.92
0,0,P,A,M,2.3,6.4,7.6,M,M,M,0.2,0.64,0.74
0,0,A,A,A,2.4,5.6,7,M,M,M,0.08,0.5,0.78
0,0,A,A,A,2.1,4.1,5.6,M,M,M,0.65,0.55,0.1
0,0,A,A,S,1.7,4,4.5,M,M,M,0.3,0.86,1.16
0,0,A,A,D,2.4,5,7.6,M,M,M,0.06,0.79,1.03
0,0,A,A,A,2.1,4.4,7.1,M,M,M,0.59,0.72,1.38
0,0,A,A,S,4,6.1,8.6,M,M,M,0.6,0.91,1.74
0,0,A,A,S,3.7,6.6,6.2,M,M,M,0.15,1.49,1.64
0,0,A,A,A,3.3,6.2,6.5,M,M,M,1.04,1.58,2.05
0,1,A,A,S,4.2,7.5,9.6,M,M,M,0.68,0.98,1.55
0,0,A,A,A,4.6,7.9,12,M,M,M,0.86,1.23,1.43
0,0,A,A,A,3,6,7.3,M,M/G,M/G,0.99,1.28,1.17
0,0,A,A,S,3.4,6.3,8.7,M/G,M/G,G,0.64,1.38,1.06
0,0,A,A,M,3.6,5.4,7.9,G,M/G,M/G,0.9,0.77,0.97
0,0,A,A,S,2.6,5.1,7.5,M/G,M/G,M,0.48,0.81,1.07
0,0,A,A,A,2.6,4.7,6.4,M/G,M,M/G,0.77,0.92,1.17
0,0,A,A,S,2.5,6.4,8.1,M/G,M,M/G,0.66,0.93,1.07
0,0,A,A,S,1.9,4.5,6.3,M/G,G,M/G,0.45,0.73,0.97
0,0,A,A,S,2.7,4.4,7.1,G,M/G,M,0.07,0.62,0.83
0,0,A,A,S,1.9,4.9,5.9,M,M/G,M,0.86,1.01,1.1
0,0,A,A,M,2.9,5.2,6.3,M/G,M,M,0.52,0.49,0.82
0,0,A,A,A,1.7,3.8,5.4,M,M,M,0.83,0.5,0.87
0,0,A,A,S,2.2,4.3,5.4,M,M,M,0.6,0.69,0.93
0,0,A,A,A,1.7,4.4,5.5,M,M/G,M/G,0.67,0.76,0.98
0,0,A,A,A,1.7,1.7,5.4,M,M,M,0.59,0.69,0.72
0,0,A,A,A,1.7,4.1,5.1,M,M,M,0.37,0.56,0.69
0,0,A,A,A,1.6,4.3,5.9,M,M,M,0.3,0.51,0.54
0,0,A,A,M,2.4,5.5,8,M/G,M/G,M,0.3,0.5,0.87
0,0,A,A,M,3.5,5.1,7.7,M,M,M,0.05,0.22,0.51
0,0,A,A,S,3.2,5.1,6.4,M,M,M,0.11,0.08,0.08
0,0,A,A,S,2.8,5,6.4,M/G,M,M/G,0.51,1.01,0.96
0,0,A,A,A,2.1,4.9,5.6,M,M,M,0.34,0.69,1.05
0,0,A,A,A,2,4.1,5.5,M,M,M,0.12,0.71,0.83
0,0,A,A,A,2.2,4.7,6.1,M,M/G,M/G,0.01,0.86,0.95
0,0,A,A,A,2.9,4.7,5.7,M/R,M,M,0.41,0.55,0.77
0,0,A,A,A,2.3,3.9,4.9,R,M,M,0.54,0.68,0.67
0,0,A,A,A,2.1,3.4,4.2,M/R,M,M,0.32,0.38,0.58
0,0,A,A,A,1.2,2.5,4,M,M,M,0.09,0.47,0.41
0,0,A,A,A,1.7,3,4.1,M,M,M,0.3,0.45,0.54
0,0,A,A,A,2,3,4.1,M,M,M,0.32,0.44,0.49
1,0,A,A,A,2.5,3.4,4.6,M,M,M,0.33,0.55,0.59
0,0,A,A,A,1.6,3.3,4.5,M,M,M,0.29,0.4,0.61
0,0,A,A,A,2.3,3.5,4.2,M/R,M,M,0.57,0.55,0.52
0,0,A,A,A,1.7,3.8,4.3,M/R,M,M/R,0.42,0.46,0.53
0,0,A,A,A,2.1,3.6,4.2,M,M,M,0.36,0.62,0.61
0,0,A,A,A,1.8,3.4,4.3,M,M,M,0.36,0.57,0.58
0,0,A,A,A,2.8,3.4,4.1,M,M,M,0.38,0.49,0.64
0,0,A,A,A,1.9,2.2,4.5,M/R,M,M/R,0.31,0.45,0.68
0,0,A,A,A,2.5,3.3,5.1,M/R,M/R,M/R,0.48,0.68,0.71
0,0,A,A,A,2.1,3.3,5.1,M,M,M,0.39,0.66,0.55
2,0,A,A,A,1.6,3.4,5.2,M,M,M,0.46,0.49,0.58
0,0,A,A,A,1.3,2.9,4.3,M/R,M/R,M,0.09,0.5,0.48
0,0,A,A,A,1,3.6,4.9,R,R,M/R,0.3,0.49,0.67
0,0,A,A,A,1.3,2.4,5.8,M,R,M/R,0.31,0.31,0.63
0,0,A,A,A,2.1,2.3,5.8,M/R,R,R,0.48,0.58,0.34
0,0,P,A,A,0.9,3.6,2.1,R,R,R,0.38,0.25,0.56
0,0,A,A,A,2.7,5.4,6.1,M/R,R,R,0.39,0.24,0.68
0,0,A,A,S,1.7,3.4,6.1,M,R,R,0.06,0.01,0.17
0,0,A,A,A,1.8,3.5,6.7,M,M/R,M/R,0.06,0.11,0.46
1,0,A,A,A,0.9,3.4,7.8,M,R,R,0.17,0.49,1.02
0,0,A,A,A,1.9,6,7.9,R,R,M/R,0.03,0.54,0.73
0,0,A,A,A,5.1,7.3,8.8,R,R,M,0.72,0.81,1
1,0,P,A,A,3.8,7.1,8.6,R,R,R,0.63,0.58,0.9
0,0,P,A,A,3,6.1,8.2,R,M/R,M/R,0.17,0.69,0.57
1,0,P,A,A,3.1,5.3,8,M/R,M/R,M/R,0.05,0.29,0.41
0,0,A,A,A,4.3,8.3,8.9,R,M/R,M/R,0.06,0.2,0.46
0,0,P,A,S,0.9,2.5,5.9,M,R,M/R,0,0.16,0.22
0,0,P,A,A,1,2.7,7.9,M/R,R,M,0.01,0.07,0.86
1,0,P,A,S,1.9,2.6,4.6,R,R,R,0.14,0.15,0.3
0,0,P,A,A,1.1,1.9,3.9,M,M/R,R,0.03,0.13,0.18
0,0,P,A,A,2,3,5.1,M/R,M/R,R,0,0.05,0.31
0,0,P,A,A,0.9,1.9,3.1,M/R,M/R,R,0.04,0.07,0.14
0,0,A,A,A,2.1,2.9,4,M,M,R,0.1,0.11,0.24
0,0,A,A,S,0.7,2,3.9,M,M/R,M/R,0.01,0.09,0.18
0,0,P,A,A,1.7,4,6,R,R,R,0.04,0.63,0.89
0,0,P,A,A,1.9,4.5,6,R,R,R,0.5,0.92,1.45
0,0,P,A,A,1.7,5.4,8,R,R,R,0.47,0.77,1.35
1,0,P,A,A,2.4,5.2,8.6,R,R,G,0.01,0.05,0.75
1,0,P,A,A,2.4,3.7,4.8,G,M/G,M/G,0.28,0.26,1.11
0,0,P,A,A,2,2.8,3.4,G,M/G,M/R,0.33,0.42,0.8
0,0,P,A,A,1.2,2.9,4.7,M/R,M/R,M/R,0.05,0.2,0.21
0,0,P,A,A,1.8,2.8,3.9,M/G,M,M,0.32,0.2,0.33
0,0,P,A,A,1.8,3.3,6.5,M/G,M/G,M,0.05,0.45,0.24
0,0,P,A,A,1.6,5,6.1,M/R,M/R,R,0.14,0.29,0.71
0,0,A,A,A,3.4,6.4,7.8,M/R,M/R,M,0.04,0.2,0.51
0,0,P,A,A,2.1,4.6,6.4,M/R,M/R,M/R,0.35,0.39,0.92
0,0,P,A,A,5,7,7.6,M/G,M,M/G,0.04,0.14,0.81
0,0,P,A,S,2.9,4.1,5.4,R,M,M,0.12,0.39,0.29
0,0,P,A,S,1.8,5.1,6,M,M,M/R,0,0.18,0.62
1,0,P,A,S,2.7,4,4,M,M/R,M/R,0.09,0.45,0.51
0,0,P,A,A,2.2,5.5,7.3,R,M,M,0.11,0.23,0.34
1,0,P,A,A,2.2,6.3,9.1,R,M/R,M/R,0.01,0.33,0.52
0,0,P,A,A,1.4,2.4,2.4,M,M,M/R,0.04,0.11,0.16
1,0,P,A,A,2.8,6.1,9.2,R,R,R,0,0.32,0.71
1,0,P,A,S,1.2,6.1,8.8,R,G,R,0.2,0.31,0.8
0,1,P,A,A,3,6.3,9.7,M/R,M/R,M/R,0.04,0.31,0.59
0,0,P,A,S,1.6,5.3,5.5,R,R,R,0.39,0.61,0.66
2,0,P,A,S,1.4,4,6.9,M/R,R,R,0.17,0.52,0.83
1,0,P,A,A,1,4.4,9.6,R,R,R,0.02,0.4,0.85
2,0,P,A,A,3.3,4.4,5.2,M/R,M/R,M/R,0,0.22,0.14
0,0,A,A,S,1.3,3.5,4.9,M,M,M,0.31,0.44,0.59
0,0,A,A,S,1.2,4.4,7.5,M,M,M,0.04,0.13,0.22
0,0,A,A,A,1.3,3.4,5.1,M,M,M,0.43,0.64,0.75
0,0,A,A,A,1.7,4.4,5.6,M,M,M,0.43,0.46,0.58
1,0,A,A,A,1.7,4.4,5.9,M,M,M,0.55,0.85,0.87
0,0,A,A,A,1.4,4,5.2,M,M,M,0.55,0.96,1.06
0,0,A,A,A,1.3,4.1,5.8,M,M,M,0.44,0.59,0.68
0,0,A,A,A,2.3,4.9,6.4,M,M,M,0.27,0.68,0.61
0,0,A,A,A,0.8,4.4,5.8,M,M,M,0.34,0.71,0.84
0,0,A,A,A,1.2,3.6,5.6,M,M,M,0.17,0.47,0.5
0,0,A,A,A,1.9,5,6.6,M,M,M,0.06,0.09,0.4
0,0,A,A,S,0.8,2.6,3.8,M,M,M,0.2,0.33,0.71
0,0,A,A,A,0.6,2.3,4,M,M,M,0.22,0.37,0.63
0,0,A,A,S,0.8,3.1,6.7,M/R,M,M,0.02,0.26,0.16
0,0,A,A,A,2.3,6.7,8.3,M/R,M,M,0,0.06,0.37
0,0,A,A,A,2.3,5.4,7.4,M/R,M/R,M/R,0,0.37,0.6
0,0,A,A,A,2.1,5.8,6.4,R,M/R,M,0.3,0.33,0.37
0,0,A,A,A,3.1,5.5,7,R,M/R,M,0.24,0.28,0.33
0,0,A,A,A,2.5,5.9,7.9,R,M/R,M,0.2,0.29,0.43
0,0,A,A,A,4.2,5.3,9.2,M/R,M,M/R,0.12,0.21,0.28
0,0,A,A,A,3,5.1,7.9,R,M/R,M/R,0.05,0.07,0.22
0,0,A,A,A,3.8,6.7,9.5,R,M/R,M/R,0,0.11,0.12
0,0,A,A,A,3.2,5.1,8.4,M/R,M/R,M/R,0.03,0.08,0.05
0,0,A,A,A,3.8,6.8,9,M/R,M/R,M/R,0.23,0.32,0.62
1,0,A,A,A,3.1,6.8,10.5,R,M/R,M/R,0.05,0.48,0.5
1,0,A,A,A,2.9,5.6,7.5,R,M/R,M/R,0.26,0.3,0.47
0,0,A,A,A,3.8,6.9,8.2,M/R,M/R,R,0.21,0.28,0.55
0,0,A,A,A,2.7,4.8,8.7,M/R,M/R,M/R,0.12,0.32,0.53
0,0,A,A,A,3,5.4,8.2,M/R,M/R,M/R,0.42,0.53,0.65
1,0,A,A,A,3.5,5.7,9.3,M/R,M/R,M/R,0.38,0.53,0.66
0,0,A,A,A,3.3,5.7,8.1,M/R,R,R,0.34,0.39,0.4
1,0,A,A,M,0.6,1.1,4.3,M,M,M,0.07,0.03,0.38
0,0,A,A,M,0.7,1.6,4.1,M,M,M,0.14,0.17,0.41
0,0,A,A,S,0.4,0.9,2.1,M,M/V,M/V,0.04,0.14,0.21
0,0,A,A,S,0.4,1,4.4,M,M/V,M,0.01,0.01,0.12
1,0,A,A,M,0.4,1.4,4.9,M,M/V,M/V,0.08,0.03,0.02
0,0,A,A,D,0.7,1.5,5.1,M,M/V,M,0.04,0.01,0.05
0,0,A,A,A,0.5,1.5,5.4,M,M/V,M,0.05,0.04,0.14
1,0,A,A,M,0.4,0.9,8.8,M,M/V,M,0.03,0.05,0.06
1,0,A,A,D,0.6,3.2,8.1,M,M,M,0.03,0.02,0.18
0,0,A,A,S,0.3,1.1,4.7,M,M,M,0,0.02,0.04
0,0,A,A,M,0.5,2.1,8.4,M,M,M,0.03,0.03,0.12
0,0,A,A,M,0.7,3.3,7.7,M,M,M,0,0.04,0.11
0,0,A,A,M,0.4,0.9,2.7,M,M/V,M/V,0,0.11,0.2
0,0,A,A,A,0.4,1.1,1.6,M,M/V,M/V,0.24,0.45,0.41
0,0,A,A,A,2.6,4.7,7.2,R,R,R,0.32,0.53,0.64
0,0,A,A,S,2.4,3.8,5.1,M/R,R,M/R,0.32,0.37,0.49
0,0,A,A,S,1.4,2.9,5.2,M/V,M,M,0,0.05,0.13
0,0,A,A,S,0.9,1.9,4.4,M/V,M/V,M,0,0.07,0.24
0,0,A,A,A,1.5,4,5.4,M/R,M/R,M/R,0.16,0.31,0.55
0,0,A,A,A,1.5,3.9,5.8,M/V,M,M/R,0.14,0.19,0.51
0,0,A,A,A,3.1,4.1,6.2,M/R,M/R,R,0.37,0.45,0.58
0,0,A,A,A,2,3.7,5.6,R,M/R,M/R,0.35,0.34,0.57
0,0,A,A,A,2.3,4.5,5.2,M/R,M/R,M/R,0.29,0.44,0.48
0,0,A,A,A,3.4,6.1,8.1,R,M/R,R,0.45,0.4,0.62
0,0,A,A,S,3.3,5.6,8.8,M/R,M,M/R,0.23,0.22,0.54
0,0,A,A,A,1.4,3.8,6.1,M/R,M/V,M,0.05,0.28,0.49
0,0,A,A,S,1.6,3.8,6.5,M/V,M,M,0.16,0.26,0.49
0,0,A,A,S,0.8,2.5,4.9,M/V,M,M,0.07,0.33,0.53
0,0,A,A,S,0.7,3,4.1,M/V,M/V,M,0.01,0.14,0.3
0,0,A,A,S,0.7,1.4,3.9,M/V,M/V,M,0.05,0.11,0.21
0,0,A,A,S,2,3.9,5.2,M,M,M,0.03,0.21,0.53
0,0,A,A,A,2.5,4.9,5.4,R,M,M,0.24,0.57,0.64
0,0,A,A,A,2.9,4.7,6,M/R,M,M,0.35,0.44,0.49
1,0,P,A,A,1.4,2.1,3.2,M,M/R,M/R,0.05,0.01,0.16
1,0,P,A,S,1.4,2.1,4.5,R,R,R,0.05,0.08,0.09
5,0,P,A,A,2,2.1,2.4,M/R,R,R,0.43,0.41,0.74
0,0,A,A,A,1.9,2.7,4.4,M/R,M/R,M/R,0.29,0.34,0.56
1,0,P,A,A,2,3.7,5.4,R,M/R,M/R,0.08,0.3,0.41
0,0,P,A,A,2.8,4.6,5.7,M/R,M,M/R,0.08,0.22,0.39
2,0,P,A,A,2.3,4.5,6.2,R,R,M/R,0.08,0.13,0.45
0,0,P,A,A,2.4,4.2,6.3,R,M/R,M,0.05,0.25,0.31
0,0,P,A,A,2.2,4.1,5.9,R,R,M/R,0.12,0.35,0.41
0,0,P,A,A,1.5,4,6.2,R,M/R,R,0.19,0.21,0.3
0,0,P,A,A,2.1,5.2,7.4,R,M,M/R,0.11,0.15,0.27
0,0,P,A,A,2.6,5.7,7.5,R,M/R,M,0.07,0.15,0.32
0,0,P,A,A,1.6,4.8,5.9,R,R,R,0.12,0.24,0.32
1,0,P,A,A,3.6,7.2,8.8,R,M/R,M,0.02,0.12,0.05
0,0,P,A,M,2.1,5.6,8.4,R,R,M,0.06,0.08,0.07
2,0,P,A,A,2,2.6,4.8,M/R,M/R,M/R,0.01,0.15,0.2
1,0,P,A,A,2,3.8,5.5,M/R,M/R,R,0.23,0.18,0.41
0,0,P,A,A,2.3,4.7,6.6,R,M/R,M,0.01,0.2,0.29
0,0,P,A,A,2.2,3.7,4,M/R,M,R,0.02,0.12,0.27
0,0,P,A,A,1.9,3,5.3,M/R,R,M/R,0.05,0.06,0.14
0,0,A, A,A,0.4,0.7,1.1,M,M,M,0.04,0.06,0.01
0,0,A,A,A,0.5,1.1,2,M,M,M,0.01,0.03,0.12
1,0,A,A,A,0.8,1,0.9,M/R,M,M,0.1,0.08,0.08
0,0,A,A,A,1.9,2.5,3.4,M,M,M,0.01,0.02,0.16
0,0,A,A,A,0.8,1.1,1.7,M,M,M,0.05,0.09,0.18
0,0,A,A,A,0.6,1.1,1.4,M/R,M,M,0.13,0.03,0.12
0,0,A,A,A,1,2.4,3.4,M,M,M,0.07,0.01,0.07
0,0,A,A,A,1.7,3.6,4.3,M/R,M/R,M,0.02,0.11,0.13
0,0,A,A,A,0.4,1.1,2.9,R,R,M/R,0.02,0.04,0.1
0,0,A,A,A,1.1,1.4,2.2,M/V,M/V,M,0.05,0.27,0.36
0,0,A,A,A,2.1,2.8,2.9,M,M,M,0.17,0.22,0.2
0,0,A,A,A,1.7,1.7,2,M,M,M,0.23,0.25,0.34
0,0,A,A,A,1.9,3.4,3.6,M/R,M,M,0.08,0.13,0.18
0,0,A,A,A,1.2,1,3.2,M,M,M,0.02,0.28,0.34
0,0,A,A,A,1.3,3,2.9,M,M,M,0.01,0.03,0.02
0,0,A,A,A,0.9,1.2,2.3,M/R,M,M,0.02,0.08,0.02
0,0,A,A,A,0.7,1.2,2.6,M,M/V,M,0,0.04,0.02
0,0,A,A,A,0.7,1.2,2.8,M/V,M/V,M,0.02,0.07,0.09
0,0,A,A,A,0.9,1.5,2.8,M/V,M/V,M,0.03,0.06,0.07
0,0,A,A,A,0.9,1.4,0.27,M/V,M/V,M/V,0.01,0.01,0.01
0,0,A,A,A,0.9,1.4,2.6,M/V,M/V,M,0.01,0.05,0.05
0,0,A,A,A,1.4,3.1,4.1,M,M/V,M,0.05,0.06,0.09
0,0,A,A,A,1.2,2.2,3.2,M/R,M/V,M,0.05,0.08,0.09
1,0,A,A,A,1.8,3.4,5.2,M/R,M,M,0.03,0.07,0.03
2,0,A,A,A,1.7,3.8,5.4,R,M/R,M,0.06,0.1,0.14
0,0,A,A,A,1.7,4,6,R,M/R,M,0.08,0.05,0.06
0,0,A,A,A,1.6,3.8,6,R,M,M,0.05,0.11,0.13
1,0,A,A,A,1.6,3,4.9,R,M,M,0.06,0.16,0.1
0,0,A,A,A,1.9,3.9,5.8,R,M/R,M,0.07,0.11,0.16
0,0,A,A,S,2.2,4.3,5.8,R,M,M,0.02,0.09,0.12
0,0,A,A,A,2,3,5,M/R,M/V,M,0.06,0.06,0.11
0,0,A,A,S,1.5,2.8,4.8,M/R,M/V,M,0.06,0.08,0.06
0,0,A,A,A,1.6,2.8,4.3,R,M,M,0.09,0.09,0.13
0,0,A,A,A,1.7,2.8,4.3,R,M,M,0,0.18,0.19
0,0,A,A,A,1.9,2.9,4.2,R,M/R,M,0.03,0.12,0.16
1,0,A,A,A,0.7,1.5,4.7,M/R,R,M/R,0.05,0.01,0.07
2,0,A,A,A,0.6,1.9,6.7,M/R,R,M/R,0,0.09,0.09
0,0,A,A,A,0.5,2.3,7.1,R,M/R,M/R,0,0.03,0.11
0,0,A,A,A,0.5,2,5.7,R,M/V,M,0.11,0.02,0.19
0,0,A,A,A,0.4,1.9,4.7,M/R,M/R,M,0.02,0.12,0.11
0,0,A,A,A,0.05,2,4.4,M/R,R,M,0,0.02,0.13
1,0,A,A,S,1,2.6,6.5,R,M/R,M,0,0.03,0.14
0,0,A,A,A,0.7,1.3,2.4,M/R,M,M/V,0,0.04,0.03
0,0,A,A,A,0.5,1.9,4.6,M/R,R,M,0,0.05,0.18
0,0,A,A,A,0.4,1.8,5,M/R,M/R,M,0,0.01,0.25
0,0,A,A,A,0.7,2.1,4.3,M/R,M/R,M,0,0.04,0.12
0,0,A,A,S,0.6,1.7,4.8,M/R,M/R,M,0,0.02,0.17
0,0,A,A,S,0.5,2.1,3.7,R,M/V,M/R,0,0.01,0.13
0,0,A,A,A,0.6,1.6,6.2,M/R,R,M/R,0,0,0.03
0,0,A,A,A,0.5,1.3,5.1,M/R,R,M,0,0.07,0.14
1,0,A,A,A,0.4,1.7,4.6,R,R,M/R,0.03,0.03,0.12
0,0,A,A,A,0.3,2.8,7.2,R,R,M/R,0,0.1,0.39
0,0,A,A,A,1.4,2.4,4.4,M,M,M,0.4,0.42,0.78
0,1,A,A,D,1.9,6.4,9.7,M,M,M,0.27,0.68,0.88
0,0,A,A,M,1.5,3.9,6.6,M,M,M,0.05,0.36,0.71
0,0,A,A,S,1.1,3.1,5.7,M,M,M,0.05,0.1,0.35
0,0,A,A,S,1.2,2.9,5,M,M,M,0.06,0.62,0.71
0,0,A,A,A,1,2.4,4.8,M,M,M,0.08,0.13,0.15
0,0,A,A,S,0.9,1.9,3.8,M,M,M,0.26,0.36,0.69
0,0,A,A,D,2.3,6.9,8.7,M,M,M,0.56,0.53,0.52
0,0,A,A,S,1,2.9,5.6,M,M,M,0.06,0.52,0.92
0,0,A,A,A,1,2.9,5.4,M,M,M,0.02,0.18,0.6
0,0,A,A,S,1.2,2.9,6,M,M,M,0.03,0.12,0.51
0,0,A,A,S,1.1,3.6,7.3,M,M,M,0.03,0.16,0.48
0,0,A,A,M,1.1,3.3,5.8,M,M,M,0.2,0.35,0.68
0,0,A,A,A,0.9,3.2,5.5,M,M,M,0.19,0.11,0.16
0,0,A,A,S,1.3,2.7,3.9,M,M,M,0.48,0.81,0.99
0,1,A,A,S,1.2,3.1,4.9,M,M,M,0.27,0.5,0.88
0,0,A,A,A,1.2,3.1,5.7,M,M,M,0.09,0.01,0.1
0,0,A,A,A,1.2,3,4,M,M,M,0.31,0.54,0.63
0,0,A,A,A,1,2.9,4.8,M,M,M,0.37,0.59,0.92
0,0,A,A,S,1.1,2.4,4.2,M,M,M,0.55,0.72,1.17
0,0,A,A,S,2,3.4,5.8,M,M,M,0.17,0.48,0.96
0,0,A,A,S,1.1,2.6,5.4,M,M,M,0.22,0.53,0.61
0,0,A,A,A,1.2,3,6.1,M,M,M,0.45,0.59,0.87
0,0,A,A,S,0.9,2,4.4,M,M,M,0.33,0.44,0.68
0,0,A,A,A,1.9,3.9,6.3,M,M,M,0.27,0.63,0.82
0,0,A,A,A,1.2,2.7,5.4,M,M,M,0.29,0.51,0.75
0,0,A,A,M,1,3.9,5.8,M,M,M,0.48,0.56,0.87
0,0,A,A,A,1.8,4.4,6.9,M,M,M,0.38,0.72,0.79
0,0,A,A,A,1.7,4.3,5.8,M,M,M,0.5,0.34,0.92
0,0,A,A,A,1.4,3.5,4.7,M,M,M,0.24,1.03,1.41
0,0,A,A,M,2.4,5.2,7.7,M,M,M,0.08,0.66,1.31
0,0,A,A,S,2,4.8,7,M,M,M,0.32,0.87,1.2
0,0,A,A,S,1.9,5.5,7.8,M,M,M,0.28,1,1.44
0,0,A,A,A,2,5.9,9,M,M,M,0.21,1.41,1.69
0,0,A,A,A,2.2,5.6,9.2,M,M,M,0.47,0.61,1.5
0,0,A,A,A,1.8,4.2,5.7,G,G,G,0.78,1,1.34
0,0,A,A,A,1.4,3.9,5.1,G,G,G,0.62,1.17,1.04
0,0,A,A,A,2,4,5.2,M/G,G,G,0.25,0.55,1.09
0,0,A,A,A,1.5,2.7,4.8,G,G,G,0.2,0.57,0.95
0,0,A,A,A,1.2,2.2,4.7,G,G,G,0.16,0.59,0.85
0,0,A,A,A,1.5,4.1,5,G,M/G,G,0.37,0.65,1.1
0,0,A,A,A,2.1,4.8,5.9,G,G,G,0.19,0.41,1.27
0,0,A,A,A,2.1,5,6.6,G,G,M/G,0.1,0.47,1.58
0,0,A,A,A,2.1,4,5.4,G,G,G,0.82,0.7,1.29
0,0,A,A,A,2.2,4.7,6.6,G,G,M/G,0.62,0.84,1.43
0,0,A,A,A,1.7,4,6.3,G,G,G,0.24,0.93,1.14
0,0,A,A,A,1.2,3.8,6,G,G,G,0.1,0.49,0.89
0,0,A,A,A,1.3,2.9,4.4,G,G,G,0.07,0.61,1.37
0,0,A,A,A,1.6,3.4,5.2,G,G,G,0.18,0.85,1.01
0,0,A,A,A,1.2,3.1,5.4,G,G,G,0.36,0.57,1.37
0,0,A,A,A,1.4,3.6,5.7,G,G,M/G,0.26,0.51,0.85
0,0,A,A,A,1.3,3.4,5,G,M/G,G,0.74,0.85,1.32
0,0,A,A,A,1.6,3.2,4.8,M/G,M/G,G,0.37,0.76,0.88
0,0,A,A,A,1.5,3.2,4.7,G,M/G,M/G,0.12,0.64,0.87
0,0,A,A,A,1.4,3.4,4.5,G,M/G,M/G,0.32,0.9,1.24
0,0,A,A,A,1.2,3.1,5.4,G,M/G,M/G,0.02,0.18,0.92
0,0,A,A,A,1.7,4.2,6.9,G,G,R,0.67,1.29,1.36
0,0,A,A,S,1.6,5,7.2,G,G,R,0.57,0.78,1.28
0,0,A,A,S,2.5,5,7.4,M/G,G,G,0.65,1.11,1.39
0,0,A,A,S,2,5.4,7.6,M/G,M/R,M,0.54,1.29,1.21
0,0,A,A,M,2.1,4.1,6.1,M,M/R,M/R,0.5,1.19,1.21
0,0,A,A,A,1.5,4,6.1,M/G,M,M,0.36,0.58,0.96
0,0,A,A,S,1.9,4.1,6.2,M/G,M/G,M/R,0.07,0.86,1.22
0,0,A,A,S,1.4,3.9,5.7,M/G,M/G,R,0.52,0.87,1.08
0,0,A,A,S,1.8,5,5.7,G,M,M,0.38,0.53,0.99
0,0,A,A,S,1.2,3.8,5,M/G,M,M,0.61,0.85,0.92
0,0,A,A,A,1.2,3.6,5.2,M/G,M,M,0.37,0.74,1.04
0,0,A,A,S,1.1,3.4,5.2,M,M,M,0.51,0.72,0.89
0,0,A,A,S,1.4,3.6,5.6,M/G,M,M,0.19,0.38,0.61
0,0,A,A,S,1.6,4.1,6.4,M,M,M,0.13,0.4,0.65
0,0,A,A,S,2.4,4.2,7,M/G,M,M,0.1,0.28,0.45
0,0,A,A,S,2.6,4.1,6.1,M/G,M,M/R,0.07,0.09,0.17
1,0,A,A,S,1.9,4,5.4,R,M,M,0.05,0.02,0.18
0,0,A,A,S,1.4,3.4,5.2,M/R,M,M,0.02,0.39,1
0,0,A,A,A,1.7,4.4,6.1,M/R,M,M/R,0.39,1.01,1.2
0,0,A,A,A,1.4,3.8,5.7,M/G,M/R,M,0.52,0.98,1.06
0,0,P,A,A,1.6,2.1,3.8,R,M/R,R,0.39,0.49,0.26
0,0,A,A,A,2.3,3.5,3.7,R,M/R,R,0.5,0.83,0.94
0,0,A,A,A,2,3.9,8,R,R,M/R,0.07,0.34,0.7
1,0,A,A,A,2,4,6.9,R,R,M/R,0.1,0.09,0.41
0,0,A,A,A,1.9,3.9,6.8,M/R,R,R,0.01,0.32,0.65
0,0,A,A,A,1.4,4.7,7.1,R,R,M/R,0.09,0.18,0.74
1,0,P,A,A,3.8,7.2,9.2,R,R,M/R,0.74,0.7,0.83
0,0,P,A,A,4,6.5,8.4,R,R,M/R,0.51,0.66,0.58
0,0,A,A,A,3.2,4.4,7.2,R,R,M/R,0.04,0.56,0.62
0,0,P,A,A,2.7,5.6,8.2,R,R,M,0.09,0.31,0.34
1,0,P,A,A,3.2,6.4,8.2,R,M/R,M/R,0.08,0.51,0.86
0,0,P,A,A,0.7,0.9,3.2,M/R,M/R,R,0.02,0.35,0.84
0,0,A,A,A,1.4,1.5,5.8,M/R,R,M/R,0.23,0.46,0.78
1,0,P,A,A,1.6,3,5.7,M/R,M/R,R,0.13,0.27,0.46
0,0,P,A,A,1.9,2.7,4.5,M/R,M,M/R,0.04,0,0.02
0,0,P,A,A,1,2,3.4,M/R,M/R,R,0.16,0.03,0.06
0,0,P,A,A,2.3,3,2.5,M/R,M,R,0.13,0.18,0.29
0,0,P,A,S,1.2,2,3.3,M/R,M/R,R,0.02,0.08,0.21
0,0,A,A,A,1.4,3.2,5,R,R,M/R,0.53,0.6,0.63
0,0,A,A,A,1.8,3.3,5.2,M/R,M,M,0.49,0.7,0.98
0,0,A,A,A,2,4.1,5.8,R,M/R,M,0.44,0.8,0.95
0,0,A,A,A,2.3,3.9,4.8,R,M/R,R,0.3,0.7,0.88
0,0,A,A,A,1.7,3.2,4.4,G,M/G,M,0.28,0.66,0.91
0,0,A,A,A,1.7,3.2,4.2,M,M,M,0.52,0.48,0.74
0,0,A,A,A,1,2.6,3.7,M/G,M/R,M/R,0.37,0.68,0.75
0,0,A,A,A,1.4,2.5,3.9,M/R,M/R,M,0.36,0.6,0.78
0,0,A,A,A,1.8,3.8,4.6,M/R,M/R,M,0.48,0.45,0.79
0,0,A,A,A,1.3,2.6,4.2,M/R,M,M,0.3,0.49,0.79
0,0,A,A,A,1.5,3,4.3,M/R,M,M,0.25,0.6,0.87
0,0,A,A,A,1.6,3,4,M/G,M,M,0.22,0.6,0.77
0,0,A,A,A,1.7,3.1,3.9,M/R,M,M,0.39,0.56,0.94
0,0,A,A,A,1.1,2.5,3.8,M,M,M,0.25,0.59,0.69
0,0,A,A,A,1.2,2.9,3.9,M/R,M,M,0.45,0.65,0.8
0,0,A,A,A,1.1,3.2,4.5,M/R,M,M/R,0.21,0.34,0.66
0,0,A,A,A,1.9,3.2,4.8,R,M/R,M/R,0.43,0.44,0.82
0,0,A,A,A,1.9,3.2,4.7,M/R,M,M,0.26,0.73,0.9
0,0,A,A,A,1.4,3.4,4.9,R,M,M,0.24,0.48,0.78
0,0,A,A,A,1.3,3.1,4.7,M/R,M,M,0.23,0.73,0.78
0,0,P,A,A,1.5,2.7,5.3,R,R,R,0.29,0.4,0.84
0,0,P,A,A,2.1,3.9,6.8,R,R,R,0.02,0.45,0.81
0,0,P,A,A,2,3.7,6.6,R,R,R,0.22,0.47,0.58
0,0,P,A,A,1.6,2.5,4.9,R,R,R,0.4,0.77,1.33
0,0,P,A,A,2.8,5.9,8.9,R,R,R,0,0.96,1.37
0,0,P,A,A,1.7,4.6,7.4,R,R,R,0.09,0.86,1.28
0,0,P,A,A,2.2,4,5.3,R,R,R,0.56,1.04,1.49
1,0,P,A,A,2.8,7.7,10.2,R,M/R,M/R,0.07,0.47,1.11
0,0,P,A,A,1.7,2.7,4.4,R,R,R,0.4,0.76,1
0,0,P,A,A,2.6,3,4.6,R,R,R,0.09,0.74,0.98
1,0,P,A,A,1.9,2.9,3.8,R,R,M/R,0.36,0.52,0.47
0,0,P,A,A,1.2,1.9,3.5,M/R,M/R,R,0.12,0.25,0.27
0,0,P,A,A,0.7,2.7,3.9,R/G,R/G,M/R,0.12,0.12,0.32
0,0,P,A,A,1.6,2.6,4.4,R/G,R/G,R,0.32,0.47,0.87
1,0,P,A,A,3.3,5.9,8.1,R,R/G,M/R,0.09,0.03,0.4
0,0,P,A,A,2,4.2,6.3,R/G,R/G,M,0.1,0.37,0.86
1,0,P,A,A,3.6,5.9,6.1,R/G,M/R,M,0.45,0.53,1
1,0,P,A,A,3.1,6,7.6,R,M/R,M,0.22,0.74,0.69
0,0,P,A,A,1,2.7,4,M,M,M,0.26,0.42,0.69
0,0,P,A,A,0.9,2.4,4,M,M,M,0.03,0.36,0.62
0,0,P,A,S,3,4.6,4.8,R,M,M,0.31,0.49,0.47
0,0,P,A,S,1.7,4.8,6.3,M,M/R,M,0.03,0.5,0.58
0,0,P,A,A,2.3,3.7,4.7,R,M,M,0.8,0.67,0.78
1,0,P,A,S,1.2,3.1,7.3,M/R,M/R,M,0.02,0.18,0.24
0,0,P,A,A,1,1.6,4.7,M,M,M/R,0.24,0.25,0.29
0,0,P,A,A,1.4,5.5,9.7,M/R,R,R,0.11,0.48,1.18
0,0,P,A,A,2.9,4.9,8.9,R,R,R,0.25,0.42,0.84
0,0,P,A,A,2.7,5,8.8,R,R,M/R,0.02,0.21,0.63
1,0,P,A,A,3.3,5.8,8.4,R,R,M/R,0.13,0.16,0.73
1,0,P,A,A,2.3,3.4,5.3,M/R,M/R,M/R,0.48,0.74,1.07
1,0,P,A,S,2.1,5,10.4,R,R,R,0.08,0.36,0.61
1,0,P,A,A,1.1,1.8,8.4,R,R,R,0.07,0.12,0.58
0,0,P,A,A,1.3,1.5,5.7,M/R,M/R,R,0.03,0.03,0.2
0,0,P,A,A,0.7,2.9,5.8,M,M,M,0.01,0.09,0.04
0,0,P,A,A,1,2.7,4.5,M,M,M,0.28,0.49,0.66
0,0,P,A,H,0.7,2.8,6.3,M,M,M,0.25,0.94,0.9
0,0,P,A,A,0.7,3.1,4.7,M,M,M,0.63,0.85,0.98
0,0,P,A,A,0.9,3,4.8,M,M,M,0.16,0.63,0.79
0,0,P,A,A,1,2,5.2,M,M,M,0.14,0.18,0.75
0,0,P,A,S,0.8,1.9,4.4,M,M,M,0.29,0.38,0.82
0,0,P,A,A,1,2.7,5.3,M,M,M,0,0.15,0.31
0,0,P,A,A,0.7,2.3,4.6,M,M,M,0.06,0.13,0.21
0,0,P,A,M,0.7,1.6,4.2,M,M,M,0.27,0.47,0.83
0,0,A,A,A,1.8,4.5,7.4,R,M/R,M,0.11,0.44,0.68
0,0,A,A,A,2,4,7.2,R,M/R,M/R,0.17,0.45,0.55
0,0,A,A,A,2.1,4.4,6.8,R,M/R,M/R,0.11,0.46,0.6
0,0,A,A,A,2.9,4.9,7.6,M/R,M/R,R,0.16,0.41,0.41
0,0,A,A,A,2.2,4.9,7.8,R,M/R,M/R,0.15,0.41,0.49
0,0,A,A,A,2.7,5.3,8.2,R,R,M/R,0.29,0.44,0.67
0,0,A,A,A,2.1,3.5,4.6,R,M/R,M/R,0.06,0.26,0.45
0,0,A,A,A,2.3,4.6,7.4,R,M/R,M/R,0.12,0.14,0.16
0,0,A,A,A,1.3,3.8,7.3,R,R,M/R,0.01,0.16,0.17
0,0,A,A,A,2,3.1,6.4,R,R,R,0.08,0.14,0.75
0,0,A,A,A,1.7,4.7,7.9,R,M/R,M/R,0.31,0.72,0.8
1,0,A,A,A,2.1,4.9,7.8,R,R,M/R,0.17,0.56,0.61
0,0,A,A,A,2.8,5.7,6.4,R,R,M/R,0.11,0.6,0.51
0,0,A,A,A,1.8,4.1,7.9,R,R,R,0.13,0.5,0.91
0,0,A,A,A,1.9,4.2,7,R,R,R,0.32,0.53,0.91
0,0,A,A,A,2.7,4.9,7.2,R,M/R,M/R,0.29,0.39,0.69
0,0,A,A,M,0.5,0.7,1.3,M,M,M,0.05,0.26,0.1
0,0,A,A,M,0.5,1,1.4,M,M,M,0,0.02,0.15
0,0,A,A,S,0.6,0.9,1.3,M,M,M,0.01,0.09,0.21
0,0,A,A,H,0.7,1.1,1.4,M,M,M,0.01,0,0.22
0,0,A,A,M,0.7,1,1.4,M,M,M,0,0.07,0.03
0,0,A,A,M,0.7,1.2,1.8,M,M,M,0,0,0.03
0,0,A,A,H,0.5,0.9,1.4,M,M,M,0.09,0.05,0.05
0,0,A,A,H,1,1.4,2.4,M,M,M,0,0.06,0.13
0,0,P,A,H,1.2,1.6,2.4,M,M,M,0.03,0.04,0.02
0,0,A,A,H,0.9,1.4,2.9,M,M,M,0,0.02,0.03
0,0,A,A,S,0.5,0.9,1.2,M,M,M,0.11,0.25,0.34
0,0,A,A,A,1.6,3,7.2,R,R,R,0.53,0.5,0.86
0,0,A,A,S,2.3,3.7,5.5,M/R,M,M,0.29,0.27,0.69
0,0,A,A,S,1.7,2.1,4.4,M/R,M,M,0.09,0.32,0.44
0,0,A,A,M,2,3.6,5.5,R,M/R,M,0.12,0.39,0.8
0,0,A,A,A,1.5,2,5,R,M/R,M/R,0.06,0.25,0.4
0,0,A,A,A,2,4.1,6.9,R,M/R,M,0.24,0.51,0.6
0,0,A,A,A,1.8,3.7,5.1,R,M/R,M/R,0.15,0.51,0.6
1,0,A,A,A,2.8,5,7.4,R,M,M,0.07,0.66,0.62
0,0,A,A,A,3.1,6,8.4,M/R,M/R,M/R,0.41,0.42,0.54
0,0,A,A,S,2.4,5,7.6,R,M,M/R,0.05,0.35,0.74
0,0,P,A,S,2,4.1,6.3,M/R,M,M,0.01,0.37,0.67
0,0,A,A,S,1.5,2.2,4.6,M/V,M/V,M,0.19,0.25,0.45
0,0,A,A,M,1.4,1.7,2.8,M/V,M/V,M,0.1,0.15,0.36
0,0,A,A,M,1.4,1.7,3.2,M,M,M,0.07,0.08,0.19
0,0,A,A,S,1.8,5,6.1,R,M,M,0.01,0.29,0.7
0,0,A,A,S,3.1,5,6,M/R,M,M,0.32,0.74,0.63
1,0,A,A,S,2.9,4.6,5.3,R,M,M,0.19,0.69,0.74
0,0,P,A,A,2.1,3.4,4.2,R,M/R,M,0.03,0.02,0.01
1,0,P,A,A,1.6,2.2,3.7,R,R,R,0,0.11,0.68
1,0,P,A,A,1.7,3.1,4.8,R,M/R,R,0.29,0.39,0.59
0,0,P,A,A,2.2,3.7,5.4,R,M,M/R,0.2,0.44,0.54
0,0,P,A,A,2.2,4.3,6.4,R,M,M,0.09,0.22,0.44
2,0,P,A,A,1.3,2.8,5.1,R,R,M/R,0.17,0.19,0.4
1,0,P,A,A,1.7,4.4,7.3,R,R,M,0,0.3,0.43
1,0,P,A,A,1.9,5.8,8.7,R,R,M/R,0,0,0.16
1,0,P,A,A,1.7,3.5,3.9,R,M,M/R,0.07,0.39,0.52
1,0,P,A,A,2.5,4.3,6.3,R,M/R,M,0.33,0.41,0.46
0,0,P,A,A,2.4,3.2,5.6,M/R,M/R,M/R,0.07,0.26,0.54
1,0,A,A,A,1.7,3,3.8,R,M/R,R,0.36,0.41,0.36
2,0,P,A,A,2.2,4.3,6.9,R,M/R,R,0.29,0.71,0.62
0,0,A,A,A,0.8,1.2,1.5,M/R,M,M,0.1,0.06,0.03
0,0,A,A,S,0.8,0.9,1.1,M/R,M/R,M,0.06,0.1,0.17
0,0,A,A,A,1,1.2,1.4,M,M/R,M,0.04,0.02,0.17
0,0,A,A,A,1.1,1.5,1.8,M/R,M,M,0,0.12,0.27
0,0,A,A,A,0.8,1.4,1.4,R,M/G,M/G,0.05,0.22,0.24
0,0,A,A,A,1.4,1.7,1.6,M/R,M/G,M/G,0.17,0.36,0.39
0,0,A,S,A,0.9,1.4,1.6,M/R,M,M,0.01,0.05,0.03
0,0,A,A,A,0.3,3.8,4.1,M,M,M,0,0,0
0,0,A,A,A,1.7,2.3,3,M/R,M/R,M,0,0.06,0.07
0,0,A,A,A,1,1.5,0.37,M/R,M,M,0,0.04,0.12
0,0,A,A,A,1.4,2.4,3,M/R,M/R,M,0,0.12,0.07
0,0,A,A,A,1.4,1.6,2,M/R,M,M,0.18,0.38,0.57
0,0,A,A,A,1.2,1.8,1.8,M/R,M,M,0.55,0.5,0.66
0,0,A,A,A,1.6,2.8,2.6,M/R,M,M,0.56,0.54,0.51
0,0,A,A,A,2.2,3.2,3.7,M/R,M,M,0.3,0.38,0.59
0,0,A,A,A,1.7,2.6,3.8,M/R,M/R,M,0.08,0.44,0.61
0,0,A,A,A,0.8,1.1,1.7,M,M,M,0.17,0.22,0.27
0,0,A,A,S,0.9,1.3,3.1,M,M,M,0.18,0.21,0.51
0,0,A,A,A,0.9,1.4,2.4,M,M,M,0.02,0.03,0.14
0,0,A,A,A,0.7,0.9,1.8,M/R,M,M,0.03,0.06,0.5
0,0,A,A,S,1,1.2,2.3,M,M,M,0.04,0.18,0.38
0,0,A,A,A,1.3,1.9,2.8,M/R,M,M,0.2,0.3,0.46
0,0,A,A,A,1.2,2.8,5,M/R,M,M,0.17,0.16,0.47
0,0,A,A,A,1.5,3.2,5,R,M/R,M,0.22,0.18,0.58
0,0,A,A,A,1.8,4,5.5,M/R,M,M,0.21,0.21,0.48
1,0,A,A,A,1.8,3.2,5.1,M/R,M,M,0.28,0.31,0.51
1,0,A,A,A,2.3,4,5.5,R,M,M,0.21,0.39,0.65
1,0,A,A,S,1.7,4.2,5.5,R,M/R,M,0.16,0.3,0.39
1,0,A,A,A,1.6,2.8,4.5,M/R,M,M,0.01,0.25,0.33
0,0,A,A,S,1.5,2.5,4.8,M/R,M,M,0.22,0.35,0.46
0,0,A,A,A,1.3,2.7,4.4,R,M,M,0.01,0.02,0.35
1,0,A,A,A,2,2.7,4.1,M/R,M,M,0.09,0.18,0.38
0,0,A,A,A,1.6,5.1,7,R,M,M,0.08,0.34,0.39
0,0,A,A,A,2.1,5.3,7.6,M/R,M/R,M/R,0.11,0.16,0.44
0,0,A,A,A,1.5,5,8,M/R,M,M,0.1,0.25,0.33
0,0,A,A,A,1.8,3.9,6.3,M/R,M,M,0.07,0.28,0.58
0,0,A,A,A,2.1,4.1,7.4,R,M,M,0.06,0.13,0.1
0,0,A,A,A,1.8,4,7.5,M/R,M,M,0.01,0.04,0.35
1,0,A,A,A,1.9,3.9,6.2,R,M,M,0.03,0.07,0.33
0,0,A,A,A,1.4,3.7,5.9,M/R,M,M,0.01,0.03,0.03
0,0,A,A,S,1.3,3.4,4.8,M,M,M,0.07,0.15,0.26
0,0,A,A,S,0.9,2.7,4.8,M,M,M/R,0.33,0.26,0.33
1,0,A,A,A,2.2,4.8,8.4,M/R,M/R,M,0.01,0.09,0.44
1,0,A,A,A,1.6,4,6.8,M/R,M,M/R,0.1,0.27,0.52
0,0,A,A,A,1.6,3,5.5,R,R,R,0.4,0.44,0.89
0,0,A,A,A,2.3,5.3,7.2,R,M/R,R,0.43,0.64,0.68
0,0,A,A,A,2.6,7,10.1,R,M/R,M/R,0.17,0.33,0.43
0,0,C,M,S,4,6.5,7.9,M,M,M,0.23,0.37,0.63
0,0,C,M,S,5.9,7.4,8.5,M,M,M,0.38,0.97,1.79
0,0,C,M,M,5.2,6.2,8.8,M,M,M,0.25,0.44,0.88
0,0,C,M,M,5.5,6.6,8.2,M,M,M,0.17,0.76,0.88
0,0,C,S,M,5.2,6.2,7.6,M,M,M,0.02,0.57,0.93
0,0,C,M,S,4.5,6.7,6.5,M,M,M,0.15,0.33,0.73
0,0,C,H,S,4.2,5.7,6.1,M,M,M,0.47,0.45,0.82
0,0,C,M,S,5,6,7.8,M,M,M,0.19,0.68,1
0,0,C,H,S,6.4,7.9,9,M,M,M,0.22,0.43,0.73
0,0,C,S,A,5.4,7,7.9,M,M,M,0.03,0.16,0.35
0,0,C,H,S,5.4,6.3,7.7,M,M,M,0.13,0.16,0.2
0,0,C,H,S,5,5.9,7,M,M,M,0.18,0.29,0.81
0,1,C,H,S,6,7,7.9,M,M,M,0.05,0.01,0.87
0,0,C,M,M,6.4,7.6,8.1,M,M,M,0.69,0.8,0.96
0,0,C,S,A,3.2,6.2,7.1,M,M,M,0.18,0.35,0.48
0,0,C,S,A,3,7.1,7.9,M,M,M,0.01,0.09,0.07
0,0,C,S,S,4.8,5.8,8.7,M,M,M,0.16,1.2,1.5
0,0,C,S,A,5,5.8,7.4,M,M,M,1.79,1.94,1.45
0,0,C,M,S,4.9,6.1,7.5,M,M,M,0.21,0.58,1.56
0,0,C,S,A,3.7,6.2,8.1,M,M,M,0.32,0.81,1.76
0,0,C,H,S,3.6,5.8,6.1,M,M,M,0.3,0.82,1.15
0,0,C,H,S,3.9,6.8,8.1,M,M,M,0.38,0.6,1.57
0,0,C,M,S,3.9,7.5,9.8,M,M,M,0.76,1.75,1.91
0,0,C,M,S,5.3,6.8,8.4,M,M,M,0.02,1.02,2.18
0,0,C,S,A,4.6,6,9.3,M,M,M,0.55,1.04,1.94
0,0,C,H,S,2.8,6,9,M,M,M,0.12,0.37,1.15
0,1,C,M,S,3.7,7.2,10.7,M,M,M,0.72,0.51,1.94
0,0,C,S,S,4,5.9,9.5,M,M,M,0.79,1.42,1.66
0,1,C,M,S,2.9,8.5,9.9,M,M,M,0.27,1,1.35
0,0,C,M,S,3.9,8.2,10,M,M,M,0.4,0.42,1.15
0,0,C,H,S,5,9.8,13.9,M,M,M,0.08,1.75,2.05
0,0,C,H,S,5.4,6.4,11.2,M,M,M,0.15,1.2,1.55
0,0,C,H,S,2.3,3.1,4.9,M/V,G,G,0.18,0.48,1.3
0,0,C,H,A,1.6,3.2,4.3,M/V,M/G,G,0.08,0.88,1.3
0,0,C,H,A,1.8,3.4,4.7,M/V,G,G,0.13,0.42,0.99
0,0,C,H,A,2,3.7,5,M/V,M/G,G,0.08,0.5,1.12
0,0,C,H,A,2.2,3.7,4.5,M/V,M/G,G,0.07,0.05,1.01
0,0,C,H,A,1.8,3.8,5.8,M/V,M/G,G,0,0.71,1.24
0,0,C,H,A,2,3.6,5,M/V,M/G,G,0.04,0.21,1.36
0,0,C,H,A,2.4,3.8,5.3,M/V,G,G,0.04,0.63,1.54
0,0,C,H,A,2,3.6,5,M/V,M/G,G,0.13,0.62,1.18
0,0,C,H,A,1.4,2.4,4.5,M/V,M/G,M/G,0.13,0.39,1.12
0,0,C,H,A,1.4,3,4.5,M/V,M/G,G,0.19,0.66,1.2
0,0,C,H,A,1.3,3.5,4.9,M/V,M/G,G,0.05,0.33,0.89
0,0,C,H,A,1.3,3.3,5.1,M/V,M/G,G,0.05,0.09,0.32
0,0,C,H,A,2.1,4,5.4,M/V,G,G,0.03,0.13,0.74
0,0,C,H,S,0.7,3.2,5,M,M/R,R,0.02,0.7,0.86
0,0,C,M,M,0.8,2.7,5.5,M,M,R,0.25,0.59,0.93
0,1,C,S,M,1.8,4.1,6.3,M,M/R,M,0.06,0.71,0.54
0,0,C,S,S,1.9,3.8,6.7,M,M/R,R,0.15,0.59,0.4
0,0,C,S,M,1.9,4,6.5,M,M/R,M/R,0.09,0.47,0.4
0,0,C,M,S,1.9,4.2,7.3,M,M/R,M/R,0.11,0.56,0.26
0,0,C,M,S,2.6,4,7.6,M,R,R,0.06,0.16,0.21
0,0,C,M,S,2,4.7,7.1,M,M/R,R,0.05,0.4,0.29
0,0,C,M,S,2.7,4.8,6.9,M/R,R,R,0.06,0,0.1
0,0,C,S,M,2.2,4.4,7.8,M,M/R,M,0.03,0.2,0.28
0,0,C,M,A,2.5,4.7,7.4,M,M/R,R,0.06,0.16,0.08
1,0,C,M,S,1.6,4.3,5.9,M,R,M/R,0.07,0.18,0.17
0,0,C,S,S,2.5,3.8,6.4,M,R,R,0.06,1.9,1.27
0,0,C,S,A,1.3,4.8,6.6,M,M/R,M,0.57,0.56,1.3
0,0,C,S,M,1.9,4.2,6.1,M/R,R,R,0.23,0.67,0.97
1,0,C,M,A,1.8,4,7.4,M/R,R,R,0.21,0.33,0.61
0,0,C,S,M,1.9,4.4,5.3,M/V,R,R,0.13,0.4,0.17
1,0,C,M,A,2.8,5.3,7.8,R,R,R,0.12,0.17,0.62
0,0,C,S,A,2.2,4.2,7.5,R,R,R,0.07,0.85,1.3
0,0,C,M,M,3.2,5.1,6.8,R,R,R,0.05,0.96,1.7
0,0,C,M,S,2.4,3.8,6.5,M/R,R,R,0.17,0.51,1.3
0,0,C,S,A,3.2,6.7,8.1,R,M/R,M,0.06,0.51,1.42
0,0,C,A,A,2.8,5,7,R,R,R,0.35,0.92,1.56
0,0,C,A,S,2.4,6,7.9,R,R,R,0.69,0.7,1.33
0,0,C,S,S,2.2,4,7.4,R,R,R,0.06,0.24,1.2
0,0,C,S,S,2.8,5.1,8.7,R,R,R,0.01,0.55,1.03
0,0,C,A,A,2.3,4.9,7.7,R,R,R,0.24,0.53,1.18
1,0,C,S,S,2.2,4.4,7.2,R,R,M/R,0.02,0.55,1.1
0,0,C,H,A,2.4,5.7,7,R,R,R,0.08,1.02,0.92
0,0,C,M,A,2.8,5.6,7.2,M/R,R,R,0.13,0.5,1.15
0,0,C,H,A,2.9,4.9,6.7,M/R,R,R,0.17,0.67,1.13
0,0,C,H,A,2.1,6.2,8.1,R,R,R,0.19,0.49,0.87
0,0,C,H,A,2.9,6.2,7.8,M/R,R,R,0.07,0.68,1.13
0,0,C,H,A,2.5,5.9,7.9,R,R,M/R,0.08,0.52,1.06
0,0,C,H,A,3,5.8,7.8,M/R,R,M/R,0.09,0.47,1.1
0,0,C,H,A,2.1,4.9,7.3,R,R,R,0.23,0.52,1.44
0,0,C,H,A,2.2,2.9,7.4,M/R,R,R,0.03,0.82,1.16
0,0,C,H,A,2.2,3.9,7.1,M/R,M/R,R,0.14,0.87,1.26
0,0,C,H,A,2.1,5.2,6.6,M/V,M/R,R,0.12,0.61,1.25
0,0,C,H,A,2.8,5.5,7.6,M/R,R,R,0.17,0.6,1.24
0,0,C,H,A,2.3,5,7.5,M/R,R,R,0.19,0.37,0.86
0,0,C,M,S,2.6,4,6.1,R,R,R,0.26,0.5,1.21
0,0,C,S,S,1.8,4.1,6.2,M/R,R,R,0.08,0.52,1.48
0,0,C,S,S,1.8,3,5.7,M/R,R,R,0.41,1.26,2.28
0,0,C,S,M,2,4.1,6.9,R,R,R,0.51,1.69,2.59
0,0,C,M,M,2.1,4,6.5,M/V,R,R,0.45,0.91,1.92
0,0,C,M,S,1.9,4.2,5.3,M/V,R,R,0.05,0.03,1.41
0,0,C,M,S,2,4.6,6.8,M/R,R,R,0.31,1.28,2.07
0,0,C,H,S,2.5,4.2,5.8,M/R,R,R,0.37,1.51,1.73
0,0,C,M,S,2.7,4.4,6.8,R,R,R,0.41,0.59,1.25
0,0,C,M,S,1.8,4.2,6.6,M,M/R,R,0.1,0.09,0.51
0,0,C,M,S,1.6,2.9,5.6,M/V,M/R,R,0.06,0.1,0.51
0,0,C,M,S,1.8,4.3,6.3,M,R,R,0.17,0.48,1.14
0,0,C,S,A,1.7,3.8,5.8,M,R,R,0.08,0.36,1.44
0,0,C,M,S,1.7,3.8,7,M/R,R,R,0.09,0.34,1.24
0,0,C,M,S,1.8,3.9,6,M/R,M/R,R,0.41,0.48,1.42
0,0,C,H,S,1.8,3.4,5.9,M,R,R,0.15,0.71,1.32
0,0,C,M,S,1.9,3.7,6.5,M,R,R,0.17,0.48,1.2
0,0,C,A,S,2,3.8,6.1,R,R,R,0.08,0.36,0.41
0,0,C,A,S,2.4,5.2,6,M/R,R,R,0.11,0.5,0.66
0,0,C,M,S,1.8,4,6.6,M/R,M/R,R,0.27,0.16,0.41
0,0,C,M,S,1.6,3.8,6.5,M/R,R,R,0.12,0.03,0.5
0,0,C,S,M,2,4.2,6.2,R,R,R,0.04,0.33,0.1
1,0,C,M,A,1.2,1.2,4.9,M/R,R,R,0.03,0.02,0.22
2,0,C,M,A,2.1,3.2,5,M/R,M/R,R,0.19,0.53,0.81
1,0,C,M,S,1.6,4.2,7,M/R,R,R,0.11,0.42,0.61
1,0,C,S,S,2,3.8,6.5,M/R,M/R,M/R,0.06,0.25,0.14
0,0,C,M,A,1.6,3.7,5.8,M/R,R,M,0.05,0.25,0.21
0,0,C,M,S,1.6,3,5,M/R,M/R,R,0.05,0.1,0.18
0,0,C,S,S,1.5,4.8,5.1,R,M/R,M,0.03,0.05,0.28
1,0,C,M,S,1.4,3.4,6,R,R,R,0.03,0,0.04
1,0,C,S,S,2,3.6,6.5,R,R,R,0,0.21,0.71
1,0,C,M,S,1.7,3.6,5.9,M,R,R,0.07,0.36,0.78
0,0,C,S,M,1.7,3.8,5.8,M/R,R,R,0.15,0.35,0.66
0,0,C,S,M,2.3,3.5,5.1,R,R,R,0.12,0.37,0.76
0,0,C,M,A,3.7,4.7,5.4,M,M,M,0.08,0.48,0.62
0,0,C,H,S,3.4,4.5,4.8,M,M,M,0.13,1.74,1
0,0,C,H,S,3.8,4.7,5.6,M,M,M,0.68,1.12,1.41
0,0,C,H,S,3.7,4.9,5.3,M,M,M,0.21,0.76,0.99
0,0,C,H,A,2.9,4.9,5.6,M,M,M,0.02,0.59,0.89
0,0,C,H,M,3.6,4.8,5.9,M,M,M,0.25,0.73,0.86
0,0,C,H,S,3.8,4.5,5.2,M,M,M,0.28,0.94,0.91
0,0,C,H,A,1.7,3.4,4.7,M,M,M,0,0.15,0.31
0,0,C,H,A,4.4,5.7,6.5,M,M,M,0.13,0.36,0.88
0,0,C,M,S,3.5,4.5,5.8,M,M,M,0.33,0.61,1.22
0,0,C,H,S,4.3,4.6,5.2,M,M,M,0.3,0.55,0.76
0,0,C,M,A,3.6,4.8,5,M,M,M,0.13,0.28,0.52
0,0,C,S,A,2.2,3.2,4.4,M,M,M,0.82,0.65,0.76
0,0,C,S,M,3,3.9,4.3,M,M,M,0.47,0.83,0.84
0,1,C,M,A,3.4,4,5.4,M,M,M,0.35,0.28,0.91
0,0,C,A,A,2.8,4.5,7.2,R,R,M/R,0.45,0.69,0.95
0,0,C,A,A,2.3,4.5,6.7,R,R,M/R,0.48,0.59,1.22
1,0,C,A,A,1.2,3.8,7.5,R,R,M/R,0.23,0.53,0.9
0,0,C,A,A,2.4,5.5,7.7,R,R,M/R,0.06,0.71,0.97
1,0,C,A,A,2,5,7.2,R,R,M/R,0.15,0.58,0.77
1,0,C,A,A,1.9,4.1,7.4,R,R,M/R,0.03,0,0.04
2,1,C,A,A,1.6,3.5,5.2,R,R,R,0,0.61,1.14
0,0,C,A,A,1.6,4.2,7.1,R,R,M/R,0.12,0.96,1.41
2,0,C,A,A,1.9,3.8,7,R,R,R,0.05,0.53,0.69
0,0,C,A,A,2.5,4.3,7,R,R,R,0.55,0.97,1.46
2,0,C,A,A,2,3.1,7,R,R,M/R,0.46,0.43,1.06
2,0,C,A,A,1.7,4.5,8.3,R,R,M/R,0.43,0.96,1.09
0,0,C,A,H,1.5,1.9,2.5,M,M,M,0.12,0.08,0.1
0,0,C,A,H,1.1,1.7,2.2,M/V,M,M,0.13,0.38,0.42
0,0,C,S,H,2.1,2.6,3.2,M,M,M,0.45,0.35,0.27
0,0,C,S,M,1.9,2.5,3.1,M,M,M,0.04,0.02,0.16
0,0,C,S,H,2.5,3.1,3.6,M,M,M,0.08,0.13,0.03
0,0,C,S,S,3.6,4,5,M,M,M,0.22,0.24,0.27
0,0,C,S,H,2.9,3.4,4.1,M,M,M,0.01,0.08,0.01
0,0,C,S,M,2,2.6,3.1,M,M,M,0.09,0.46,0.52
0,0,C,S,S,1.9,3,3.5,G,G,M,0.46,0.5,0.77
2,0,C,S,S,2.2,3.6,5.7,R,R,M/R,0.07,0.68,1.21
0,0,C,A,S,1.8,3.7,6,R,R,M/R,0.3,0.37,0.66
2,0,C,A,M,2,3,4.8,R,R,M/R,0.03,0.5,0.62
2,0,C,A,S,2,3.5,4.8,R,R,M/R,0.31,0.6,0.77
1,0,C,A,S,1.9,3.8,6.6,R,R,M/R,0.2,0.56,0.85
1,0,C,A,S,3.1,4.8,8.5,R,R,M,0.26,0.72,0.82
0,0,C,A,M,2.3,5.4,7.9,R,M/R,M,0.14,0.53,0.93
1,0,C,A,S,2,4.7,6.2,R,M/R,M,0.15,0.41,0.51
1,0,C,A,S,2.3,3.4,4.2,R,R,M,0.21,0.29,0.48
1,0,C,S,S,1.7,2.7,4.2,R,R,M/R,0.27,0.36,0.26
1,0,C,A,A,2.6,4.7,6.7,R,R,M/R,0.32,0.47,0.95
2,0,C,A,S,2.2,4.4,7.3,R,M/R,M,0.39,0.5,1.05
1,0,C,A,A,1.6,2.6,4,R,R,R,0.06,0.12,0.07
0,0,C,A,S,1.6,3.5,4.8,R,R,R,0.26,0.8,1.1
1,0,C,A,S,1.2,2.2,5.3,R,R,M/R,0.21,0.23,0.53
1,0,C,A,A,1.2,3,5.9,R,R,M/R,0.05,0.53,0.52
1,0,C,A,S,1.1,2.5,5.1,R,R,R,0.23,0.26,0.64
1,0,C,S,S,1.3,2.7,3.7,R,R,R,0.02,0.13,0.42
1,0,C,A,S,1.3,2.4,4.2,R,R,R,0.1,0.09,0.28
0,0,C,A,S,1.1,1.9,3.5,R,R,R,0.05,0.08,0.19
3,0,C,S,A,1.3,2.3,4.7,R,R,R,0.04,0.04,0.44
0,0,C,S,S,1,2.1,4.5,R,R,R,0.04,0.06,0.46
0,0,C,S,S,1.6,3.1,6.4,R,R,R,0.07,0.05,0.42
0,0,C,S,S,1.5,2.7,5.2,R,R,M/R,0,0.17,0.62
0,0,C,S,M,1.1,2.9,4.6,R,R,R,0.16,0.39,0.57
0,0,C,M,S,2.2,1.9,3,M/R,M/R,M/R,0.27,0.54,0.21
0,0,C,S,A,2.5,2.7,3,M/R,M/R,M/R,0.04,0.27,0.47
0,0,C,S,S,2.4,2.4,2.9,M/R,M/R,M/R,0.2,0.31,0.33
0,0,C,A,A,1.9,2.5,2.5,R,M/R,M/R,0.44,0.65,0.43
0,0,C,M,A,2.1,2.3,2.5,R,M/R,M/R,0.74,0.7,0.38
1,0,C,M,A,2.5,2.7,2,M/R,M,M/R,0.62,0.62,0.81
0,0,C,S,A,2.5,3.1,3.5,M/R,M/R,M/R,0.17,0.32,0.37
0,0,C,S,A,2.5,3.7,4,M/R,R,M/R,0.02,0.19,0.05
0,0,C,H,A,1.2,2,2.5,M/R,M/R,M/R,0.01,0.13,0.04
0,0,C,M,A,0.7,1.7,2.4,M/R,M,M,0.02,0.01,0.07
0,0,C,S,A,2.3,2.5,2.5,M/R,M/R,M/R,0.51,0.69,0.53
0,0,C,H,A,1.8,2.3,2.6,R,M/R,M,0.56,0.33,0.52
0,0,C,S,A,2.2,2.6,2.6,M/R,M/R,M/R,0.77,0.78,0.69
0,0,C,A,A,2,3.6,4,R,R,M,0.32,0.52,0.53
0,0,C,A,A,2.4,3.8,4.5,R,M/R,M,0.16,0.42,0.67
0,0,C,A,A,1.9,4,4.3,R,M/R,M,0.2,0.39,0.76
0,0,C,A,A,1.6,3.7,4.2,R,M/R,M,0.11,0.37,0.73
1,0,C,S,S,1.6,2.8,4.1,R,R,M,0.1,0.46,0.64
0,0,C,A,A,1.8,4.4,5.6,R,R,M,0.17,0.4,0.48
1,0,C,A,A,1.9,3.7,6.1,R,R,M/R,0.21,0.37,0.71
0,0,C,A,A,2.1,4.4,6.4,R,R,M,0.05,0.31,0.55
1,0,C,S,A,1.6,3.3,4.9,R,R,R,0.13,0.28,0.6
0,0,C,H,A,1.9,3,5.8,R,R,M/R,0.13,0.29,0.35
0,0,C,M,A,1.3,2.5,4.7,R,R,M/R,0.15,0.22,0.65
0,0,C,M,A,1.2,3,4.8,R,R,M,0.07,0.11,0.26
0,0,C,S,A,1.3,3.3,4.8,R,R,R,0.21,0.44,0.6
0,0,C,S,A,2.1,2.6,3.2,R,M/R,M/R,0.09,0.15,0.3
0,0,C,M,A,2,2.5,2.9,M/R,M/R,M/R,0.18,0.24,0.38
0,0,C,M,A,2,2.5,2.8,M/R,M/R,M/R,0.02,0.07,0.06
0,0,C,M,S,1.7,2.2,2.8,M/R,M/R,M/R,0.02,0.01,0.1
0,0,C,M,A,1.8,2.3,3,M/R,M,M/R,0.01,0.24,0.01
0,0,C,S,A,1.6,2.2,2.9,M/R,M,M,0.04,0.03,0.02
0,0,C,M,A,2.2,2.6,2.8,M,M,M/R,0.02,0.2,0.08
0,0,C,M,A,2,2.4,2.9,M,M/R,M/R,0.2,0.25,0.01
0,0,C,M,M,2.1,2.8,3,M,M,M/R,0.04,0.07,0.01
1,0,C,S,S,1.4,2.1,2.7,R,M/R,M/R,0.07,0.04,0.01
1,0,C,S,S,1.3,1.9,2.5,M/R,M,M/R,0,0.1,0.42
0,0,C,M,A,1.6,3,3.6,M/R,M/R,M/R,0.58,0.69,0.8
1,0,C,S,M,2.2,2.4,3,M/R,M/R,R,0.1,0.08,0.03
0,0,A,S,H,9.9,12,12.6,M,M,M,0.01,0.48,1.08
0,0,A,S,H,10,11.8,13.1,M,M,M,0.11,0.44,0.75
0,0,A,M,S,8.9,10.7,12.1,M,M,M,0.11,0.16,0.27
0,0,P,H,M,9.5,10.5,11.6,M,M,M,0.21,0.31,0.58
0,0,A,M,M,9.6,10.5,11.4,M,M,M,0.2,0.23,0.9
0,2,A,H,S,4.2,9.4,11.8,M,M,M,0.16,0.23,1.37
0,0,A,M,H,9.7,12.1,13.2,M,M,M,0.49,0.46,0.47
0,0,A,H,A,11.2,12.4,13.7,M,M,M,0.15,0.11,0.7
0,0,A,M,S,9.5,11.7,12.9,M,M,M,0.07,0.19,0.92
0,0,A,H,A,9.9,11.4,12.9,M,M,M,0.1,0.52,1.78
0,1,A,M,S,11.4,12.3,13.2,M,M,M,0.01,0.07,0.81
0,0,P,M,S,7,11.7,13.1,M,M,M,0.36,1.47,1.77
0,0,P,H,S,4.9,9.5,11.6,M,M,M,0.45,0.71,1.09
0,0,A,H,S,4.6,8.4,12.1,M,M,M,0.2,0.38,0.66
0,0,P,M,A,5,10.3,12.4,M,M,M,0.64,1.54,1.93
0,0,A,M,S,4.1,9.1,10.6,M,M,M,0.01,0.29,1.22
0,0,A,H,S,8.1,11.8,13.9,M,M,M,0.74,1.43,2.23
0,0,A,M,S,4,7.8,10.2,M,M,M,0.15,0.68,1.4
0,0,A,M,A,7.6,11.3,14.7,M,M,M,0.93,2.22,2.67
0,0,A,H,A,5.4,10.6,13.4,M,M,M,0.05,1.79,2.65
0,0,A,H,A,7.8,12.9,16.2,M,M,M,0.47,1.1,1.33
0,0,A,M,S,4.6,9.5,14.8,M,M,M,0.54,1.62,2.43
0,0,A,M,A,4.5,10.1,13.4,M,M,M,0.45,1.29,2.1
0,0,A,H,S,6.1,8.9,12.8,M,M,M,0.24,1.62,2.29
0,0,A,M,A,9,12.3,14.4,M,M,M,0.18,1.53,0.75
0,0,A,H,S,10.1,13.9,16,M,M,M,0.51,1.81,2.1
0,0,A,M,M,5,12.6,11.7,M,M,M,0.24,0.45,0.85
0,0,P,M,A,3.4,5.4,7.4,M,M,R,0.09,0.69,1.53
0,0,P,M,A,4.1,6.2,7.9,M,M,R,0.32,0.37,1.13
0,1,P,H,A,3.4,5.5,7.3,M,M,R,0.12,0.26,0.64
0,0,P,H,S,3,5.5,7.7,M,R,R,0.08,0.08,1.11
0,0,A,H,A,4.2,5.5,7.4,M,M,R,0.08,1.08,0.8
0,0,A,H,A,3.7,5.2,7.5,M,M,R,0.13,0.5,1.69
0,1,A,H,A,3.6,5.5,7.6,M,M,R,0.24,0.58,0.81
0,0,A,H,A,3.6,5.2,7.1,M,R,R,0.06,0.81,1.21
0,0,A,H,A,3.3,5,7.1,R,M,R,0.09,0.2,1.15
0,0,A,H,A,2.8,4.6,7,M,R,R,0.31,0.24,1.18
0,0,A,H,A,3.1,4.6,6.5,M,M,R,0.09,0.44,0.82
0,0,A,H,A,3.7,4.4,6.7,M,M,M,0.3,0.09,0.87
0,0,A,H,A,4,5.4,7.2,M,M,M,0.04,0.77,1.47
0,0,A,H,A,4,5.4,7.6,M,M,R,0.02,0.78,0.93
0,0,A,H,A,3.7,5.5,7.7,M,R,R,0.08,0.39,1.08
0,1,A,M,A,1.6,1.9,2.8,M,M,M,0.16,0.07,0.48
0,1,A,H,A,1.2,1.8,2.3,M,M,M,0.08,0.33,0.23
0,0,A,H,A,1.1,1.9,2.5,M,M,M,0.01,0.24,0.53
0,0,A,H,A,1.3,1.6,2.3,M,M,M,0.1,0.25,0.33
0,0,A,H,A,0.8,1.6,2.9,M,M,M,0.07,0.22,0.25
0,0,A,H,A,1.1,1.5,1.9,M,M,M,0.08,0.23,0.67
1,0,A,H,A,0.9,1.5,3.2,M,M,M,0.12,0.24,0.15
0,0,A,H,A,1.2,1.7,3.2,M,M,M,0.05,0.26,0.45
1,0,A,H,A,0.9,1.7,3.6,M,M,M,0,0.14,0.2
0,1,A,H,A,1.1,2.6,6.3,M,M,R,0.24,0.91,1.56
0,0,A,H,A,1.6,2.8,6.2,M,M,M,0.15,0.41,0.75
0,0,A,H,A,1.4,3.1,6.3,M,M,M,0.06,0.08,0.33
0,0,A,H,A,2.2,3.6,6.7,M,M,R,0.54,0.85,1.38
0,0,A,M,A,2.9,5.3,8.1,M,M,R,1.22,1.4,1.75
0,0,p,m,s,2.6,5.9,8.5,R,R,R,1.23,1.83,2.37
0,0,A,M,A,2.2,4.3,7.1,R/V,R,R,0.5,0.97,1.6
0,0,A,M,A,3,5.5,8,M,R,R,0.55,0.43,1.72
0,0,A,S,A,3.3,5.8,9.5,R,R,R,0.44,0.73,1.47
0,0,A,S,A,2.9,6.6,8,R,R,R,1.03,1.49,1.76
0,0,A,S,A,3.1,5.8,10,R,R,R,0.37,0.66,2.05
1,0,A,M,A,3.9,6.1,8.5,M,R,R,0.62,1.02,2.54
0,0,A,M,A,3.7,5.5,8.6,M,R,R,0.46,0.91,2.8
0,0,P,M,S,4,5.9,9.8,R,R,R,1.06,0.49,2.85
0,0,P,M,S,4,6.5,9.5,R,R,R,1.11,1.98,2.52
0,0,P,M,A,3.1,6.3,9.6,R,R,R,1.1,1.81,2.83
1,0,P,S,A,3.4,5,8.1,M,R,R,0.25,0.59,2.06
0,0,P,A,S,2.7,4.7,6.8,M,R,R,0.6,0.92,2.17
0,0,P,A,A,2.6,4.9,8.6,R,R,R,0.47,0.9,1.88
0,0,P,H,S,3.6,6.1,7.9,R,R,R,0.45,0.96,1.78
0,0,P,M,A,3,4.8,7.4,M/R,R,R,0.19,0.95,2.06
0,0,A,H,A,3.1,6,8.8,M,R,R,0.02,0.59,1.35
0,0,A,H,A,3.2,5.3,8.5,R,R,R,0.22,1.52,2.03
0,0,A,H,A,3.7,6.5,9.6,R,R,R,0.27,1.2,1.84
0,0,A,H,A,3.3,7.1,9,R,R,R,0.02,0.88,1.28
0,0,A,H,A,3.2,5.5,8.8,R,R,R,0.04,1.21,1.84
0,0,A,H,A,3.3,6.5,8.5,R,R,R,0.1,0.42,1.17
0,0,A,H,A,4.1,6.6,8.4,R,R,R,0.02,0.79,1.39
0,0,A,H,A,3,5.9,8.3,R,R,R,0.03,0.77,1.77
0,0,A,H,A,3.5,6.2,8.4,R,R,R,0.34,0.87,1.85
0,0,A,H,A,3.4,5.8,8.7,M,R,R,0.14,0.99,1.51
0,0,A,H,A,2.8,6,9.2,M,R,M,0.21,0.65,1.64
0,0,A,H,A,2.6,5.7,8.6,R,R,R,0.08,0.91,1.71
0,0,A,H,A,3.6,5.8,8.7,R,R,R,0.22,0.69,1.37
1,0,A,H,A,3.2,5.6,8.7,M,M/R,R,0.08,0.71,1.04
0,0,A,H,A,3.7,5.9,8.3,R,R,R,0.09,0.04,1.22
1,0,A,M,S,3.2,5.1,7.3,R,R,R,0.25,0.9,1.7
0,0,P,M,S,2.6,4.5,6.9,R,R,R,0.19,0.48,0.86
0,0,P,M,H,2.5,4.9,7,R,R,R,0.23,1.65,2.76
1,0,P,M,S,2.4,4.4,7.5,R,R,R,0.3,1.33,2.27
0,0,P,H,S,3.3,5.4,8.2,M/R,R,R,1.07,1.95,2.39
0,0,P,H,S,3.1,4.1,6.4,R,R,R,0.14,0.54,1.45
2,0,P,M,S,2.3,4.6,6.9,R,R,R,0.19,1.1,1.48
0,0,P,H,S,3.3,5,7.8,R,R,R,0.41,1.29,1.61
0,0,P,H,S,3.9,5.2,7.5,R,R,R,0.44,0.51,1
0,0,P,H,S,3,4,6.3,R,R,R,0.05,0.02,0.23
1,0,P,H,S,3,4.6,7.6,R,R,R,0.01,0.06,0.93
0,0,P,H,S,3,4.5,6.7,R,R,R,0.38,0.92,1.23
1,0,P,M,A,3,4.8,7.1,R,R,R,0,0.32,1.39
0,0,P,H,S,2.6,4.7,6.5,R,R,R,0.49,0.73,1.24
1,0,P,H,S,3.1,4.4,6.9,R,R,R,0.35,0.65,1.05
1,0,P,M,S,3.2,4.2,6.4,R,R,R,0.25,0.4,0.98
0,0,P,S,S,3.2,3.9,6.3,R,R,R,0.41,0.51,0.85
0,0,P,A,S,2.6,5.4,7.7,R,R,R,0.23,0.63,0.65
0,0,P,M,A,2.3,5.6,6.4,R,R,R,0.29,0.59,0.77
0,0,P,M,A,2.6,5,6.9,R,R,R,0.34,0.22,0.1
1,0,P,M,S,3,3.9,5.6,R,R,R,0.29,0.34,0.74
1,0,P,M,S,2.2,5.5,7.1,R,R,M,0.32,0.17,0.48
0,0,P,M,A,2.4,4.3,6.4,R,R,M,0.22,0.31,0.07
0,0,P,M,S,1.9,3.9,5.3,R,R,R,0.07,0.34,0.18
0,0,P,S,A,1.9,4.9,5.4,R,R,M,0.06,0.02,0.06
0,0,P,S,S,2.4,4.5,6.1,R,R,R,0.04,0.01,0
0,0,P,A,A,2.3,4.4,6.7,R,R,R,0.68,1.03,0.61
0,0,P,M,S,2.6,4.2,5.8,R,R,R,0.26,0.71,1.21
0,0,P,M,S,3,3.3,6.1,R,R,R,0.46,0.42,0.63
0,0,P,M,S,3.4,4.8,5.8,R,R,R,0.08,0.61,0.86
0,0,A,M,A,2.4,4.8,5.5,M,M,M,0.14,0.05,0.72
0,0,A,M,S,3.9,4.8,5.3,M,M,M,0.54,0.53,1.18
1,0,A,M,A,4.2,4.9,5.9,M,M,M,1.27,1.36,1.69
0,0,A,M,M,3.9,5.7,6.8,M,M,M,0.48,1.07,1.38
0,0,A,M,A,3.4,4.5,5.6,M,M,M,0.1,0.48,0.65
0,0,A,M,A,4.8,5.8,6.7,M,M,M,0.57,1.03,1.03
0,0,A,M,A,4,4.9,6,M,M,M,0.67,1.13,1.02
0,0,A,M,A,3.5,3.9,4.7,M,M,M,0.04,0.19,0.48
0,0,A,H,A,3.5,4.3,5.6,M,M,M,0.1,0.08,0.39
0,0,A,M,A,4.7,6,6.7,M,M,M,0.11,0.68,1.05
1,0,A,M,M,3.5,4.5,5.6,M,M,M,0.23,0.48,1.12
0,0,A,M,A,4.4,4.9,5.6,M,M,M,0.64,0.88,0.84
0,0,A,M,A,3.4,4.8,6.1,M,M,M,0.32,0.45,0.62
0,0,A,M,A,3.4,4.6,6.1,M,M,M,0.03,0.62,0.76
0,0,A,S,A,2.8,3.7,5.2,M,M,M,1.03,0.89,1.12
0,0,A,S,M,3.1,4.2,5.6,M,M,M,0.88,0.94,1.32
0,0,A,M,A,3.5,5.5,6.1,M,M,M,0.33,0.3,0.25
0,0,A,A,A,3,5.7,8.3,R,R,R,0.76,1.36,1.37
1,0,A,A,A,3.3,4.8,7.6,R,R,R,0.96,1.03,1.03
0,0,A,A,A,4,6.9,8.9,R,M/R,M/R,0.57,0.79,0.85
0,0,A,A,A,4.1,6,8.6,R,M/R,M/R,0.7,0.84,0.93
0,0,A,A,A,4,6.9,9.1,R,M/R,R,0.33,0.99,1.16
0,0,A,A,A,3.1,5.7,8.9,R,R,M,0.77,0.63,1.03
0,0,A,A,A,3.3,6.4,7.5,R,R,R,0.13,0.53,0.13
0,0,A,A,A,2.4,3.7,6.1,R,R,R,0.6,1.24,1.5
1,0,A,A,S,3.1,6,8.1,R,M/R,R,0.65,1.41,1.94
0,0,A,A,S,2.5,5.5,9,R,R,R,0.14,0.42,0.9
0,0,A,A,S,3.2,5.7,9,R,R,M/R,0.5,0.86,1.16
1,0,A,A,A,3.3,6,8.3,R,R,M,0.73,1.57,1.43
0,0,A,A,A,2.6,5.9,8.2,R,R,M/R,0.52,1.14,1.5
1,0,A,A,S,3.4,5.1,8.1,R,R,M/R,0.74,1.25,1.6
0,0,A,M,H,1,1.8,2.3,M,M,M,0.02,0.32,0.04
0,0,A,A,H,1.4,1.9,2.6,M,M,M,0.24,0.36,0.35
0,0,P,A,H,1.7,2.4,3,M,M,M,0.2,0.14,0.34
0,0,A,M,M,1.4,1.6,2.4,M,M,M,0.18,0.37,0.24
0,0,A,S,S,1.8,2.4,2.7,M,M,M,0.08,0.26,0.64
0,0,P,S,M,1.6,2.5,2.9,M,M,M,0.36,0.45,0.59
1,0,A,A,H,2.2,2.9,3.5,M,M,M,0.05,0.12,0.27
0,0,A,S,M,2.6,3,3.4,M,M,M,0.12,0.18,0.24
0,0,P,A,H,2.8,3.4,3.9,M/V,M/V,M,0.09,0.04,0.23
0,0,P,A,M,3.8,4.1,6.7,M,M,M,0.27,0.13,0.58
0,0,P,A,H,3.2,4,7,M,M,M/V,0.13,0.06,0.22
0,0,A,A,H,2.6,3.1,3.4,M,M,M,0.46,0.18,1.07
0,0,A,S,M,2.2,3.2,3.5,M,M,M,0.58,0.55,0.96
0,0,C,A,S,1.2,2.1,4.8,M,M,M,0.11,0.34,0.46
0,0,C,A,M,1.1,1.8,3.7,M,M,M,0.06,0.26,0.47
0,1,C,A,S,1.1,1.9,2.9,M,M,M,0.18,0.24,0.57
0,1,C,A,A,1,1.4,3,M,M,M,0.05,0.19,0.75
0,0,C,A,A,1.1,2.4,4.3,M,M,M,0.01,0.69,0.66
0,1,C,A,M,1.4,3.6,5,M,M,M,0.06,0.05,0.47
0,1,C,A,S,0.9,1.8,4.2,M,M,M,0.03,0.2,0.67
0,0,C,A,S,0.9,1.6,3.1,M,M,M,0.04,0.17,0.14
0,0,C,A,S,1,1.8,2.8,M,M,M,0,0.01,0.05
0,2,C,A,M,1.1,2,6.1,M,M,M,0.32,0.38,0.89
0,0,C,A,A,0.9,1.3,2.4,M,M,M,0.06,0.15,0.24
0,0,C,A,S,0.8,1.4,3.4,M,M,M,0.04,0.33,0.03
0,0,C,A,S,0.7,1.5,2.3,M,M,M,0.53,0.66,0.71
0,0,C,A,A,0.9,1.7,2.8,M,M,M,0.03,0.25,0.19
0,0,A,A,A,1.2,2.4,3.3,M,M,M,0.23,0.44,0.7
0,0,A,A,A,0.9,2.1,3.1,M,M,M,0.54,0.58,0.87
0,0,A,A,A,1,2,3.7,M,M,M,0.08,0.18,0.79
0,0,A,A,S,1.7,2.9,3.7,M,M,M,0.03,0.12,0.52
0,0,A,A,A,0.7,2.5,4.6,M,M,M,0.06,0.63,0.94
0,0,A,A,M,1,2.3,2.9,M,M,M,0.12,0.51,0.61
1,0,A,A,S,1.6,4.3,6.3,M,M,M,0.45,0.57,1.08
0,0,A,A,A,1,2.4,4.5,M,M,M,0.77,0.84,1.05
0,0,A,A,M,3.8,6.2,8,M,M,M,0.32,0.87,1.1
0,0,A,A,A,1.8,4.9,7.5,M,M,M,0.14,0.83,0.76
0,0,A,A,S,2.5,3.5,6.7,M,M,M,0.98,1.3,1.86
0,0,A,A,A,1.7,3.8,8.7,M,M,M,0.01,1.23,1.56
0,0,A,A,S,2.1,4.5,7.6,M,M,M,0.37,1.46,1.96
0,0,A,A,S,3.4,5.4,8.2,M,M,M,0.86,1.58,1.63
0,0,A,A,A,3.6,7.4,8.3,M,M,M,1.34,1.75,2.07
0,0,A,A,A,1.7,3.2,4.8,G,G,M/G,0.23,0.99,1.34
0,0,A,A,A,1.8,2.7,4,G,G,G,0.4,0.72,1.03
0,0,A,A,A,1.5,2.8,5.1,G,G,G,0.53,0.52,1.34
0,0,A,A,A,1.8,4.6,5.8,M/G,G,R/G,0.38,0.64,1.32
0,1,A,A,A,1.8,4.3,5.4,G,G,M/G,0.02,1.06,1.32
0,0,A,A,A,1.8,4,5.4,G,G,G,0.94,0.98,1.46
0,1,A,A,A,1.5,3.5,6,M/G,G,G,0.26,0.65,1.29
0,2,A,A,A,1.8,3,4.5,M/G,G,G,0.47,0.88,1.11
0,0,A,A,A,1.7,2.9,4.2,M/G,G,G,0.48,0.85,1.06
0,0,A,A,A,1.5,2.7,4.2,M/G,G,G,0.58,0.94,1.45
0,0,A,A,A,1.7,2.9,5,M/G,G,G,0.47,0.66,1.26
0,0,A,A,A,1.6,2.9,4.6,M/G,G,G,0.63,0.72,1.12
0,0,A,A,A,1.5,2.8,4.3,M/G,M/G,M/G,0.92,1.02,0.9
0,0,A,A,A,2,3.2,5.6,M/G,M/G,M/G,0.26,0.78,1.02
0,0,A,A,A,1.3,2.6,4.7,M/G,M/G,M/G,0.54,0.59,0.82
0,0,A,A,S,1.6,3.6,7,M/G,M/G,M,0.48,0.96,1.76
0,0,A,A,A,1.5,4.6,6.5,M/G,M/R,M/R,0.4,1.17,1.28
0,0,A,A,A,2.1,4.4,6.4,M,M/G,M,0.21,0.9,1.12
0,0,A,A,A,2,4.1,6.4,M,M/R,M/R,0.38,0.49,0.97
0,0,A,A,S,1.7,5.1,7.5,M,M,M/R,0.33,1,0.82
0,0,A,A,M,1.4,4,6,M,M/R,M/R,0.39,0.85,0.95
0,0,A,A,A,2,3.8,6.1,M,M,M,0.13,0.4,0.79
0,0,A,A,S,1.1,3.2,5.2,M,M,M,0.4,0.72,0.79
0,0,A,A,A,1.5,4.6,5.4,M,M,M/R,0.31,0.72,0.9
0,0,A,A,S,1.6,3.7,6.6,M,M,M,0.3,0.48,0.7
0,0,A,A,M,1.6,5.3,7.6,M,M,M/R,0.17,0.26,0.34
0,0,A,A,M,1.5,4.4,7.2,M,M/R,M,0.05,0.08,0.22
0,0,A,A,S,2,3.6,5.9,M,M,M,0.02,0.01,0.52
0,0,A,A,S,1.2,3,5.5,M/R,M/R,M/R,0.1,0.11,0.47
0,0,A,A,A,2.4,3.8,5.9,M/R,R,R,0.43,0.95,1.15
0,0,A,A,S,1.9,3.9,5.8,M/R,M/R,M/R,0.06,0.35,0.51
0,0,A,A,A,2,2.3,5.2,M/R,M/R,R,0.05,0.2,0.99
1,0,A,A,A,2,2.7,6.8,R,R,R,0.16,0.35,1.07
0,0,A,A,A,2.2,2.9,6.1,M/R,M/R,M/R,0.09,0.06,1.01
0,0,A,A,A,1.7,4.6,8.8,R,M/R,M/R,0.82,0.87,0.95
0,0,A,A,A,2.9,6.2,9.7,R,R,R,0.14,0.22,0.82
0,0,A,A,A,1.6,2,2.3,M/R,M/R,M/R,0.01,0.15,0.19
0,0,A,A,A,1.8,2.5,3.2,R,R,R,0.47,0.47,0.36
0,0,A,A,A,2.2,3.4,4.1,R,R,R,0.37,0.47,0.77
0,0,A,A,A,2.8,4,5,M/R,M/R,M/R,0.07,0.05,0.04
0,0,A,A,A,2.2,3.4,4,M/R,R,R,0.01,0.09,0.28
0,0,A,A,A,2.6,3.9,4.4,M/R,M/R,M/R,0.01,0.29,0.38
0,0,A,A,A,2.2,3.2,4.2,M/R,M/R,M/R,0.05,0.37,0.79
0,0,A,A,A,1.8,3.8,6.2,M/R,M/R,M,0.69,0.89,0.83
0,0,A,A,A,2.1,4.2,5.7,M/R,M/R,M/R,0.45,0.71,1.2
0,0,A,A,A,1.8,3.5,4.9,M/R,M,M/R,0.46,0.66,0.81
0,2,A,A,A,1.4,2.8,4.6,M,M,M,0.31,0.52,0.86
1,0,A,A,A,1.4,2.9,4.7,M,M,M,0.34,0.54,0.68
0,0,A,A,A,1.6,3.7,5.4,M/R,M/R,M/R,0.28,0.71,0.89
0,0,A,A,A,1.6,3.2,5,M,M/R,M,0.52,0.32,0.86
0,0,A,A,A,1.9,3.4,4.7,M,M,M/R,0.41,0.64,1.09
0,2,A,A,A,1.9,3.6,5,M,M,M,0.4,0.65,0.76
0,0,A,A,A,2,3.1,4.8,M,M/R,M/R,0.24,0.64,1.07
0,0,A,A,A,1.7,3.1,4.6,M/R,M,M,0.67,0.69,1.09
0,0,A,A,A,1.6,3.7,4.3,M/R,M,M,0.51,0.73,0.81
0,0,A,A,A,1.7,3.3,4.9,M/R,M,M,0.27,0.46,0.78
0,0,A,A,A,1.7,3.2,5.7,M,M,M/R,0.47,0.44,0.83
0,0,A,A,A,0.6,1.6,2.9,M/R,M/R,R,0.25,0.35,0.44
0,0,A,A,A,1.4,3,4.9,R,R,R,0.39,0.37,0.91
0,0,A,A,A,1.1,2,3.4,R,R,R,0.24,0.59,0.78
0,0,A,A,S,1.7,2.8,5,R,R,R,0.14,0.36,0.95
0,0,A,A,A,1.9,3.5,4.6,R,R,R,0.56,0.84,1.32
0,0,A,A,A,1.8,3.9,6.1,R,R,R,0.35,0.66,1.29
0,0,A,A,A,1.4,3.7,6.8,R,R,R,0.64,0.83,1.57
1,0,A,A,A,2.5,4.6,7,R,R,R,0.39,0.99,1.13
0,0,A,A,A,1.8,3.5,6.2,R,R,R,0.04,0.13,0.74
0,0,A,A,A,1.4,3.7,5.1,R,R,R,0.02,0.76,0.9
0,0,A,A,A,2,2.9,3.7,R,R,R,0.34,0.2,0.62
0,0,A,A,A,1.4,2.4,3.6,R,M/R,M/R,0.16,0.19,0.48
0,0,A,A,A,1.1,2.7,4.3,R,M/R,M,0.1,0.21,0.27
0,0,A,A,A,1.1,2.5,5.2,R,M/R,R,0.07,0.25,0.68
0,0,A,A,A,1.7,3.3,5.2,R,M/R,R,0.23,0.34,0.44
0,0,A,A,A,1.6,4,7.6,R,M/R,M/R,0.13,0.23,0.47
0,0,A,A,A,1.8,4.6,6.2,R,R,M/R,0.19,0.4,1.09
0,0,A,A,A,1.6,4.6,9.1,R,R,M/R,0.07,0.13,0.48
0,0,A,A,S,1.5,2.6,4.7,R,M,M,0.28,0.44,0.53
0,0,A,A,S,1.5,3.6,5.5,M/R,M,M/R,0.2,0.43,0.5
1,0,P,A,S,1.1,2,5.4,M/R,M,M,0.04,0.31,0.5
1,0,P,A,A,1.2,2.2,3.9,M/R,M,M,0.01,0.08,0.38
0,0,P,A,A,1.2,2.4,3.8,M,M,M,0.31,0.26,0.78
0,0,A,A,A,0.9,2.2,6,M/R,M/R,M/R,0.11,0.08,0.22
0,0,A,A,S,1.5,2.4,5.1,M,M,M/R,0.13,0.03,0.44
0,0,A,A,A,1.7,3.2,9,M/R,R,R,0.4,0.52,0.78
0,0,A,A,A,1.6,2.1,3,M/R,R,M/R,0.01,0.28,0.31
0,0,A,A,A,1.4,4.1,7.6,R,M/R,R,0.05,0.41,0.57
0,0,A,A,S,0.7,1.3,2.1,M,M,M,0.14,0.12,0.62
0,0,A,A,A,2,4.9,9.4,R,M/R,M/R,0.15,0.07,0.23
0,0,A,A,A,1.6,5.4,7.8,M/R,M/R,M/R,0.23,0.39,0.72
0,0,A,A,1,1.9,5,5.2,M/R,M/R,M/R,0.37,0.71,1.36
0,0,A,A,M,2.6,4.9,8.8,M/R,M/R,M,0.03,0.37,0.8
0,0,A,A,A,0.8,2,4.7,M/R,R,R,0.05,0.18,0.22
0,0,P,A,A,0.8,1.8,5.8,R,R,R,0.04,0.16,0.75
1,0,P,A,S,1.4,2,3.5,M/R,R,R,0.04,0.02,0.35
0,0,A,A,A,0.5,1.1,2.3,M,M,M,0.02,0.15,0.19
0,0,A,A,A,0.6,1.1,2.3,M,M,M,0.02,0.04,0.1
0,0,A,A,M,0.9,1.5,4.5,M,M,M,0.06,0.16,0.31
0,0,A,A,M,0.9,2,4.5,M,M,M,0.74,1.03,1.14
0,0,A,A,A,0.6,1.2,2.2,M,M,M,0.06,0.02,0.56
0,0,A,A,A,0.7,1.2,4.6,M,M,M,0.04,0.17,0.43
0,0,A,A,A,0.6,1.2,4.5,M,M,M,0.21,0.27,0.72
0,0,A,A,A,0.5,1.1,2.8,M,M,M,0.03,0.03,0.65
0,0,A,A,A,0.6,1.1,1.8,M,M,M,0.05,0.05,0.11
0,0,A,A,A,0.6,1.3,4.9,M,M,M,0.19,0.09,0.6
0,0,A,A,A,0.5,1,1.5,M,M,M,0.13,0.14,0.47
0,0,A,A,A,0.8,4,5.8,M,M,M,0.05,0.36,0.82
0,0,A,A,A,0.6,2.7,5,M,M,M,0.01,0.21,0.44
0,0,A,A,M,1,3.4,4.6,M,M,M,0.7,0.51,1.13
0,0,A,A,S,1.2,2.6,3.7,M,M,M,0.19,0.6,1.04
0,0,A,A,S,2,3.7,6.3,M,M,M,0.29,0.29,0.35
0,0,A,A,S,1.6,3.8,5.7,M,M,M,0.2,0.08,0.08
0,0,A,A,A,1.7,3.5,6.6,R,R,R,0.03,0.24,0.23
0,0,A,A,A,2.1,3.7,7.3,R,M/R,M,0,0.16,0.24
0,0,A,A,A,1.4,4.7,7.2,R,R,M/R,0.16,0.17,0.3
0,0,A,A,A,1.6,3.9,7,R,M/R,M,0.09,0.18,0.18
0,0,A,A,A,3.2,4.9,7.9,M/R,M/R,M,0.18,0.25,0.15
0,0,A,A,A,2.1,4.5,7.8,R,M/R,M,0.12,0.16,0.28
0,0,A,A,A,1.8,4.4,7.6,R,M/R,M/R,0.01,0.09,0.3
0,0,A,A,A,1.4,3.6,6,R,R,M/R,0,0.02,0.21
0,0,A,A,A,1.9,4.3,7.1,R,R,R,0.12,0.18,0.15
1,0,A,A,A,2.4,4.2,8.1,R,R,R,0.15,0.22,0.21
0,0,A,A,A,2.7,4.8,7.1,R,M/R,M/R,0.09,0.14,0.42
0,0,A,A,A,2.7,3.9,6.6,R,R,M/R,0.08,0.14,0.23
0,0,A,A,A,2.7,4,7.2,R,R,R,0.12,0.26,0.29
0,0,A,A,A,3.2,4.9,7.7,R,M/R,M/R,0.01,0.13,0.23
0,0,A,A,A,2.7,5.2,8.6,R,R,M/R,0.15,0.34,0.14
0,0,A,A,S,0.6,1.2,1.7,M,M,M,0.01,0.07,0.19
0,0,A,A,H,0.8,1.3,1.7,M,M,M,0.05,0.12,0.33
0,0,A,A,S,1.2,1.9,2.5,M,M,M,0.01,0.13,0.24
0,0,A,A,H,2,2.5,2.9,M,M,M,0.1,0.16,0.22
0,0,A,A,M,0.4,1.1,1.6,M,M,M,0.04,0.15,0.16
0,0,A,A,H,1.6,2,2.3,M,M,M,0.14,0.21,0.06
0,0,P,A,M,0.4,1.4,1.6,M,M,M,0.13,0.12,0.14
0,0,A,A,H,0.8,1.5,1.9,M,M,M,0.04,0.12,0.23
0,0,A,A,H,1.1,1.6,2,M,M,M,0.01,0.02,0.05
0,0,A,A,H,1.9,2.4,3.9,M,M,M,0.03,0.05,0.09
0,0,A,A,H,1.6,2.5,3.1,M,M,M,0.15,0.11,0.04
0,0,A,A,H,2.6,3.9,6.4,M,M,M,0.01,0.05,0.06
0,0,A,A,H,0.9,1.3,1.7,M,M,M,0.05,0.16,0.16
1,0,A,A,A,2.1,5.1,7,R,R,M/R,0.23,0.23,0.39
0,0,A,A,A,2.6,3.1,5,R,M/R,M/R,0.07,0.16,0.26
0,0,A,A,S,2.6,3.1,4.6,R,M/R,M/R,0.07,0.11,0.25
0,0,A,A,A,2.4,2.9,3,R,M/R,M/R,0.07,0.11,0.19
0,0,A,A,A,1.6,3.8,5.8,R,M/R,M/R,0.17,0.1,0.17
0,0,P,A,A,2.6,5.3,6.7,R,M/R,M/R,0.09,0.16,0.48
0,0,A,A,A,2.2,6.4,8.5,R,M/R,M/R,0.14,0.29,0.36
0,0,P,A,A,2.1,4.3,6.6,R,M/R,M,0.08,0.3,0.19
0,0,A,A,S,2.6,4.6,5.8,R,M/R,M,0.12,0.24,0.41
0,0,A,A,A,2.4,3,4.4,R,M/R,M,0.18,0.19,0.39
0,0,A,A,S,1.6,3,3.8,R,M/R,M/R,0.06,0.16,0.19
0,0,P,A,A,1.6,2.8,3.2,R,M,M,0.05,0.08,0.13
0,0,A,A,S,1.2,2.9,3.3,R,M/R,M,0.09,0.19,0.21
0,0,A,A,S,2.4,4.6,6.7,R,M,M,0.07,0.17,0.48
0,0,P,A,S,1.3,5.4,6.9,R,M/R,M,0.2,0.31,0.38
0,0,P,A,M,2.9,4.9,6.8,R,R,R,0.03,0.29,0.35
0,0,P,A,A,1,3.3,4.4,R,M/R,M,0.12,0.49,0.61
0,0,P,A,A,1.4,2.6,4.4,R,R,M/R,0.2,0.26,0.52
0,0,P,A,S,2.4,4.4,6.2,R,M/R,M/R,0.31,0.42,0.49
1,0,P,A,A,1,2.2,5.3,R,R,M/R,0.05,0.28,0.39
0,0,A,A,A,1.2,3.2,5.7,R,R,M/R,0.09,0.27,0.47
0,0,P,A,A,1.2,3.4,5.6,R,R,M/R,0.11,0.21,0.34
0,0,P,A,S,1.3,4.1,7.7,M/R,M/R,M,0.05,0.22,0.38
1,0,P,A,S,1.3,3.8,5.7,R,M/R,M/R,0.07,0.15,0.25
0,0,P,A,M,1,3.2,8,R,R,M/R,0.07,0.05,0.28
0,0,P,A,A,1.3,2.4,3.9,R,R,R,0.09,0.37,0.4
1,0,P,A,A,1.2,3.2,4.7,R,R,R,0.17,0.36,0.37
0,0,P,A,A,1.4,3.4,4.3,R,R,M,0.01,0.1,0.29
0,0,A,A,S,1.6,3.2,4.2,R,R,R,0.22,0.31,0.66
1,0,A,A,A,1.9,3.3,5.5,R,R,M/R,0.06,0.28,0.66
0,0,A,A,A,1.1,1.9,1.1,M/R,M/R,M,0.13,0.09,0.15
0,0,A,M,A,0.8,1,2,R,M/R,M/R,0.07,0.03,0.13
0,0,A,A,A,0.6,0.9,1.6,M/R,M/R,M/R,0.04,0.01,0.08
0,0,A,M,A,1,0.7,0.7,M/R,M/R,M/R,0.1,0.03,0.01
0,0,A,A,A,0.8,1,1.4,M/R,M/R,M/R,0.05,0.08,0.02
0,0,A,A,A,0.8,1,1.6,M/R,M/R,M/R,0.03,0.11,0.06
0,0,A,S,A,0.7,0.8,1.1,M/R,M/R,M/R,0.03,0.01,0.03
0,0,A,S,A,0.5,0.7,1.4,M/R,M/R,M/R,0.04,0.1,0.05
0,0,A,M,A,0.6,0.8,0.9,M/R,M/R,M/R,0.11,0.09,0.15
0,0,A,M,A,0.8,1.2,1.2,M/R,M/R,R,0.06,0.28,0.18
0,0,A,A,A,1.2,1.4,2.1,M/R,R,M/R,0.13,0.02,0.12
0,0,A,S,A,0.9,1.8,2.6,M/R,R,M/R,0.5,0.46,0.24
0,0,A,H,A,0.8,3.1,4.4,R,M/R,M,0.21,0.31,0.44
0,0,A,M,A,0.6,1.1,1.5,M/R,M/R,R,0.03,0.06,0.06
0,0,A,A,A,0.4,0.8,1.3,M/R,M/R,M/R,0.05,0.09,0.05
0,0,A,S,A,0.4,0.6,1,M/R,M/R,R,0.02,0.07,0.06
0,0,A,A,A,0.4,0.7,1,M/R,M/R,R,0.14,0.07,0.17
0,0,A,A,A,1.3,2.2,2.8,R,M,M,0.15,0.4,0.42
0,0,A,A,A,1.4,2,2.4,R,M,M,0.16,0.32,0.34
0,0,A,A,S,1.7,2,2.4,M/R,M,M,0.14,0.26,0.4
0,0,A,A,A,1.1,2,2.5,R,M,M,0.04,0.21,0.32
0,0,A,A,A,1.6,2,2.6,R,M,M,0.11,0.21,0.44
0,0,A,A,M,1.4,2.2,2.9,R,M,M,0.21,0.32,0.47
0,0,A,A,A,1.6,2.6,3.2,R,M,M,0.12,0.36,0.34
0,0,A,A,A,1.4,3.1,4.8,R,M,M,0.12,0.33,0.61
0,0,A,A,S,1.4,3.1,5.3,R,M/R,M/R,0.29,0.45,0.59
0,1,A,A,A,1,3.5,5,R,M/R,M,0.12,0.29,0.53
0,0,A,A,S,1.7,3.3,4.7,R,M,M,0.09,0.2,0.49
1,0,A,A,A,1.1,3,4.9,R,R,M,0.34,0.08,0.6
1,0,A,A,A,1.7,3.1,4.8,R,M,M,0.15,0.3,0.51
0,0,A,A,A,1.3,2.7,4.1,R,M,M,0.02,0.21,0.29
1,0,A,A,A,1.8,2.8,3.7,R,M/R,M,0,0.3,0.3
0,0,A,A,A,1.4,2.9,4.2,R,M/R,M,0.31,0.44,0.64
0,0,A,A,A,0.5,1,2.3,M/R,M/R,M/R,0.07,0.07,0.12
0,0,A,A,A,0.7,1.2,3.6,M/R,M/R,M/R,0.07,0.14,0.24
0,0,A,S,S,0.7,0.9,2.4,M/R,M/R,M/R,0.02,0.16,0.24
0,0,A,A,A,0.5,1.5,3.6,M,M/R,M/R,0.02,0.14,0.27
0,0,A,A,A,0.4,0.9,2.8,M/R,M/R,M,0.05,0.06,0.02
0,0,A,A,A,0.3,0.7,2.7,R,M,M/R,0.03,0.04,0.01
0,0,A,A,S,0.5,0.9,3.2,M/R,R,M/R,0.09,0.07,0.06
0,0,A,A,S,0.5,1.1,1.7,M/R,R,M,0.01,0.11,0.03
0,0,A,A,A,0.3,1.1,2.8,R,M,M/R,0,0.13,0
0,0,A,A,A,0.5,0.8,1.9,M,M/R,R,0.03,0.03,0.06
0,0,A,A,A,0.5,1.3,2.2,M/R,R,M,0.03,0.11,0.22
0,0,A,A,A,0.5,0.8,2.7,M,M/R,M/R,0.03,0.05,0.1
1,0,A,A,A,0.4,1,3.7,M/R,R,M,0.12,0.07,0.04
0,0,A,A,S,0.5,2.1,3.9,R,M/R,M/R,0.01,0.02,0.02
1,0,A,A,A,0.4,0.9,3.5,R,R,M/R,0.12,0.26,0.6
0,0,C,S,A,3.1,5.6,6.3,M,M,M,0.17,0.35,0.73
0,0,C,M,S,4.6,6,6.8,M,M,M,0.29,0.45,0.62
0,0,C,H,M,3.9,5.9,6.9,M,M,M,0.52,0.73,0.87
0,0,C,M,M,4.6,6.3,7.3,M,M,M,0.46,0.55,1.05
0,0,C,M,S,3.5,4.9,6.4,M,M,M,0.06,0.98,0.94
0,0,C,M,S,3.5,4.7,6.1,M,M,M,0.09,0.47,1.02
0,0,C,M,S,4.3,5.6,6.4,M,M,M,0.08,0.73,1.16
0,0,C,M,A,3.6,6,7.2,M,M,M,0.19,0.67,1.18
0,0,C,M,S,4.2,6.5,7.3,M,M,M,0.03,0.27,0.68
0,0,C,M,S,4.8,6.3,7.1,M,M,M,0.24,0.36,0.49
0,0,C,S,A,3.7,6.2,6.9,M,M,M,0.12,0.2,0.58
0,0,C,S,A,4.2,4.9,6.1,M,M,M,0.61,0.64,1.3
0,0,C,S,S,4.7,6.3,7,M,M,M,-0.11,0.29,1.18
0,0,C,S,M,5.6,6.5,7.5,M,M,M,0.9,1.42,1.53
0,0,C,S,S,2.5,5.4,6.4,M,M,M,0.56,0.93,0.81
0,0,C,S,A,3,6.5,7.1,M,M,M,0.04,0.45,0.64
0,0,C,S,A,4.9,6.7,7.7,M,M,M,0.51,1.25,1.5
0,0,C,S,A,4,5.8,6.6,M,M,M,0.2,0.58,1
0,0,C,S,M,4.4,6.1,8.1,M,M,M,0.03,0.27,1.68
0,0,C,S,S,2.7,4.5,5.6,M,M,M,0.32,0.76,1.35
0,0,C,S,S,2.6,5.6,7.2,M,M,M,0.06,1.35,1.77
0,0,C,M,A,3.9,5.8,7.7,M,M,M,-0.16,1.24,2.07
0,0,C,A,S,2.3,4.4,5.6,M,M,M,0.05,0.24,1.39
0,0,C,S,S,2.6,7.3,9.9,M,M,M,-0.16,0.54,1.77
0,0,C,M,A,2.5,8.6,11.1,M,M,M,-0.38,1.4,1.01
0,0,C,S,S,2.8,4.8,6.3,M,M,M,0.26,0.94,1.34
0,0,C,H,A,1.9,3.2,4.4,G,G,G,0.54,0.68,1.26
0,0,C,H,S,1.6,2.8,3.9,M/G,G,G,0.6,1.02,1.6
0,0,C,H,A,1.7,3.1,4.8,M/G,G,G,0.2,0.88,1.5
0,0,C,M,A,1.9,3.2,4.3,M/G,G,G,-0.03,0.69,1.13
0,0,C,H,A,1.9,3.7,4.8,M/G,G,G,0.01,0.53,1.82
0,0,C,H,A,1.9,3,4.7,M/G,M/G,G,0.25,1.02,1.71
0,0,C,H,A,1.8,3.3,4.8,M/G,G,G,0.22,1.28,1.75
0,0,C,H,A,1.7,3.4,5.2,M/G,M/G,G,0.66,1.06,1.55
0,0,C,H,A,1.3,3.2,4.9,M,M/G,G,0.2,0.72,1.37
0,0,C,H,A,1.4,3.1,4.4,M,M/G,G,0.27,1.22,1.5
0,1,C,H,A,1.9,3.2,4.8,M/G,M/G,G,0.29,0.73,1.33
0,0,C,H,A,1.8,3.2,4.5,M/G,G,G,0.3,0.47,0.95
0,0,C,H,A,2,3.9,5.5,M,G,M/G,0.18,0.58,0.84
0,0,C,S,M,1.8,4.4,6.2,M/R,M,M,0.02,0.48,0.33
0,0,C,S,A,1.8,3.9,5.9,M/R,M/R,M,0.26,0.32,0.37
0,0,C,S,A,2,3.4,5.8,M/R,M/R,M,0.43,0.14,0.44
0,0,C,S,A,2.2,4,6.1,M/R,M/R,M/R,0.35,0.31,0.54
0,0,C,M,M,1.8,4,6,M/R,M/R,M,0.19,0.41,0.42
0,0,C,S,A,2.1,4.6,6.5,R,M/R,M/R,0.18,0.26,0.2
0,0,C,S,S,2,4.4,7.4,M/R,M/R,M/R,0.42,0.57,0.59
0,0,C,S,A,2.4,3.7,6,M,M,M/R,0.23,0.48,1.07
0,0,C,S,M,2.3,4.4,6.5,M/R,M,M,0.32,0.22,0.68
0,0,C,A,S,1.9,3.4,5.9,M,M,M,0.04,0.1,0.31
0,0,C,M,A,2.4,4.9,7.2,M/R,M/R,M/R,-0.36,-0.49,-0.24
0,0,C,M,S,2.2,4.6,6.5,R,M/R,M/R,-0.22,-0.25,-0.22
0,0,C,M,S,1.8,4.3,7.1,R,M/R,M,-0.01,0.24,0.92
0,0,C,S,M,2.7,4.9,6.5,M/R,M/R,M/R,0.66,0.55,0.52
0,0,C,S,A,1.9,3.3,5.5,M,M,M,0.38,0.66,0.88
0,0,A,A,M,2.2,4.3,7.2,R,R,M/R,0.52,0.97,1.19
0,0,A,S,A,1.4,4.5,7.4,R,M/R,M/R,0.76,1.03,1.17
0,0,A,A,A,2.4,5,6.7,R,M/R,M/R,0.48,1.32,1.36
0,0,A,A,A,3.5,4.7,6.8,M/R,M/R,M/R,0.13,0.95,0.91
0,0,P,A,M,2.2,4.6,5.9,R,M/R,M/R,0.38,0.89,1.15
0,0,P,S,A,2.7,4.3,6.2,M/R,M/R,M/R,0.58,0.88,0.79
0,0,P,A,S,2.7,4.7,7.2,M/R,M/R,M,0.53,0.92,1.37
0,0,P,A,S,2.3,4.7,6.7,R,M/R,M/R,0.37,0.91,1.36
1,0,P,A,A,2.1,4.5,6.6,R,R,M/R,0.62,1.08,1.75
0,0,A,A,A,2.6,4.3,6.5,R,R,M/R,0.53,0.47,1.18
0,0,A,A,S,2,4.7,6.7,R,R,R,-0.03,0.63,0.88
0,0,P,S,M,3.2,4.8,6.8,M/R,R,M/R,0.27,0.59,1.03
0,0,A,S,A,2.4,3.4,6.4,M/R,R,R,0.14,1.09,1.95
0,0,A,S,A,2.2,2.9,6.1,M/R,R,R,0.22,0.45,0.79
0,0,A,A,A,1.9,4.4,6.8,R,R,M/R,-0.07,0.93,1.2
0,0,A,S,A,2.9,6.5,8.2,R,M/R,R,0.17,1.56,1.18
0,0,A,H,A,1.5,4,6.3,R,R,R,0.16,1.36,1.32
0,0,A,S,A,2.8,4.9,6.2,R,R,R,0.45,0.91,1.34
0,0,A,A,A,2,4.5,5.8,R,M/R,M/R,0.55,0.95,0.98
0,0,A,A,A,1.3,3.8,6,R,R,M/R,0.04,1.19,1.46
0,1,A,S,A,2.8,4.4,6,R,R,R,0.65,0.97,1.39
0,0,A,S,A,2.4,5.4,7.7,R,R,R,0.33,0.78,1.08
0,0,A,S,A,1.3,3.9,6.5,R,R,R,-0.03,0.71,0.74
0,0,A,S,A,1.7,4.8,7.2,R,M/R,R,0.01,0.66,1.29
0,0,A,M,A,2.1,3.9,5.6,R,R,M/R,0.09,0.48,0.56
0,0,A,S,A,1.8,4.2,5.1,R,R,R,0.4,0.83,1.1
0,0,A,S,A,1.8,2.9,5.4,R,R,R,0.34,0.77,1.12
0,0,A,S,A,2.1,3.7,6.1,R,R,R,0.21,1.56,1.72
0,0,A,S,A,2.1,4.4,7.5,R,R,M/R,0.27,1.53,1.79
0,0,P,S,A,2,3.7,5.6,R,R,R,1.07,1.46,2.15
1,0,P,S,A,1.7,4,6.2,R,R,M/R,-0.16,-0.06,0.85
0,0,P,M,A,2,3.2,5.1,R,R,M/R,0.24,0.74,1.42
0,0,P,H,A,1.6,4,5.3,R,R,R,0.04,0.75,1.32
0,0,P,M,A,1.4,3.4,5.3,R,R,R,-0.14,0.07,0.88
0,0,A,M,A,1.8,3.3,5.8,R,R,M/R,-0.07,0.23,0.77
0,0,A,S,A,1.8,3.8,5.5,R,M/R,M/R,0.39,0.66,1.11
0,0,P,S,S,1.7,3.5,6.3,R,R,M/R,-0.02,0.08,1.04
0,0,P,S,A,1.7,3,5,R,R,R,0.22,0.93,1.24
0,0,P,M,A,2,3.6,7.5,M/R,R,M/R,0.3,0.57,0.85
0,0,C,A,A,1.6,3.5,4.9,R,M/R,R,0.15,0.2,0.4
1,0,C,A,S,3,5.1,6.8,R,R,M/R,-0.04,0.24,0.98
0,0,C,A,A,2,3.1,3,R,M/R,R,0.23,0.41,0.25
1,0,P,A,A,2.5,4.2,5.1,M/R,R,M/R,-0.01,0.2,0.58
2,0,A,A,A,2.1,3.4,5.3,R,R,R,-0.23,-0.25,-0.21
0,0,A,A,S,1.7,2.9,5.3,M/R,R,R,0,-0.08,0.33
2,0,P,A,A,2.2,3.6,4.4,R,M/R,M/R,0.55,0.65,0.65
0,0,P,S,S,1.8,3,4.4,R,R,M,0.05,0.22,0.54
0,0,P,A,A,2,3,3.3,R,M/R,M,-0.12,-0.24,-0.14
0,1,P,A,A,2.2,3.2,3.4,R,M/R,M,-0.08,-0.25,-0.16
0,0,P,A,S,1.8,2.6,3,R,M/R,M,0.04,-0.03,-0.08
0,0,A,A,A,1.6,4.3,6.1,R,M/R,M/R,0,-0.09,0.46
3,0,P,A,S,2.4,4.3,6.4,R,R,R,0.14,1.22,1.45
2,0,P,S,S,1.1,2.4,3.5,M/R,R,R,-0.02,0.39,0.82
0,0,P,S,S,1.1,2.9,5,M/R,R,R,0.1,0.23,0.95
1,0,P,A,S,1,3.2,4,M/R,R,R,0.31,0.47,0.98
1,0,A,A,S,1.2,2.8,4.3,R,R,M/R,0.03,0.15,0.24
0,0,A,S,S,1.1,2,2.7,M,M,M,0.24,0.5,0.26
0,0,A,S,A,1.9,2.7,3.5,M,M,M,0.81,0.97,1.3
0,0,A,S,M,2.5,3.3,4,M,M,M,0.6,0.97,0.87
0,0,A,S,A,1.7,3,3.7,M,M,M,0.21,0.51,0.73
0,1,A,M,S,2.1,2.8,3.6,M,M,M,-0.05,0.1,0.62
0,0,A,M,A,1.7,2.4,3.1,M,M,M,-0.02,0.8,0.97
0,0,A,S,A,1.4,2.5,3.2,M,M,M,-0.01,0.21,0.33
0,0,A,S,A,2.3,3.7,4.2,M,M,M,0,0.17,0.7
0,0,A,M,S,1.8,2.9,3.5,M,M,M,0.09,0.21,0.27
0,0,A,M,A,1.8,2.2,3.1,M,M,M,0.38,0.37,0.36
1,0,A,S,S,1.5,3,3.7,M,M,M,-0.17,-0.18,-0.18
0,0,A,S,A,0.9,2.9,3,M,M,M,0.01,0.71,0.66
0,0,A,S,M,1.3,2.5,3.1,M,M,M,0.47,0.5,0.73
0,0,A,S,M,0.9,2.6,3.8,M,M,M,0.02,-0.57,-0.46
0,0,C,S,A,2.7,4.8,7.1,R,M/R,M,0.16,0.51,0.74
0,0,C,A,A,2.8,5.6,7.5,R,M/R,M,0.24,0.53,0.55
0,0,C,A,A,2.7,5,7.2,R,R,M/R,0.15,0.4,0.5
0,0,C,A,A,2.8,5.3,7.2,R,R,M/R,-0.05,0.39,0.3
0,0,C,A,S,3.6,5.1,8.4,R,M,M/R,0.19,0.52,0.56
0,0,C,A,A,2.9,5.6,7.5,R,M/R,M,0.12,0.31,0.4
0,0,C,A,A,2,5.5,7.8,R,M/R,M/R,-0.13,0.02,0.05
1,0,C,A,S,2.8,4.2,5.9,R,R,R,-0.04,0.08,0.75
0,0,C,A,H,3.1,5.1,6.9,R,R,R,0.4,0.62,0.86
0,0,C,A,S,2.6,5.1,8,R,R,M/R,0.12,0.59,0.59
1,0,C,A,A,2.7,5.2,5.6,R,R,R,0.03,0.36,0.49
0,0,C,A,S,2.5,4.4,6.6,R,R,M/R,-0.02,0.54,0.74
0,0,C,A,A,2.5,5,6.7,R,R,R,0.23,0.62,0.77
0,0,C,A,A,2.1,5.6,7.1,R,R,M/R,0.38,0.4,0.78
2,0,C,A,A,2.8,6.1,8.2,R,M/R,M,0.24,0.53,0.88
0,0,C,S,A,1.8,3.7,5.4,R,R,M/R,0.11,0.81,1.18
0,0,C,A,S,2.4,3.8,6.3,R,R,M/R,0.24,0.68,0.78
1,0,C,A,A,1.9,4.1,4.4,R,M/R,M,-0.07,0.06,0.63
0,0,C,A,S,3.4,3.9,4.1,R,M,M,0.03,0.17,0.39
0,0,C,A,S,2.3,3.4,4.4,R,M,M,0.22,0.36,0.45
0,0,C,A,A,2.4,4.2,5.7,R,R,R,0.5,0.61,0.73
0,0,C,A,S,2.5,4.8,6.3,R,M/R,M,0.22,0.53,0.86
0,0,C,A,S,3.2,6.2,7.9,R,M/R,M,0.28,0.56,0.78
0,0,C,A,S,4.1,6.4,7.5,R,M/R,M,0.04,0.45,0.85
1,0,C,A,S,2.9,4.5,5.9,R,M,M,0.08,0.19,0.47
0,0,C,A,M,3.2,4,4.5,R,M,M,0.19,0.4,0.54
1,0,C,A,S,2.1,3.4,4.1,R,R,M/R,0.16,0.33,0.43
0,0,C,S,A,1.8,2.6,3.9,R,R,M/R,0.13,0.21,0.23
0,1,C,A,M,2,3.5,4.5,R,R,M/R,0,0.08,0.35
0,0,C,A,A,3.4,4.5,7.1,R,R,M/R,0.22,0.57,0.77
0,0,C,A,A,2.4,5,6.8,R,R,R,0.09,0.61,1.08
1,0,C,A,S,1.8,2.6,4.1,R,R,R,0.04,0.03,-0.13
1,0,C,A,S,1.9,3.1,4.4,R,R,M/R,0.15,0.26,0.71
0,0,A,A,A,1.3,1.3,1.2,M,M,M,0.23,0.35,0.57
0,0,A,A,A,1.3,1.9,3,M,M,M,0.09,0.18,0.4
0,0,A,A,H,1.4,4,6.8,M,M,M,0.19,0.34,0.38
0,2,A,A,H,1.2,2.2,3.6,M,M,M,-0.16,-0.12,0.55
1,0,A,A,S,1.3,2,2.9,M,M,M,-0.03,0.18,0.32
0,1,A,A,M,1.3,1.9,2.9,M,M,M,0.05,0.68,0.97
0,0,A,A,M,1.5,2.4,4.3,M,M,M,0.29,0.31,0.55
0,0,P,A,A,1.7,2,2.8,M,M,M,0.17,-0.13,-0.15
0,0,P,A,S,1.3,1.9,2.4,M,M,M,-0.01,0.12,0.45
0,0,P,A,S,1.6,2.3,3,M,M,M,0.52,0.54,0.67
0,0,A,A,S,1.5,1.4,3.4,M,M,M,0.63,0.7,0.41
0,0,A,A,A,1.3,2,2.4,M,M,M,0.33,0.76,0.17
0,0,A,A,A,1.8,2.2,4.3,M,M,M,0.1,0.23,0.43
0,0,A,A,S,1.5,2.1,3.4,M,M,M,0.03,-0.09,-0.04
0,2,A,A,S,2.6,4,5.9,M,M,M,0.59,0.62,0.88
0,0,A,A,S,2.2,3.3,4.8,M,M,M,0.68,0.68,1.11
0,1,A,A,A,2.3,3.2,5.5,M,M,M,-0.06,0.07,0.88
0,0,A,A,A,2,3.7,6.1,M,M,M,0.27,1.12,1.32
0,1,A,A,S,2.3,3.6,4.1,M,M,M,0.41,0.79,1.16
1,0,A,A,A,3.1,4.9,7.3,M,M,M,1.03,1.09,1.51
0,0,A,A,A,2.4,3.4,5.5,M,M,M,0.83,1.29,1.27
0,0,A,A,A,5.6,7.7,9.3,M,M,M,0.49,1.22,1.28
0,0,A,A,A,5.6,7.3,9,M,M,M,-0.22,1.4,1.4
1,0,A,A,A,3.3,2.6,6.8,M,M/V,M,0.33,1.07,1.77
1,0,A,A,S,2.9,7.1,9.7,M,M,M,0.9,1.75,1.78
0,0,A,A,S,4.4,7.1,8.8,M,M,M,0.69,1.52,1.61
0,0,A,A,A,4.8,8.3,9.9,M,M,M,1.51,1.88,1.7
0,0,A,A,A,2.4,5.6,9,M,M,M,0.52,1.08,1.75
0,1,A,A,A,2.3,4,5.6,G,R,R,0.25,1.03,1.61
0,0,A,A,A,2.6,3.9,5.9,G,R,R,0.41,0.53,1.08
0,1,A,A,A,2.3,3.5,4,G,M/R,R,0.62,0.67,0.75
0,0,A,A,A,2.1,3.8,5.7,G,R,R,0.68,0.77,1.17
0,1,A,A,A,2.8,4.2,6.8,G,R,R,0.58,0.71,1.33
0,0,A,A,A,2.6,4,6.4,G,M/R,R,0.56,1.01,1.64
0,0,A,A,A,2.4,3.6,6.5,G,R,R,0.68,0.81,1.06
0,1,A,A,A,2.3,3.9,5,M/G,M/G,R,0.51,0.88,1.1
0,0,A,A,A,2.4,3.6,4.3,M/R,M/R,R,0.45,0.72,0.94
0,0,A,A,A,2.3,3.3,5.1,M/R,R,M/R,0.47,0.6,1.16
0,0,A,A,A,2.6,3.8,5.2,G,M/R,R,0.67,0.82,1.04
0,0,A,A,A,2.3,3.4,4.5,G,R,R,0.37,0.48,0.82
0,0,A,A,A,2.8,4.1,6.2,G,M/R,M/R,-0.03,0.6,0.59
0,0,A,A,A,2,3.2,5.9,G,M/R,R,0.37,0.4,0.59
0,0,A,A,S,3.1,7.4,9.7,G,M/R,M/R,1.26,1.75,1.82
0,0,A,A,M,3.1,6.3,8.3,G,M/R,M/R,0.46,1.14,1.33
0,0,A,A,S,3,4.8,7.7,M/G,M/G,M/R,0.39,0.98,1.27
0,0,A,A,M,3.1,5.5,7.6,M,M,M/R,0.34,1.14,1.61
0,0,A,A,M,3,5.1,6.7,M,M/R,R,0.24,0.81,1.2
0,0,A,A,H,2.6,4.8,8.1,M/R,M/R,M/R,0.51,1.15,1.21
0,0,A,A,S,2.3,4.1,6.1,M,M,M/R,0.34,0.84,0.91
1,0,A,A,M,2.5,6.6,9.3,M/G,M,M,-0.01,0.94,1.16
0,0,A,A,M,2,3.6,6,M,M,M,0.29,0.35,0.87
0,0,A,A,A,2.3,4.4,6.7,M,M,M,0.43,0.75,0.83
0,0,A,A,A,2.8,5.1,7.4,M,M,M,0.34,0.5,0.61
0,0,A,A,S,2.6,5.5,7.7,M/R,M/R,M,0.03,0.03,0.37
2,0,A,A,H,2.2,4.8,8,M/R,M,M,-0.07,-0.13,0.08
0,0,Absent,None,None,2,4.2,6.8,R,R,R,0.25,0.86,1.24
0,0,Absent,None,None,1.7,3.9,7.1,R,R,R,0.28,0.47,0.91
0,0,Absent,None,None,2.4,4.9,7.3,R,R,R,0.49,0.8,0.88
0,0,Absent,None,None,1.4,4.2,6.6,R,R,R,0.73,0.91,1.11
0,0,Absent,None,None,2.7,4.6,7.1,R,R,R,0.88,0.75,0.87
0,0,Absent,None,None,2.2,4.2,6.8,R,R,R,0.51,0.88,0.86
0,0,Absent,None,None,2.2,4.4,6.7,R,M,M,0.46,0.62,0.86
0,0,Absent,None,None,1.9,4.3,6.4,R,M,R,0.31,0.79,0.95
0,0,Absent,None,None,1.7,3.7,5.6,R,R,R,0.24,0.61,0.86
0,0,Absent,None,None,2.1,4.2,6.1,R,R,R,0.4,0.63,1.03
0,0,Absent,None,None,1.8,3.2,5.6,R,R,R,0.55,0.92,0.97
0,0,Absent,None,None,1.3,3.8,6.5,R,R,R,0.34,0.58,0.98
0,0,Absent,None,None,1.4,3.6,5.8,R,R,M,0.3,1.06,1.19
0,0,Absent,None,None,2.5,3.7,7.3,R,R,M,0.5,1.04,1.09
0,0,Absent,None,None,1.4,4.1,7,R,R,R,0.48,0.69,1.31
0,0,Absent,None,None,1.7,4.1,6.3,R,R,R,0.67,1.07,1.08
0,0,Absent,None,None,2.1,4.2,6.8,R,R,R,0.27,0.56,1
0,0,Absent,None,None,1.8,4.4,6.7,R,R,M,0.15,0.83,1.05
0,0,Absent,None,None,1.7,4.3,6.4,R,R,M,0.6,0.78,1.14
0,0,Absent,None,None,2,4.6,6.5,R,R,M,0.58,0.89,0.95
0,0,Absent,None,None,2.3,4.5,6.3,R,R,M,1.01,1.09,1.59
0,0,Absent,None,None,1.7,4,6.9,R,R,R,0.71,1.12,1.44
0,0,Absent,None,None,2,4.5,6.2,R,M,R,0.35,0.79,0.82
0,0,Absent,None,None,2.6,4.3,6.7,R,R,M,0.74,0.85,1.32
0,0,Absent,None,None,2,4,6.3,R,R,R,0.3,0.7,0.72
0,0,Absent,None,None,2,4.1,7.4,R,R,R,0.33,0.44,0.76
0,0,Absent,None,None,1.6,2.1,7.2,R,R,R,0.54,0.81,1.26
0,0,Absent,None,None,0.9,3.8,7.2,M,R,R,0.19,0.64,0.73
0,0,Absent,None,None,0.8,3.8,6.8,M,M,M,0.26,0.53,1.06
0,0,Absent,None,None,2.9,5.3,6.5,M,R,R,0.5,0.77,0.96
0,0,Absent,None,None,1.6,5,5.9,M,M,M,0.31,0.97,0.92
0,0,Absent,None,None,2.2,5.5,6.1,M,R,M,0.66,0.93,0.93
0,0,Absent,None,Low,2.3,4.7,8,R,R,R,0.36,1.09,1.37
0,0,Absent,None,None,2.6,4.7,6.9,R,R,R,0.47,0.74,1.07
0,0,Absent,None,None,2,5.6,8.2,R,R,R,0.02,0.37,0.89
0,1,Absent,None,Very Low ,2.4,4,5.9,R,R,R,0.02,0.41,1
0,2,Absent,None,None,3.5,5.9,6.9,R,R,R,0.11,0.29,1
0,1,Absent,None,None,2.5,5.9,6.7,R,R,R,0.15,0.64,1.2
0,6,Absent,None,Very Low ,2.3,5,5.8,R,R,R,0.47,0.79,1.15
0,3,Absent,None,Very Low ,2.1,5.2,5.5,R,R,R,0.18,0.43,0.56
0,1,Absent,None,None,1.5,4.2,7.5,R,R,R,0.08,0.4,0.98
0,6,Absent,None,Very Low ,2.6,3.6,5.6,R,R,R,0.03,0.46,0.9
1,0,Absent,None,None,1.7,4.7,5.9,R,R,R,0.02,0.03,1.12
0,3,Absent,None,None,1.4,3.8,5.3,R,R,R,0.02,0.56,1.21
0,1,Absent,None,None,1.6,4.2,5.6,R,R,R,0.22,0.95,1.45
0,3,Absent,None,None,1.2,5.1,7.2,R,R,R,0.19,0.43,1.02
0,5,Absent,None,None,1.1,6.1,8.4,R,R,R,0.02,0.38,0.68
0,0,Absent,None,Very Low ,3,5.1,7.2,R,R,R,0.35,0.78,0.77
0,0,Absent,None,None,2.4,6,7.4,R,R,R,0.16,0.79,1.04
0,0,Absent,None,Very Low ,1.7,2.9,6.5,R,R,R,0.17,0.32,1.04
0,0,Absent,None,Very Low ,0.6,4.1,6.2,R,M,R,0.27,0.32,1.23
0,0,Absent,None,Low,1.7,5,7.1,R,R,R,0.09,0.54,1.51
0,0,Absent,None,Low,1.6,4.1,6.8,M,R/M,R,0,0.26,0.44
0,1,Absent,None,Low,0.8,3.7,6.1,R,R,R,0,0.33,0.77
0,0,Absent,None,Low,1.9,5.5,9.1,R/M,R,R,0.16,0.77,1.2
0,0,Absent,None,Medium,1.9,5.7,8.6,R,R,R,0.22,0.73,1.06
0,0,Absent,None,High ,1.1,3.5,5.4,R,R,R,0.08,0.14,0.43
0,0,Absent,None,Very Low ,2.4,5.1,6.7,R,R,R,0.2,0.2,0.84
0,0,Absent,None,High,1.3,5.1,8.2,R,R,R,0.08,0.25,0.97
0,0,Absent,None,None,1.9,3.8,5.5,R,R,R,0,0.13,0.42
0,0,Absent,None,High,0.8,4.2,7.1,R,R,R,0.31,0.23,0.61
0,0,Absent,None,Low,2.1,3.7,5.8,R,R,R,0.05,0.25,0.71
0,0,Absent,None,Medium,1.9,4.1,5.8,R,R,R,0.12,0.37,0.57
0,0,Absent,None,Low,1.8,4.8,6.7,R,R,R,0.12,0.48,0.89
0,0,Absent,None,Very Low ,1.1,3.2,5.3,R,R,R,0.07,0.12,0.3
0,0,Absent,None,High,0.8,4.5,5.9,R,R,R,0.22,0.29,0.72
0,0,Absent,None,None,2.2,5.3,7.3,R/M,R,R,0.06,0.21,0.78
0,0,Absent,None,Low,2.7,4.7,7.9,R,R/M,R/M,0,0.04,0.48
0,0,Absent,None,Medium,2,4.2,7.8,R,R,R,0,0.23,0.33
0,0,Absent,None,Very Low ,1.8,4.5,6,R,R,R,0,0.18,0.67
0,0,Absent,None,Very Low ,2.3,3.4,5.7,R,R,R,0.04,0.06,0.2
0,0,Absent,None,High,1.8,3.9,5.9,R,R,R,0,0.2,0.41
0,0,Absent,None,Medium,0.7,4.4,7,R/M,R/M,R,0.02,0.32,0.45
0,0,Absent,None,Very Low ,1.7,4.9,8.2,M,M,R/M,0.22,0.56,0.7
0,0,Absent,None,None,2.1,4.6,8.3,M,M,M,0.03,0.21,0.42
0,0,Absent,None,Medium,0.6,4.5,8.1,M,M,M,0.14,0.24,0.36
0,0,Absent,None,Medium,1.9,3.3,7.5,R,M,M,0.02,0.03,0.41
0,0,Absent,None,Medium,2.4,4.6,8.1,M,M,M,0.01,0.06,0.13
0,0,Absent,None,Low,2.2,4.9,7.5,M,M,R,0.01,0.2,0.2
0,0,Absent,None,Low,1.9,4.5,8,M,M,M,0.01,0.02,0.23
0,0,Absent,None,Low,2.1,5.2,9.5,R,M,M,0.13,0.65,1.07
0,0,Absent,None,Low,2.2,4.6,6.8,M,M,R,0.01,0.38,1.18
0,0,Absent,None,High,0.9,3.9,6.1,M,M,M,0.31,0.47,0.53
0,0,Absent,None,Low,0.6,3.3,4.7,M,M,M,0.01,0.64,0.73
0,1,Absent,None,None,2,4.7,4.4,R/M,R/M,R/M,0.51,0.67,0.96
0,0,Absent,None,None,1.4,2.3,5,R/M,R/M,R/M,0.21,0.61,0.79
0,0,Absent,None,None,1.5,2.1,4.9,R/M,R/M,R/M,0.17,0.51,0.82
0,0,Absent,Very Low ,None,1.2,3.1,5,R/M,R/M,R/M,0.14,0.42,0.85
0,0,Absent,Very Low ,None,1.5,3.3,6.2,R/M,R/M,R/M,0.05,0.28,0.63
0,0,Absent,None,None,1.6,3,6.1,R/M,R/M,R/M,-0.05,0.09,0.81
0,0,Absent,Very Low,None,1.5,3.2,5.4,R/M,R/M,R/M,0.09,0.7,0.8
0,0,Absent,Very Low,None,1.9,3.7,5.6,R/M,R/M,R/M,0.68,1.13,1.24
0,0,Absent,Very Low,None,1.6,3,5.3,R/M,R/M,R/M,0.26,0.51,1.01
0,0,Absent,Very Low,None,1.5,3,6.1,R/M,R/M,R/M,0.4,0.98,0.99
0,0,Absent,None,None,1.6,3.2,5,R/M,R/M,R/M,0.28,1.09,0.64
0,0,Absent,None,None,1.4,3.1,5.2,R/M,R/M,R/M,0.38,0.99,1.12
0,0,Absent,None,None,1.4,3.4,4.9,R/M,R/M,R/M,0.17,1.1,1.05
0,0,Absent,Very Low,None,1.7,3.1,4.8,R/M,R/M,R/M,0.28,1.02,1.14
0,0,Absent,None,None,1.2,3,5.5,M,R/M,R/M,0.11,1.24,1.27
0,0,Absent,None,None,1.1,2.8,4.4,R/M,R/M,R/M,0.11,0.81,1.21
0,0,Absent,None,None,1.1,2.7,4.1,R/M,R/M,R/M,0.32,0.78,0.94
0,0,Absent,None,None,1.2,2.8,4.8,R/M,R/M,R/M,0.42,0.86,1.07
0,0,Absent,Very Low,None,1.2,2.7,5.1,R/M,R/M,R/M,0.24,1.01,1.41
0,0,Absent,None,None,2,3.4,5.7,R/M,R/M,R/M,0.43,0.73,1.07
0,0,Absent,Very Low,None,1.3,3,4.7,R/M,R/M,R/M,0.28,0.82,1.27
0,0,Absent,None,None,1.6,3.5,4.7,R/M,R/M,R/M,0.36,0.75,1.16
0,0,Absent,None,None,1.3,2.9,4.8,R/M,R/M,R/M,0.21,0.75,1.23
0,0,Absent,None,None,1.4,3.3,5.1,R/M,R/M,R/M,0.25,1.03,1.15
0,0,Absent,None,None,0.8,2.8,4.6,R/M,R/M,R/M,0.18,0.75,1.15
0,0,Absent,Very Low,None,1.1,2.4,4.4,R/M,R/M,R/M,0.15,0.84,0.99
0,0,Absent,Very Low,None,1.7,3,4.9,R/M,R/M,R/M,0.1,0.51,0.86
0,0,Absent,Very Low,None,1.8,3,5.4,R/M,R/M,R/M,0.15,0.28,1.04
0,0,Absent,Very Low,None,1.3,3,4.8,R/M,R/M,R/M,0.07,0.63,0.83
0,0,Absent,None,None,1.4,3.1,4.9,R/M,R/M,R/M,0.12,0.32,0.84
0,0,Absent,None,None,1.8,3.2,4.8,R,R/M,R/M,0,0.41,0.62
0,0,Absent,None,Medium,3.1,5,7.1,M,M,M,0.6,0.89,0.96
0,0,Absent,None,None,4.3,5.3,7.9,M,M,M,1.05,0.76,0.88
0,0,Absent,None,None,3.2,4.5,5.7,M,M,M,0.71,0.87,1.05
0,0,Absent,None,Very Low ,2,3.3,4.7,M,M,M,0.3,0.67,0.99
0,0,Absent,None,Very Low ,2.3,3.1,4.2,M,M,M,0.5,0.75,1.05
0,0,Absent,None,None,2.5,4,4.5,M,M,M,0,0.21,0.65
0,0,Absent,None,None,3.2,4.4,5.4,M,M,M,0.08,0.19,0.6
0,0,Absent,None,Very Low ,3.1,4.7,6.3,M,M,M,0.06,0.11,0.46
0,3,Absent,None,Low,2.9,4.9,6.6,M,M,M,0,0.47,1.11
0,0,Absent,None,None,2.2,2.9,3.6,M,M,M,0.26,0.13,0.83
0,0,Absent,None,Low,2.9,4.4,5,M,M,M,0.05,0.34,0.99
0,0,Absent,None,Low,1.7,4,6.2,M,M,M,0.33,0.9,1.15
0,0,Absent,None,Very Low ,3.6,5.7,9,M,M,M,0.48,0.68,0.82
0,0,Absent,None,Very Low ,2.8,5.3,7.7,M,M,M,0.78,0.88,0.91
0,0,Absent,None,Very Low ,3.1,4.8,6.1,M,M,M,0.1,0.63,1.37
0,0,Absent,None,Low,3.1,5.1,6.6,M,M,M,0.35,0.89,1.19
0,0,Absent,None,None,1.8,3.1,4.9,M,M,M,0.08,0.36,1.07
0,0,Absent,None,None,2.6,7.3,10.2,M,M,M,0.28,0.65,1.44
0,0,Absent,None,None,2.7,7.6,11.6,M,M,M,0.02,1.06,1.21
0,0,Absent,None,None,2.1,7.2,10.8,M,M,M,0.17,0.76,1.15
0,0,Absent,None,Low,2.5,5.6,8.1,M,M,M,0.15,0.5,1.21
0,0,Absent,None,Low,2.1,4.2,7.4,M,M,M,0.3,0.66,1.28
0,0,Absent,None,None,5.3,7.7,11.1,M,M,M,0.11,0.4,0.9
0,0,Absent,None,None,1.3,6.6,9.2,M,M,M,0.25,0.84,0.9
0,0,Absent,None,None,1.7,5.5,10,M,M,M,0.2,0.49,1.14
0,0,Absent,None,Low,3.6,7.1,10.8,M,M,M,0.17,1.25,1.38
0,0,Absent,None,Very Low ,3,9.6,10.4,M,M,M,0.08,0.37,1.58
0,0,Absent,None,Very Low ,5.2,7.6,12.3,M,M,M,0.03,0.62,1.13
0,0,Absent,None,Very Low ,4.9,7.8,13.2,M,M,M,0.07,1.49,1.72
0,0,Absent,None,High,2,4,8.5,M,M,M,0.27,1.18,1.51
0,0,Absent,None,Medium,1.5,3,9.2,M,M,M,0.12,0.66,0.98
0,0,Absent,Very Low ,Very Low ,1.9,2.2,3.1,M,M,M,0.15,0.26,0.47
0,0,Absent,Low,Low ,1.7,2.5,3.6,M,M,M,0.03,0.07,0.25
0,0,Absent,Low,High,1.6,3,3.7,M,M,M,0.02,0.18,0.12
0,1,Absent,None,Very High,0.9,2.9,6.9,M,M,M,0,0.37,0.66
0,0,Absent,Very Low ,High ,0.6,3,5.6,M,M,M,0,0.03,0.21
1,0,Absent,None,High ,1.6,3,4.8,M,M,M,0,0.03,0.18
0,0,Absent,None,High,1.8,2.6,4.5,M,M,M,0,-0.04,0.01
0,0,Absent,None,Low,1.7,2.8,4.5,M,M,M,0.01,0.21,0.43
0,0,Absent,None,Low,0.7,2.2,3.7,M,M,M,0,0.16,0.38
0,1,Absent,None,Low,0.8,3.6,4.8,M,M,M,0.18,0.51,0.73
0,1,Absent,None,Medium,1.1,2.5,3.5,M,M,M,0.08,0.42,0.47
0,0,Absent,None,Very Low ,3.9,7,9,M,M,M,0.05,1.04,1.07
0,0,Absent,None,Medium,1.8,3.3,6.2,M,M,M,0.12,0.24,0.59
0,0,Absent,None,Medium,2.2,3.8,4.9,M,M,M,0,0.65,0.72
0,0,Absent,None,High,2.5,4,6.3,M,M,M,0.01,0.29,0.69
0,0,Absent,None,Low,1.5,3.2,5.3,M,M,M,0.03,0.08,0.31
0,0,Absent,None,Very Low ,2,2.7,4.7,M,M,M,0,0.17,0.72
0,0,Absent,None,Low,2.4,4,4.6,M,M,M,0.28,0.35,0.36
0,1,Absent,None,Low,2,3,3.4,M,M,M,0.51,0.5,0.54
0,0,Absent,None,Low,2.5,3.2,4.1,M,M,M,0,0.25,0.67
0,0,Absent,None,Medium,4.4,5.8,9,M,M,M,0.46,0.93,1
2,0,Absent,None,Medium,3.2,4.7,6.5,M,M,M,0.3,0.64,1
0,0,Absent,None,Low,3.6,4.8,5.5,M,M,M,0.8,1.19,1.16
0,0,Absent,None,Low,1.7,2.7,4.4,M,M,M,0.34,0.73,1.03
0,0,Absent,None,None,1.9,3.4,5.5,M,M,M,0.25,0.42,0.69
0,0,Absent,None,None,2.8,3.6,4.8,M,M,M,0.18,0.29,0.68
0,0,Absent,None,None,3,3.8,5.3,M,M,M,0.2,0.37,0.81
0,0,Absent,None,None,3,4.4,7,R,R,R,0.39,0.75,1.33
0,0,Absent,None,None,2.3,4.2,6.6,R,M,R,0.72,0.82,1.18
0,0,Absent,None,None,3.1,4.4,6.5,M,M,M,0.88,0.82,1.24
0,0,Absent,None,None,2.1,4.5,7,R,R,M,0.65,1.05,1.11
0,0,Absent,None,None,4.4,5,6.7,R,R,R,0.79,1.17,1.63
0,0,Absent,None,None,2.8,4.6,5.6,R,M,M,0.33,0.75,0.79
0,0,Absent,None,None,2.5,4.3,6.3,R,R,R,0.2,1.11,1.12
0,0,Absent,None,None,2.3,4.3,5.8,R,R,M,0.41,0.85,1.08
0,0,Absent,None,None,2.2,4.5,6.5,M,M,M,0.22,0.88,0.88
0,0,Absent,None,None,1.7,3.5,5.3,R,M,M,0.46,0.62,1.02
0,0,Absent,None,None,2.1,3.8,5.4,M,R,M,0.38,0.79,0.84
0,0,Absent,None,None,2.6,4.3,6.9,M,R,R,0.56,0.97,1.31
0,0,Absent,None,None,2.5,5.5,5.9,R,R,R,0.23,1.07,0.97
0,0,Absent,None,None,2.3,4.3,6.3,R,M,R,0.15,1.05,1.15
0,0,Absent,None,None,3.1,4.6,6.2,R,M,M,0.32,1.28,1.03
0,0,Absent,None,None,3.1,4.4,6.8,R,R,R,1.06,1.27,1.24
0,0,Absent,None,None,2.5,4.3,6.6,R,M,R,0.48,0.89,1.68
0,0,Absent,None,None,3.7,4.2,6,R,R,R,0.33,1.03,1.45
0,0,Absent,None,None,3,4.3,6.4,M,R,R,0.58,0.79,0.95
0,0,Absent,None,None,2.4,3.4,6,M,M,M,0.27,0.77,0.99
0,0,Absent,None,None,2,4,6.2,R,R,R,0.36,0.89,1.27
0,0,Absent,None,None,2.6,4.9,6.2,R,M,M,0.23,1.04,0.91
0,0,Absent,None,None,3,4.3,6.4,M,M,M,0.43,0.89,1.63
0,1,Absent,None,None,2,4.6,5.2,R,R,R,0.79,0.69,1.28
0,1,Absent,None,None,2.8,4,6.2,R,R,R,0.67,1.15,1.14
0,0,Absent,None,Very Low ,2.1,4.6,6.7,R,R,R,-0.03,0.33,0.78
0,3,Absent,None,None,2.1,3.6,6.1,R,R,M,-0.09,0.38,0.73
0,0,Absent,None,None,3.4,5.5,7.3,R,R,R,0.01,0.89,0.88
0,1,Absent,None,None,2.9,5.8,7.5,R,R,R,0.38,1.07,1.19
0,0,Absent,None,None,2.4,5,6.7,R,R,R,0.36,0.92,0.83
0,0,Absent,None,None,2.4,4.8,6,R,R,R,0.58,0.62,0.82
0,2,Absent,None,Very Low ,2.3,4.3,6.3,R,R,R,0.13,0.81,0.6
0,1,Absent,Very Low,None,2,4,7.6,R,R,R,0.03,0.43,0.44
1,1,Absent,None,None,2.3,3.8,5.7,R,R,R,0.66,0.98,1.15
0,4,Absent,None,None,3.2,5.2,7,R,R,R,0.03,1.13,1.1
0,0,Absent,None,None,2.3,4.7,5.1,R,R,R,0.71,1.33,1.62
0,3,Absent,None,None,2.8,4.2,6.2,R,M,M,0.13,0.77,1.14
0,0,Absent,Very Low,Very Low ,3.4,5.8,8,R,R,M,0.23,0.96,0.8
0,1,Absent,None,None,2.6,5.7,6.9,R,R,R,0.42,1.04,0.67
0,0,Absent,None,None,2.2,4.5,6.6,R,R,R,0.24,0.97,1.05
0,3,Absent,None,Very Low ,2,3.6,5.5,R,R,R,0.12,0.32,0.46
0,0,Absent,None,Very Low ,1.1,2.5,5.7,M,M,R,0.22,0.31,0.71
0,0,Absent,None,Low,2.5,3.8,5.8,R,R,R,0.34,0.56,1.11
0,0,Absent,None,High,1.8,3.6,6.4,M,M,M,0.17,0.33,0.48
0,0,Absent,None,High,2.2,4.2,6.1,R,R,M,0.37,0.47,0.79
0,0,Absent,None,None,0.7,3.4,5.4,R,R,M,0.35,0.15,0.43
0,0,Absent,None,High,2,3.1,6.4,M,M,M,0.22,0.21,0.94
0,0,Absent,None,High,1.4,2.8,5.4,M,M,M,0.14,0.35,1.13
0,0,Absent,None,None,1.6,4.6,6.6,M,M,M,0.18,0.3,0.54
0,0,Absent,None,Medium,1.6,3.3,4.8,M,M,R,0.28,0.5,0.75
0,0,Absent,None,Low,1.3,2.2,5.3,M,M,M,0.29,0.22,0.39
0,0,Absent,None,Low ,1.5,3,5.7,M,M,M,0.16,0.1,0.14
0,0,Absent,None,Very Low ,1.6,3.7,5.3,M,M,M,0.04,0.07,0.44
0,0,Absent,None,Medium,1.7,5.5,8,M,M,M,-0.8,-0.13,0.01
0,0,Absent,None,Medium,1.5,3.8,5.7,M,M,M,-0.08,-0.12,0.12
0,0,Absent,Very Low,None,1.6,4.4,7.7,M,R,R,0.13,0.61,0.61
0,0,Absent,None,Very Low ,1.7,4,6.5,M,M,M,0.26,0.32,0.83
0,0,Absent,None,Medium,1.4,2.1,5.1,M,M,M,0.06,0.26,0.69
0,0,Absent,None,None,1.2,2.7,4.5,R,R,R,0.19,0.65,0.33
0,0,Absent,None,None,1.4,2.8,4.3,R,R,R,0.12,0.54,1.14
0,0,Absent,Very Low,None,1.3,2.5,4.2,R,R,R,0.1,0.87,0.88
0,0,Absent,Very Low,None,1.7,2.8,4.5,R,R,R,0.71,1.03,1.37
0,0,Absent,Very Low,None,1.6,2.5,4.1,R,R,R,0.56,0.95,1.46
0,0,Absent,Very Low,None,1.5,2.5,4.4,R,R,R,0.27,0.78,0.94
0,0,Absent,Very Low,None,1.2,2.7,4.4,R,R,R,0.12,0.9,1.21
0,0,Absent,Very Low,None,1.6,2.7,4.3,R,R,R,0.36,0.78,1.58
0,0,Absent,Very Low,None,1.7,2.5,4.3,R,R,R,0.34,0.8,0.89
0,0,Absent,Very Low,None,1.7,2.6,3.9,R,R,R,0.42,0.99,1.11
0,0,Absent,Very Low,None,1.2,2.3,3.8,R,R,R,0.33,0.79,1.14
0,0,Absent,Very Low,None,1.3,2.4,3.5,M,M,R,0.38,1.01,0.87
0,0,Absent,Very Low,None,1,2.1,3.5,R,R,R,0.23,0.87,1.01
0,0,Absent,Very Low,None,1.5,2.6,4.5,R,M,R,0.31,0.66,0.82
0,0,Absent,Very Low,None,1.7,2.6,4.1,R,M,R,0.18,0.47,0.75
0,0,Absent,Very Low,None,1.7,2.7,4.4,M,M,R,-0.16,0.06,0.4
0,0,Absent,Very Low,None,1.6,2.3,4.1,M,M,R,0.15,0.24,0.42
0,0,Absent,Low,None,1.7,2.6,4.6,M,M,R,0.1,0.5,0.71
0,0,Absent,Very Low,None,1.7,2.5,4.4,M,M,R,0.1,0.5,0.71
0,0,Absent,Very Low,None,3.9,5,6.1,M,M,M,0.82,0.66,1.32
0,2,Absent,Very Low,Very Low ,3.2,5.2,6.1,M,M,M,0.37,0.72,1.53
0,0,Absent,None,None,4,5,5.8,M,M,M,-0.14,0.51,1.3
0,0,Absent,None,None,4.1,6.1,7.5,M,M,M,-0.12,-0.02,1.39
0,0,Absent,None,None,4.8,6.5,7.6,M,M,M,0.92,1.64,1.34
0,0,Absent,None,None,2.3,4.2,5.9,M,M,M,0.11,0.94,1.13
0,0,Absent,None,High,3,5.8,7,M,M,M,0.41,1.02,1.32
0,0,Absent,Very Low,Very Low ,5.6,7.5,10.8,M,M,M,0.56,1.24,1.26
0,0,Absent,None,Low,4.9,6.8,7.7,M,M,M,0.54,1.12,1.48
0,0,Absent,None,Very Low ,2.7,4.1,6.1,M,M,M,0.28,0.62,0.94
0,0,Absent,Very Low,Very Low ,6.1,8.6,13,M,M,M,0.09,0.75,1.45
0,0,Absent,None,Very Low ,2.1,9.3,11.6,M,M,M,-0.02,0.43,1.08
0,0,Absent,None,Very Low ,5.7,8.5,10.1,M,M,M,0.36,0.77,1.43
0,0,Absent,None,Very Low ,2.6,8.4,11.2,M,M,M,0.2,1.06,1.17
0,0,Absent,None,None,2.9,6.4,10.1,M,M,M,0.41,0.88,0.31
0,0,Absent,None,Very Low ,5.6,7.5,12.1,M,M,M,0.52,0.09,1.77
0,0,Absent,None,Low,4.4,7.6,12,M,M,M,-0.06,0.79,1.6
0,0,Absent,None,Low,6.5,9.6,13,M,M,M,0.02,1.46,1.85
0,0,Absent,None,Medium,2.2,5.1,10.7,M,M,M,0.65,0.92,1.09
0,1,Absent,Very Low,Very Low ,3,3.6,4,M,M,M,0.31,0.26,0.5
0,0,Absent,None,Low ,2.7,3.7,4.7,M,M,M,0.21,0.49,0.52
0,0,Absent,None,Low ,1.7,3.5,4.3,M,M,M,0.28,0.41,0.11
0,0,Absent,None,Very Low ,1.5,3.5,5.1,M,M,M,0.17,0.45,0.54
0,0,Absent,None,Low ,3.6,5.9,8.2,M,M,M,0.11,0.88,1.1
0,0,Absent,None,Very Low ,2.3,3.6,4.9,M,M,M,0.04,0.25,0.86
0,0,Absent,None,Very Low ,1.7,3.2,4.6,M,M,M,0.07,0.42,0.8
0,0,Absent,None,Very Low ,1.4,2.5,3.7,M,M,M,0.25,0.5,0.59
0,0,Absent,None,High ,2.3,3.8,5,M,M,M,0.42,0.74,0.86
0,0,Absent,None,Medium,2.1,3.3,4.2,M,M,M,0.27,0.77,1.06
0,0,Absent,None ,Very Low ,2.2,3.7,5.5,M,M,M,0.3,0.53,0.67
0,0,Absent,None,High,3.3,5,6.3,M,M,M,0,0.55,0.78
0,0,Absent,None,High,3.1,4.6,6,M,M,M,0,0.17,0.22
1,0,Absent,None,None,2.5,4.2,5.9,M,M,M,0,0.49,0.73
0,0,Absent,None,High,2.5,3.2,4.6,M,M,M,0.2,0.56,0.91
0,0,Absent,None,Low,3.5,4.6,5.3,M,M,M,0.07,0.43,0.93
0,0,Absent,None,Medium,6,6,9.5,M,M,M,0.97,0.72,1.13
0,0,Absent,None,High,3.4,4.7,5.4,M,M,M,0.28,0.82,1.18
0,0,Absent,None,Low,3.5,4.4,5.7,M,M,M,0.57,0.73,0.66
0,0,Absent,None,None,3.8,4.4,5.2,M,M,M,0.31,0.37,0.68
0,0,Absent,None,Very Low ,2.1,4.4,7.2,R,R,R,0.83,0.96,0.71
0,0,Absent,None,Low,2.2,4.5,7.3,R,R,R,0.83,0.86,0.72
0,0,Absent,None,None,2.6,3.3,5,R,R,R,0.21,0.52,0.68
1,0,Absent,None,Very Low ,2.5,3.6,4.6,R,R,R,0.18,0.51,0.68
0,0,Absent,None,Very Low ,1.7,2.4,4.4,R,R,R,0.31,0.47,0.85
0,0,Absent,None,Low,1.9,3,4.7,R,R,R,0.38,0.65,0.7
0,0,Absent,None,Very Low ,1.9,2.6,3.4,R,R,R,0.4,0.62,0.94
0,0,Absent,None,Very Low ,1.9,3.2,4.7,R,R,R,0.28,0.75,1.06
0,0,Absent,None,Low,2,4,6.2,R,R,R,0.47,0.73,0.67
0,0,Absent,None,Very Low ,2.4,5.5,7.7,R,R,R,0.36,0.92,0.67
0,0,Absent,None,Low,2.7,6,8.1,R,M,M,0.4,0.73,0.56
0,1,Absent,None,Very Low ,3.2,6,8.5,R,M,M,0.44,0.41,0.71
1,0,Absent,None,None,3,4.8,7.7,R,M,M,0.27,0.51,0.62
0,0,Absent,None,Very Low ,2.5,4.2,5.9,R,M,M,0.28,0.62,0.41
0,0,Absent,None,Very Low ,1.8,3.6,5,R,M,M,0.2,0.69,0.62
0,0,Absent,None,Very Low ,2.5,3.6,4.5,R,M,M,0.48,0.39,0.68
0,0,Absent,None,Very Low ,1.5,3,4.8,M,M,M,0.2,0.3,0.34
0,0,Absent,None,Very Low ,1.3,2.4,2.7,M,M,M,0.16,0.25,0.34
0,0,Absent,None,Very Low,1.7,2.6,3.2,M,M,M,0.31,0.3,0.38
0,0,Absent,None,Low,1.8,2.3,3.8,M,M,M,0.4,0.42,0.44
0,0,Absent,None,Very Low ,1.6,2.6,7,M,M,M,0.21,0.3,0.56
1,0,Absent,None,None,2.5,5.6,7.6,M,M,M,0.51,0.82,1.05
0,0,Absent,None,Very Low ,3.4,5.5,7.4,M,M,M,0.52,0.68,1.08
0,0,Absent,Very Low,Very Low ,2.5,5.4,7.2,M,M,M,0.25,0.49,0.81
0,0,Absent,None,Medium,0.8,1.5,1.6,M,M,M,0.13,0.01,0.17
0,2,Present,None,Very High ,1.1,2.1,2.6,M,M,M,0.38,0,0.67
0,0,Absent,None,High,0.6,1.4,1.6,M,M,M,0.1,0.2,0.3
0,0,Absent,None,Medium,0.7,1.8,1.8,M,M,M,0.2,0.2,0.16
0,0,Absent,Low,High ,2.1,2.4,2.8,M,M,M,0.16,0.32,0.57
0,0,Absent,None,Very High ,1.2,1.6,1.8,M,M,M,0.17,0.33,0.6
0,0,Absent,None,Very High ,0.9,1.8,2.1,M,M,M,0.05,0.08,0.07
0,0,Absent,None,Very High ,0.8,1.3,1.5,M,M,M,-0.01,0.05,0.08
0,0,Absent,None,Very High ,1.1,1.4,1.7,M,M,M,0.01,-0.07,-0.04
0,0,Absent,None,Very High ,1.2,1.6,1.9,M,M,M,-0.01,-0.1,-0.06
0,0,Absent,None,Very High ,1.7,2.5,3.5,M,M,M,-0.35,-0.33,-0.2
0,0,Absent,None,High,2,4.3,7.9,M,M,M,0.05,-0.01,-0.06
0,0,Absent,None,High,2.7,5.7,10.4,M,M,M,-0.04,0.06,0.28
0,0,Absent,None,Very High ,1.7,2.7,2,M,M,M,0.07,0.53,0.47
0,0,Absent,None,Very High ,0.6,1.7,2.2,M,M,M,0.17,0.46,0.68
0,0,Absent,None,None,0.7,1.6,2.1,M,M,M,0.16,0.4,0.6
0,0,Absent,None,None,2.8,5,7.5,R,R,R,0.42,0.61,0.73
0,1,Absent,None,None,3.3,5,7.9,R,R,R,0.57,1,0.62
0,0,Absent,None,None,2.6,5,7.2,R,R,R,0.72,1.04,0.68
0,0,Absent,None,None,3.1,6.2,8.5,R,R,R,0.46,0.77,0.67
0,1,Absent,None,None,3.8,6.6,8.2,R,R,R,0.28,0.97,1.49
0,0,Absent,None,None,3.4,5.6,9.2,R,R,R,0.17,0.55,0.56
0,0,Absent,None,None,2.5,6,8,R,R,R,0.35,0.65,1.8
0,0,Absent,None,None,3.5,6,8,R,R,R,0.51,0.71,0.84
1,1,Absent,None,None,3.3,5.6,8.1,R,R,R,0.24,0.31,0.86
0,0,Absent,None,None,3,5.7,7.9,R,R,R,0.15,0.64,0.69
0,0,Absent,None,None,3,5,9,R,R,R,-0.08,-0.06,0.09
0,0,Absent,None,None,2.8,4.3,8.3,R,R,R,-0.05,-0.16,0.59
0,0,Absent,None,None,2,4.4,5.8,R,R,R,0.58,0.71,1.04
0,0,Absent,None,None,2.6,5.6,9.2,R,R,R,0.2,0.84,1.35
0,0,Absent,None,None,2.8,4,7.2,R,R,R,0.55,0.97,1.21
0,0,Absent,None,None,2.7,6.3,8.7,R,R,R,0.63,0.81,1.29
0,0,Absent,None,None,2.6,5.2,8.9,R,R,R,0.41,0.65,0.92
0,0,Absent,None,None,2.7,6,7.9,R,R,R,0.17,1.18,1.01
0,1,Absent,None,None,2,4.6,6.8,R,R,R,0.68,1.26,1.11
0,0,Absent,None,None,3,6.4,7.7,R,R,R,0.72,0.83,0.55
0,0,Absent,None,None,2.7,4.4,6.1,R,R,R,0.53,1.03,1.36
0,0,Absent,None,None,2.6,5,7.6,R,R,R,0.35,0.75,0.83
0,0,Absent,None,None,2.7,6.4,8.1,R,R,R,0.39,0.82,0.52
0,0,Absent,None,None,2.5,5.9,9,R,R,R,0.42,1.12,0.48
0,0,Absent,None,Medium,1.5,2.4,2.5,M,M,M,0.63,0.69,0.84
0,0,Absent,None,None,1.5,2.5,2.7,M,M,M,0.45,0.54,0.86
0,0,Absent,Medium,None,2.1,3,3.4,M,M,M,0.05,0.69,1.19
0,0,Absent,None,Very Low ,1.4,3.4,3.7,M,M,M,0.42,0.47,0.43
0,0,Absent,None,None,1,2.4,3.3,M,M,M,0.33,0.95,0.9
0,0,Absent,None,None,1.2,2.6,3.5,M,M,M,0.35,0.97,0.88
0,0,Absent,Very Low,None,1,2.5,3.9,M,M,M,0.12,0.68,0.9
0,0,Absent,Very Low,Very Low ,1.8,2.6,2.9,M,M,M,0.06,0.72,0.53
0,0,Absent,High,None,1.8,2.6,3.4,M,M,M,0.74,0.85,0.79
0,0,Absent,None,None,1.9,2.2,2.9,M,M,M,0.45,0.59,0.64
0,0,Absent,None,None ,0.7,1.7,2.3,M,M,M,-0.1,-0.03,0.28
0,0,Absent,High,None,1.7,2.7,4,M,M,M,-0.12,-0.1,0.35
0,0,Absent,Low,Low,1.8,2.6,2.6,M,M,M,1,0.6,0.4
0,0,Absent,Very Low ,None,1.1,2.3,3.6,M,M,M,0.54,0.84,0.94
0,0,Absent,None,None,1.2,2.4,3.6,M,M,M,0.47,0.76,0.79
0,0,Absent,None,None,0.8,3.1,3.2,M,M,M,0.53,0.59,0.63
0,0,Absent,None,Very Low ,1,2.5,3.8,M,M,M,0.35,0.41,0.61
0,0,Absent,None,None,1.5,2.6,4.1,M,M,M,-0.37,0.06,0.5
0,0,Absent,None,None,2.1,3.1,4.1,M,M,M,0.08,0.12,0.75
0,0,Absent,None,Low,1.4,2.1,2.7,M,M,M,0.33,0.4,0.47
0,0,Absent,None,None,1.9,3.6,4.9,M,M,M,0.05,0.05,0.11
0,0,Absent,None,None,1.2,2.5,5.7,M,M,M,-0.16,-0.31,-0.14
0,0,Absent,None,Low,4.4,8,8,M,M,M,-0.18,-0.28,-0.23
0,0,Absent,None,Medium,1.7,3.6,6.9,M,M,M,0.36,-0.01,0.13
0,0,Absent,None,Very Low ,3,3.4,4.6,M,R,R,0.02,0.53,0.88
0,0,Absent,None,Very Low ,2.9,3.5,4.6,M,R,R,0.03,0.37,0.5
0,0,Absent,None,None,2.2,3.6,4.4,M,R,R,0.21,0.44,0.81
0,0,Absent,None,None,2.5,5,5.6,R,R,M,-0.39,-0.23,-0.22
1,0,Absent,None,None,1.9,4.2,5.4,R,R,M,-0.22,-0.1,1.16
0,0,Absent,None,Very Low ,2.5,3.8,4.5,R,M,M,0.09,0.58,0.91
1,0,Absent,Very Low ,None,1.2,3,3.6,R,M,R,0.16,0.37,0.79
0,0,Absent,None,Very Low ,3.3,4.5,5.2,R,M,R,0.65,0.32,0.57
0,0,Absent,None,None,2.1,4.3,4.6,M,M,M,0.3,0.39,0.66
0,0,Absent,Very Low,None,1.8,3.2,4.2,R,M,R,0.16,0.1,0.29
0,0,Absent,None,None,2.2,3.4,3.9,R,M,M,-0.03,-0.12,0.14
0,0,Absent,None,None,1.4,2.3,3.4,M,M,R,-0.11,-0.07,-0.32
0,0,Absent,None,Very Low ,1.5,2.1,2.9,R,R,R,0.04,0.01,-0.12
0,0,Absent,None,None,1.8,2.5,4.5,R,R,R,-0.07,-0.14,-0.26
0,1,Absent,None,Very Low ,2.4,2.7,5,R,R,R,-0.11,0.31,0.43
0,0,Absent,None,None,2.3,2.8,5.2,R,R,R,-0.12,0.36,0.45
0,0,Absent,None,None,2.1,4,4.4,R,R,R,0.25,0.59,0.6
0,1,Absent,None,None,2.6,4.5,4.6,R,R,R,0.3,0.77,0.32
0,0,Absent,Very Low,None,1.9,2.4,5.2,R,R,R,0.03,0.49,1
1,1,Absent,None,Very Low ,3.3,4.4,5.9,M,R,R,0.6,0.66,1.38
1,0,Absent,Very Low,None,2.1,4.1,6.1,R,R,R,0.3,0.35,1.39
0,0,Absent,None,None,3.1,5,7,R,R,R,1.26,1.22,1.35
1,1,Absent,Very Low,Very Low ,2.8,4.8,7.2,R,R,R,0.93,1.72,1.7
0,0,Absent,None,None,2.5,4.5,6.7,R,R,R,1.08,1.51,1.23
0,0,Absent,Very Low,Very Low ,2.4,4,5.6,R,R,R,0.96,1.39,1.52
0,0,Absent,None,None,2.4,4.2,7.1,R,R,R,0.1,0.8,1.37
0,1,Absent,Very Low,None,1.7,4.1,5.1,R,R,R,1.16,1.15,1.19
0,0,Absent,Low,None,2.1,3.9,6.5,R,R,M,0.66,0.85,1.29
0,0,Absent,Low,None,2.5,5.8,6.8,R,R,M,0.45,0.35,0.76
0,0,Absent,Low,None,1.8,5,6.2,R,R,M,-0.18,0.35,0.58
0,0,Absent,Very Low,None,2.4,3,5,R,M,M,0.26,0.66,0.65
1,0,Absent,None,None,1.8,4,4.9,R,M,M,0.39,0.83,0.93
1,0,Absent,Medium,None,2.4,4.1,6.5,R,M,M,0.63,1.1,0.73
0,0,Absent,None,Very Low ,2.4,4.5,5.6,M,R,M,0.63,0.67,0.76
0,2,Absent,Low,None,2,3.6,6.8,M,R,M,0.94,1.19,1.46
0,0,Absent,Low,None,1.8,3.9,5.4,R,M,M,0.55,0.72,0.99
0,0,Absent,Medium,None,2,3.6,6.1,M,M,M,0.35,0.8,1.03
0,0,Absent,Very Low ,None,1.7,3.7,6.2,M,R,R,0.38,1.04,1.36
0,0,Absent,None,None,0.6,1.2,1.6,M,M,M,0.04,0.22,0.11
0,0,Absent,None,None,0.4,1.2,1.7,M,M,M,0.02,0.16,0.22
0,0,Absent,None,None,0.5,1,1.6,M,M,M,-0.01,-0.03,0.06
0,0,Absent,None,Low,0.8,1.2,1.6,M,M,M,-0.24,0.06,0.16
0,0,Absent,Very Low,Low,0.9,1.5,2.8,M,M,M,0.01,0.27,0.19
0,0,Absent,None,None,0.5,1.5,2.3,M,M,M,0.12,0.06,0.19
0,0,Absent,Very Low,None,0.6,1.3,2.3,M,M,M,-0.05,-0.08,-0.15
0,0,Absent,None,None,0.7,1.5,2.6,M,M,M,0.08,0.1,0.03
0,0,Absent,None,None,0.6,1.2,2.5,M,M,M,-0.05,0.07,0.11
0,0,Absent,None,None,0.7,1.3,2.4,M,M,M,0.05,0.04,0.08
0,0,Absent,None,None,0.5,1,2.3,M,M,M,0.04,0.05,0.18
0,0,Absent,None,Very Low,0.4,1.2,2.2,M,M,M,0.04,0.06,0.05
0,0,Absent,Very Low,None,0.5,1.2,2.5,M,M,M,0.01,0.07,0.06
0,0,Absent,None,None,0.4,1.3,2.4,M,M,M,0.01,0.02,0.11
0,0,Absent,None,None,0.7,1.5,2.3,M,M,M,-0.04,0.03,0.19
0,0,Absent,None,None,0.9,1.8,2.3,M,M,M,0.08,0.08,0.11
0,0,Absent,None,None,0.8,1.7,2.5,M,M,M,0.04,0.03,0.05
0,0,Absent,Very Low ,None,0.3,1.2,2.2,M,M,M,0.01,0.02,0.11
0,0,Absent,None,None,0.7,1.3,2.6,M,M,M,0.01,0.12,0.16
0,0,Absent,Low ,None,0.6,1.3,2.3,M,M,M,0.03,0.02,0.19
0,0,Absent,None,Very Low,0.4,2,2.6,M,M,M,0.02,0.04,0.09
0,0,Absent,Very Low,Very Low,0.4,1.5,2.3,M,M,M,0.02,0.07,0.08
0,0,Absent,None,Very Low,0.7,1.3,2.5,M,M,M,0.04,0.08,0.1
0,0,Absent,None,None,0.4,1.4,2.2,M,M,M,0.02,0.1,0.15
0,0,Absent,None,None,0.5,1.2,2.3,M,M,M,0.01,0.07,0.2
0,0,Absent,None,Very Low,0.6,1.3,2.4,M,M,M,0.04,0.16,0.19
0,0,Absent,Very Low,Very Low,0.3,1,2.3,M,M,M,0.01,0.08,0.12
0,0,Absent,Very Low,Very Low,0.4,1.2,1.9,M,M,M,0.04,0.1,0.25
0,0,Absent,None,None,1.9,3,3.4,R,M,M,0.04,0.33,0.5
0,0,Absent,None,None,2,2.8,3.3,M,M,M,0.19,0.51,0.55
0,0,Absent,None,None,1.5,3,3.7,R,M,M,0.14,0.23,0.31
0,0,Absent,None,None,2.1,3,3.7,R,M,M,0.11,0.31,0.34
0,0,Absent,None,None,2.2,3.4,4,R,R,M,0.15,0.46,0.41
0,0,Absent,None,None,2.2,3.4,3.8,R,M,M,0.05,0.09,0.35
0,0,Absent,None,None,2,3.4,3.6,R,M,M,0.24,0.35,0.41
0,0,Absent,None,None,2,3,3.2,M,M,M,0.15,0.22,0.36
0,0,Absent,None,Very Low,1.6,2.4,3.1,M,M,M,0.1,0.25,0.22
0,0,Absent,Very Low,None,2,3,3.3,R,M,M,0.21,0.22,0.25
0,0,Absent,None,None,2.2,3.6,4.6,R,M,M,0.22,0.31,0.43
0,0,Absent,None,Very Low,2.1,3,4.2,R,M,M,0.02,0.16,0.43
0,0,Absent,None,None,1.8,3.6,4.8,R,M,M,0.06,0.16,0.32
0,0,Absent,None,None,1.6,3.2,4.8,R,M,M,0.06,0.18,0.34
0,0,Absent,None,None,2,3.7,5.4,R,M,M,0.08,0.38,0.4
0,0,Absent,None,None,2.3,3.3,6.2,R,M,M,0.43,0.48,0.48
0,0,Absent,None,Very Low,2.6,4.6,7.2,R,M,M,0.38,0.43,0.37
0,0,Absent,None,Very Low,2.9,5,5.9,R,M,M,0.25,0.22,0.42
0,0,Absent,None,None,3,4.2,6.1,R,M,M,0.12,0.21,0.3
0,0,Absent,None,None,2.6,3.6,5.8,R,M,M,0.19,0.3,0.46
0,0,Absent,None,None,2.7,3.2,5,R,M,M,0.31,0.22,0.34
0,0,Absent,Very Low,None,2,2.9,3.8,R,M,M,0.2,0.23,0.33
0,0,Absent,None,Very Low,1.6,2.4,3.7,R,M,M,0.19,0.21,0.22
0,0,Absent,None,None,2,3.4,4.4,R,R,M,0.27,0.2,0.36
2,0,Absent,None,None,2,4,5.8,R,R,M,0.19,0.54,0.34
0,0,Absent,Very Low,None,2,3.4,4.8,R,M,M,0.27,0.28,0.21
0,0,Absent,Very Low,None,2.6,3.6,4.2,R,R,M,0.19,0.21,0.53
0,0,Absent,Very Low,None,2.3,3.4,4.3,R,M,M,0.1,0.26,0.36
0,0,Absent,None,None,2.3,3.4,4.3,R,M,M,0.1,0.28,0.36
0,0,Absent,None,None,1.6,3,4.2,R,M,M,0.19,0.06,0.45
0,0,Absent,Very Low,None,2,3.2,4.2,R,M,M,0.37,0.39,0.42
0,0,Absent,Very Low,None,2,3.5,4.2,R,R,M,0.32,0.3,0.45
0,1,Absent,None,None,1.4,2,2.7,R,R,M,0.05,0.13,0.03
0,0,Absent,None,Very Low ,1.5,2.2,2.4,R,R,R,0.12,0.04,0.05
0,0,Absent,None,Very Low,1.7,2.2,3.1,R,R,M,0.1,0.03,0.05
0,0,Absent,None,Very Low,1.6,2,2.4,R,R,M,0.07,0.09,0.03
0,1,Absent,Very Low,Very Low ,1.4,1.6,2.2,M,M,M,0.15,0.1,0.07
0,0,Absent,None,None,1.2,1.6,1.9,R,M,M,0.02,0.05,0.13
0,0,Absent,None,None,1.4,1.8,2.1,R,M,M,0.02,0.06,0.14
0,0,Absent,None,None,1.7,1.9,1.9,R,M,R,0.02,0.08,0.1
0,0,Absent,None,None,1.5,2.2,2.4,R,R,R,0.05,0.11,-0.02
0,0,Absent,None,None,1.5,2.2,2.4,R,R,R,0.05,0.12,-0.02
0,0,Absent,None,None,1.6,1.7,1.8,M,R,R,0.18,0.1,0.12
0,0,Absent,None,None,1.6,2,2.1,M,M,R,0.04,0.15,0.14
0,0,Absent,None,None,1.4,1.7,1.9,R,R,M,0.01,0.24,0.12
0,0,Absent,None,Very Low,1.4,1.8,1.9,R,R,M,0.02,0.08,0.15
0,0,Absent,None,Very Low,1.6,1.7,1.9,R,R,M,0.01,0.08,0.18
0,0,Absent,Very Low,None,1.3,1.7,2.2,R,M,M,0.06,0.06,0.49
0,0,Absent,Very Low,None,1.7,1.7,2,R,M,M,0.08,0.04,0.08
0,0,Absent,Very Low,None,1.6,2,2,R,M,M,0.02,0.21,0.4
0,0,Absent,None,None,2,2.5,2.6,R,M,M,-0.04,0.12,0.22
0,0,Absent,None,None,1.7,2.5,2.5,R,M,M,0.2,0.32,0.35
0,0,Absent,None,None,1.7,2.4,2.6,R,M,M,0.2,0.34,0.36
0,0,Absent,None,None,2.6,4,6.2,R,M,M,-0.05,-0.25,-0.05
0,0,Absent,None,Very Low,1.6,2.2,3.6,R,M,M,-0.1,0.08,0.13
0,0,Absent,Heavy,None,0.9,1.2,1.7,R,M,M,-0.05,0.01,-0.03
0,0,Absent,Very Low,None,1.4,1.5,1.8,R,M,M,0.12,-0.01,-0.01
0,0,Absent,Low,None,1.2,1.6,2.2,M,R,M,-0.06,0.04,-0.03
0,0,Absent,None,None,1.4,2,2.8,R,R,M,0.1,0.17,0.14
0,0,Absent,Low,None,1.6,2,2.1,R,R,M,0.09,0.22,0.17
0,0,Absent,None,None,1.6,2,2.1,R,R,R,0.09,0.22,0.17
0,0,Absent,None,None,1.9,2.1,2.2,R,M,M,0.01,0.21,0.04
0,0,Absent,None,None,1.9,2.2,2.3,R,M,M,0.24,0.31,0.17
0,0,Absent,Medium,None,2,2.1,2.1,R,M,M,0.11,0.25,0.23
0,0,Absent,None,None,1.9,2,2,M,M,M,0.22,0.31,0.25
0,0,Absent,None,None,1.9,2,2.1,M,M,R,0.13,0.44,0.04
0,0,Absent,None,None,2.9,3.3,4.5,R,M,M,0.01,0.05,-0.15
0,0,Absent,None,None,2.4,2.8,3.6,R,R,R,-0.05,0.07,0.56
0,0,Absent,None,Very Low ,1.8,3.6,4,R,R,M,0.29,0.63,0.74
0,0,Absent,None,None,1.6,2.9,4.5,R,R,M,0.22,0.38,0.73
0,0,Absent,None,None,1.8,3.8,4.5,R,R,M,0.16,0.37,0.4
0,0,Absent,None,None,1.3,3.3,4.7,R,R,R,0.35,0.24,0.52
0,0,Absent,None,None,3,4.4,6.2,R,R,R,0.12,0.47,0.51
0,0,Absent,None,None,2.2,4.4,5.6,R,R,M,0.33,0.36,0.31
0,0,Absent,None,None,1.3,4.7,6.5,R,R,M,0.18,0.35,0.5
3,0,Absent,None,None,1.3,4.5,5.6,R,M,M,0.1,0.3,0.39
0,0,Absent,None,None,1.7,4.4,6.3,R,M,M,0.04,0.12,0.29
0,0,Absent,None,None,1.4,3.1,5.7,R,R,M,0.03,0.25,0.34
0,0,Absent,None,None,1.9,3.2,5.5,R,R,M,0.09,0.33,0.37
0,0,Absent,None,None,1.6,2.9,4,R,R,M,0.24,0.26,0.41
0,0,Absent,None,None,1.5,3.2,5,R,R,M,0.16,0.34,0.41
0,0,Absent,None,Very Low,1.5,3.9,5.9,R,R,M,-0.06,-0.11,0.35
0,0,Absent,None,None,1.5,2.4,3.7,R,R,M,0.2,0.16,0.24
0,0,Absent,None,None,1.6,2.9,4.9,R,R,M,-0.1,-0.11,0.1
1,0,Absent,None,Very Low ,1.4,3,4.9,R,R,R,-0.12,-0.18,-0.06
0,0,Absent,None,Very Low,1.7,2.8,5.4,R,R,M,-0.04,-0.04,-0.02
0,1,Absent,None,None,1.6,3.3,5.1,R,R,R,0.07,0.02,0.3
0,0,Absent,None,None,2,3.7,4.3,R,R,R,0.06,0.34,0.33
0,0,Absent,None,Very Low,1.6,2.8,5.4,R,R,R,0.14,0.3,0.36
0,1,Absent,None,None,1.5,4,4.2,R,R,R,0.08,0.31,0.27
0,0,Absent,None,None,1.7,3.9,5.7,R,R,M,0.29,0.29,0.34
0,0,Absent,None,None,1.7,4.4,5,R,R,R,0.53,0.55,0.58
0,0,Absent,None,None,2.3,4.7,6.5,R,R/M,R/M,0.21,0.87,0.85
0,0,Absent,None,None,2.3,5,7.2,R,M,M,0.38,0.52,1.09
0,0,Absent,None,None,2.8,4.8,6.8,R,R/M,R/M,0.67,0.89,0.9
0,0,Absent,None,None,2.1,4.7,6,R/M,R/M,R/M,0.61,0.62,0.81
0,1,Absent,None,None,2.3,4.1,5.5,R/M,R/M,R/M,0.46,0.54,0.76
0,0,Absent,None,None,1.7,3.7,5.2,R/M,R/M,R/M,0.32,0.68,0.72
0,0,Absent,None,None,2,3.8,5.3,R/M,M,M,0.49,0.66,0.76
0,0,Absent,None,None,2.3,4,5.4,M,M,M,0.46,0.6,0.88
0,0,Absent,None,None,2,3.8,5,M,M,M,0.42,0.66,0.66
0,0,Absent,None,None,1.8,3.5,5.2,M,M,M,0.55,0.53,0.68
0,0,Absent,None,None,1.8,3.9,5.2,M,M,M,0.49,0.5,1.08
0,0,Absent,None,None,1.7,3.7,5.1,R/M,M,M,0.15,0.49,0.68
0,0,Absent,None,None,2.6,5,6.2,M,R/M,R,0.46,0.68,0.73
0,0,Absent,None,None,2.4,4.2,5.5,M,M,M,0.37,0.84,0.85
0,0,Absent,None,None,1.7,4.2,5.3,M,M,M,0.18,0.39,0.73
0,0,Absent,None,None,1.9,4,6.6,M,R/M,M,0.63,0.74,0.79
0,0,Absent,None,None,1.6,4.2,5.5,R/M,R/M,M,0.41,0.87,1.07
0,0,Absent,None,None,1.6,4.2,5.5,R/M,R/M,M,0.41,0.46,0.99
0,0,Absent,None,None,1.6,4,5.6,R/M,R/M,R/M,0.46,0.78,0.7
0,0,Absent,None,None,3.8,4.2,6,R/M,R/M,R/M,0.47,0.73,0.89
0,0,Absent,None,None,2,4,6.4,R/M,R/M,R/M,0.35,0.58,0.61
0,0,Absent,None,None,2.4,4.1,6,R/M,M,M,0.42,0.69,0.7
0,0,Absent,None,None,1.7,4,6.4,M,M,M,0.36,0.68,0.79
0,0,Absent,None,None,2.4,4,5.6,M,M,M,0.51,0.53,0.71
0,0,Absent,None,None,2.2,3.7,4.9,R/M,R/M,R/M,0.48,0.49,0.73
0,0,Absent,None,None,2.6,5.4,6.6,R,R,R,0.46,1.14,1.15
0,0,Absent,None,None,2.3,5.3,6.9,R,R,R,0.42,0.94,1.48
0,0,Absent,None,None,2.2,5.1,5.5,R,R,R,0.32,0.46,0.63
0,3,Absent,None,None,2.6,4.8,5.5,R,R,R,0.04,0.29,0.3
0,1,Absent,None,None,2.9,4.4,5.1,R,R,R,0.36,0.38,0.62
0,1,Absent,None,None,3.2,5,8.4,R,R,R/M,0.38,0.45,1.14
0,1,Absent,None,None,3.4,4.2,7,R,R,R,0.3,0.62,0.99
0,4,Absent,None,None,3.4,4.5,6.2,R,R,R,0.24,0.32,0.76
0,2,Absent,None,None,2.6,4.6,8,R,R,R,0.32,0.81,0.95
0,3,Absent,None,Very Low,3,4.4,6.8,R,R,R,0.33,0.5,0.82
0,6,Absent,None,None,1.9,4.9,7.8,R,R,R,0.23,0.39,0.8
0,2,Absent,None,Very Low,1.2,3.8,7.5,R,R,R,-0.14,0.24,0.28
0,0,Absent,None,Very Low ,2.9,3.3,3.9,R,R,R,0.14,0.17,0.23
0,1,Absent,None,None,2,3,4.2,R,R,R,0.23,0.66,0.71
1,6,Absent,None,Very Low ,3.4,4.4,5.2,R/M,R/M,R/M,0.63,0.88,0.89
0,5,Absent,None,None,2,4.1,5.2,R,R,R,0.57,0.45,0.53
0,3,Absent,None,None,3.3,5.3,5.9,R,R/M,M,0.65,0.76,0.78
0,2,Absent,None,None,3,5.3,6.8,R,R/M,R/M,0.19,0.3,0.46
0,0,Absent,None,None,3.1,4.1,4.9,R,R,R/M,0.24,0.72,0.45
1,2,Absent,None,Very Low ,2.8,4,5.1,R,R,R,0.32,0.54,0.56
0,0,Absent,None,Very Low,1.9,4.8,6.7,R,R,R/M,0.24,0.41,0.6
0,0,Absent,None,Very Low ,2.1,4,4.4,R,R/M,R/M,0.24,0.43,0.58
0,0,Absent,None,None,2.2,4.6,7,M,M,R/M,-0.05,0.22,0.34
0,0,Absent,None,None,1.9,4.5,6.9,M,R/M,R/M,0.48,0.76,1.15
0,0,Absent,None,Medium,2.4,5.8,9.1,M,R/M,R/M,0.25,0.84,1.11
0,0,Absent,None,Low,1.9,4.7,7,M,M,R/M,0.25,0.41,0.68
0,0,Absent,None,Medium,2.8,5.7,9.1,M,R/M,R/M,0.38,0.73,1.09
0,0,Absent,None,High ,2.7,6,9,M,M,R/M,0.23,0.57,0.94
0,0,Absent,None,Low,3.6,4.6,7,M,M,M,0.22,0.59,0.76
0,0,Absent,None,Medium,2.1,4.5,6.8,M,M,M,0.15,0.41,0.75
0,0,Absent,None,Medium,3.4,5.4,6.9,M,M,M,0.33,0.66,0.85
0,0,Absent,None,None,2.4,4.8,6.8,M,R/M,M,-0.04,0.15,0.59
0,0,Absent,None,Medium,2.5,5.3,6.6,M,M,M,0.3,0.53,0.54
0,0,Absent,None,None,1.9,4.4,6.4,M,M,M,0.17,0.47,0.63
0,0,Absent,None,Medium,3.4,6.2,7.2,M,M,M,0.43,0.77,0.81
0,0,Absent,None,None,3.1,5.1,7.1,M,M,M,0.19,0.26,0.35
0,0,Absent,None,Medium,2.4,4.1,7.2,M,M,M,0.17,0.22,0.31
0,0,Absent,None,Medium,3.2,5.8,7.7,M,M,M,-0.17,-0.08,0.18
0,0,Absent,None,High ,2.8,6.8,8.7,M,R/M,M,-0.05,-0.22,-0.25
0,0,Absent,None,None,2.2,4.4,7,M,M,M,-0.14,-0.13,0.09
0,0,Absent,None,Medium,2.8,6.6,7.9,M,M,M,-0.03,0.64,0.69
0,0,Absent,None,Low,2.6,4.4,6.8,M,R/M,M,0.61,0.58,0.82
0,0,Absent,None,Medium,2.5,5,6.5,M,M,M,0.65,0.75,0.84
0,0,Absent,None,Low,2.3,3.7,5.3,M,M,R/M,0.44,0.71,0.73
0,0,Absent,None,None,1.8,4,4.6,R/M,R,R,0.54,0.95,0.81
0,1,Absent,None,None,2.5,3.6,4.4,R/M,R,R,0.4,0.64,0.93
0,0,Absent,None,None,2.1,3.6,4.3,R/M,R/M,R/M,0.31,0.85,0.82
0,0,Absent,None,None,2,3.9,5.1,R/M,R/M,R,0.15,0.53,0.74
0,0,Absent,None,None,2.3,4.1,6.1,R/M,R/M,R,-0.14,0.3,0.64
0,0,Absent,None,None,2.4,4.2,5.8,R/M,R/M,R,0.56,0.76,0.86
0,0,Absent,None,None,1.6,3.2,5.3,R/M,R,R,0.94,0.82,0.79
0,0,Absent,None,None,1.8,3.5,5.5,R/M,R/M,R/M,0.52,1.14,1.15
0,0,Absent,None,None,1.9,4.2,6.6,R/M,R/M,R/M,0.49,0.63,0.97
0,0,Absent,None,None,2.1,4,5.2,R/M,R/M,R/M,0.38,0.69,0.84
0,0,Absent,None,None,1.7,3.6,4.8,R/M,R/M,R/M,0.53,0.69,0.85
0,0,Absent,None,None,2.5,3.6,4.9,R/M,R/M,R/M,0.48,0.48,0.94
0,0,Absent,None,None,1.6,3.5,4.7,R/M,R/M,R/M,0.57,0.98,0.77
0,0,Absent,None,None,2.3,3.7,4.9,R/M,R/M,R/M,0.58,0.67,0.67
0,0,Absent,None,None,1.9,3.5,5.2,R/M,R/M,R/M,0.64,0.62,0.67
0,0,Absent,None,None,2.1,3.4,4.5,R/M,R/M,R/M,0.54,0.58,0.69
0,0,Absent,None,None,2,3.9,5.1,R/M,R/M,R/M,0.48,0.69,0.74
0,0,Absent,None,None,2,3.6,4.7,R/M,R/M,R/M,0.28,0.42,0.53
0,0,Absent,None,None,2.3,4,5.1,R/M,M,M,0.17,0.55,0.62
0,0,Absent,None,None,2.1,3.7,5.4,M,M,M,0.51,0.68,0.69
0,0,Absent,None,None,1.8,3.1,4.3,M,M,R/M,0.27,0.6,0.72
0,0,Absent,None,None,1.6,3.7,5.1,M,M,M,0.19,0.43,0.44
0,0,Absent,None,Low,2.3,4.3,6.9,M,M,M,0.32,0.55,0.79
0,0,Absent,None,None,1.1,2.6,4,M,M,M,0.29,0.69,0.92
0,0,Absent,None,Very Low ,1,2.7,4.3,M,M,M,0.26,0.4,0.7
0,0,Absent,None,None,0.9,2.4,3.2,M,M,M,0.35,0.46,0.62
0,0,Absent,None,None,1.3,2.4,4.4,M,M,M,0.11,0.31,0.66
0,0,Absent,None,Very Low,2.2,3.7,4.7,M,M,M,-0.04,0.56,0.86
0,0,Absent,None,Very Low,1.3,4.7,7,M,M,M,0.87,0.93,1.23
0,0,Absent,None,None,1.9,2.7,3.6,M,M,M,0.58,0.77,0.99
0,0,Absent,None,Low,2.6,4,7.2,M,M,M,0.57,0.75,0.94
0,0,Absent,None,Now,3.6,5.1,7.3,M,M,M,0.79,0.88,1.04
0,0,Absent,None,Low,1.7,3.1,4.7,M,M,M,0.55,0.76,1.01
0,0,Absent,None,Low,2.4,3.9,5.7,M,M,M,1.03,0.82,1.49
0,0,Absent,None,None,2.2,7.6,8.9,M,M,M,0.33,1.14,1.28
0,0,Absent,None,None,4.4,7.5,11,M,M,M,0.68,1.29,1.28
0,0,Absent,None,None,6.3,7.5,10.8,M,M,M,0.27,1.01,1.21
0,0,Absent,None,None,3.1,5.3,7.6,M,M,M,0.54,1.24,1.11
0,0,Absent,None,None,5,7.9,10.1,M,M,M,0.78,0.8,1.15
0,0,Absent,None,None,4.7,7.8,10.4,M,M,M,0.92,1.32,1.38
0,0,Absent,None,None,2.8,6.5,9,M,M,M,0.29,0.85,1.44
0,0,Absent,None,None,3.9,7.2,10.4,M,M,M,0.41,1.46,1.54
0,0,Absent,None,Very Low,4.4,6.7,10.2,M,M,M,1.32,1.56,1.66
0,0,Absent,None,Low ,3,7.3,9.5,M,M,M,0.33,1.13,1.35
0,0,Absent,None,None,2,5.4,8.4,M,M,M,-0.2,0.51,0.5
0,0,Absent,None,Low,2.5,5,7.5,M,M,M,0.13,0.54,0.87
0,0,Absent,None,None,1.9,4.1,6.1,M,M,M,0.14,0.27,0.81
0,0,Absent,None,None,1.1,2.7,5.6,M,M,M,-0.11,0.06,0.11
0,0,Absent,None,Very High,1.4,4.3,6.6,M,M,M,0.08,0.05,0.62
0,0,Absent,None,Very High,0.9,2.7,7.4,M,M,M,0.44,0.71,1.15
0,0,Absent,None,High ,1.7,4.4,6.8,M,M,M,0.12,0.6,0.98
0,0,Absent,None,Low,1.4,2.4,4.8,M,M,M,0.18,0.47,0.84
0,0,Absent,None,High ,1.8,3.1,5.3,M,M,M,0.42,0.53,0.86
0,0,Absent,None,Low,0.9,2.2,3.8,M,M,M,0.32,0.58,0.9
0,0,Absent,None,Medium,1.9,4.4,5.8,M,M,M,-0.16,0.07,0.86
0,0,Absent,None,Medium,1.6,4,6.4,M,M,M,0.3,0.59,0.74
0,0,Absent,None,Low,1.8,3.6,5.6,M,M,M,-0.04,0.04,0.36
0,0,Absent,None,None,1.5,3.2,4.6,M,M,M,0.08,-0.21,0.07
0,4,Absent,None,Low,1.4,2.4,4.2,M,M,M,-0.06,-0.07,-0.07
0,0,Absent,None,Very Low,0.9,1.7,3.5,M,M,M,-0.02,-0.05,0.13
0,0,Absent,None,Low,1.4,2.3,3.6,M,M,M,0.25,0.42,0.41
0,1,Absent,None,Very Low,1.2,1.8,2.9,M,M,M,0.04,0.3,0.28
0,0,Absent,None,Medium,1.6,2.1,3,M,M,M,0.64,0.73,0.43
0,0,Absent,None,Very Low,1.1,2,2.5,M,M,M,0.48,0.55,0.63
0,0,Absent,None,None,0.2,2.4,3.1,M,M,M,0.37,0.39,0.6
0,0,Absent,None,None,0.8,1.9,4.4,M,M,M,0.11,0.23,0.51
0,0,Absent,None,None,1.6,4,5,R/M,M,M,0.31,0.75,0.56
0,0,Absent,None,None,2.1,4,6,R/M,M,M,0.13,0.61,0.72
0,0,Absent,None,None,2.5,4.5,6.2,R/M,M,M,0.39,0.54,0.81
0,0,Absent,None,None,2.4,5,6.6,R/M,M,M,0.32,0.56,0.81
0,0,Absent,None,None,2.6,4.6,5.8,R/M,M,M,0.32,0.53,0.59
0,0,Absent,None,None,1.8,3.7,5,R/M,M,M,0.49,0.56,0.63
0,0,Absent,None,None,2,3.6,5,R/M,M,M,0.14,0.51,0.76
0,0,Absent,None,None,2,3.8,4.8,R/M,M,M,0.1,0.33,0.68
0,0,Absent,None,None,2,3.6,4.6,R/M,M,M,0.21,0.54,0.88
0,0,Absent,None,None,1.1,3.1,4.4,R/M,M,M,0.22,0.67,1.01
0,0,Absent,None,None,1.4,3,4.8,R/M,M,M,0.34,0.74,0.8
0,0,Absent,None,None,2,4.3,5.4,R/M,M,M,0.26,0.76,0.86
0,0,Absent,None,None,1.2,4.8,5.1,R/M,M,M,0.54,0.92,1.02
0,0,Absent,None,None,2,4,5.3,R/M,M,M,0.26,0.67,1.03
0,0,Absent,None,None,2,4.1,5.4,R/M,M,M,0.16,0.6,0.73
0,1,Absent,None,None,2.6,4.2,5.2,R/M,M,M,0.4,0.91,0.93
0,0,Absent,None,None,2.1,4,5.2,R/M,M,M,0.37,1.01,1.21
0,0,Absent,None,None,2,4.1,5.6,R/M,R/M,M,0.47,0.88,0.85
0,0,Absent,None,None,1.9,3.6,5,R/M,M,M,0.48,0.63,1.03
0,0,Absent,None,None,2.1,4.2,5.9,R/M,R/M,R/M,0.5,0.69,0.7
0,0,Absent,None,None,1.9,3.7,4.6,R/M,R/M,R/M,0.49,0.67,0.82
0,0,Absent,None,None,1.8,3.7,5,R/M,M,M,0.29,0.8,0.83
0,0,Absent,None,None,1.8,4,4.8,R/M,R/M,R/M,0.51,0.77,1.02
0,0,Absent,None,None,3.2,6,6.9,R/M,R/M,R/M,0.64,0.73,0.87
0,0,Absent,None,None,2.9,6.3,6.6,R/M,R/M,R/M,0.4,0.71,0.62
0,0,Absent,None,Very Low ,3,6,6.1,R/M,R/M,R/M,-0.03,0.18,0.22
0,0,Absent,None,None,2.7,4.7,5.1,R/M,R/M,R/M,-0.02,-0.01,0.13
0,1,Absent,None,None,3.3,4.5,8.7,R/M,R/M,R/M,-0.19,-0.01,0.13
0,0,Absent,None,None,3.6,3,6,R/M,R/M,R/M,0.38,0.49,0.68
0,1,Absent,None,None,1.7,5,8,R/M,R/M,R/M,0.46,0.52,1.08
1,0,Absent,None,None,3,5.8,7.6,R/M,R/M,R/M,0.18,0.51,0.87
0,0,Absent,None,None,3,5.2,7.2,R/M,R/M,R/M,-0.04,-0.03,0.42
0,0,Absent,None,None,3.1,3.7,3.9,R/M,R/M,R/M,0.24,0.56,0.52
0,0,Absent,None,Very Low,1.6,3,4.6,R/M,R/M,R/M,0.31,0.6,0.73
0,0,Absent,None,None,2,4,4.2,R/M,R/M,R,0.7,0.84,1.05
0,0,Absent,None,Very Low ,2,4.5,6,R/M,R/M,R/M,0.4,0.65,0.82
1,0,Absent,None,None,3.4,5.7,6.7,R/M,R/M,R/M,0.27,0.31,0.48
0,1,Absent,None,None,4,5.2,6,R/M,R/M,R/M,-0.09,0.09,0.21
0,2,Absent,None,None,3.2,3.8,6,R/M,R/M,R/M,0.32,0.31,0.28
0,0,Absent,None,Very Low ,2,4.3,5.9,R/M,R/M,R/M,0.01,0.26,0.45
1,0,Absent,None,Low ,1.6,3.6,3.4,R/M,R/M,R,0.03,0.7,0.82
0,0,Absent,None,Low,1.8,3.6,5.8,R/M,R/M,R/M,0.36,0.66,1.29
0,0,Absent,None,High,2.3,5.9,8,R/M,R/M,R/M,0.32,1.13,1.19
0,0,Absent,None,None,1.6,2,3.6,R/M,M,M,0.24,0.34,0.8
0,0,Absent,None,Medium,3,6,7.6,R/M,R/M,R/M,0.34,0.8,1.03
0,0,Absent,None,Medium,2,3.7,5.6,R/M,M,M,0.18,0.42,0.74
0,0,Absent,None,Medium,2,3,5.4,R/M,M,M,0.29,0.37,0.85
0,0,Absent,None,High,1.9,4,6.8,R/M,M,M,0.24,0.5,0.67
1,0,Absent,None,High,1.9,2.7,4,R/M,M,M,0.19,0.4,0.72
0,0,Absent,None,None,2.1,3.8,5,R/M,M,M,0.02,0.15,0.45
0,0,Absent,None,None,1.8,3.8,5.8,R/M,M,M,0.37,0.76,0.87
0,0,Absent,None,None,1.7,3.7,5.1,R/M,M,M,0.16,0.52,0.59
0,0,Absent,None,Medium,2,3.6,5,R/M,M,M,0.21,0.33,0.7
0,0,Absent,None,Medium,3,4,6,R/M,M,M,0.01,0.33,0.32
0,0,Absent,None,Medium,2.2,4.7,6,R/M,M,M,-0.18,-0.12,0.38
0,0,Absent,None,High,1.4,4.4,6.6,R/M,M,M,-0.03,-0.07,0.2
0,0,Absent,None,None,1.8,2.1,4.4,R/M,M,M,0,-0.14,0.01
0,0,Absent,None,High,2.3,5,6.9,R/M,M,M,0,0.66,1.1
0,0,Absent,None,High,1.8,3.8,5.6,R/M,M,M,0.19,0.79,1.12
0,0,Absent,None,None,1,3.7,5.7,R/M,M,M,0.16,0.78,0.99
0,0,Absent,None,None,2,3,5.4,R/M,R,R,0.47,0.85,1.38
0,0,Absent,None,None,1.8,3.4,5,R/M,R,R,0.66,0.9,1.38
0,0,Absent,None,None,1.7,3.6,4.5,R,R/M,R,0.75,0.88,1.56
0,0,Absent,None,None,1.5,3.3,5.3,R,R/M,R,0.76,0.96,1.26
0,0,Absent,None,None,2.6,3,4,R,R/M,M,0.45,0.75,1.22
0,0,Absent,None,None,2.1,3.6,4.7,R,R/M,R/M,0.32,0.91,1.21
0,0,Absent,None,None,1.7,3.8,4,R,R/M,R/M,0.26,0.94,0.8
0,0,Absent,None,None,2.7,3.2,4.9,R,R/M,R/M,0.35,1.17,1.17
0,0,Absent,None,None,1.7,3.1,4.6,R,R/M,R/M,0.38,1.05,1.26
0,0,Absent,None,None,1.6,3,4.8,R,R/M,R/M,0.54,0.8,0.86
0,0,Absent,None,None,1.5,3.2,4.7,R,R/M,R/M,0.48,1.08,1.09
0,0,Absent,None,None,1.7,3.4,4.4,R,R/M,R/M,0.52,0.72,1.06
0,0,Absent,None,None,1.3,2.9,4.1,R,R,R/M,0.62,0.88,1.01
0,0,Absent,None,None,1.7,3.1,4.2,R,R/M,R/M,0.45,0.9,0.88
0,0,Absent,None,None,1.5,3.2,4.5,R,R/M,R/M,0.77,1.03,1.04
0,0,Absent,None,None,1.6,3,4.3,R,R/M,R/M,0.78,0.89,0.9
0,0,Absent,None,None,1.6,3.6,4.6,R,R/M,R/M,0.63,0.93,0.78
0,0,Absent,None,None,1.6,3,4.2,R,R/M,R/M,0.43,0.76,0.78
0,0,Absent,None,None,1.8,3.6,4.9,R,R/M,R/M,0.38,0.6,0.7
0,0,Absent,None,None,1.7,3.1,4.2,R,M,M,0.49,0.74,0.79
0,0,Absent,None,None,1.6,3.4,4.6,R,M,M,0.34,0.79,0.78
0,0,Absent,None,None,1.8,3,4.1,M,M,M,0.23,0.42,0.97
0,0,Absent,None,Very Low,0.8,1,2,M,M,M,0.04,0.49,0.84
0,0,Absent,None,None,0.8,2.1,2.6,M,M,M,0.09,0.52,0.65
0,0,Absent,None,None,1.3,3.6,4.6,M,M,M,0.01,0.29,0.87
0,0,Absent,None,Very Low ,1.7,3,4,M,M,M,0.78,1.12,1.25
0,0,Absent,None,None,1,2.5,3.7,M,M,M,0.56,0.75,1.03
0,0,Absent,None,Low ,1,3.5,5.6,M,M,M,0.53,0.84,0.92
0,0,Absent,None,Very Low ,3,5.6,6.1,M,M,M,0.74,1.01,1.23
0,0,Absent,None,None,3.1,4,6,M,M,M,0.72,1.01,1.03
0,0,Absent,None,Low,2.6,4,5.6,M,M,M,0.52,1.05,1.12
0,0,Absent,None,None,3,6.5,7.1,M,M,M,0.28,0.75,1.47
0,0,Absent,None,None,5.2,8,9.1,M,M,M,0.25,1.24,1.28
0,0,Absent,None,None,5.3,6.3,8.5,M,M,M,0.62,1.16,1.58
0,0,Absent,None,None,2,4.9,6,M,M,M,0.41,1.12,1.34
0,0,Absent,None,Low,4.2,8.4,9.8,M,M,M,0.54,1.13,1.16
0,0,Absent,None,None,4.6,8,8.7,M,M,M,0.7,1.16,1.29
0,0,Absent,None,None,3,7,8,M,M,M,0.21,0.82,1.16
0,0,Absent,None,None,4.1,8.7,9.7,M,M,M,0.86,1.52,2.04
0,0,Absent,None,Low,2.1,6.3,8.4,M,M,M,0.62,1.5,1.43
0,0,Absent,None,Low,3.1,8,9.5,M,M,M,0.52,0.61,1.69
0,0,Absent,None,None,0.8,3.8,5.6,M,M,M,0.01,0.16,0.53
0,0,Absent,None,None,0.5,1.7,4.3,M,M,M,0.02,0.11,0.35
0,0,Absent,None,High ,0.5,5.2,7.7,M,M,M,0.09,0.5,0.71
0,0,Absent,None ,High ,1,2.7,3.6,M,M,M,0.17,0.47,0.87
0,0,Absent,None,High ,0.9,3.7,4.5,M,M,M,0.02,0.45,0.64
0,2,Absent,None,Medium,1.2,4.1,7,M,M,M,0.34,0.65,0.88
0,0,Absent,None,Very Low ,0.8,2.3,4.3,M,M,M,0.31,0.33,0.67
0,0,Absent,None,Medium,1,2.3,4,M,M,M,0.15,0.66,0.92
0,0,Absent,None,Very Low,0.8,1.8,3.8,M,M,M,0.22,0.37,0.52
0,0,Absent,None,Medium,0.9,2.8,5.2,M,M,M,0.02,0.01,0.22
0,0,Absent,None,Medium,0.8,3.1,5.8,M,M,M,0.14,0.31,0.53
0,0,Absent,None,Low ,0.8,3.6,5.5,M,M,M,-0.06,0.07,0.2
0,0,Absent,None,Medium,0.8,3.5,6.1,M,M,M,0.01,-0.07,0.09
1,0,Absent,None,None,0.9,4,5.1,M,M,M,0.14,0.23,0.23
0,0,Absent,None,Medium,0.9,3.4,4.6,M,M,M,0.02,0.01,0.02
0,0,Absent,None,Low,0.8,3.3,4,M,M,M,0.04,0.16,0.19
0,0,Absent,None,Medium,0.8,3.6,4.6,M,M,M,0.15,0.21,0.28
0,0,Absent,None,Low ,0.9,2.2,2.7,M,M,M,-0.04,0.23,0.43
0,0,Absent,None,Low,1.3,3.7,6.4,M,M,M,0.55,0.67,0.68
0,0,Absent,None,None,1,2.4,3,M,M,M,0.23,0.53,0.99
0,0,Absent,None,None,0.8,3,3.3,M,M,M,0.33,0.37,0.76
0,0,Absent,None,None,0.8,1.8,4,M,M,M,0.01,0.01,0.05
0,0,Absent,None,None,1,2.4,3.1,M,M,M,0.03,0.03,0.04
0,0,Absent,None,None,0.7,1.3,2.4,M,M,M,0,0.03,0.04
0,0,Absent,None,Very Low ,1.7,3.8,6.4,R/M,R/M,R/M,0,0.38,0.91
2,0,Absent,None,None,2,5.5,6.4,R/M,R/M,R/M,0.21,0.69,0.69
0,0,Absent,None,Very Low ,2.4,5.2,6.3,R/M,R/M,R/M,0.31,0.57,0.84
0,0,Absent,None,Very Low ,1,3.5,6.1,R/M,R/M,R/M,0.07,0.5,0.49
0,0,Absent,None,Low,1,3,4.5,R/M,R/M,R/M,0.11,0.38,0.52
0,0,Absent,None,Low,0.9,3,5,R/M,R/M,R/M,0.03,0.18,0.59
0,0,Absent,None,None,1.3,4,6,R/M,R/M,R/M,0.15,0.46,0.24
0,0,Absent,None,Very Low,1.1,4,5.3,R/M,R/M,R/M,0.08,0.69,0.85
0,0,Absent,None,Very Low,1.4,3.6,4.6,R/M,R/M,R/M,0.01,0.15,0.3
0,0,Absent,None,None,1.1,4,6.3,R/M,R/M,R/M,0.02,0.53,0.72
0,0,Absent,None,Low,1.6,2.5,5,R/M,R/M,R/M,0.1,0.59,0.66
0,0,Absent,None,None,3.4,5.5,6,R/M,R/M,R/M,0.26,0.44,0.65
0,0,Absent,None,None,3.1,6,7.2,R/M,R/M,R/M,0.04,0.53,0.72
0,0,Absent,None,Very Low,3.5,6.5,8.3,R/M,R/M,R/M,0.07,0.45,0.8
2,0,Absent,None,Very Low,3.8,6.5,7.5,R/M,R/M,R/M,0.12,0.5,0.56
0,0,Absent,None,Very Low,1.4,4,5.3,R/M,R/M,R/M,0.13,0.5,0.49
0,0,Absent,None,Low,3,4,6.2,R/M,R/M,R/M,0.33,0.22,0.35
0,0,Absent,None,Very Low,1.2,4.3,6.1,R/M,R/M,R/M,0.17,0.59,0.59
0,0,Absent,None,Very Low ,0.9,2.6,7,R/M,R/M,R/M,0.01,0.14,0.29
0,0,Absent,None,Low,2.8,3.4,4.8,R/M,R/M,R/M,0.02,0.44,0.62
0,0,Absent,None,Low,0.6,2,4,R/M,R/M,M,0.01,0.64,0.41
0,0,Absent,None,Low,0.7,3,5,R/M,R/M,R/M,-0.03,0.25,0.39
1,0,Absent,None,Low,1.1,4.1,5.3,R/M,R/M,R/M,0.05,0.32,0.65
0,0,Absent,None,None,2.1,6,6.5,R/M,R/M,R/M,-0.01,0.47,0.5
0,0,Absent,None,None,2.5,4.7,6,R/M,R/M,R/M,0.12,0.77,0.93
0,0,Absent,None,Medium,0.3,1.5,2.2,M/V,M/V,M/V,0.23,0.23,0.33
0,13,Absent,None,High,2.2,5,7.6,M/V,M/V,M/V,-0.03,0.3,0.52
1,0,Absent,None,High,0.7,1.3,2,M,M,M,0.01,0.55,0.56
0,0,Absent,None,Low,0.5,1.5,1.5,M/V,M/V,M/V,0,-0.1,0.21
0,0,Absent,None,Medium,0.5,1.1,1.8,M/V,M/V,M/V,-0.02,0.11,0.05
0,0,Absent,None,High,0.7,0.9,1.4,M/V,M/V,M/V,-0.01,0.06,0.11
0,0,Absent,None,High,0.6,1.3,3,M/V,M/V,M/V,0.01,0.04,0.07
0,0,Absent,None,High,0.5,1.3,3.4,M/V,M/V,M/V,0,-0.13,0.06
0,0,Absent,None,Very Low,0.3,0.6,1.3,M/V,M,M,0,0.05,0.02
0,0,Absent,None,High,0.5,2.8,5.2,M/V,M/V,M/V,0,0.03,-0.24
0,0,Absent,None,Medium,1,1.2,3.2,M/V,M/V,M/V,0.02,0.15,-0.66
0,0,Absent,None,Medium,0.7,1.7,3,M/V,M/V,M/V,0.01,0.07,-0.22
0,0,Absent,None,High,1.4,3.8,8,M/V,M/V,M/V,-0.02,-0.05,-0.01
0,0,Absent,None,High,1,1.7,1.8,M/V,M/V,M/V,0,0.19,0.39
0,0,Absent,None,None,0.6,1.6,2.2,M/V,M/V,M/V,0,0.22,0.53
0,0,Absent,None,Low,0.5,1.1,1.2,M/V,M,M,0,0.09,0.43
0,1,Absent,None,None,2.6,5.3,7.1,R,R/M,R/M,0.74,0.93,0.97
0,0,Absent,None,None,2.6,6.6,8,R,R/M,R/M,0.21,0.56,0.65
0,0,Absent,None,None,3.5,5.7,7.7,R,R/M,R/M,0.43,0.72,0.95
0,1,Absent,None,None,2.6,6,8,R,R/M,R/M,0.85,0.86,1.09
0,2,Absent,None,None,3.2,6.1,8.3,R,R/M,R/M,0.71,0.63,0.75
0,1,Absent,None,None,3.6,6,7.5,R,R/M,R/M,-0.04,-0.04,0.1
1,1,Absent,None,None,2.2,3.1,6,R,R/M,R/M,0.02,0.47,0.73
0,3,Absent,None,None,2.2,5.2,7.7,R,R/M,R/M,0.18,0.88,1.18
0,0,Absent,None,None,4,6,8.5,R,R/M,R/M,0.24,0.51,0.69
0,3,Absent,None,None,2.5,6.6,9,R,R/M,R/M,0.24,0.56,1.02
0,0,Absent,None,None,2.4,6.1,8,R,R/M,R/M,0.21,0.69,0.98
0,0,Absent,None,None,2.8,6,7,R,R/M,R/M,0.41,0.9,1.18
1,0,Absent,None,None,3.4,5.8,7,R,R/M,R/M,0.16,0.63,0.81
2,0,Absent,None,None,3.5,6.2,8.5,R,R/M,R/M,0.45,0.64,0.77
0,1,Absent,None,None,3.4,6,7,R,R/M,R/M,0.76,0.9,1.46
0,2,Absent,None,None,3.2,5.6,7.7,R,R/M,R/M,0.63,0.87,0.97
0,0,Absent,None,None,0.19,1.6,2,M,M,M,0,-0.1,0.08
0,0,Absent,None,Low,0.6,1.3,1,M,M,M,0.03,0.14,0.36
0,0,Absent,None,None,0.8,1.6,1.9,M,M,M,0.32,0.42,0.44
0,0,Absent,None,Medium,1.1,1.9,2.3,M,M,M,0.18,0.42,0.43
0,0,Absent,None,Medium,1.2,2.4,2.6,M,M,M,0.68,0.64,1.03
0,0,Absent,None,None,1,1.7,2,M,M,M,0.17,0.37,0.51
0,0,Absent,None,None,1.3,1.8,2.6,M,M,M,0.2,0.45,0.55
0,0,Absent,None,None,1.1,2,3,M,M,M,0.03,0.41,0.5
0,0,Absent,None,Very Low ,1,1.8,3,M,M,M,0.16,0.36,0.57
0,0,Absent,None,None,0.8,1.6,2,M,M,M,0.13,0.42,0.73
0,0,Absent,None,None,0.9,1.4,2.1,M,M,M,0.25,0.31,0.57
0,0,Absent,None,None,1.1,1.7,2.5,M,M,M,0.18,0.05,0.09
0,0,Absent,None,None,1,1.7,2.4,M,M,M,-0.03,-0.02,0.08
0,0,Absent,None,Low,1.1,1.8,2.8,M,M,M,0.14,0.23,0.44
0,0,Absent,None,None,0.9,1.8,3,M,M,M,0.37,0.35,0.72
0,0,Absent,None,None,0.9,1.7,2.9,M,M,M,0.14,0.23,0.33
0,0,Absent,None,Very Low,1,1.7,2,M,M,M,0.05,0.13,0.21
0,0,Absent,None,None,1,1.8,3,M,M,M,0.16,-0.08,0.17
0,0,Absent,None,None,1.5,3,4,M,M,M,0.18,-0.22,-0.01
0,0,Absent,None,None,1.1,1.8,2.7,M,M,M,0.12,0.2,0.64
0,0,Absent,None,None,0.9,2,2.4,M,M,M,0.28,0.3,0.67
0,0,Absent,None,Low,1.3,3,4,M,M,M,0.34,0.45,0.59
0,0,Absent,None,None,1.6,4,6,M,M,M,-0.08,-0.08,-0.01
2,0,Absent,None,Low,3,4.2,6.3,R/M,R/M,R/M,0.07,0.18,0.52
1,0,Absent,None,Very Low,1.6,2.8,3.7,R/M,R/M,R/M,0.37,0.36,0.41
0,0,Absent,None,None,1.7,2.6,3,R/M,R/M,R/M,0.4,0.58,0.64
0,0,Absent,None,None,1.7,3,4.2,R/M,R/M,R/M,0.46,0.48,0.74
2,1,Absent,None,None,2.8,4,5,R/M,R/M,R/M,0.04,-0.04,0.16
3,0,Absent,None,None,2.7,4.5,5.9,R/M,R/M,R/M,-0.18,-0.07,0.11
1,0,Absent,None,None,2,3.2,4.2,R/M,R/M,R/M,0.2,-0.25,-0.15
1,3,Absent,None,Very Low,2.3,4.6,5.5,R/M,R/M,R/M,-0.06,-0.29,0.25
1,0,Absent,None,None,2.8,4.8,5.3,R/M,R/M,R/M,0.11,0.78,0.57
1,2,Absent,None,None,2,3.8,5.7,R/M,R/M,R/M,0.47,0.61,0.68
0,1,Absent,None,None,2.5,3.3,2.8,R/M,R/M,R/M,0.37,0.79,0.73
1,0,Absent,None,None,1.7,2.7,3,R/M,R/M,R/M,0.22,0.45,0.53
2,0,Absent,None,None,2,3,3.1,R/M,R/M,R/M,0.13,0.31,0.19
0,0,Absent,None,None,2,2.4,2.5,R/M,R/M,R/M,-0.18,-0.19,0.02
0,0,Absent,None,Very Low,1.5,2,2.2,R/M,R/M,R/M,-0.03,-0.48,-0.27
0,0,Absent,None,None,1.9,3.5,3.6,R/M,R/M,R/M,0.02,-0.05,-0.05
0,0,Absent,None,Low,1.6,2,2.1,R/M,R/M,R/M,-0.34,-0.3,0.37
1,1,Absent,None,Very Low,1.6,2.6,2.7,R/M,R/M,R/M,-0.04,-0.19,-0.08
1,0,Absent,None,Very Low,3,4.2,8,R/M,R/M,R/M,0.46,0.04,-0.13
2,0,Absent,None,None,3.2,4.8,6.4,R/M,R/M,R/M,0.15,0.17,0.58
1,0,Absent,None,None,3.2,4.3,4.2,R/M,R/M,R/M,0.14,0.52,0.54
0,0,Absent,None,None,2.6,3.6,4.3,R/M,R/M,R/M,0.28,0.51,0.57
1,1,Absent,None,Very Low,2.5,4,5.1,R/M,R/M,R/M,0.05,0.29,0.5
0,0,Absent,None,None,1.3,3.9,4.7,R/M,R/M,R/M,0.01,0.37,0.72
1,1,Absent,None,Very Low ,1.7,3.6,4.4,R/M,R/M,R/M,0.13,0.42,1.21
0,1,Absent,None,None,2.3,3.7,5.5,R/M,R/M,R/M,0.21,0.53,1.28
0,0,Absent,None,None,2.4,3.5,6,R/M,R/M,R/M,0.16,0.3,0.83
1,0,Absent,None,None,2.6,5,6,R/M,R/M,R/M,0.76,1.62,1.61
0,0,Absent,None,None,2.8,5,6.3,R/M,R/M,R/M,1.07,1.39,1.76
1,0,Absent,None,Very Low,2.4,3.7,7.3,R/M,R/M,R/M,0.85,0.94,1.77
0,0,Absent,None,None,2,3.7,5.6,R/M,R/M,R/M,0.62,1.21,1.46
2,1,Absent,None,None,2,4.6,6.4,R/M,R/M,R/M,0.02,0.53,1.11
0,0,Absent,None,None,2.2,5,6.2,R/M,R/M,R/M,0.53,1.16,1.12
0,0,Absent,None,None,2.1,3.6,4.7,R/M,R/M,R/M,0.41,0.58,1.1
0,0,Absent,None,None,2.1,4.2,5.3,R,R/M,R/M,0.55,0.62,0.71
0,1,Absent,None,None,2.4,3.9,5,R/M,R/M,R/M,0.08,0.37,0.93
1,0,Absent,None,Very Low ,2,3.5,5.1,R/M,R/M,R/M,0.01,0.32,0.54
1,0,Absent,None,Very Low ,2.1,3.8,4.7,R/M,R/M,R/M,0.62,0.98,0.96
0,0,Absent,None,None,2.2,3.4,4.3,R/M,R/M,R/M,0.83,0.83,1
0,0,Absent,None,None,1.7,4.2,5,R/M,R/M,R/M,0.53,0.83,0.99
0,0,Absent,None,None,2.2,4.5,7.8,R/M,R/M,R/M,0.13,0.95,1.07
1,0,Absent,None,None,2,4.6,7,R/M,R/M,R/M,0.01,0.85,1.29
0,0,Absent,None,None,2,3.7,4.7,R/M,R/M,R/M,0.16,0.7,1.3
0,0,Absent,None,None,2.2,3.8,4.8,R/M,R/M,R/M,0.77,0.75,1.07
1,0,Absent,None,None,2,4.5,6.6,R/M,R/M,R/M,0.51,0.69,1.12
0,0,Absent,None,None,2.2,4.7,6.3,R/M,R/M,R/M,0.21,0.52,0.9
0,0,Absent,None,None,0.6,1.3,2.9,M,M,M,0.01,0.05,0.14
0,0,Absent,None,Very Low ,0.5,1.5,3.4,M,M,M,0.03,0.1,0.19
1,0,Absent,None,None,0.5,2,4.1,M,M,R/M,0.02,0.14,0.35
0,0,Absent,None,None,0.7,2,3.1,M,R/M,R/M,0.07,0.21,0.22
0,0,Absent,None,None,1,2.5,4.6,M,R/M,R/M,0,0.11,0.24
0,0,Absent,None,None,1.8,3,4.3,R/M,R/M,R/M,0.06,0.09,0.23
0,0,Absent,None,None,1.8,2.3,4,R/M,R/M,R/M,-0.02,1,0.14
0,0,Absent,None,None,1.8,2.4,4.5,R/M,R/M,R/M,0,0.05,0.29
0,0,Absent,None,None,1,3,4,R/M,R/M,R/M,0.06,0.15,0.13
0,0,Absent,None,None,1.8,2.4,4.9,R/M,R/M,R/M,0.07,0.09,0.3
0,0,Absent,None,Low ,0.8,2.6,5.1,R/M,R/M,M,0.03,0.19,0.26
0,0,Absent,None,None,0.8,2.6,4.6,R/M,R/M,M,0.01,0.12,0.22
0,0,Absent,None,None,0.7,2,4.2,R/M,R/M,R/M,-0.02,0.16,0.23
0,0,Absent,None,None,1,2.8,4.8,R/M,R/M,R/M,0,0.18,0.29
0,0,Absent,None,Very Low,0.7,2.7,4.8,R/M,R/M,M,0,0.02,0.3
0,0,Absent,None,None,0.7,1.7,3.2,R/M,R/M,R/M,-0.13,-0.05,0.2
0,0,Absent,None,None,0.5,1.7,3.4,R/M,R/M,R/M,-0.04,0.06,0.06
0,0,Absent,None,None,0.6,1.7,4.5,R/M,R/M,R/M,0.05,0.16,0.41
0,0,Absent,None,None,0.8,2.4,4.2,R/M,R/M,R/M,0,0.19,0.47
0,0,Absent,None,None,0.5,2.3,3.7,R/M,R/M,M,0.03,0.21,0.37
0,0,Absent,None,Very Low,0.6,2,4.1,R/M,R/M,M,-0.02,0.03,0.22
0,0,Absent,None,None,0.5,1.8,4,M,R/M,M,0.04,0.21,0.27
0,0,Absent,None,Very Low,0.4,1.1,3.7,M,R/M,M,-0.02,-0.05,0.02
1,0,Absent,None,None,0.4,1.4,2.8,M,R/M,M,0,-0.03,-0.16
1,0,Absent,None,Very Low ,0.4,1.4,2.8,M,R/M,M,0,-0.03,-0.15
0,0,Absent,None,Very Low,0.4,1.2,1.7,M,R/M,M,0.01,0.2,0.82
0,0,Absent,None,Low,0.5,1.2,2.4,M,R/M,M,0.01,0.18,0.23
0,0,Absent,None,Low,0.6,1.4,3.8,M,R/M,M,-0.05,0.13,0.26
0,0,Absent,None,None,1.4,2.6,3.2,R,M,M,0.2,0.45,0.69
0,0,Absent,None,None,1.2,2.2,3,R,R/M,R/M,0.02,0.46,0.66
0,0,Absent,None,None,1.2,2.6,3.7,R,R/M,R/M,0.26,0.4,0.53
0,0,Absent,None,Very Low,1.6,2,3.5,R,R/M,R/M,0.13,0.3,0.57
0,0,Absent,None,None,1.7,2.7,3.5,R,R/M,R/M,0.25,0.4,0.5
0,0,Absent,None,None,1.9,2.6,4,R,R/M,R/M,0.11,0.26,0.44
0,0,Absent,None,None,1.4,2.1,3,R/M,R/M,R/M,0.07,0.42,0.54
0,0,Absent,None,None,1.2,2.5,3,R/M,R/M,R/M,0.1,0.33,0.59
0,0,Absent,None,Very Low,1,2.2,3.5,R/M,R/M,R/M,0.12,0.52,0.54
0,0,Absent,None,None,1.8,2.9,4.1,R/M,R/M,R/M,0.07,0.4,0.52
0,0,Absent,None,None,1.8,3.2,4.5,R/M,R/M,R/M,0,0.22,0.45
0,0,Absent,None,None,1.8,3.2,4.5,R/M,R/M,R/M,0,0.22,0.45
0,0,Absent,None,None,2.3,4,6,R/M,R/M,R/M,0.03,0.35,0.56
0,0,Absent,None,None,1.9,5.6,6.8,R/M,R/M,R/M,0.02,0.54,0.8
0,0,Absent,None,Very Low,2,4,6.1,R/M,R/M,R/M,0.05,0.56,0.66
0,0,Absent,None,None,2,4.2,6,R/M,R/M,R/M,0.01,0.21,0.56
0,0,Absent,None,None,2,3.9,5,R/M,R/M,R/M,0.11,0.4,0.59
0,0,Absent,None,Very Low ,1.6,3.7,5.8,R/M,R/M,R/M,0.17,0.41,0.56
0,0,Absent,None,None,1.2,3.1,5,R/M,R/M,R/M,0.07,0.32,0.39
0,0,Absent,None,None,1.1,3.4,5.3,R/M,R/M,R/M,0.01,0.39,0.48
0,0,Absent,None,None,1.6,4,5.3,R/M,R/M,R/M,0.03,0.32,0.43
0,0,Absent,None,None,1.8,3.2,5,R/M,R/M,R/M,0.16,0.39,0.53
0,0,Absent,Very Low,None,0.6,1.4,1,R,R/M,R/M,0.03,0.04,0.08
0,1,Absent,None,None,1,1.2,1.5,R,R/M,R/M,0.01,0.08,0.09
0,0,Absent,None,None,1,1.2,1.5,R,R/M,R/M,0.01,0.08,0.09
0,0,Absent,None,None,1.1,1.5,1.6,R/M,R/M,R/M,-0.05,0.06,0.15
0,0,Absent,Very Low,None,1,1.3,1.5,R/M,R/M,R/M,0.17,0.09,0.16
1,0,Absent,None,None,1,1.2,1.6,R/M,R/M,R/M,0.13,0.08,0.07
0,0,Absent,Very Low,None,0.9,1.2,1.8,R/M,R/M,R/M,0.13,0.18,0.18
0,0,Absent,None,Very Low,0.9,1.2,1.8,R/M,R/M,R/M,0.13,0.18,0.18
0,0,Absent,Very Low,None,1,1.3,1.7,R/M,R/M,R/M,0.11,0.18,0.19
0,0,Absent,Very Low,None,1,1.3,1.7,R/M,R/M,R/M,0.11,0.18,0.19
0,0,Absent,Very Low,None,1,1.5,1.6,R/M,R/M,R/M,0.06,0.17,0.17
0,0,Absent,None,None,1.4,1.6,2,R/M,R/M,R/M,0.18,0.08,0.31
0,0,Absent,None,Very Low,1.5,2.2,2.2,R/M,R/M,R/M,0.04,0.06,0.23
0,2,Absent,None,Very Low,1.9,2.1,2.2,R/M,R/M,R/M,0.03,0.16,0.23
0,0,Absent,None,None,1.7,2.3,5.4,R/M,R/M,R/M,-0.13,-0.02,-0.05
0,0,Absent,Medium,None,0.6,1.4,1.7,R/M,R/M,R/M,0.07,0.26,0.34
0,0,Absent,Low,None,0.5,1.2,1.7,R/M,R/M,R/M,-0.06,-0.19,-0.16
0,0,Absent,Low,None,0.5,1,1.2,R/M,R/M,R/M,0.1,0.01,0.01
0,0,Absent,Medium,None,0.7,1.2,1.4,R/M,R/M,R/M,0.14,-0.12,-0.03
0,0,Absent,Low,Very Low,1.3,1.7,1.2,R/M,R/M,R/M,0.05,0.1,0.18
0,0,Absent,Medium,None,0.9,1,1.2,R/M,R/M,R/M,0.23,0.09,0.21
0,0,Absent,None,Low,2.3,4.5,4.7,R/M,R/M,R/M,0.83,0.72,0.87
0,1,Absent,None,None,1.5,3.5,4.2,R,R/M,R/M,0.29,0.47,0.58
1,0,Absent,None,None,1.3,3.7,4.6,R,R/M,R/M,0.32,0.53,0.54
0,0,Absent,None,None,1.6,3.6,6,R,R/M,R/M,0.17,0.44,0.69
0,0,Absent,None,None,3.2,5.4,5.5,R,R/M,R/M,0.26,0.41,0.45
0,0,Absent,None,None,3.1,5.9,7.2,R,R/M,R/M,0.14,0.27,0.33
0,0,Absent,None,None,2.4,5.1,6.3,R,R/M,R/M,0.04,0.26,0.44
0,0,Absent,None,None,1.7,4.1,5.6,R,R/M,R/M,0.08,0.34,0.32
0,0,Absent,None,None,1.8,3.2,5.2,R,R/M,R/M,0.28,0.18,0.43
0,0,Absent,None,None,1.5,3.4,5.9,R,R/M,R/M,0.05,0.2,0.44
0,0,Absent,None,None,1.8,4.8,7.4,R,R/M,R/M,-0.04,0.26,0.36
0,0,Absent,None,Very Low,1.5,4.8,5.9,R,R/M,R/M,0.24,0.47,0.33
0,0,Absent,None,None,1.5,3.1,4.6,R,R,R/M,0.2,0.35,0.37
0,0,Absent,None,None,1.2,4.1,6.9,R,R/M,R/M,0,0.06,0.31
0,0,Absent,None,None,1.6,3.6,7.4,R,R/M,R/M,0.04,0.05,0.22
0,0,Absent,None,Very Low,1.2,3.6,7.6,R,R/M,R/M,-0.18,-0.26,0.05
0,0,Absent,None,None,1.2,3.3,5,R,R/M,R/M,0.04,0.35,0.54
0,0,Absent,None,None,1.6,3.4,5.4,R,R/M,R/M,0.09,0.33,0.46
0,0,Absent,None,None,1.6,4.1,6.1,R,R/M,R/M,0.01,0.43,0.34
0,0,Absent,None,None,1.6,4.5,6,R,R/M,R/M,0.18,0.47,0.52
0,0,Absent,None,None,1,4.1,6.1,R,R/M,R/M,-0.06,0.16,0.36
0,0,Absent,None,None,1.3,4,4.7,R,R/M,R/M,0.13,0.16,0.36
0,1,Absent,None,Very Low,1.6,3.1,4.2,R,R/M,R/M,0.01,0.43,0.27
0,0,Absent,None,None,2.8,4.1,6.1,R,R/M,R/M,0.48,0.58,0.87
0,0,Absent,None,None,2.8,4.8,6.5,R,R/M,R/M,0.41,0.46,0.79
0,0,Absent,None,None,3,4.7,6.4,R,R/M,R/M,0.47,0.59,1.01
0,0,Absent,None,None,3,4.3,6,R,R/M,R/M,0.47,0.55,1.11
0,0,Absent,None,None,3,4.3,6,R/M,R/M,R/M,0.55,0.86,0.96
0,0,Absent,None,None,3.2,4.4,5.9,R,R/M,R/M,0.59,0.89,0.93
0,0,Absent,None,None,2.9,4.5,6,R/M,R/M,R/M,0.39,0.78,0.97
0,0,Absent,None,None,2.8,3.7,6.7,R,R/M,R/M,0.47,0.68,1.14
0,0,Absent,None,None,2.8,3.8,5.8,R,R/M,M,0.53,0.67,1.23
0,0,Absent,None,None,2.9,4.7,6.4,R,R/M,R/M,0.4,0.56,0.97
0,0,Absent,None,None,3.2,4.8,6.5,R,R/M,R/M,0.19,0.57,1.3
0,0,Absent,None,None,4.4,5.1,6.9,R,R/M,R/M,0.66,0.69,1.18
0,0,Absent,None,None,3,4.8,6,R,R/M,R/M,0.68,0.98,1.29
0,0,Absent,None,None,3.1,4.6,6.6,R,R/M,R/M,0.67,0.95,1.2
0,0,Absent,None,None,3.4,5,6.4,R,R/M,R/M,0.57,1.07,1.6
0,0,Absent,None,None,3,4.5,6.2,R,R/M,R/M,0.55,1.06,1.38
0,1,Absent,None,None,3.3,5.1,6.8,R/M,R/M,M,0.43,0.73,0.93
0,0,Absent,None,None,2.8,4.2,6.3,R/M,M,M,0.53,0.73,1.28
0,0,Absent,None,None,3.4,5,6.3,R/M,M,M,0.63,0.75,1.09
0,0,Absent,None,Very Low,2.1,4.8,7.5,R,R/M,R/M,0.99,1.09,1.11
0,0,Absent,None,None,2.5,4.6,7,R,R/M,M,0.77,1.03,1.08
0,0,Absent,None,Very Low ,3,4.8,7.4,R,R/M,R/M,0.29,0.48,0.63
0,1,Absent,None,None,2.7,3.9,6.6,R,R,R/M,0.17,0.3,0.97
0,0,Absent,None,None,2.6,3.8,6.3,R,R/M,R/M,0.26,0.83,1.17
1,0,Absent,None,None,3.1,5,6.5,R,R,R/M,0.72,0.98,1.54
0,0,Absent,None,None,3.7,5,6.2,R,R,R,0.74,1.04,1.52
0,1,Absent,None,None,2.5,4.2,6.2,R,R/M,R,0.58,0.63,1.04
0,0,Absent,None,None,2.8,4.8,7.1,R,R/M,R/M,0.42,0.67,0.73
0,0,Absent,None,None,2,4.7,8.3,R,R,R,0.13,0.74,0.88
0,0,Absent,None,Very Low ,1.5,3,4.8,R,R,R,0.45,0.47,0.99
0,0,Absent,None,None,3.7,4.2,5.4,R/M,M,R/M,0.29,0.65,1.35
1,0,Absent,None,Low ,2.6,4.2,5.5,R,R/M,R,0.92,1.14,1.33
0,0,Absent,None,None,3,4.4,6,R,R/M,M,0.15,0.86,0.9
0,0,Absent,None,None,2.4,6.6,7.2,R,R/M,R/M,0.4,0.61,0.78
0,0,Absent,None,Very Low,2.6,5.2,7.2,R,R,R/M,0.41,1,1.08
0,0,Absent,None,None,2.3,5,6.4,R,R,R,0.05,0.59,0.88
0,0,Absent,None,Very Low,3,5,6.8,R,R/M,R/M,0.37,1.06,1.08
0,0,Absent,None,Low ,1.8,3,5.2,R,R,R,0.14,0.27,0.79
0,2,Absent,None,Very Low,2.1,3.6,5.2,R,M,R/M,0.12,0.05,0.57
0,1,Absent,None,Medium,5.7,8,10.2,R,R/M,R/M,1.14,1.14,1.44
0,1,Absent,None,Medium,3.1,5,7.2,R/M,M,M,0.31,0.25,1.03
0,0,Absent,None,None,1.8,3,4.6,R,M,M,0.12,0.19,0.41
0,0,Absent,None,Low,2.2,3.2,5.3,R,M,M,0.08,0.27,0.46
0,0,Absent,None,Medium,2.9,5.7,9.2,R/M,M,M,0.33,0.92,1.38
0,0,Absent,None,Low,2.4,3.6,5.7,R/M,M,M,0.14,0.14,0.25
0,0,Absent,None,Low,2.5,3.2,5.3,R,M,M,0.11,0.47,0.66
0,0,Absent,None,Medium,2.7,4.4,7,R/M,M,M,0.15,0.28,0.34
0,0,Absent,None,Medium,2.5,3.9,5.9,R/M,R/M,M,-0.09,-0.07,0.2
0,0,Absent,None,Medium,2.1,3.5,5.2,R,R/M,M,0.08,0.09,0.28
0,0,Absent,None,Medium,2,3,4.4,R/M,M,M,0,0.16,0.46
0,2,Absent,None,Low,1.9,3,4.8,R/M,M,M,0.18,0.19,0.4
0,2,Absent,None,Low,2.7,3.7,5.2,R,M,M,0.12,0.14,0.35
0,0,Absent,None,Very Low ,2.2,4,6,R/M,M,M,-0.13,-0.11,-0.06
0,0,Absent,None,Medium,2.7,5.4,7.6,R/M,M,M,-0.04,0.01,0.16
0,1,Absent,None,Medium,3.1,5.7,8.4,R,R/M,M,-0.1,-0.22,-0.21
0,0,Absent,None,None,2.9,5.3,7.3,R,M,M,-0.02,-0.23,-0.28
0,0,Absent,None,Medium,3.2,6.1,8.1,R,R/M,M,0.42,1.22,1.63
0,0,Absent,None,Low,3,4.8,6.7,R,R/M,M,0.35,1.23,1.51
0,0,Absent,None,High ,2.4,3.6,5.8,R/M,R/M,M,0.56,0.74,1.39
0,0,Absent,None,None,1.8,3.4,4.9,R,R,R,0.84,1.01,1.15
0,0,Absent,Very Low,None,1.4,2.9,4.2,R,R,R,0.66,1.09,1.3
0,0,Absent,Very Low,None,1.7,2.8,4.3,R,R,R/M,0.55,0.74,1.02
0,1,Absent,None,None,2,3.2,4.7,R,R,R/M,0.36,0.59,1.15
0,0,Absent,None,None,1,2,4.5,R,R,R/M,0.39,0.64,1.37
0,0,Absent,None,None,2.1,3.2,4.4,R,R,R,0.79,0.85,1.71
0,0,Absent,None,None,1.7,3,4.7,R,R,R/M,0.65,0.8,1.5
0,0,Absent,None,None,1.7,3.1,4.4,R,R,R/M,0.62,1.02,1.07
0,0,Absent,None,None,1.9,2.9,4.2,R,R,R/M,0.61,0.75,1.51
0,0,Absent,None,None,1.6,3,4.2,R,R,R/M,0.52,0.95,1.33
0,0,Absent,None,None,1.9,3.3,4.7,R,R,R/M,0.79,0.82,1.39
0,0,Absent,None,None,1.8,3.2,4.6,R,R,R/M,0.82,1.01,1.12
0,0,Absent,None,None,2.1,3.3,4.9,R,R,R/M,0.68,0.8,1.32
0,0,Absent,None,None,1.5,3.1,4.8,R/M,R,R/M,0.56,0.99,1.08
0,1,Absent,None,None,1.3,3.1,4.4,R,R,R/M,0.34,0.77,1.31
0,0,Absent,None,None,1.7,2.7,3.9,R/M,R/M,R/M,0.7,0.87,1.02
0,0,Absent,None,None,2,3.1,4.6,R/M,R/M,R/M,0.27,0.59,0.68
0,1,Absent,None,Very Low,2.2,3.1,4.3,R/M,R/M,R/M,0.32,0.34,0.76
0,0,Absent,None,None,2,3.2,4.4,R/M,R/M,M,0.48,0.69,0.97
0,0,Absent,None,None,1.8,3.2,4.3,R/M,R/M,M,0.23,0.48,1.18
0,0,Absent,None,High ,3,4.4,7.9,M,M,M,0.19,0.92,1.46
0,0,Absent,None,Very Low ,2.9,3.5,4.8,M,M,M,0.67,0.69,0.8
0,0,Absent,None,Low,1.9,2.8,3.8,M,M,M,0.64,0.98,1.08
0,0,Absent,None,None,2.4,3,3.5,M,M,M,0.25,0.71,1.42
0,0,Absent,None,Low,3.1,4.2,5.8,M,M,M,-0.22,0.59,1.33
0,0,Absent,None,None,2.5,3.7,3.7,M,M,M,0.69,0.73,1.18
0,0,Absent,None,Medium,2.5,4.2,6,M,M,M,1.09,1.37,1.38
0,0,Absent,None,Low,3.6,5,8,M,M,M,0.98,1.3,1.63
0,1,Absent,None,Very Low ,3.5,5,6.6,M,M,M,0.65,1.38,1.48
0,0,Absent,None,Medium,3.2,4.6,6.4,M,M,M,1.27,1.5,1.38
0,0,Absent,None,Very Low,2.1,2.6,4.7,M,M,M,0.16,0.56,0.85
0,1,Absent,None,Very Low ,7,7.7,10.9,M,M,M,0.28,0.67,1.38
0,0,Absent,Very Low,None,4.6,6.1,9.3,M,M,M,-0.02,1.2,1.37
0,0,Absent,Very Low,Low ,2.4,4.5,6.6,M,M,M,0.94,1.22,1.4
0,0,Absent,None,Very Low,4.8,7.6,8.9,M,M,M,0.38,1.29,1.33
0,0,Absent,Very Low,None,3.7,5.9,9.6,M,M,M,0.56,1.46,1.64
0,0,Absent,None,None,4.3,7.1,10.8,M,M,M,0.69,1.29,1.87
0,1,Absent,None,Very Low,4.1,6,9.2,M,M,M,-0.29,0.32,1.83
0,0,Absent,None,Very Low ,4.3,7,11.1,M,M,M,0.14,1.87,2.11
0,0,Absent,None,Medium,1.3,3.5,9.1,V,M,M,0.43,0.54,1.38
0,0,Absent,None,Low,1.3,2,2.9,M,M,M,0.23,0.38,0.43
0,0,Absent,None,Medium,1.2,1.8,2.7,M,M,M,0.24,0.25,0.62
0,0,Absent,None,Very High ,3.2,7,10.5,M,M,M,0.91,0.91,0.95
0,0,Absent,None,Very High ,2.1,3.7,5.9,M,M,M,0.67,0.72,0.78
0,0,Absent,None,Very High ,2.4,4.7,7,M,M,M,0.49,0.98,0.97
0,0,Absent,None,Very High ,2.1,3.6,5.7,M,M,M,0.11,0.54,1.05
0,0,Absent,None,Medium,1.5,2.3,3,M,M,M,0.11,0.39,0.34
0,0,Absent,None,Low,1.3,2.1,3.6,M,M,M,0.41,0.37,0.66
0,0,Absent,None,Very High,1.4,2.4,3,M,M,M,0.33,0.62,0.72
0,0,Absent,None,Low ,1.3,2.2,2.8,M,M,M,0.39,0.49,0.7
0,0,Absent,None,High,2.2,3,5.3,M,M,M,0.12,-0.12,0.56
0,0,Absent,None,High,2.2,2.8,4.3,M,M,M,0.15,0.48,0.5
0,0,Absent,None,Medium,2.2,2.9,4.3,M,M,M,0.1,0.22,0.27
0,0,Absent,None,Low,2.2,2.6,4.2,M,M,M,-0.02,-0.08,0.3
0,0,Absent,None,Very High ,2.2,3,4.2,M,M,M,0,0.11,0.33
0,2,Present,None,High ,1.5,2.1,2.8,M,M,M,0.31,0.56,0.65
0,0,Absent,None,Medium,2.3,2.8,3.2,M,M,M,-0.01,0.43,0.6
0,1,Absent,None,High,3.7,4.4,8.1,M,M,M,1.11,1.18,1.26
0,2,Absent,None,Low,2.6,3.4,4.1,M,M,M,0.79,0.86,1.08
0,0,Absent,None,None,2.4,3,4.4,M,M,M,0.31,0.35,0.57
0,0,Absent,None,Very Low ,2.7,3,4.5,M,M,M,0.31,0.36,0.49
0,0,Absent,None,None,1.8,5.5,7.4,M,M,M,0.06,0.36,0.5
0,1,Absent,Very Low,None,2.4,4.8,7.8,M,M,M,0.01,0.05,0.09
0,0,Absent,None,None,1.2,5.5,8,M,M,M,0.02,0.21,0.31
0,0,Absent,None,None,1.9,5.3,7.3,M,M,M,-0.01,0.03,0.05
0,0,Absent,None,None,1.7,4,6,M,M,M,0.03,0.1,0.04
0,0,Absent,None,Very Low,1,4,6,M,M,M,-0.05,0.2,0.11
0,0,Absent,None,None,1.2,4.2,6.2,M,M,M,0.02,-0.01,0.04
0,0,Absent,None,None,3,4,6.4,M,M,M,0.02,0.04,0.01
0,0,Absent,None,None,1.8,4.2,6,M,M,M,0.02,0.01,0.02
0,0,Absent,None,Very Low ,0.5,3,4,M,M,M,0.01,0.02,0.06
0,0,Absent,None,None,2,5,6.4,M,M,M,0.02,0.05,0.09
0,0,Absent,Very Low,Low,2,4,5.6,M,M,M,0.06,0.02,0.01
0,0,Absent,None,Very Low,0.7,3.1,5,M,M,M,0.01,0.12,0.08
0,1,Absent,None,None,1,3.4,5,M,M,M,0.01,-0.02,0.08
0,0,Absent,None,Very Low,1.3,3,5,M,M,M,-0.01,0.07,0.15
0,0,Absent,None,None,1.2,3.6,4.1,M,M,M,0.01,0.04,0.06
0,0,Absent,None,Medium,1,3.4,5,M,M,M,0.01,0.03,0.04
0,0,Absent,None,None,1.7,2.5,2.9,R,M,M,0.12,0.4,0.47
0,0,Absent,None,None,1.6,2.3,2.8,R,M,M,0.05,0.34,0.57
0,0,Absent,None,None,2.1,2.1,3,R/M,M,R/M,0.15,0.43,0.5
0,0,Absent,None,None,2,2.7,2.8,R,M,M,0.02,0.19,0.49
0,0,Absent,None,None,1.6,2.2,2.9,R,M,M,0.05,0.27,0.7
0,1,Absent,None,None,1.8,2,2.8,R/M,M,M,0.08,0.45,0.65
0,0,Absent,None,None,1.7,2.2,3.5,R/M,M,M,0.31,0.41,0.47
0,0,Absent,None,None,1.6,2.5,4,R,M,M,0.21,0.29,0.54
0,0,Absent,None,None,1.7,3,5,R,M,M,0.01,0.14,0.36
0,0,Absent,None,None,1.4,2.8,5,R,M,M,0.02,0.45,0.59
0,0,Absent,None,None,2,3.6,6.1,R/M,M,M,0.38,0.43,0.72
0,0,Absent,None,None,1.8,3.4,5.8,R,R/M,M,0.18,0.4,0.63
0,0,Absent,None,None,1.9,3.5,5,R,M,M,0.06,0.2,0.61
1,0,Absent,None,None,1.7,2.7,5.4,R,M,M,0.05,0.4,0.51
1,1,Absent,None,Very Low,2.3,4.1,5.5,R,R/M,M,0.16,0.32,0.64
1,0,Absent,None,None,2.5,3.6,5.5,R,R/M,M,0.11,0.33,0.47
0,0,Absent,None,None,1.5,2.7,4,R,R/M,M,0.17,0.42,0.52
2,2,Absent,None,None,1.7,2.5,4,R,M,M,0.06,0.26,0.45
0,0,Absent,None,None,1.2,3,4.3,R,M,M,0.01,0.02,0.6
0,0,Absent,None,Very Low,1.7,2.7,4,R,R/M,M,0.34,0.62,0.6
0,0,Absent,None,Low,1.7,2,3.9,R/M,R,R/M,0,0.07,0.02
0,0,Absent,Low,None,1.1,1.1,1.7,R,R,R,0.09,0.17,0.2
0,0,Absent,None,None,1.2,1.4,1.8,R,R,R,0.09,0.14,0.28
0,0,Absent,None,None,1.5,1.6,1.8,R,R,R,0.04,0.07,0.1
1,0,Absent,None,None,1.4,1.6,1.8,R/M,R/M,R/M,0.01,0.17,0.21
0,0,Absent,None,None,1.2,1.3,1.4,R/M,R/M,R/M,0.23,0.23,0.32
0,0,Absent,None,Very Low,0.9,1.3,1.4,R,R,R,0.26,0.38,0.39
0,0,Absent,Very Low,None,1.2,1.4,1.8,R/M,R/M,R/M,0.27,0.28,0.34
0,0,Absent,Very Low,None,1.5,1.6,1.8,R,R/M,R/M,0.25,0.32,0.45
0,0,Absent,None,None,1.5,1.8,2.8,R/M,R/M,R/M,0.06,0.21,0.33
2,0,Absent,None,None,2,2.5,2.6,R/M,R/M,R/M,-0.01,0.01,-0.12
0,0,Absent,None,None,1,1.3,1.3,R/M,R/M,R/M,0.02,0.03,0.1
0,0,Absent,Medium,None,0.8,1.2,1.7,R/M,R/M,R/M,-0.01,0.03,0.07
0,0,Absent,Low,None,0.7,1.2,1.5,R/M,R/M,R/M,0.09,0.07,0.07
0,0,Absent,Medium,None,2,2.1,1.7,R/M,R/M,R,0.12,0.19,0.38
0,0,Absent,Very Low,None,1.4,1.5,1.5,R/M,R/M,R,0.17,0.13,0.37
0,0,Absent,Medium,Very Low,1.4,2,1.3,R/M,R/M,R,0.2,0.15,0.07
0,0,Absent,Medium,None,1,1.1,1.2,R/M,R/M,R,0.09,-0.05,0.14
0,0,Absent,None,None,1,1.4,1.5,R/M,R/M,R/M,0.14,0.15,0.19
0,0,Absent,None,Very Low,1.4,2.4,4.2,R,R,R/M,0.05,0.09,-0.2
0,0,Absent,None,Very Low ,1.6,2.5,3.6,R,R,R,0.12,0.42,0.8
0,0,Absent,None,Low,1.8,3.1,4,R,R,R,0.61,1.03,1.1
0,0,Absent,None,None,1.5,3.6,5,R,R/M,R/M,0.23,0.57,0.57
0,0,Absent,None,Very Low ,1,3.5,4.4,R,R/M,M,0.13,0.24,0.51
0,0,Absent,None,None,2.1,3.5,5.8,R,R,R/M,0.14,0.48,0.53
0,0,Absent,None,None,2,4.2,6.5,R,R/M,R/M,0.05,0.3,0.48
0,0,Absent,None,None,2.7,5,7.4,R,R,R/M,0.03,0.22,0.28
0,0,Absent,None,None,1.1,2.7,4.9,R,R,R,0.08,0.24,0.51
0,0,Absent,None,None,1.2,3.2,5.9,R,R/M,R/M,0.27,0.33,0.44
0,0,Absent,None,None,1.6,3,5.2,R,R,R/M,0.05,0.24,0.33
0,0,Absent,Very Low,None,1.2,3.2,5.2,R,R,R,0.04,0.14,0.22
0,0,Absent,None,None,1.6,3.4,4.5,R,R,R,0.05,0.38,0.51
0,0,Absent,None,None,1.1,2.8,5.8,R,R,R,-0.05,-0.03,0.12
0,0,Absent,None,Very Low ,1,3,4.9,R,R,R,-0.06,-0.16,-0.07
0,0,Absent,None,Very Low,1.7,3.2,5.2,R,R,R,-0.01,-0.15,-0.02
0,0,Absent,None,None,1.9,3,4.4,R,R,R/M,0.35,0.33,0.45
0,0,Absent,None,Very Low,1.4,3.1,5,R,R,R,0.05,0.43,0.53
0,0,Absent,None,None,1.4,3.3,4.7,R,R,R,0.15,0.25,0.43
0,0,Absent,None,None,1.2,2.8,5,R,R,R/M,-0.03,0.23,0.5
0,0,Absent,None,None,1,2.6,4.3,R,R,R/M,-0.05,0.44,0.53
1,0,Absent,Very Low,None,2.4,3.6,5.5,R,R/M,R/M,-0.04,0.35,0.63
1,0,Absent,Very Low,Very Low,2.5,4.3,7.2,R,R/M,R/M,0.27,0.54,0.56
0,0,Absent,None,Very Low,2.6,4.4,6.2,R/M,R/M,R/M,0.09,0.23,0.4
0,0,Absent,None,Very Low,2.4,3.3,5.5,R/M,R/M,R/M,0.04,0.07,0.4
0,0,Absent,None,Very Low,2.3,3.1,6.4,R/M,R/M,M,0.11,0.56,0.6
0,0,Absent,None,Very Low,2.3,3.1,5.6,R/M,R/M,R/M,0.15,0.55,0.64
1,0,Absent,None,Very Low,2.4,2.6,3.8,R/M,R/M,R/M,0.14,0.36,0.62
0,0,Absent,None,None,2.2,2.8,4.9,R/M,R/M,R/M,0.17,0.41,0.66
0,0,Absent,None,Very Low,2.7,3.9,6.1,R,R,R,0.14,0.36,0.6
1,0,Absent,None,Very Low,2.5,5,7.3,R,R,R/M,0.29,0.47,0.63
1,0,Absent,None,Low,3.4,6,8.5,R/M,R/M,R/M,0.35,0.44,0.71
0,0,Absent,None,Very Low,3.4,6.4,8.2,R,R/M,R/M,0.12,0.3,0.47
0,0,Absent,None,None,2.2,4.2,6.6,R,R/M,R/M,0.05,0.21,0.55
0,0,Absent,None,Low,2.9,4.8,6,R/M,M,M,0.12,0.45,0.62
1,1,Absent,None,Very Low,2.4,3.2,5.5,R/M,M,M,0.12,0.47,0.43
0,0,Absent,None,None,2,2.6,4.4,M,M,M,0.01,0.24,0.29
0,0,Absent,Very Low,None,1.8,2.3,2.6,R,M,M,0.05,0.13,0.22
0,0,Absent,None,Low,1.8,2.6,4.4,R,M,M,0.01,0.17,0.35
1,0,Absent,None,None,2.1,5.6,7.6,R/M,R/M,R/M,0.02,0.35,0.58
0,0,Absent,None,None,2.7,5.7,7.4,R/M,M,M,0.37,0.64,0.9
0,0,Absent,None,High,0.7,1.5,1.5,M,M,M,0,0.01,0.16
0,0,Absent,None,Medium,0.5,1.5,1.8,M,M,M,0.29,-0.02,0.02
0,0,Absent,None,High,2.2,2.9,3.6,M,M,M,0.02,0.41,0.49
0,1,Absent,None,Very High,1.2,1.5,1.9,M,M,M,0.18,0.27,0.16
0,1,Absent,None,High,0.7,1.2,1.6,M,M,M,0.07,0.23,0.35
0,0,Absent,None,Very High,1.9,2.1,2.6,M,M,M,0.13,0.27,0.37
0,0,Absent,None,High,0.7,1.3,1.7,M,M,M,0.06,0.13,0.13
0,0,Absent,None,Very High,2.6,4.9,7.9,M,M,M,0.1,0.23,0.25
0,0,Absent,None,High,1.3,1.6,2.1,M,M,M,0.01,0.1,0.11
0,0,Present,None,High,1.2,1.7,2.1,M,M,M,0.05,0.06,0.02
1,0,Absent,None,High,1.4,1.8,2.2,M,M,M,-0.02,-0.07,-0.08
0,0,Absent,None,Medium,1.9,2.4,3.5,M,M,M,-0.18,-0.17,-0.15
0,0,Absent,None,Very High,5.1,9,14.6,M,M,M,0.03,0.03,-0.01
0,0,Absent,None,High,1.2,1.8,2.1,M,M,M,0.01,0.3,0.4
0,0,Absent,None,None,2.7,5,7.4,R,R/M,R/M,0.4,0.47,0.65
0,0,Absent,None,None,2.8,4.6,7.7,R,R,R/M,0.32,0.56,0.72
0,0,Absent,None,None,3,4.2,7.9,R,R,R/M,0.09,0.27,0.46
0,0,Absent,None,None,2.7,5.1,7.5,R,R,R/M,-0.01,0.2,0.59
0,0,Absent,None,None,2.8,4.5,7,R,R/M,R/M,0.03,0.46,0.57
0,1,Absent,None,None,3,5.3,8.4,R,R/M,R/M,0.12,0.36,0.33
0,0,Absent,None,None,3.2,5.4,8.1,R,R/M,R/M,0.17,0.32,0.62
0,0,Absent,None,None,3.3,4.4,8.4,R,R/M,R/M,0.13,0.18,0.41
0,0,Absent,None,None,2.7,5,7.9,R,R/M,R/M,-0.1,-0.03,0.33
0,0,Absent,None,None,2,3.5,7.6,R,R,R/M,0.19,0.52,0.89
0,0,Absent,None,None,3.4,4.5,8.6,R,R,R/M,0.57,0.73,1.01
0,0,Absent,None,None,2.3,5.7,9,R,R,R/M,0.41,0.61,0.72
2,0,Absent,None,None,2.5,5.1,7.6,R,R/M,R/M,0.16,0.3,0.63
1,0,Absent,None,None,3.2,4.8,7.6,R,R/M,R/M,-0.04,0.24,0.71
0,0,Absent,None,None,2.9,4.3,6.3,R,R,R/M,0.04,0.53,0.89
0,0,Absent,None,None,3.2,4.8,7.1,R,R,R/M,0.26,0.57,0.56
0,0,Absent,None,None,2.7,4.4,6.2,R,R,R/M,0.36,0.46,0.7
1,0,Absent,None,None,3,4.7,7.5,R,R/M,R/M,0.04,0.47,0.67
0,0,Absent,None,None,3.1,5,7.6,R,R,R/M,0.24,0.39,0.68
0,0,Absent,None,None,1.4,2,2.6,M,M,M,0.02,0.28,0.47
1,0,Absent,None,Low,1.3,1.8,2.2,M,M,M,0,0.26,0.6
0,0,Absent,None,Medium,1,1.6,2.1,M,M,M,0,0.58,0.69
0,0,Absent,None,Low,1.4,1.9,2.4,M,M,M,0.07,0.68,0.85
0,2,Absent,Very Low,Very Low,2,2.7,3.4,M,M,M,0.98,0.73,0.97
0,0,Absent,None,None,1.8,2.2,2.7,M,M,M,0.54,0.73,1.03
0,0,Absent,None,None,1.9,2.4,2.7,M,M,M,0.44,0.6,1.04
0,0,Absent,None,Very Low,1.2,1.8,2.4,M,M,M,0.02,0.41,0.76
0,0,Absent,None,Very Low,1.3,1.8,2.3,M,M,M,-0.05,0.59,0.6
0,0,Absent,Very Low,None,1,1.8,2.3,M,M,M,0.11,0.4,0.66
0,0,Absent,None,None,1,1.6,2.2,M,M,M,0.05,0.11,-0.22
0,0,Absent,None,None,1.4,2.1,2.6,M,M,M,-0.1,0.14,0.17
0,0,Absent,None,None,1.5,2,2.5,M,M,M,0.05,0.23,0.52
0,0,Absent,Very Low,None,1.5,2,2.5,M/V,M,M,0.71,0.64,0.77
0,0,Absent,None,None,1.1,1.9,2.4,M,M,M,0.16,0.55,0.83
0,0,Absent,None,None,1.2,2,2.4,M,M,M,0.18,0.41,1.06
0,0,Absent,None,None,0.9,1.8,2.3,M,M,M,-0.01,0.11,0.31
0,0,Absent,Very Low,None,1,2.1,2.6,M,M,M,0.03,-0.1,-0.03
0,0,Absent,None,None,1.1,2,2.4,M,M,M,-0.15,0.98,0.98
0,0,Absent,None,Low,0.9,2.1,2.6,M,M,M,0.64,1.08,0.88
1,0,Absent,None,None,1.4,2.2,3.6,M,M,M,-0.04,0.08,0.18
0,0,Absent,None,Low,2.4,4.1,6.3,M,M,M,-0.18,0,-0.13
0,0,Absent,None,Very Low,2.3,3.6,5.9,R,R/M,R/M,0.09,0.23,0.79
0,0,Absent,None,None,3,4,6.8,R,R,R/M,0.12,0.68,1.03
2,0,Absent,None,None,2.6,3,4,R,R/M,R/M,0.09,0.29,0.77
0,0,Absent,None,Very Low,2.6,3.3,4.2,R/M,R/M,R/M,0.35,0.36,0.48
2,0,Absent,None,None,2.7,4.4,5.6,R/M,R/M,R/M,-0.09,0.14,0.39
0,1,Absent,None,None,2.4,4,6,R/M,R/M,R/M,-0.14,-0.38,-0.16
1,1,Absent,None,Low,1.6,3.6,5.3,R,R/M,R/M,-0.01,0.91,1.11
3,0,Absent,None,None,2,3,4,R,R/M,R/M,0.22,0.74,1.02
2,0,Absent,None,Very Low,2.1,4.1,4.4,R,R/M,R/M,0.49,0.52,0.64
2,0,Absent,Low,Low,1.9,3.6,3.9,R,R/M,R/M,0.24,0.59,0.6
1,0,Absent,None,None,1.7,3,3.4,R/M,M,M,0.12,-0.12,0.11
3,1,Absent,None,None,2,3,3.4,R,R/M,R/M,-0.17,-0.46,-0.37
1,3,Absent,None,Medium,1.7,2.7,3,R/M,R/M,R/M,-0.01,-0.09,-0.16
0,0,Absent,None,Very Low,1.6,2.2,3.4,R,R/M,R/M,-0.02,-0.04,-0.19
5,0,Absent,None,None,1.8,3.9,6.6,R,R/M,R/M,0.8,0.55,-0.17
1,0,Absent,None,None,2.1,3.8,6,R,R,R/M,-0.06,0.23,1.02
1,0,Absent,None,None,1.4,2.9,4.5,R,R,R/M,-0.04,0.26,0.78
1,0,Absent,None,Very Low,1.1,2.5,3.8,R,R/M,R/M,0.14,0.49,0.73
3,0,Absent,None,None,1.6,3,6,R,R/M,R/M,0.2,0.44,0.66
1,0,Absent,None,Very Low,2.2,3.7,4.7,R,R,R/M,-0.04,0.3,0.51
1,0,Absent,None,None,1.8,3.9,5.7,R,R/M,R/M,0.85,1.18,1.52
0,0,Absent,None,Very Low ,2.9,4.8,6.4,R,R/M,R/M,0.28,0.77,1.47
1,0,Absent,None,Low ,2,3.9,6.2,R,R/M,R/M,0.47,0.98,1.78
2,0,Absent,None,Very Low ,2,3.9,6,R,R,R/M,0.95,1.84,1.86
0,0,Absent,None,None,1.9,3.9,5.8,R,R,R,0.39,1.64,1.93
1,0,Absent,None,Low,2.3,3.8,6.2,R,R,R/M,0.85,1.77,2.16
0,0,Absent,Low,None,2.3,3.6,6.8,R,R,R,1.27,1.53,2
1,0,Absent,None,None,2.3,3.8,5.7,R,R,R/M,0.34,0.88,1.27
0,0,Absent,Very Low,Very Low,2.1,4.4,7,R,R/M,R/M,-0.08,1.14,1.36
1,0,Absent,None,None,1.8,3.7,6.5,R,R/M,R/M,0.64,1.15,1.61
1,1,Absent,Medium,None,1.8,3.5,5.3,R,R/M,R/M,0.76,0.8,1.11
0,0,Absent,Medium,None,1.7,3.9,6,R,R/M,M,0.54,0.64,1.08
3,1,Absent,Low,None,2,3.8,5.3,R,R/M,M,-0.11,0.28,0.64
0,1,Absent,Low,None,2,3.7,4.7,R,R/M,R/M,0.02,0.67,1.11
1,0,Absent,Low,None,2,3.6,4.9,R,R/M,R/M,0.43,0.86,1.3
0,0,Absent,Very Low,None,1.6,4,5.2,R,R/M,R/M,0.55,0.96,1.42
0,0,Absent,Very Low ,None,2.1,3.9,6.2,R,R/M,R/M,0.51,0.82,1.17
3,0,Absent,None,None,2.3,4.7,8,R,R/M,R/M,-0.11,0.84,1.2
0,0,Absent,None,None,1.7,3.3,5,R,R,R/M,0.73,0.98,1.54
0,0,Absent,Low,None,1.9,3.4,6.8,R,R,R/M,0.62,0.64,1.03
0,0,Absent,Low,None,1.9,4.1,7.1,R,R,R/M,0.48,1.01,1.21
0,0,Absent,None,None,1.8,4.1,6.2,M,M,M,0.11,0.3,0.74
1,2,Absent,None,Very Low,1.6,3.4,4.6,M,M,M,0.18,0.36,0.57
0,0,Absent,None,Low,2,6.3,7.5,M,M,M,0.4,0.64,1.21
0,0,Absent,None,Low,1.1,3.4,3.6,M,M,M,0.51,1.22,1.46
0,1,Absent,None,None,2.6,4,5,M,M,M,0.45,0.78,1
0,0,Absent,None,None,2.3,4.3,5.7,M,M,M,0.31,0.59,0.76
0,0,Absent,None,None,2,4.3,5.3,M,M,M,0.51,0.86,0.93
0,0,Absent,None,None,2,3.6,4.6,M,M,M,0.66,0.94,0.98
0,0,Absent,None,None,2,4,5.1,M,M,M,0.12,0.34,0.71
0,1,Absent,None,None,2,4.6,6.2,M,M,M,0.12,0.09,0.49
0,0,Absent,None,Very Low,2,4.7,6.3,M,M,M,0.28,0.56,1.18
0,0,Absent,None,None,1.1,4,5.8,M,M,M,0.11,1.14,1.27
0,0,Absent,None,None,1.4,4,4.4,M,M,M,0.56,0.99,1.22
0,1,Absent,None,None,2,4.1,5.2,M,M,M,0.61,0.69,0.86
0,0,Absent,None,None,1.7,2,2.6,M,M,M,0.07,0.55,0.6
0,0,Absent,None,Low,1.8,3.7,5.5,M,M,M,0.47,0.61,1.01
0,0,Absent,None,Low,1.6,3.6,4.6,M,M,M,0.23,0.37,0.45
1,0,Absent,None,Low,1.2,4,4.6,M,M,M,0.11,0.42,0.35
0,0,Absent,None,Low,2.6,4.3,3.4,M,R/M,R/M,0.23,0.59,0.04
0,0,Absent,None,Low,2.4,3.6,2.6,M,R/M,R/M,0.23,0.28,0.19
1,0,Absent,None,Low,2.6,5.5,6,R/M,R/M,R/M,0.27,0.74,0.81
0,0,Absent,None,Low,3,4,4,R/M,R/M,R/M,0.05,0.41,0.67
2,0,Absent,None,None,2.3,5.8,6.6,R/M,R/M,R/M,-0.09,0.05,0.66
0,0,Absent,None,Low,1.3,5.2,8,R/M,R/M,R/M,-0.05,0.23,0.5
0,1,Absent,None,None,1.9,6.1,7.2,R,R/M,R/M,-0.02,0.51,0.57
1,1,Absent,None,None,1.4,2.1,2.1,R/M,R/M,R,0.05,-0.13,0.17
0,0,Absent,None,None,4.4,8.5,10,R/M,R/M,R,0.02,0.47,1.01
0,0,Absent,None,Very Low,1.2,1.4,1.4,M,R/M,R/M,0.1,0.05,0.69
1,0,Absent,None,None,1,3.5,5.8,M,R/M,R,0.08,0.63,0.58
0,0,Absent,None,None,4,7.6,9.7,M,R/M,R,0.06,0.35,0.23
0,0,Absent,None,None,2.8,6.2,9.2,M,R/M,R/M,0.01,0.28,0.65
1,0,Absent,None,None,4,6.8,9,M,R/M,R/M,0.06,0.08,0.84
0,0,Absent,None,Very Low,2.6,3.1,4.9,M,R/M,R/M,0.21,0.79,1.15
0,0,Absent,None,None,1.4,5.3,6.4,M,R/M,R/M,0.16,0.64,0.82
0,0,Absent,None,None,3.1,6,8.4,M,R,R,0.01,0.42,0.38
0,0,Absent,None,None,1,2,3.2,M,R,R,-0.04,0.04,0.67
1,0,Absent,None,None,2,2,4.5,M,R,R,-0.02,0.03,0.08
0,0,Absent,None,None,1.9,3.6,6.5,R/M,R/M,R,0,-0.06,0.4
1,0,Absent,None,None,1.7,2.7,5,R/M,R,R,0.03,0.04,0.19
0,1,Absent,None,None,1.7,3.5,5,R/M,R/M,R/M,0.01,0.51,0.6
0,0,Absent,None,None,1.6,5,6.8,R/M,R/M,R/M,0.05,0.35,0.89
0,0,Absent,None,None,1.3,4.1,6,R/M,R/M,R/M,0.56,0.94,1.39
0,0,Absent,None,None,2.8,5.5,7.4,R/M,R/M,R/M,-0.16,0.56,1.05
0,0,Absent,None,None,2.1,5,7.2,R/M,R/M,R/M,0.36,1.12,1.36
0,0,Absent,None,None,3.2,6.1,8,R/M,R/M,R/M,0.3,0.88,1.07
0,0,Absent,None,None,2.4,5,7.9,R/M,R/M,R/M,-0.1,0,0.67
0,0,Absent,None,None,2.6,4,4.8,R/M,R/M,R/M,0.54,0.74,0.92
1,0,Absent,None,None,1.1,3.1,4.2,R/M,R/M,R/M,0.13,0.5,0.83
0,0,Absent,None,None,1.5,2.8,3.2,R/M,R/M,R/M,0.37,0.32,0.84
0,0,Absent,None,None,1.4,3,3.9,M,M,M,0.01,0.06,0.25
0,0,Absent,None,None,1.2,2.7,4,M,R/M,R/M,0.1,0.05,0.44
0,0,Absent,None,None,2.8,3,4.2,M,R/M,R/M,0.08,0.17,0.29
0,0,Absent,None,None,1.6,3.6,6.1,R/M,R/M,R/M,0.09,0.43,0.64
0,0,Absent,None,None,1.6,3.6,4.4,R/M,R/M,R/M,0.11,0.32,0.54
0,0,Absent,None,None,3.4,6.8,7.3,R/M,R/M,R/M,0.06,0.3,0.22
0,0,Absent,None,None,2.1,4,5,R/M,R/M,R/M,0,-0.06,0.06
0,0,Absent,None,None,3.4,5.6,6,R/M,R/M,R/M,0.23,0.34,0.51
0,0,Absent,None,None,1.5,3.6,5.3,R/M,R/M,R/M,0.35,0.42,0.63
0,0,Absent,None,None,2,4,5,R/M,R/M,M,0.28,0.51,0.56
0,0,Absent,None,None,1.6,3.6,4.6,R/M,R/M,R/M,0.41,0.71,0.75
0,0,Absent,None,None,1.8,3,3.7,R/M,R/M,R/M,0.36,0.57,0.78
0,0,Absent,None,None,1.1,3.3,4.2,M,M,M,0.23,0.4,0.53
0,0,Absent,None,None,1.3,3.8,4,M,M,R/M,0.12,0.53,0.75
0,0,Absent,None,None,1.7,3.6,4.8,M,M,R/M,0.12,0.28,0.69
0,0,Absent,None,None,1.7,3.1,4.7,M,M,R/M,0.09,0.45,0.67
0,0,Absent,None,None,1.7,3,3.9,M,R/M,R/M,0.04,0.39,0.52
0,0,Absent,None,None,1.5,3.3,4,M,R/M,R/M,0.02,0.4,0.67
0,0,Absent,None,None,1.1,3.2,4,M,M,R/M,0.24,0.43,0.59
0,1,Absent,None,None,1.3,2.8,3.6,M,R,R,0.28,0.46,0.55
0,0,Absent,None,None,1.3,3.2,4.7,M,R,R,0.34,0.47,0.69
0,0,Absent,None,None,1.7,4,5,M,R/M,R/M,0.1,0.33,0.42
0,0,Absent,None,None,1,3.2,4.2,M,R/M,R/M,0.13,0.51,0.6
0,0,Absent,None,None,2.4,3.2,4,M,R/M,R/M,0.36,0.53,0.54
0,0,Absent,None,None,1.1,5,8.3,R,R,R,0.21,0.44,0.69
0,0,Absent,None,None,1.2,5.3,6.3,R/M,R,R,-0.1,-0.06,0.02
0,0,Absent,None,None,1.4,3.2,5.7,R/M,R,R,0.01,0.05,0.55
1,0,Absent,None,None,3.1,5.7,7.5,R/M,R,R,0,0.59,0.73
0,0,Absent,None,None,1.9,6.7,7.5,R/M,R,R,0.26,0.61,0.85
0,0,Absent,None,None,3,6.6,7.7,R/M,R/M,R/M,0.1,0.26,0.66
0,0,Absent,None,None,4.4,6.7,8.4,R/M,R/M,R/M,0.19,0.44,0.58
0,0,Absent,None,None,4.8,7.8,8.5,R/M,R/M,R/M,0.44,0.58,0.77
0,0,Absent,None,None,1.2,4,6.4,R/M,R/M,R/M,0.06,0.1,0.31
0,0,Absent,None,None,1.8,1.9,4.3,R/M,R/M,R/M,0.05,0.14,0.47
0,0,Absent,None,None,1.5,1.3,2.8,R/M,R/M,R/M,0,0.37,0.29
1,0,Absent,None,None,1.3,3,4,R/M,R/M,R/M,0.16,0.18,0.46
0,0,Absent,None,None,1.3,2.8,5.2,R/M,R/M,R/M,0.05,-0.1,0.05
0,0,Absent,None,None,1.6,2.6,2.3,R/M,R/M,R/M,0.01,0.28,0.26
0,0,Absent,None,None,2.5,3.6,2.8,R/M,R/M,R,-0.09,0.1,0.24
0,0,Absent,None,Very Low,0.1,1.6,2.5,R,R/M,R/M,0,0,0.23
0,0,Absent,None,None,2.4,5.5,7.4,R/M,M,M,0.58,0.96,1.18
0,0,Absent,None,None,2.3,7,5,R/M,R/M,M,0.48,0.45,0.93
0,0,Absent,None,High,2.4,4.5,6.7,R/M,R/M,M,0.36,0.91,1.03
0,0,Absent,None,Low,2.2,5,6,R/M,R/M,M,0.39,0.86,0.82
0,0,Absent,None,Low,2,4.4,5,R/M,M,M,0.42,0.82,1.08
0,0,Absent,None,None,1.5,3.9,5.3,R/M,M,M,0.11,0.65,0.99
0,0,Absent,None,None,1.6,4.1,6.2,R/M,R/M,M,0.25,0.6,0.87
0,0,Absent,None,Medium,2.3,5.3,6.5,R/M,R/M,M,0.13,0.65,0.6
0,0,Absent,None,Low,2,4,5.1,M,M,M,0.53,0.84,0.81
0,0,Absent,None,Very Low,2,4,5.4,M,M,R/M,0.25,0.7,0.9
0,0,Absent,None,Very Low,2,3.5,4.5,R/M,R/M,R/M,0.41,0.59,0.79
0,0,Absent,None,None,1.9,4.1,5.6,M,R/M,R/M,0.42,0.47,0.54
0,0,Absent,None,Medium,2.1,5,7.2,R/M,R/M,M,0.11,0.19,0.29
0,0,Absent,None,Medium,2.1,5,6.7,R/M,M,R/M,0.07,0.1,0.24
0,0,Absent,None,None,1.7,4,5,R/M,M,M,-0.08,0.1,0.13
0,0,Absent,None,Very Low,2.4,3.3,5.7,R/M,R/M,R/M,0.28,0.69,0.61
0,0,Absent,None,Very Low,1.7,4,5,R/M,M,R/M,0.27,0.46,0.63
0,0,Absent,None,None,2.4,3,4.6,R,R,R,0.59,0.79,0.94
0,0,Absent,None,None,1.7,2.7,4.6,R/M,R/M,R/M,0.08,0.52,0.6
0,0,Absent,None,None,1.3,3.4,4.8,R/M,R,R,0.5,0.65,0.77
0,0,Absent,None,None,1.3,3,4,R,R,R,0.22,0.61,0.67
0,1,Absent,None,None,1.8,4,5.2,R,R,R,0.25,0.6,0.81
0,0,Absent,None,None,1.5,3,4.7,R,R,R,0.42,0.83,1.22
0,0,Absent,None,None,2.3,5,6.1,R,R,R,0.48,0.81,1.07
0,0,Absent,None,None,3,5.1,6.3,R,R,R,0.12,0.3,1.01
0,1,Absent,None,None,1.3,3,5.1,R,R,R,-0.06,0.12,0.85
0,0,Absent,None,None,1,3.1,4.6,R/M,R,R,0.26,0.81,1.07
0,0,Absent,None,None,1.2,3.8,5,R/M,R,R,0.4,0.75,1.05
0,0,Absent,None,None,1.5,4.2,5.6,R/M,R,R,0.41,0.65,0.84
0,2,Absent,None,None,1.7,3.4,4.6,R/M,R,R,0.65,0.79,1.21
0,0,Absent,None,None,1.8,3,4,M,R,R,0.84,0.96,1
0,0,Absent,None,None,1.6,3.3,4.7,M,R,R,0.07,0.32,0.95
0,0,Absent,None,None,1.4,3.5,4.8,M,R,R,0.44,0.84,1.1
0,0,Absent,None,Very Low,2.3,3.7,4.3,M,M,M,0.23,0.86,0.6
0,0,Absent,None,Very Low,1.1,3.3,4.5,M,M,M,0.45,0.68,0.59
0,0,Absent,None,Very Low,2.4,4,4.7,M,M,M,0.33,0.58,0.56
0,0,Absent,None,Very Low,1.8,3.7,5.5,M,M,M,0.12,0.29,0.44
0,0,Absent,None,None,2.2,4.4,7,M,M,M,0.3,0.21,0.76
0,0,Absent,None,Low,1.3,3.7,5.8,M,M,R/M,0.29,0.51,0.54
0,0,Absent,None,None,3.8,5.5,6.4,M,M,M,0.57,0.42,0.54
0,0,Absent,None,None,1.8,3.3,5.8,M,M,M,0.32,0.49,0.44
0,0,Absent,None,High,1.3,3.3,6,M,M,M,0.47,0.75,0.9
0,0,Absent,None,Medium,3.8,6.4,7.8,M,M,M,0.59,0.61,0.72
0,0,Absent,None,None,1.4,4.4,6.6,M,M,M,0.42,0.52,0.66
0,0,Absent,None,Low,1,3.4,4.4,M,M,M,0.71,0.81,1.06
0,0,Absent,None,Medium,2.3,4.7,6.5,M,M,M,0.16,0.47,0.61
0,0,Absent,None,Low,3,5,5.7,R/M,M,M,0.43,0.82,1.31
0,0,Absent,None,Very Low,3.5,5,6.6,M,M,M,0.09,0.53,1.19
0,0,Absent,None,None,2.2,5.7,7,M,M,M,0.96,1.39,1.46
0,0,Absent,None,Very Low,4.2,7.2,10,M,M,M,0.44,0.72,1.04
0,0,Absent,None,Very Low,1,3,4.3,M,M,M,0.2,0.72,0.91
0,0,Absent,None,High,0.6,3.1,5.1,M,M,M,0,-0.28,0.23
0,0,Absent,None,High,2.5,4.5,6.1,M,M,M,0.12,0.57,0.87
0,0,Absent,None,High,2.1,5.1,6.4,M,M,M,0.17,0.72,0.52
0,0,Absent,None,Low,1.3,4.1,5.7,M,R/M,M,0.24,0.47,0.59
0,1,Absent,None,Very Low,0.9,3.1,4,M,M,M,0.08,0.11,0.55
0,0,Absent,None,Very Low,0.5,2.6,5.4,M,M,M,0.09,0.18,0.2
0,0,Absent,None,Low,0.5,1.7,3.2,M,M,M,0.06,0.33,0.29
0,0,Absent,None,Low,0.6,2.5,3.3,M,M,R/M,0.13,0.3,0.31
0,0,Absent,None,High,0.6,3.9,5.3,M,M,M,0.14,0.3,0.47
0,0,Absent,None,None,1.1,3.6,5.1,M,M,M,-0.03,-0.07,0.04
0,0,Absent,None,Low,0.8,3.1,5,M,M,M,0.03,-0.11,0.11
0,0,Absent,None,Very Low,0.5,3.2,5.1,M,M,M,0.01,0.33,0.37
0,0,Absent,None,High,1.6,4,5,M,M,M,0.1,0.25,0.36
0,0,Absent,None,Very Low,1.1,3.4,4.7,M,M,M,0.05,0.15,0.52
0,0,Absent,None,Very Low,1.5,3.6,4.9,M,M,M,0.32,0.48,0.6
0,0,Absent,None,Very Low,1.9,4.4,5.7,M,M,M,0.01,-0.02,0.24
0,0,Absent,None,None,1.8,5.5,7.4,M,M,M,0.06,0.36,0.5
0,0,Absent,None,None,2.4,4.8,7.8,M,M,M,0.01,0.05,0.09
0,0,Absent,None,None,1.2,5.5,8,M,M,M,0.02,0.21,0.31
0,0,Absent,None,None,1.9,5.3,7.3,M,M,M,-0.01,0.03,0.05
1,0,Absent,None,None,1.7,4,6,M,M,M,0.03,0.1,0.04
1,0,Absent,None,None,1,4,6,M,M,M,-0.05,0.2,0.11
0,0,Absent,None,None,1.2,4.2,6.2,M,M,M,0.02,-0.01,0.04
1,0,Absent,None,None,3,4,6.4,M,M,M,0.02,0.04,0.01
0,0,Absent,None,None,1.8,4.2,6,M,M,M,0.02,0.01,0.02
0,0,Absent,None,None,0.5,3,4,M,M,M,0.01,0.02,0.06
1,0,Absent,None,None,2,5,6.4,M,M,M,0.02,0.05,0.09
0,0,Absent,None,None,2,4,5.6,M,M,M,0.06,0.02,0.01
0,0,Absent,None,None,0.7,3.1,5,M,M,M,0.01,0.12,0.08
0,0,Absent,None,None,1,3.4,5,M,M,M,0.01,-0.02,0.08
0,0,Absent,None,None,1.3,3,5,M,M,M,-0.01,0.07,0.15
0,0,Absent,None,None,1.2,3.6,4.1,M,M,M,0.01,0.04,0.06
0,0,Absent,None,None,1,3.4,5,M,M,M,0.01,0.03,0.04
0,1,Absent,None,None,1.6,4.7,7.1,M,M,R/M,0.01,0.03,0.02
0,0,Absent,None,None,1,3.1,5,R/M,M,R,0.06,0.07,0.21
1,0,Absent,None,None,1,4.4,7.4,R,M,M,0.05,0.16,0.22
1,0,Absent,None,None,2,7,7.9,R,M,M,0.04,0.07,0.08
0,0,Absent,None,None,0.7,2,3.1,M,M,M,-0.01,0.09,0.35
0,0,Absent,None,None,0.7,2.1,3.1,M,M,M,0.02,0.19,0.26
0,0,Absent,None,None,0.5,1.8,3,M,M,M,0.15,0.08,0.2
0,0,Absent,None,None,0.5,1.6,2.6,M,M,M,-0.02,-0.05,0.07
0,0,Absent,None,None,1,2,3.2,M,M,M,0.05,0.11,0.22
0,0,Absent,None,Low,0.7,2.4,4,M,M,M,0.01,0.15,0.27
0,0,Absent,None,None,1,1.8,3.1,M,M,M,0.07,0.11,0.15
0,0,Absent,None,None,1.2,2.5,4,M,M,M,-0.01,0.08,0.26
0,0,Absent,None,None,1.3,3.4,4.6,M,M,M,-0.03,0.04,0.3
0,0,Absent,None,None,1,4.2,5,R,M,M,-0.03,0.19,0.25
2,0,Absent,None,None,2.1,4.6,5.5,R,M,M,0.02,0.13,0.3
0,0,Absent,None,None,1.2,3.4,5,R,M,M,0.02,0.14,0.25
0,0,Absent,None,None,1.6,3.1,5,R,M,M,0.02,0.08,0.2
0,0,Absent,None,None,2,3.6,3.6,M,M,M,0.03,0.15,0.28
0,0,Absent,None,None,1.5,4.2,5.8,M,M,M,0.04,0.07,0.11
0,0,Absent,None,Very Low,1.2,4.3,5.5,M,M,M,-0.05,-0.06,0.28
0,0,Absent,None,None,1,3,4.6,M,M,M,0.02,-0.06,0.25
1,0,Absent,None,None,0.7,3,5,M,M,M,-0.02,0.04,0.07
0,0,Absent,None,None,1,2.7,4.5,M,M,R,0.02,0.11,0.1
0,1,Absent,None,None,0.6,2.1,3.8,M,M,M,0.02,0.07,0.04
0,1,Absent,None,None,1,2.3,4,M,M,M,0.01,0.15,0.26
0,0,Absent,None,None,0.5,0.7,0.9,R/M,R/M,R/M,-0.01,-0.07,-0.07
1,0,Absent,None,None,0.6,0.4,0.9,R/M,R/M,R/M,0.08,0.07,0.24
0,0,Absent,None,None,0.6,1.2,0.8,R/M,R/M,R/M,-0.03,0.01,-0.02
1,0,Absent,None,None,1.2,2,2.1,R/M,R/M,R/M,-0.01,0.08,0.05
0,0,Absent,None,None,0.7,1,1.1,R/M,M,M,-0.02,-0.06,0.13
0,0,Absent,None,None,0.1,0.9,1.3,R/M,R/M,R/M,-0.01,0.08,0.04
0,0,Absent,None,None,0.6,1.6,1.5,R,R/M,R/M,0.01,0.03,0.07
0,0,Absent,None,None,1.1,1.4,1,R,R/M,R/M,0.02,0.03,0.04
0,0,Absent,None,None,1,1,1.5,R,R/M,M,0.03,0.05,0.04
0,0,Absent,None,None,0.6,1.9,1.9,R/M,R,R,0.01,0.23,0.24
0,0,Absent,None,None,1.1,1.5,2.7,R/M,R/M,R/M,-0.01,-0.02,-0.01
0,0,Absent,None,None,1,1.9,2.6,R/M,R/M,M,0.01,0.03,-0.23
0,0,Absent,None,None,1.5,2.2,2.7,R/M,R/M,M,0.08,0.18,0.28
0,0,Absent,None,None,0.9,1.2,1.3,R/M,R,R,0.02,0.09,0.15
0,0,Absent,None,None,2,2.4,2.4,R/M,R/M,R/M,0.13,0.2,0.18
0,0,Absent,None,None,1.6,2.2,2.8,R/M,R,R/M,-0.02,0.15,0.11
0,0,Absent,None,None,1.7,2,4.4,R/M,R/M,M,0.04,-0.05,0.05
1,0,Absent,None,None,1.8,3,4.5,R,R,M,0.25,0.39,0.47
0,0,Absent,None,None,1.6,3.2,4.4,R,R/M,M,0.17,0.31,0.31
0,0,Absent,None,None,2,3,5.5,R,R/M,M,0.03,0.56,0.38
0,0,Absent,None,None,2.2,5,6.6,R,R/M,M,0.22,0.39,0.37
0,0,Absent,None,None,1.3,3.8,5,R,R/M,M,-0.01,-0.06,0.01
0,0,Absent,None,None,1.8,4,6.4,R/M,R/M,R/M,0.05,0.12,0.35
0,0,Absent,None,None,2,5,6.2,R/M,R/M,R/M,0.12,0.16,2.1
1,0,Absent,None,None,2.4,5.9,7,R/M,R/M,R/M,0.01,0.44,0.37
0,0,Absent,None,None,2.6,4.7,6.6,R/M,R/M,R/M,0.03,0.13,0.33
0,0,Absent,None,None,1.7,3.7,6,R/M,R/M,R/M,0.01,0.17,0.27
1,0,Absent,None,None,2.4,6.8,8.6,R/M,R/M,M,0.01,0.1,0.08
1,0,Absent,None,None,1.5,5,7.4,R/M,R/M,R/M,0.03,0.04,0.08
0,0,Absent,None,None,1.6,2.5,4.4,R/M,R/M,R/M,0.03,0.23,0.4
0,0,Absent,None,Low,1.5,3.4,4,R,R/M,R/M,0.11,0.17,0.48
0,0,Absent,None,None,1,4,6,R,R/M,R/M,0.08,0.24,0.47
0,0,Absent,None,None,1.9,4,5.7,R,R,R/M,-0.04,0.17,0.25
0,0,Absent,None,None,1,3.1,4.4,R,R,R/M,-0.01,0.27,0.33
0,0,Absent,None,Very Low ,2,4,4.5,R/M,R/M,R/M,0.08,0.41,0.64
0,0,Absent,None,Low,1,3,5,R/M,R/M,R/M,-0.05,0.05,0.51
0,0,Absent,None,Very Low,0.7,2.4,4,R/M,R/M,R/M,0.17,-0.24,0.37
0,0,Absent,None,Very Low,1.2,3.6,5,R/M,R/M,R/M,-0.03,0.21,0.48
0,0,Absent,None,Very Low,1.1,4,5.3,R/M,R/M,M,-0.05,0.66,0.61
0,0,Absent,None,None,1,3,5.6,R/M,M,M,0.08,0.15,0.6
0,0,Absent,None,Very Low,2.4,5,6.1,R/M,M,M,0.04,0.34,0.66
0,0,Absent,None,None,1.7,4,5.6,R,M,M,0.02,0.04,0.65
0,0,Absent,None,None,1.6,5,6.8,R,M,M,0.05,0.23,0.54
0,0,Absent,None,Very Low,1.7,4.9,7,R,R,M,0.18,0.4,0.65
0,0,Absent,None,Very Low,2,4.5,6.6,R,R/M,R/M,0.05,0.15,0.44
0,0,Absent,None,Very Low ,1.1,3.1,5.8,R,M,M,0.14,0.36,0.4
0,0,Absent,None,Low,1,3.2,5,R,M,M,0.04,0.16,0.42
0,0,Absent,None,Very Low,0.7,2.5,3.3,R,M,M,-0.02,0.11,0.29
0,0,Absent,None,None,1.8,3,5,R/M,M,M,0.02,0.21,0.38
0,0,Absent,None,Very Low,0.4,1.4,3.6,R/M,M,M,-0.2,0.03,0.26
0,0,Absent,None,Medium,0.6,2,4.2,R/M,M,M,0.01,0.23,0.64
0,0,Absent,None,Low,1.1,3.9,4.8,R/M,M,M,-0.07,0.4,0.57
0,0,Absent,None,None,1.3,4.4,5.5,R/M,M,M,0.13,0.3,0.34
0,1,Absent,None,High,1.6,1.7,2,M,M,M,0.02,0.04,0.07
0,0,Present,None,High,4.4,5.6,6.5,M,M,M,0.01,0.07,0.27
0,0,Absent,None,High,1.5,2,3.3,M,M,M,0.01,0.01,0.08
0,0,Absent,None,High,0.6,1.1,2.8,M,M,M,0.01,0.03,0.25
0,0,Absent,None,Medium,0.6,1.2,2,M,M,M,0.01,0.15,0.21
0,0,Absent,None,High,0.3,1.2,2.5,M,M,M,-0.01,-0.01,0.12
0,0,Absent,None,High,0.6,1.2,2,M,M,M,0.01,0.01,-0.12
0,0,Absent,None,Very High ,2,3.6,6,M,M,M,0.01,0.35,0.13
0,0,Absent,None,Very High ,0.4,1.2,4.4,M,M,M,-0.01,-0.07,-0.06
0,0,Absent,None,Low,0.8,1.7,3.9,M,M,M,0.02,0.05,0.06
0,0,Absent,None,High,0.6,2.4,4.1,M,M,M,-0.12,0.37,0.28
0,0,Absent,None,High,0.6,2.9,5,M,M,M,0.01,-0.07,0.09
0,0,Absent,None,High ,1,4.1,7.4,M,M,M,-0.01,-0.07,0.02
0,0,Absent,None,Medium,1.9,1.1,1.6,M,M,M,-0.01,-0.11,0.04
0,0,Absent,None,None,1.7,5.8,7.6,R,R,R,0.1,0.26,0.34
0,0,Absent,None,None,1.3,5.4,6.4,R,R,R,0.32,0.59,0.64
0,0,Absent,None,None,1.9,5,6.6,R,R,R,0.13,0.22,0.26
0,0,Absent,None,None,1.9,6.1,7.5,R,R,R,0.14,0.49,0.61
0,0,Absent,None,None,3,5,7.4,R,R,R/M,0.1,0.32,0.38
0,0,Absent,None,None,3.2,5.6,7.1,R,R,R/M,0.1,0.23,0.26
0,0,Absent,None,None,2.8,5,8,R,R,R/M,0.12,0.15,0.3
0,0,Absent,None,None,2.5,5,8,R,R,R/M,0.07,0.11,0.17
0,0,Absent,None,None,2,5.6,7.4,R,R,R/M,-0.04,-0.01,0.04
0,0,Absent,None,None,1.8,3.7,6.9,R,R,R/M,0.05,0.35,0.9
0,0,Absent,None,None,2.5,6.1,8.6,R,R,R/M,0.05,0.3,0.64
0,0,Absent,None,None,2.1,5.1,8,R,R,R/M,0.28,0.47,0.79
0,0,Absent,None,None,3.1,5.3,7.6,R,R,R/M,0.08,0.18,0.34
0,0,Absent,None,None,2.4,5.3,7.8,R,R,R/M,0.01,0.13,0.44
0,0,Absent,None,None,2.5,5.3,7.4,R,R,R/M,0.05,0.41,0.57
0,0,Absent,None,None,2,5,8.1,R,R,R/M,0.17,0.58,0.63
0,0,Absent,None,None,2,4.1,6.7,R,R,R/M,0.05,0.41,0.63
0,0,Absent,None,None,2,4.8,6.8,R,R,R/M,0.18,0.29,0.49
