SiteName,Type,Category,Event,Region,Date,Species,FL,TL,SI,Race,Mort,Ad_Clip,Current,Depth
24.0L,Natural,Natural,1,Ko-Ket,3/20/2012,BAS,115,120,NA,NA,FALSE,FALSE,,
24.0L,Natural,Natural,1,Ko-Ket,3/20/2012,BAS,233,250,NA,NA,FALSE,FALSE,,
24.0L,Natural,Natural,1,Ko-Ket,3/20/2012,CHN,50,55,parr,Fall,FALSE,FALSE,,
24.0L,Natural,Natural,1,Ko-Ket,3/20/2012,CHN,57,61,parr,Fall,FALSE,FALSE,,
24.0L,Natural,Natural,1,Ko-Ket,3/20/2012,CHN,57,61,parr,Fall,FALSE,FALSE,,
24.0L,Natural,Natural,1,Ko-Ket,3/20/2012,CHN,60,65,parr,Fall,FALSE,FALSE,,
24.0L,Natural,Natural,1,Ko-Ket,3/20/2012,CHN,60,65,parr,Fall,FALSE,FALSE,,
24.0L,Natural,Natural,1,Ko-Ket,3/20/2012,CHN,60,65,parr,Fall,FALSE,FALSE,,
24.0L,Natural,Natural,1,Ko-Ket,3/20/2012,CHN,61,68,parr,Fall,FALSE,FALSE,,
24.0L,Natural,Natural,1,Ko-Ket,3/20/2012,CHN,61,66,parr,Fall,FALSE,FALSE,,
24.0L,Natural,Natural,1,Ko-Ket,3/20/2012,CHN,63,69,smolt,Fall,TRUE,FALSE,,
24.0L,Natural,Natural,1,Ko-Ket,3/20/2012,CHN,63,68,smolt,Fall,FALSE,FALSE,,
24.0L,Natural,Natural,1,Ko-Ket,3/20/2012,CHN,64,70,smolt,Fall,TRUE,FALSE,,
24.0L,Natural,Natural,1,Ko-Ket,3/20/2012,CHN,65,71,smolt,Fall,FALSE,FALSE,,
24.0L,Natural,Natural,1,Ko-Ket,3/20/2012,CHN,65,70,smolt,Fall,FALSE,FALSE,,
24.0L,Natural,Natural,1,Ko-Ket,3/20/2012,CHN,65,70,smolt,Fall,FALSE,FALSE,,
24.0L,Natural,Natural,1,Ko-Ket,3/20/2012,CHN,65,71,smolt,Fall,FALSE,FALSE,,
24.0L,Natural,Natural,1,Ko-Ket,3/20/2012,CHN,65,69,smolt,Fall,FALSE,FALSE,,
24.0L,Natural,Natural,1,Ko-Ket,3/20/2012,CHN,66,71,smolt,Fall,FALSE,FALSE,,
24.0L,Natural,Natural,1,Ko-Ket,3/20/2012,CHN,67,73,smolt,Fall,FALSE,FALSE,,
24.0L,Natural,Natural,1,Ko-Ket,3/20/2012,CHN,68,73,smolt,Spring,FALSE,FALSE,,
24.0L,Natural,Natural,1,Ko-Ket,3/20/2012,CHN,69,75,smolt,Spring,FALSE,FALSE,,
24.0L,Natural,Natural,1,Ko-Ket,3/20/2012,CHN,70,77,smolt,Spring,FALSE,FALSE,,
24.0L,Natural,Natural,1,Ko-Ket,3/20/2012,CHN,70,77,smolt,Spring,FALSE,FALSE,,
24.0L,Natural,Natural,1,Ko-Ket,3/20/2012,CHN,70,75,smolt,Spring,FALSE,FALSE,,
24.0L,Natural,Natural,1,Ko-Ket,3/20/2012,CHN,70,76,smolt,Spring,FALSE,FALSE,,
24.0L,Natural,Natural,1,Ko-Ket,3/20/2012,CHN,70,76,smolt,Spring,FALSE,FALSE,,
24.0L,Natural,Natural,1,Ko-Ket,3/20/2012,CHN,71,77,smolt,Spring,FALSE,FALSE,,
24.0L,Natural,Natural,1,Ko-Ket,3/20/2012,CHN,71,77,smolt,Spring,FALSE,FALSE,,
24.0L,Natural,Natural,1,Ko-Ket,3/20/2012,CHN,71,78,smolt,Spring,FALSE,FALSE,,
24.0L,Natural,Natural,1,Ko-Ket,3/20/2012,CHN,75,81,smolt,Spring,FALSE,FALSE,,
24.0L,Natural,Natural,1,Ko-Ket,3/20/2012,CHN,75,81,smolt,Spring,FALSE,FALSE,,
24.0L,Natural,Natural,1,Ko-Ket,3/20/2012,CHN,76,82,smolt,Spring,FALSE,FALSE,,
24.0L,Natural,Natural,1,Ko-Ket,3/20/2012,CHN,76,83,smolt,Spring,FALSE,FALSE,,
24.0L,Natural,Natural,1,Ko-Ket,3/20/2012,CHN,78,84,smolt,Spring,FALSE,FALSE,,
24.0L,Natural,Natural,1,Ko-Ket,3/20/2012,MSS,37,39,NA,NA,FALSE,FALSE,,
24.0L,Natural,Natural,1,Ko-Ket,3/20/2012,MSS,47,50,NA,NA,FALSE,FALSE,,
24.0L,Natural,Natural,1,Ko-Ket,3/20/2012,MSS,54,56,NA,NA,FALSE,FALSE,,
24.0L,Natural,Natural,1,Ko-Ket,3/20/2012,MSS,55,59,NA,NA,FALSE,FALSE,,
24.0L,Natural,Natural,1,Ko-Ket,3/20/2012,MSS,55,60,NA,NA,FALSE,FALSE,,
24.0L,Natural,Natural,1,Ko-Ket,3/20/2012,MSS,57,61,NA,NA,FALSE,FALSE,,
24.0L,Natural,Natural,1,Ko-Ket,3/20/2012,MSS,58,62,NA,NA,FALSE,FALSE,,
24.0L,Natural,Natural,1,Ko-Ket,3/20/2012,MSS,60,65,NA,NA,FALSE,FALSE,,
24.0L,Natural,Natural,1,Ko-Ket,3/20/2012,MSS,63,67,NA,NA,FALSE,FALSE,,
24.0L,Natural,Natural,1,Ko-Ket,3/20/2012,MSS,64,68,NA,NA,FALSE,FALSE,,
24.0L,Natural,Natural,1,Ko-Ket,3/20/2012,MSS,65,71,NA,NA,FALSE,FALSE,,
24.0L,Natural,Natural,1,Ko-Ket,3/20/2012,MSS,65,70,NA,NA,FALSE,FALSE,,
24.0L,Natural,Natural,1,Ko-Ket,3/20/2012,MSS,67,72,NA,NA,FALSE,FALSE,,
24.0L,Natural,Natural,1,Ko-Ket,3/20/2012,MSS,70,74,NA,NA,FALSE,FALSE,,
24.0L,Natural,Natural,1,Ko-Ket,3/20/2012,MSS,75,80,NA,NA,FALSE,FALSE,,
24.0L,Natural,Natural,1,Ko-Ket,3/20/2012,SASQ,80,88,NA,NA,FALSE,FALSE,,
24.0L,Natural,Natural,1,Ko-Ket,3/20/2012,SPLT,100,116,NA,NA,FALSE,FALSE,,
24.0L,Natural,Natural,1,Ko-Ket,3/20/2012,SPLT,111,134,NA,NA,FALSE,FALSE,,
24.0L,Natural,Natural,1,Ko-Ket,3/20/2012,STB,455,483,NA,NA,FALSE,FALSE,,
24.0L,Natural,Natural,1,Ko-Ket,3/20/2012,TP,141,150,NA,NA,FALSE,FALSE,,
24.0L,Natural,Natural,1,Ko-Ket,3/20/2012,TP,161,174,NA,NA,FALSE,FALSE,,
24.0L,Natural,Natural,2,Ko-Ket,4/4/2012,CHN,34,36,Fry,Fall,FALSE,FALSE,,
24.0L,Natural,Natural,2,Ko-Ket,4/4/2012,CHN,38,40,Fry,Fall,FALSE,FALSE,,
24.0L,Natural,Natural,2,Ko-Ket,4/4/2012,CHN,41,44,Fry,Fall,FALSE,FALSE,,
24.0L,Natural,Natural,2,Ko-Ket,4/4/2012,CHN,45,50,parr,Fall,FALSE,FALSE,,
24.0L,Natural,Natural,2,Ko-Ket,4/4/2012,CHN,45,48,Fry,Fall,FALSE,FALSE,,
24.0L,Natural,Natural,2,Ko-Ket,4/4/2012,CHN,45,49,Fry,Fall,FALSE,FALSE,,
24.0L,Natural,Natural,2,Ko-Ket,4/4/2012,CHN,45,48,Fry,Fall,FALSE,FALSE,,
24.0L,Natural,Natural,2,Ko-Ket,4/4/2012,CHN,48,51,parr,Fall,FALSE,FALSE,,
24.0L,Natural,Natural,2,Ko-Ket,4/4/2012,CHN,52,56,parr,Fall,FALSE,FALSE,,
24.0L,Natural,Natural,2,Ko-Ket,4/4/2012,CHN,54,56,parr,Fall,FALSE,FALSE,,
24.0L,Natural,Natural,2,Ko-Ket,4/4/2012,CHN,54,57,parr,Fall,FALSE,FALSE,,
24.0L,Natural,Natural,2,Ko-Ket,4/4/2012,CHN,60,66,parr,Fall,FALSE,FALSE,,
24.0L,Natural,Natural,2,Ko-Ket,4/4/2012,CHN,62,67,parr,Fall,FALSE,FALSE,,
24.0L,Natural,Natural,2,Ko-Ket,4/4/2012,CHN,74,80,parr,Fall,FALSE,FALSE,,
24.0L,Natural,Natural,2,Ko-Ket,4/4/2012,CHN,61,67,smolt,Fall,FALSE,FALSE,,
24.0L,Natural,Natural,2,Ko-Ket,4/4/2012,CHN,65,71,smolt,Fall,FALSE,FALSE,,
24.0L,Natural,Natural,2,Ko-Ket,4/4/2012,CHN,68,75,smolt,Fall,FALSE,FALSE,,
24.0L,Natural,Natural,2,Ko-Ket,4/4/2012,CHN,69,77,smolt,Fall,TRUE,FALSE,,
24.0L,Natural,Natural,2,Ko-Ket,4/4/2012,CHN,70,77,smolt,Fall,FALSE,FALSE,,
24.0L,Natural,Natural,2,Ko-Ket,4/4/2012,CHN,70,77,smolt,Fall,FALSE,FALSE,,
24.0L,Natural,Natural,2,Ko-Ket,4/4/2012,CHN,70,76,smolt,Fall,FALSE,FALSE,,
24.0L,Natural,Natural,2,Ko-Ket,4/4/2012,CHN,70,75,smolt,Fall,FALSE,FALSE,,
24.0L,Natural,Natural,2,Ko-Ket,4/4/2012,CHN,70,79,smolt,Fall,FALSE,FALSE,,
24.0L,Natural,Natural,2,Ko-Ket,4/4/2012,CHN,70,77,smolt,Fall,FALSE,FALSE,,
24.0L,Natural,Natural,2,Ko-Ket,4/4/2012,CHN,71,78,smolt,Fall,FALSE,FALSE,,
24.0L,Natural,Natural,2,Ko-Ket,4/4/2012,CHN,71,78,smolt,Fall,FALSE,FALSE,,
24.0L,Natural,Natural,2,Ko-Ket,4/4/2012,CHN,72,77,smolt,Fall,FALSE,FALSE,,
24.0L,Natural,Natural,2,Ko-Ket,4/4/2012,CHN,73,81,smolt,Fall,TRUE,FALSE,,
24.0L,Natural,Natural,2,Ko-Ket,4/4/2012,CHN,73,80,smolt,Fall,FALSE,FALSE,,
24.0L,Natural,Natural,2,Ko-Ket,4/4/2012,CHN,73,80,smolt,Fall,FALSE,FALSE,,
24.0L,Natural,Natural,2,Ko-Ket,4/4/2012,CHN,73,79,smolt,Fall,FALSE,FALSE,,
24.0L,Natural,Natural,2,Ko-Ket,4/4/2012,CHN,74,79,smolt,Fall,FALSE,FALSE,,
24.0L,Natural,Natural,2,Ko-Ket,4/4/2012,CHN,74,82,smolt,Fall,FALSE,FALSE,,
24.0L,Natural,Natural,2,Ko-Ket,4/4/2012,CHN,74,81,smolt,Fall,FALSE,FALSE,,
24.0L,Natural,Natural,2,Ko-Ket,4/4/2012,CHN,74,81,smolt,Fall,FALSE,FALSE,,
24.0L,Natural,Natural,2,Ko-Ket,4/4/2012,CHN,74,82,smolt,Fall,FALSE,FALSE,,
24.0L,Natural,Natural,2,Ko-Ket,4/4/2012,CHN,74,81,smolt,Fall,FALSE,FALSE,,
24.0L,Natural,Natural,2,Ko-Ket,4/4/2012,CHN,74,80,smolt,Fall,FALSE,FALSE,,
24.0L,Natural,Natural,2,Ko-Ket,4/4/2012,CHN,74,80,smolt,Fall,FALSE,FALSE,,
24.0L,Natural,Natural,2,Ko-Ket,4/4/2012,CHN,75,82,smolt,Spring,TRUE,FALSE,,
24.0L,Natural,Natural,2,Ko-Ket,4/4/2012,CHN,75,83,smolt,Spring,FALSE,FALSE,,
24.0L,Natural,Natural,2,Ko-Ket,4/4/2012,CHN,75,83,smolt,Spring,FALSE,FALSE,,
24.0L,Natural,Natural,2,Ko-Ket,4/4/2012,CHN,75,81,smolt,Spring,FALSE,FALSE,,
24.0L,Natural,Natural,2,Ko-Ket,4/4/2012,CHN,75,81,smolt,Spring,FALSE,FALSE,,
24.0L,Natural,Natural,2,Ko-Ket,4/4/2012,CHN,76,85,smolt,Spring,FALSE,FALSE,,
24.0L,Natural,Natural,2,Ko-Ket,4/4/2012,CHN,76,84,smolt,Spring,FALSE,FALSE,,
24.0L,Natural,Natural,2,Ko-Ket,4/4/2012,CHN,76,81,smolt,Spring,FALSE,FALSE,,
24.0L,Natural,Natural,2,Ko-Ket,4/4/2012,CHN,77,84,smolt,Spring,FALSE,FALSE,,
24.0L,Natural,Natural,2,Ko-Ket,4/4/2012,CHN,77,85,smolt,Spring,FALSE,FALSE,,
24.0L,Natural,Natural,2,Ko-Ket,4/4/2012,CHN,77,86,smolt,Spring,FALSE,FALSE,,
24.0L,Natural,Natural,2,Ko-Ket,4/4/2012,CHN,78,85,smolt,Spring,FALSE,FALSE,,
24.0L,Natural,Natural,2,Ko-Ket,4/4/2012,CHN,78,86,smolt,Spring,FALSE,FALSE,,
24.0L,Natural,Natural,2,Ko-Ket,4/4/2012,CHN,78,86,smolt,Spring,FALSE,FALSE,,
24.0L,Natural,Natural,2,Ko-Ket,4/4/2012,CHN,79,87,smolt,Spring,FALSE,FALSE,,
24.0L,Natural,Natural,2,Ko-Ket,4/4/2012,CHN,79,86,smolt,Spring,FALSE,FALSE,,
24.0L,Natural,Natural,2,Ko-Ket,4/4/2012,CHN,79,86,smolt,Spring,TRUE,FALSE,,
24.0L,Natural,Natural,2,Ko-Ket,4/4/2012,CHN,79,86,smolt,Spring,TRUE,FALSE,,
24.0L,Natural,Natural,2,Ko-Ket,4/4/2012,CHN,79,87,smolt,Spring,FALSE,FALSE,,
24.0L,Natural,Natural,2,Ko-Ket,4/4/2012,CHN,79,85,smolt,Spring,FALSE,FALSE,,
24.0L,Natural,Natural,2,Ko-Ket,4/4/2012,CHN,79,86,smolt,Spring,FALSE,FALSE,,
24.0L,Natural,Natural,2,Ko-Ket,4/4/2012,CHN,80,87,smolt,Spring,FALSE,FALSE,,
24.0L,Natural,Natural,2,Ko-Ket,4/4/2012,CHN,80,89,smolt,Spring,FALSE,FALSE,,
24.0L,Natural,Natural,2,Ko-Ket,4/4/2012,CHN,80,88,smolt,Spring,TRUE,FALSE,,
24.0L,Natural,Natural,2,Ko-Ket,4/4/2012,CHN,81,89,smolt,Spring,FALSE,FALSE,,
24.0L,Natural,Natural,2,Ko-Ket,4/4/2012,CHN,81,88,smolt,Spring,FALSE,FALSE,,
24.0L,Natural,Natural,2,Ko-Ket,4/4/2012,CHN,82,91,smolt,Spring,FALSE,FALSE,,
24.0L,Natural,Natural,2,Ko-Ket,4/4/2012,CHN,84,90,smolt,Spring,FALSE,FALSE,,
24.0L,Natural,Natural,2,Ko-Ket,4/4/2012,CHN,85,94,smolt,Spring,FALSE,FALSE,,
24.0L,Natural,Natural,2,Ko-Ket,4/4/2012,CHN,85,95,smolt,Spring,FALSE,FALSE,,
24.0L,Natural,Natural,2,Ko-Ket,4/4/2012,CHN,85,95,smolt,Spring,FALSE,FALSE,,
24.0L,Natural,Natural,2,Ko-Ket,4/4/2012,CHN,86,96,smolt,Spring,FALSE,FALSE,,
24.0L,Natural,Natural,2,Ko-Ket,4/4/2012,CHN,87,96,smolt,Spring,FALSE,FALSE,,
24.0L,Natural,Natural,2,Ko-Ket,4/4/2012,CHN,87,97,smolt,Spring,FALSE,FALSE,,
24.0L,Natural,Natural,2,Ko-Ket,4/4/2012,DSM,67,71,NA,NA,FALSE,FALSE,,
24.0L,Natural,Natural,2,Ko-Ket,4/4/2012,GSN,69,76,NA,NA,FALSE,FALSE,,
24.0L,Natural,Natural,2,Ko-Ket,4/4/2012,MSS,42,45,NA,NA,FALSE,FALSE,,
24.0L,Natural,Natural,2,Ko-Ket,4/4/2012,MSS,65,69,NA,NA,FALSE,FALSE,,
24.0L,Natural,Natural,2,Ko-Ket,4/4/2012,MSS,65,70,NA,NA,FALSE,FALSE,,
24.0L,Natural,Natural,2,Ko-Ket,4/4/2012,MSS,65,70,NA,NA,FALSE,FALSE,,
24.0L,Natural,Natural,2,Ko-Ket,4/4/2012,MSS,75,80,NA,NA,FALSE,FALSE,,
24.0L,Natural,Natural,2,Ko-Ket,4/4/2012,MSS,80,86,NA,NA,FALSE,FALSE,,
24.0L,Natural,Natural,2,Ko-Ket,4/4/2012,SASQ,98,108,NA,NA,FALSE,FALSE,,
24.0L,Natural,Natural,2,Ko-Ket,4/4/2012,SASQ,183,199,NA,NA,FALSE,FALSE,,
24.0L,Natural,Natural,2,Ko-Ket,4/4/2012,SASU,46,48,NA,NA,FALSE,FALSE,,
24.0L,Natural,Natural,2,Ko-Ket,4/4/2012,TP,100,105,NA,NA,FALSE,FALSE,,
24.0L,Natural,Natural,2,Ko-Ket,4/4/2012,TP,107,113,NA,NA,FALSE,FALSE,,
24.0L,Natural,Natural,2,Ko-Ket,4/4/2012,TP,130,138,NA,NA,FALSE,FALSE,,
24.0L,Natural,Natural,2,Ko-Ket,4/4/2012,TP,136,146,NA,NA,FALSE,FALSE,,
24.0L,Natural,Natural,2,Ko-Ket,4/4/2012,TP,139,147,NA,NA,FALSE,FALSE,,
24.0L,Natural,Natural,2,Ko-Ket,4/4/2012,TP,140,148,NA,NA,FALSE,FALSE,,
24.0L,Natural,Natural,2,Ko-Ket,4/4/2012,TP,141,151,NA,NA,FALSE,FALSE,,
24.0L,Natural,Natural,2,Ko-Ket,4/4/2012,TP,157,169,NA,NA,FALSE,FALSE,,
24.0L,Natural,Natural,3,Ko-Ket,4/18/2012,BAS,93,97,NA,NA,FALSE,FALSE,,
24.0L,Natural,Natural,3,Ko-Ket,4/18/2012,BAS,123,130,NA,NA,FALSE,FALSE,,
24.0L,Natural,Natural,3,Ko-Ket,4/18/2012,BAS,212,227,NA,NA,FALSE,FALSE,,
24.0L,Natural,Natural,3,Ko-Ket,4/18/2012,CHN,45,48,Fry,Fall,FALSE,FALSE,,
24.0L,Natural,Natural,3,Ko-Ket,4/18/2012,CHN,47,50,parr,Fall,FALSE,FALSE,,
24.0L,Natural,Natural,3,Ko-Ket,4/18/2012,CHN,50,55,parr,Fall,TRUE,FALSE,,
24.0L,Natural,Natural,3,Ko-Ket,4/18/2012,CHN,53,57,parr,Fall,FALSE,FALSE,,
24.0L,Natural,Natural,3,Ko-Ket,4/18/2012,CHN,55,60,parr,Fall,FALSE,FALSE,,
24.0L,Natural,Natural,3,Ko-Ket,4/18/2012,CHN,55,60,parr,Fall,FALSE,FALSE,,
24.0L,Natural,Natural,3,Ko-Ket,4/18/2012,CHN,56,60,parr,Fall,FALSE,FALSE,,
24.0L,Natural,Natural,3,Ko-Ket,4/18/2012,CHN,57,61,parr,Fall,FALSE,FALSE,,
24.0L,Natural,Natural,3,Ko-Ket,4/18/2012,CHN,57,61,parr,Fall,FALSE,FALSE,,
24.0L,Natural,Natural,3,Ko-Ket,4/18/2012,CHN,58,63,parr,Fall,FALSE,FALSE,,
24.0L,Natural,Natural,3,Ko-Ket,4/18/2012,CHN,58,63,parr,Fall,FALSE,FALSE,,
24.0L,Natural,Natural,3,Ko-Ket,4/18/2012,CHN,60,65,parr,Fall,FALSE,FALSE,,
24.0L,Natural,Natural,3,Ko-Ket,4/18/2012,CHN,60,65,parr,Fall,FALSE,FALSE,,
24.0L,Natural,Natural,3,Ko-Ket,4/18/2012,CHN,63,69,parr,Fall,FALSE,FALSE,,
24.0L,Natural,Natural,3,Ko-Ket,4/18/2012,CHN,64,70,parr,Fall,FALSE,FALSE,,
24.0L,Natural,Natural,3,Ko-Ket,4/18/2012,CHN,65,71,parr,Fall,FALSE,FALSE,,
24.0L,Natural,Natural,3,Ko-Ket,4/18/2012,CHN,73,80,parr,Fall,FALSE,FALSE,,
24.0L,Natural,Natural,3,Ko-Ket,4/18/2012,CHN,74,80,smolt,Fall,FALSE,FALSE,,
24.0L,Natural,Natural,3,Ko-Ket,4/18/2012,CHN,75,81,smolt,Fall,FALSE,FALSE,,
24.0L,Natural,Natural,3,Ko-Ket,4/18/2012,CHN,77,85,smolt,Fall,FALSE,FALSE,,
24.0L,Natural,Natural,3,Ko-Ket,4/18/2012,CHN,80,87,smolt,Fall,FALSE,FALSE,,
24.0L,Natural,Natural,3,Ko-Ket,4/18/2012,CHN,81,88,smolt,Fall,FALSE,FALSE,,
24.0L,Natural,Natural,3,Ko-Ket,4/18/2012,CHN,81,87,smolt,Fall,FALSE,FALSE,,
24.0L,Natural,Natural,3,Ko-Ket,4/18/2012,CHN,83,90,smolt,Spring,FALSE,FALSE,,
24.0L,Natural,Natural,3,Ko-Ket,4/18/2012,CHN,83,90,smolt,Spring,FALSE,FALSE,,
24.0L,Natural,Natural,3,Ko-Ket,4/18/2012,CHN,87,94,smolt,Spring,FALSE,FALSE,,
24.0L,Natural,Natural,3,Ko-Ket,4/18/2012,CHN,88,95,smolt,Fall,FALSE,TRUE,,
24.0L,Natural,Natural,3,Ko-Ket,4/18/2012,CHN,88,96,smolt,Spring,FALSE,TRUE,,
24.0L,Natural,Natural,3,Ko-Ket,4/18/2012,CHN,92,101,smolt,Spring,FALSE,FALSE,,
24.0L,Natural,Natural,3,Ko-Ket,4/18/2012,HCH,55,61,NA,NA,FALSE,FALSE,,
24.0L,Natural,Natural,3,Ko-Ket,4/18/2012,HCH,70,77,NA,NA,FALSE,FALSE,,
24.0L,Natural,Natural,3,Ko-Ket,4/18/2012,MSS,61,66,NA,NA,FALSE,FALSE,,
24.0L,Natural,Natural,3,Ko-Ket,4/18/2012,MSS,66,71,NA,NA,FALSE,FALSE,,
24.0L,Natural,Natural,3,Ko-Ket,4/18/2012,MSS,67,72,NA,NA,FALSE,FALSE,,
24.0L,Natural,Natural,3,Ko-Ket,4/18/2012,MSS,77,83,NA,NA,FALSE,FALSE,,
24.0L,Natural,Natural,3,Ko-Ket,4/18/2012,PRS,NA,72,NA,NA,FALSE,FALSE,,
24.0L,Natural,Natural,3,Ko-Ket,4/18/2012,SASQ,70,76,NA,NA,FALSE,FALSE,,
24.0L,Natural,Natural,3,Ko-Ket,4/18/2012,SASQ,80,90,NA,NA,FALSE,FALSE,,
24.0L,Natural,Natural,3,Ko-Ket,4/18/2012,SASQ,115,127,NA,NA,FALSE,FALSE,,
24.0L,Natural,Natural,3,Ko-Ket,4/18/2012,SASQ,118,127,NA,NA,FALSE,FALSE,,
24.0L,Natural,Natural,3,Ko-Ket,4/18/2012,SASQ,121,134,NA,NA,FALSE,FALSE,,
24.0L,Natural,Natural,3,Ko-Ket,4/18/2012,SASQ,183,199,NA,NA,FALSE,FALSE,,
24.0L,Natural,Natural,3,Ko-Ket,4/18/2012,TP,96,102,NA,NA,FALSE,FALSE,,
24.0L,Natural,Natural,3,Ko-Ket,4/18/2012,TP,140,151,NA,NA,FALSE,FALSE,,
24.0R,Historic,Historic,1,Ko-Ket,3/20/2012,BAS,65,76,NA,NA,FALSE,FALSE,,
24.0R,Historic,Historic,1,Ko-Ket,3/20/2012,BAS,170,180,NA,NA,FALSE,FALSE,,
24.0R,Historic,Historic,1,Ko-Ket,3/20/2012,BAS,186,198,NA,NA,FALSE,FALSE,,
24.0R,Historic,Historic,1,Ko-Ket,3/20/2012,BAS,207,218,NA,NA,FALSE,FALSE,,
24.0R,Historic,Historic,1,Ko-Ket,3/20/2012,BAS,263,282,NA,NA,FALSE,FALSE,,
24.0R,Historic,Historic,1,Ko-Ket,3/20/2012,CHN,37,39,Fry,Fall,FALSE,FALSE,,
24.0R,Historic,Historic,1,Ko-Ket,3/20/2012,CHN,59,64,parr,Fall,TRUE,FALSE,,
24.0R,Historic,Historic,1,Ko-Ket,3/20/2012,CHN,59,56,parr,Fall,FALSE,FALSE,,
24.0R,Historic,Historic,1,Ko-Ket,3/20/2012,CHN,60,66,parr,Fall,FALSE,FALSE,,
24.0R,Historic,Historic,1,Ko-Ket,3/20/2012,CHN,60,65,parr,Fall,FALSE,FALSE,,
24.0R,Historic,Historic,1,Ko-Ket,3/20/2012,CHN,61,64,parr,Fall,FALSE,FALSE,,
24.0R,Historic,Historic,1,Ko-Ket,3/20/2012,CHN,61,66,parr,Fall,FALSE,FALSE,,
24.0R,Historic,Historic,1,Ko-Ket,3/20/2012,CHN,63,68,smolt,Fall,FALSE,FALSE,,
24.0R,Historic,Historic,1,Ko-Ket,3/20/2012,CHN,63,68,smolt,Fall,FALSE,FALSE,,
24.0R,Historic,Historic,1,Ko-Ket,3/20/2012,CHN,65,70,smolt,Fall,TRUE,FALSE,,
24.0R,Historic,Historic,1,Ko-Ket,3/20/2012,CHN,66,72,smolt,Fall,FALSE,FALSE,,
24.0R,Historic,Historic,1,Ko-Ket,3/20/2012,CHN,67,72,smolt,Fall,FALSE,FALSE,,
24.0R,Historic,Historic,1,Ko-Ket,3/20/2012,CHN,67,73,smolt,Fall,FALSE,FALSE,,
24.0R,Historic,Historic,1,Ko-Ket,3/20/2012,CHN,70,76,smolt,Spring,FALSE,FALSE,,
24.0R,Historic,Historic,1,Ko-Ket,3/20/2012,CHN,70,75,smolt,Spring,FALSE,FALSE,,
24.0R,Historic,Historic,1,Ko-Ket,3/20/2012,SASQ,65,73,NA,NA,FALSE,FALSE,,
24.0R,Historic,Historic,1,Ko-Ket,3/20/2012,TP,84,89,NA,NA,FALSE,FALSE,,
24.0R,Historic,Historic,2,Ko-Ket,4/4/2012,BAS,64,66,NA,NA,FALSE,FALSE,,
24.0R,Historic,Historic,2,Ko-Ket,4/4/2012,BAS,140,145,NA,NA,FALSE,FALSE,,
24.0R,Historic,Historic,2,Ko-Ket,4/4/2012,BAS,185,195,NA,NA,FALSE,FALSE,,
24.0R,Historic,Historic,2,Ko-Ket,4/4/2012,BAS,185,197,NA,NA,FALSE,FALSE,,
24.0R,Historic,Historic,2,Ko-Ket,4/4/2012,BAS,186,195,NA,NA,FALSE,FALSE,,
24.0R,Historic,Historic,2,Ko-Ket,4/4/2012,BAS,190,200,NA,NA,FALSE,FALSE,,
24.0R,Historic,Historic,2,Ko-Ket,4/4/2012,BAS,195,207,NA,NA,FALSE,FALSE,,
24.0R,Historic,Historic,2,Ko-Ket,4/4/2012,BAS,198,210,NA,NA,FALSE,FALSE,,
24.0R,Historic,Historic,2,Ko-Ket,4/4/2012,BAS,370,390,NA,NA,FALSE,FALSE,,
24.0R,Historic,Historic,2,Ko-Ket,4/4/2012,CHN,35,38,Fry,Fall,TRUE,FALSE,,
24.0R,Historic,Historic,2,Ko-Ket,4/4/2012,CHN,41,43,Fry,Fall,FALSE,FALSE,,
24.0R,Historic,Historic,2,Ko-Ket,4/4/2012,CHN,45,49,Fry,Fall,FALSE,FALSE,,
24.0R,Historic,Historic,2,Ko-Ket,4/4/2012,CHN,73,81,smolt,Fall,FALSE,FALSE,,
24.0R,Historic,Historic,2,Ko-Ket,4/4/2012,CHN,74,82,smolt,Fall,FALSE,FALSE,,
24.0R,Historic,Historic,2,Ko-Ket,4/4/2012,CHN,80,88,smolt,Spring,FALSE,FALSE,,
24.0R,Historic,Historic,2,Ko-Ket,4/4/2012,CHN,82,90,smolt,Spring,FALSE,FALSE,,
24.0R,Historic,Historic,2,Ko-Ket,4/4/2012,GSF,100,105,NA,NA,FALSE,FALSE,,
24.0R,Historic,Historic,3,Ko-Ket,4/18/2012,BAS,140,147,NA,NA,FALSE,FALSE,,
24.0R,Historic,Historic,3,Ko-Ket,4/18/2012,BAS,172,183,NA,NA,FALSE,FALSE,,
24.0R,Historic,Historic,3,Ko-Ket,4/18/2012,BAS,185,199,NA,NA,FALSE,FALSE,,
24.0R,Historic,Historic,3,Ko-Ket,4/18/2012,BAS,272,280,NA,NA,FALSE,FALSE,,
24.0R,Historic,Historic,3,Ko-Ket,4/18/2012,BAS,305,325,NA,NA,FALSE,FALSE,,
24.0R,Historic,Historic,3,Ko-Ket,4/18/2012,GSF,55,57,NA,NA,FALSE,FALSE,,
24.0R,Historic,Historic,3,Ko-Ket,4/18/2012,MSS,67,71,NA,NA,FALSE,FALSE,,
24.0R,Historic,Historic,3,Ko-Ket,4/18/2012,PRS,NA,97,NA,NA,FALSE,FALSE,,
24.0R,Historic,Historic,3,Ko-Ket,4/18/2012,PRS,NA,85,NA,NA,FALSE,FALSE,,
24.0R,Historic,Historic,3,Ko-Ket,4/18/2012,SASU,440,457,NA,NA,FALSE,FALSE,,
25.0L,Natural,Natural,1,Ko-Ket,3/20/2012,BGS,37,39,NA,NA,FALSE,FALSE,,
25.0L,Natural,Natural,1,Ko-Ket,3/20/2012,CHN,35,37,Fry,Fall,FALSE,FALSE,,
25.0L,Natural,Natural,1,Ko-Ket,3/20/2012,CHN,50,54,parr,Fall,FALSE,FALSE,,
25.0L,Natural,Natural,1,Ko-Ket,3/20/2012,CHN,55,59,parr,Fall,FALSE,FALSE,,
25.0L,Natural,Natural,1,Ko-Ket,3/20/2012,CHN,61,66,parr,Fall,FALSE,FALSE,,
25.0L,Natural,Natural,1,Ko-Ket,3/20/2012,CHN,63,68,parr,Fall,FALSE,FALSE,,
25.0L,Natural,Natural,1,Ko-Ket,3/20/2012,CHN,63,68,smolt,Fall,TRUE,FALSE,,
25.0L,Natural,Natural,1,Ko-Ket,3/20/2012,CHN,63,68,smolt,Fall,FALSE,FALSE,,
25.0L,Natural,Natural,1,Ko-Ket,3/20/2012,CHN,65,70,smolt,Fall,FALSE,FALSE,,
25.0L,Natural,Natural,1,Ko-Ket,3/20/2012,CHN,66,71,smolt,Fall,FALSE,FALSE,,
25.0L,Natural,Natural,1,Ko-Ket,3/20/2012,CHN,66,72,smolt,Fall,FALSE,FALSE,,
25.0L,Natural,Natural,1,Ko-Ket,3/20/2012,CHN,67,73,smolt,Fall,FALSE,FALSE,,
25.0L,Natural,Natural,1,Ko-Ket,3/20/2012,CHN,67,72,smolt,Fall,FALSE,FALSE,,
25.0L,Natural,Natural,1,Ko-Ket,3/20/2012,CHN,68,74,smolt,Spring,FALSE,FALSE,,
25.0L,Natural,Natural,1,Ko-Ket,3/20/2012,CHN,68,74,smolt,Spring,FALSE,FALSE,,
25.0L,Natural,Natural,1,Ko-Ket,3/20/2012,CHN,68,74,smolt,Spring,FALSE,FALSE,,
25.0L,Natural,Natural,1,Ko-Ket,3/20/2012,CHN,69,74,smolt,Spring,FALSE,FALSE,,
25.0L,Natural,Natural,1,Ko-Ket,3/20/2012,CHN,69,75,smolt,Spring,FALSE,FALSE,,
25.0L,Natural,Natural,1,Ko-Ket,3/20/2012,CHN,70,77,smolt,Spring,TRUE,FALSE,,
25.0L,Natural,Natural,1,Ko-Ket,3/20/2012,CHN,70,76,smolt,Spring,FALSE,FALSE,,
25.0L,Natural,Natural,1,Ko-Ket,3/20/2012,CHN,70,76,smolt,Spring,FALSE,FALSE,,
25.0L,Natural,Natural,1,Ko-Ket,3/20/2012,CHN,70,74,smolt,Spring,FALSE,FALSE,,
25.0L,Natural,Natural,1,Ko-Ket,3/20/2012,CHN,71,78,smolt,Spring,TRUE,FALSE,,
25.0L,Natural,Natural,1,Ko-Ket,3/20/2012,CHN,71,78,smolt,Spring,FALSE,FALSE,,
25.0L,Natural,Natural,1,Ko-Ket,3/20/2012,CHN,72,79,smolt,Spring,FALSE,FALSE,,
25.0L,Natural,Natural,1,Ko-Ket,3/20/2012,CHN,72,78,smolt,Spring,FALSE,FALSE,,
25.0L,Natural,Natural,1,Ko-Ket,3/20/2012,CHN,73,78,smolt,Spring,FALSE,FALSE,,
25.0L,Natural,Natural,1,Ko-Ket,3/20/2012,CHN,75,81,smolt,Spring,FALSE,FALSE,,
25.0L,Natural,Natural,1,Ko-Ket,3/20/2012,CHN,110,120,smolt,Winter,FALSE,FALSE,,
25.0L,Natural,Natural,1,Ko-Ket,3/20/2012,DSM,67,72,NA,NA,FALSE,FALSE,,
25.0L,Natural,Natural,1,Ko-Ket,3/20/2012,DSM,68,72,NA,NA,FALSE,FALSE,,
25.0L,Natural,Natural,1,Ko-Ket,3/20/2012,DSM,69,74,NA,NA,FALSE,FALSE,,
25.0L,Natural,Natural,1,Ko-Ket,3/20/2012,DSM,70,74,NA,NA,FALSE,FALSE,,
25.0L,Natural,Natural,1,Ko-Ket,3/20/2012,DSM,70,74,NA,NA,FALSE,FALSE,,
25.0L,Natural,Natural,1,Ko-Ket,3/20/2012,MSS,32,34,NA,NA,FALSE,FALSE,,
25.0L,Natural,Natural,1,Ko-Ket,3/20/2012,MSS,36,38,NA,NA,FALSE,FALSE,,
25.0L,Natural,Natural,1,Ko-Ket,3/20/2012,MSS,43,47,NA,NA,FALSE,FALSE,,
25.0L,Natural,Natural,1,Ko-Ket,3/20/2012,MSS,46,48,NA,NA,FALSE,FALSE,,
25.0L,Natural,Natural,1,Ko-Ket,3/20/2012,MSS,50,54,NA,NA,FALSE,FALSE,,
25.0L,Natural,Natural,1,Ko-Ket,3/20/2012,MSS,53,57,NA,NA,FALSE,FALSE,,
25.0L,Natural,Natural,1,Ko-Ket,3/20/2012,MSS,64,68,NA,NA,FALSE,FALSE,,
25.0L,Natural,Natural,1,Ko-Ket,3/20/2012,MSS,77,82,NA,NA,FALSE,FALSE,,
25.0L,Natural,Natural,1,Ko-Ket,3/20/2012,SPLT,106,125,NA,NA,FALSE,FALSE,,
25.0L,Natural,Natural,1,Ko-Ket,3/20/2012,SPLT,108,127,NA,NA,FALSE,FALSE,,
25.0L,Natural,Natural,1,Ko-Ket,3/20/2012,TP,145,155,NA,NA,FALSE,FALSE,,
25.0L,Natural,Natural,2,Ko-Ket,4/4/2012,BAS,185,197,NA,NA,FALSE,FALSE,,
25.0L,Natural,Natural,2,Ko-Ket,4/4/2012,BAS,235,249,NA,NA,FALSE,FALSE,,
25.0L,Natural,Natural,2,Ko-Ket,4/4/2012,BAS,301,319,NA,NA,FALSE,FALSE,,
25.0L,Natural,Natural,2,Ko-Ket,4/4/2012,CHN,37,39,Fry,Fall,FALSE,FALSE,,
25.0L,Natural,Natural,2,Ko-Ket,4/4/2012,CHN,39,42,Fry,Fall,TRUE,FALSE,,
25.0L,Natural,Natural,2,Ko-Ket,4/4/2012,CHN,39,42,Fry,Fall,TRUE,FALSE,,
25.0L,Natural,Natural,2,Ko-Ket,4/4/2012,CHN,44,47,Fry,Fall,FALSE,FALSE,,
25.0L,Natural,Natural,2,Ko-Ket,4/4/2012,CHN,44,46,Fry,Fall,TRUE,FALSE,,
25.0L,Natural,Natural,2,Ko-Ket,4/4/2012,CHN,42,45,Fry,Fall,FALSE,FALSE,,
25.0L,Natural,Natural,2,Ko-Ket,4/4/2012,CHN,43,46,Fry,Fall,FALSE,FALSE,,
25.0L,Natural,Natural,2,Ko-Ket,4/4/2012,CHN,43,46,Fry,Fall,TRUE,FALSE,,
25.0L,Natural,Natural,2,Ko-Ket,4/4/2012,CHN,44,47,Fry,Fall,FALSE,FALSE,,
25.0L,Natural,Natural,2,Ko-Ket,4/4/2012,CHN,44,47,Fry,Fall,TRUE,FALSE,,
25.0L,Natural,Natural,2,Ko-Ket,4/4/2012,CHN,45,48,Fry,Fall,FALSE,FALSE,,
25.0L,Natural,Natural,2,Ko-Ket,4/4/2012,CHN,45,49,Fry,Fall,FALSE,FALSE,,
25.0L,Natural,Natural,2,Ko-Ket,4/4/2012,CHN,46,50,parr,Fall,FALSE,FALSE,,
25.0L,Natural,Natural,2,Ko-Ket,4/4/2012,CHN,48,53,parr,Fall,FALSE,FALSE,,
25.0L,Natural,Natural,2,Ko-Ket,4/4/2012,CHN,50,55,parr,Fall,FALSE,FALSE,,
25.0L,Natural,Natural,2,Ko-Ket,4/4/2012,CHN,51,56,parr,Fall,TRUE,FALSE,,
25.0L,Natural,Natural,2,Ko-Ket,4/4/2012,CHN,54,58,parr,Fall,FALSE,FALSE,,
25.0L,Natural,Natural,2,Ko-Ket,4/4/2012,CHN,54,58,parr,Fall,TRUE,FALSE,,
25.0L,Natural,Natural,2,Ko-Ket,4/4/2012,CHN,56,61,parr,Fall,FALSE,FALSE,,
25.0L,Natural,Natural,2,Ko-Ket,4/4/2012,CHN,56,60,parr,Fall,FALSE,FALSE,,
25.0L,Natural,Natural,2,Ko-Ket,4/4/2012,CHN,58,63,parr,Fall,FALSE,FALSE,,
25.0L,Natural,Natural,2,Ko-Ket,4/4/2012,CHN,58,62,parr,Fall,FALSE,FALSE,,
25.0L,Natural,Natural,2,Ko-Ket,4/4/2012,CHN,63,67,parr,Fall,FALSE,FALSE,,
25.0L,Natural,Natural,2,Ko-Ket,4/4/2012,CHN,65,71,parr,Fall,FALSE,FALSE,,
25.0L,Natural,Natural,2,Ko-Ket,4/4/2012,CHN,65,71,parr,Fall,FALSE,FALSE,,
25.0L,Natural,Natural,2,Ko-Ket,4/4/2012,CHN,67,73,parr,Fall,FALSE,FALSE,,
25.0L,Natural,Natural,2,Ko-Ket,4/4/2012,CHN,70,76,parr,Fall,FALSE,FALSE,,
25.0L,Natural,Natural,2,Ko-Ket,4/4/2012,CHN,70,76,parr,Fall,FALSE,FALSE,,
25.0L,Natural,Natural,2,Ko-Ket,4/4/2012,CHN,70,77,parr,Fall,FALSE,FALSE,,
25.0L,Natural,Natural,2,Ko-Ket,4/4/2012,CHN,72,78,parr,Fall,FALSE,FALSE,,
25.0L,Natural,Natural,2,Ko-Ket,4/4/2012,CHN,74,79,parr,Fall,FALSE,FALSE,,
25.0L,Natural,Natural,2,Ko-Ket,4/4/2012,CHN,65,69,smolt,Fall,FALSE,FALSE,,
25.0L,Natural,Natural,2,Ko-Ket,4/4/2012,CHN,69,77,smolt,Fall,FALSE,FALSE,,
25.0L,Natural,Natural,2,Ko-Ket,4/4/2012,CHN,72,89,smolt,Fall,FALSE,FALSE,,
25.0L,Natural,Natural,2,Ko-Ket,4/4/2012,CHN,73,80,smolt,Fall,FALSE,FALSE,,
25.0L,Natural,Natural,2,Ko-Ket,4/4/2012,CHN,74,80,smolt,Fall,FALSE,FALSE,,
25.0L,Natural,Natural,2,Ko-Ket,4/4/2012,CHN,75,82,smolt,Spring,FALSE,FALSE,,
25.0L,Natural,Natural,2,Ko-Ket,4/4/2012,CHN,75,82,smolt,Spring,FALSE,FALSE,,
25.0L,Natural,Natural,2,Ko-Ket,4/4/2012,CHN,76,85,smolt,Spring,FALSE,FALSE,,
25.0L,Natural,Natural,2,Ko-Ket,4/4/2012,CHN,76,85,smolt,Spring,FALSE,FALSE,,
25.0L,Natural,Natural,2,Ko-Ket,4/4/2012,CHN,77,85,smolt,Spring,FALSE,FALSE,,
25.0L,Natural,Natural,2,Ko-Ket,4/4/2012,CHN,78,85,smolt,Spring,FALSE,FALSE,,
25.0L,Natural,Natural,2,Ko-Ket,4/4/2012,CHN,78,88,smolt,Spring,FALSE,FALSE,,
25.0L,Natural,Natural,2,Ko-Ket,4/4/2012,CHN,78,86,smolt,Spring,FALSE,FALSE,,
25.0L,Natural,Natural,2,Ko-Ket,4/4/2012,CHN,78,85,smolt,Spring,FALSE,FALSE,,
25.0L,Natural,Natural,2,Ko-Ket,4/4/2012,CHN,79,88,smolt,Spring,FALSE,FALSE,,
25.0L,Natural,Natural,2,Ko-Ket,4/4/2012,CHN,79,87,smolt,Spring,FALSE,FALSE,,
25.0L,Natural,Natural,2,Ko-Ket,4/4/2012,CHN,79,87,smolt,Spring,FALSE,FALSE,,
25.0L,Natural,Natural,2,Ko-Ket,4/4/2012,CHN,80,87,smolt,Spring,FALSE,FALSE,,
25.0L,Natural,Natural,2,Ko-Ket,4/4/2012,CHN,80,87,smolt,Spring,FALSE,FALSE,,
25.0L,Natural,Natural,2,Ko-Ket,4/4/2012,CHN,80,87,smolt,Spring,FALSE,FALSE,,
25.0L,Natural,Natural,2,Ko-Ket,4/4/2012,CHN,80,88,smolt,Spring,FALSE,FALSE,,
25.0L,Natural,Natural,2,Ko-Ket,4/4/2012,CHN,80,88,smolt,Spring,FALSE,FALSE,,
25.0L,Natural,Natural,2,Ko-Ket,4/4/2012,CHN,80,89,smolt,Spring,FALSE,FALSE,,
25.0L,Natural,Natural,2,Ko-Ket,4/4/2012,CHN,80,87,smolt,Spring,FALSE,FALSE,,
25.0L,Natural,Natural,2,Ko-Ket,4/4/2012,CHN,81,89,smolt,Spring,FALSE,FALSE,,
25.0L,Natural,Natural,2,Ko-Ket,4/4/2012,CHN,81,90,smolt,Spring,TRUE,FALSE,,
25.0L,Natural,Natural,2,Ko-Ket,4/4/2012,CHN,83,89,smolt,Spring,FALSE,FALSE,,
25.0L,Natural,Natural,2,Ko-Ket,4/4/2012,CHN,84,93,smolt,Spring,FALSE,FALSE,,
25.0L,Natural,Natural,2,Ko-Ket,4/4/2012,CHN,89,98,smolt,Spring,FALSE,FALSE,,
25.0L,Natural,Natural,2,Ko-Ket,4/4/2012,CHN,104,113,smolt,Winter,FALSE,FALSE,,
25.0L,Natural,Natural,2,Ko-Ket,4/4/2012,CHN,118,127,smolt,Winter,FALSE,FALSE,,
25.0L,Natural,Natural,2,Ko-Ket,4/4/2012,DSM,63,66,NA,NA,FALSE,FALSE,,
25.0L,Natural,Natural,2,Ko-Ket,4/4/2012,DSM,66,70,NA,NA,TRUE,FALSE,,
25.0L,Natural,Natural,2,Ko-Ket,4/4/2012,DSM,66,70,NA,NA,FALSE,FALSE,,
25.0L,Natural,Natural,2,Ko-Ket,4/4/2012,DSM,67,72,NA,NA,FALSE,FALSE,,
25.0L,Natural,Natural,2,Ko-Ket,4/4/2012,DSM,73,78,NA,NA,FALSE,FALSE,,
25.0L,Natural,Natural,2,Ko-Ket,4/4/2012,DSM,73,78,NA,NA,FALSE,FALSE,,
25.0L,Natural,Natural,2,Ko-Ket,4/4/2012,MSS,35,37,NA,NA,FALSE,FALSE,,
25.0L,Natural,Natural,2,Ko-Ket,4/4/2012,MSS,45,47,NA,NA,FALSE,FALSE,,
25.0L,Natural,Natural,2,Ko-Ket,4/4/2012,MSS,50,51,NA,NA,FALSE,FALSE,,
25.0L,Natural,Natural,2,Ko-Ket,4/4/2012,MSS,54,58,NA,NA,FALSE,FALSE,,
25.0L,Natural,Natural,2,Ko-Ket,4/4/2012,MSS,61,66,NA,NA,FALSE,FALSE,,
25.0L,Natural,Natural,2,Ko-Ket,4/4/2012,MSS,65,68,NA,NA,FALSE,FALSE,,
25.0L,Natural,Natural,2,Ko-Ket,4/4/2012,MSS,69,75,NA,NA,FALSE,FALSE,,
25.0L,Natural,Natural,2,Ko-Ket,4/4/2012,SPLT,105,128,NA,NA,FALSE,FALSE,,
25.0L,Natural,Natural,2,Ko-Ket,4/4/2012,SPLT,123,144,NA,NA,FALSE,FALSE,,
25.0L,Natural,Natural,3,Ko-Ket,4/18/2012,BAS,90,95,NA,NA,FALSE,FALSE,,
25.0L,Natural,Natural,3,Ko-Ket,4/18/2012,BAS,110,115,NA,NA,FALSE,FALSE,,
25.0L,Natural,Natural,3,Ko-Ket,4/18/2012,BAS,190,203,NA,NA,FALSE,FALSE,,
25.0L,Natural,Natural,3,Ko-Ket,4/18/2012,BAS,197,205,NA,NA,FALSE,FALSE,,
25.0L,Natural,Natural,3,Ko-Ket,4/18/2012,BAS,208,220,NA,NA,FALSE,FALSE,,
25.0L,Natural,Natural,3,Ko-Ket,4/18/2012,BAS,405,433,NA,NA,FALSE,FALSE,,
25.0L,Natural,Natural,3,Ko-Ket,4/18/2012,BGS,137,145,NA,NA,FALSE,FALSE,,
25.0L,Natural,Natural,3,Ko-Ket,4/18/2012,CHN,35,37,Fry,Late Fall,TRUE,FALSE,,
25.0L,Natural,Natural,3,Ko-Ket,4/18/2012,CHN,50,55,parr,Fall,FALSE,FALSE,,
25.0L,Natural,Natural,3,Ko-Ket,4/18/2012,CHN,50,55,parr,Fall,FALSE,FALSE,,
25.0L,Natural,Natural,3,Ko-Ket,4/18/2012,CHN,50,55,parr,Fall,FALSE,FALSE,,
25.0L,Natural,Natural,3,Ko-Ket,4/18/2012,CHN,55,60,parr,Fall,FALSE,FALSE,,
25.0L,Natural,Natural,3,Ko-Ket,4/18/2012,CHN,55,59,parr,Fall,FALSE,FALSE,,
25.0L,Natural,Natural,3,Ko-Ket,4/18/2012,CHN,56,61,parr,Fall,FALSE,FALSE,,
25.0L,Natural,Natural,3,Ko-Ket,4/18/2012,CHN,57,62,parr,Fall,FALSE,FALSE,,
25.0L,Natural,Natural,3,Ko-Ket,4/18/2012,CHN,62,67,parr,Fall,FALSE,FALSE,,
25.0L,Natural,Natural,3,Ko-Ket,4/18/2012,CHN,63,68,parr,Fall,FALSE,FALSE,,
25.0L,Natural,Natural,3,Ko-Ket,4/18/2012,CHN,64,70,parr,Fall,FALSE,FALSE,,
25.0L,Natural,Natural,3,Ko-Ket,4/18/2012,CHN,64,70,parr,Fall,FALSE,FALSE,,
25.0L,Natural,Natural,3,Ko-Ket,4/18/2012,CHN,73,80,parr,Fall,FALSE,FALSE,,
25.0L,Natural,Natural,3,Ko-Ket,4/18/2012,CHN,77,85,smolt,Fall,FALSE,FALSE,,
25.0L,Natural,Natural,3,Ko-Ket,4/18/2012,CHN,80,88,smolt,Fall,FALSE,FALSE,,
25.0L,Natural,Natural,3,Ko-Ket,4/18/2012,CHN,85,95,smolt,Spring,FALSE,FALSE,,
25.0L,Natural,Natural,3,Ko-Ket,4/18/2012,CHN,85,93,smolt,Spring,FALSE,TRUE,,
25.0L,Natural,Natural,3,Ko-Ket,4/18/2012,CHN,89,97,smolt,Spring,FALSE,TRUE,,
25.0L,Natural,Natural,3,Ko-Ket,4/18/2012,CHN,90,100,smolt,Spring,FALSE,TRUE,,
25.0L,Natural,Natural,3,Ko-Ket,4/18/2012,CHN,91,110,smolt,Spring,TRUE,TRUE,,
25.0L,Natural,Natural,3,Ko-Ket,4/18/2012,CHN,95,103,smolt,Spring,FALSE,TRUE,,
25.0L,Natural,Natural,3,Ko-Ket,4/18/2012,MSS,67,73,NA,NA,FALSE,FALSE,,
25.0L,Natural,Natural,3,Ko-Ket,4/18/2012,SASQ,90,99,NA,NA,FALSE,FALSE,,
25.0L,Natural,Natural,3,Ko-Ket,4/18/2012,SASQ,102,112,NA,NA,FALSE,FALSE,,
25.0L,Natural,Natural,3,Ko-Ket,4/18/2012,SASQ,117,129,NA,NA,FALSE,FALSE,,
25.0L,Natural,Natural,3,Ko-Ket,4/18/2012,SASQ,120,131,NA,NA,FALSE,FALSE,,
25.0L,Natural,Natural,3,Ko-Ket,4/18/2012,SCB,433,470,NA,NA,FALSE,FALSE,,
25.0L,Natural,Natural,3,Ko-Ket,4/18/2012,SPLT,100,119,NA,NA,FALSE,FALSE,,
25.0L,Natural,Natural,3,Ko-Ket,4/18/2012,TP,120,126,NA,NA,FALSE,FALSE,,
26.9L,WLT,Repair,1,Ko-Ket,3/20/2012,BAS,112,119,NA,NA,FALSE,FALSE,,
26.9L,WLT,Repair,1,Ko-Ket,3/20/2012,BAS,120,127,NA,NA,FALSE,FALSE,,
26.9L,WLT,Repair,1,Ko-Ket,3/20/2012,BAS,156,164,NA,NA,FALSE,FALSE,,
26.9L,WLT,Repair,1,Ko-Ket,3/20/2012,BAS,196,205,NA,NA,FALSE,FALSE,,
26.9L,WLT,Repair,1,Ko-Ket,3/20/2012,BAS,205,216,NA,NA,FALSE,FALSE,,
26.9L,WLT,Repair,1,Ko-Ket,3/20/2012,BAS,232,253,NA,NA,FALSE,FALSE,,
26.9L,WLT,Repair,1,Ko-Ket,3/20/2012,BAS,258,274,NA,NA,FALSE,FALSE,,
26.9L,WLT,Repair,1,Ko-Ket,3/20/2012,BGS,39,42,NA,NA,FALSE,FALSE,,
26.9L,WLT,Repair,1,Ko-Ket,3/20/2012,BGS,51,54,NA,NA,FALSE,FALSE,,
26.9L,WLT,Repair,1,Ko-Ket,3/20/2012,BGS,63,66,NA,NA,FALSE,FALSE,,
26.9L,WLT,Repair,1,Ko-Ket,3/20/2012,CHN,54,59,parr,Fall,FALSE,FALSE,,
26.9L,WLT,Repair,1,Ko-Ket,3/20/2012,CHN,60,66,parr,Fall,FALSE,FALSE,,
26.9L,WLT,Repair,1,Ko-Ket,3/20/2012,CHN,63,68,parr,Fall,FALSE,FALSE,,
26.9L,WLT,Repair,1,Ko-Ket,3/20/2012,CHN,65,70,smolt,Fall,FALSE,FALSE,,
26.9L,WLT,Repair,1,Ko-Ket,3/20/2012,CHN,65,71,smolt,Fall,FALSE,FALSE,,
26.9L,WLT,Repair,1,Ko-Ket,3/20/2012,CHN,67,72,smolt,Fall,FALSE,FALSE,,
26.9L,WLT,Repair,1,Ko-Ket,3/20/2012,CHN,68,74,smolt,Spring,FALSE,FALSE,,
26.9L,WLT,Repair,1,Ko-Ket,3/20/2012,CHN,70,76,smolt,Spring,FALSE,FALSE,,
26.9L,WLT,Repair,1,Ko-Ket,3/20/2012,CHN,70,76,smolt,Spring,FALSE,FALSE,,
26.9L,WLT,Repair,1,Ko-Ket,3/20/2012,CHN,72,77,smolt,Spring,FALSE,FALSE,,
26.9L,WLT,Repair,1,Ko-Ket,3/20/2012,CHN,72,78,smolt,Spring,FALSE,FALSE,,
26.9L,WLT,Repair,1,Ko-Ket,3/20/2012,CHN,73,79,smolt,Spring,FALSE,FALSE,,
26.9L,WLT,Repair,1,Ko-Ket,3/20/2012,CHN,73,79,smolt,Spring,FALSE,FALSE,,
26.9L,WLT,Repair,1,Ko-Ket,3/20/2012,GSN,87,90,NA,NA,FALSE,FALSE,,
26.9L,WLT,Repair,1,Ko-Ket,3/20/2012,GSN,88,91,NA,NA,FALSE,FALSE,,
26.9L,WLT,Repair,1,Ko-Ket,3/20/2012,MSS,60,65,NA,NA,FALSE,FALSE,,
26.9L,WLT,Repair,1,Ko-Ket,3/20/2012,MSS,60,65,NA,NA,FALSE,FALSE,,
26.9L,WLT,Repair,1,Ko-Ket,3/20/2012,MSS,63,68,NA,NA,FALSE,FALSE,,
26.9L,WLT,Repair,1,Ko-Ket,3/20/2012,MSS,63,67,NA,NA,FALSE,FALSE,,
26.9L,WLT,Repair,1,Ko-Ket,3/20/2012,MSS,64,69,NA,NA,FALSE,FALSE,,
26.9L,WLT,Repair,1,Ko-Ket,3/20/2012,MSS,65,70,NA,NA,FALSE,FALSE,,
26.9L,WLT,Repair,1,Ko-Ket,3/20/2012,MSS,66,71,NA,NA,FALSE,FALSE,,
26.9L,WLT,Repair,1,Ko-Ket,3/20/2012,MSS,69,75,NA,NA,FALSE,FALSE,,
26.9L,WLT,Repair,1,Ko-Ket,3/20/2012,MSS,70,75,NA,NA,FALSE,FALSE,,
26.9L,WLT,Repair,1,Ko-Ket,3/20/2012,MSS,71,76,NA,NA,FALSE,FALSE,,
26.9L,WLT,Repair,1,Ko-Ket,3/20/2012,MSS,73,79,NA,NA,FALSE,FALSE,,
26.9L,WLT,Repair,1,Ko-Ket,3/20/2012,MSS,75,80,NA,NA,FALSE,FALSE,,
26.9L,WLT,Repair,1,Ko-Ket,3/20/2012,MSS,85,92,NA,NA,FALSE,FALSE,,
26.9L,WLT,Repair,1,Ko-Ket,3/20/2012,PRS,NA,85,NA,NA,FALSE,FALSE,,
26.9L,WLT,Repair,1,Ko-Ket,3/20/2012,PRS,NA,95,NA,NA,FALSE,FALSE,,
26.9L,WLT,Repair,1,Ko-Ket,3/20/2012,RBT,182,190,parr,NA,FALSE,FALSE,,
26.9L,WLT,Repair,1,Ko-Ket,3/20/2012,SASQ,142,155,NA,NA,FALSE,FALSE,,
26.9L,WLT,Repair,1,Ko-Ket,3/20/2012,SPLT,117,140,NA,NA,FALSE,FALSE,,
26.9L,WLT,Repair,1,Ko-Ket,3/20/2012,TP,84,89,NA,NA,FALSE,FALSE,,
26.9L,WLT,Repair,1,Ko-Ket,3/20/2012,TP,86,92,NA,NA,FALSE,FALSE,,
26.9L,WLT,Repair,1,Ko-Ket,3/20/2012,TP,90,96,NA,NA,FALSE,FALSE,,
26.9L,WLT,Repair,1,Ko-Ket,3/20/2012,TP,92,98,NA,NA,FALSE,FALSE,,
26.9L,WLT,Repair,1,Ko-Ket,3/20/2012,TP,94,99,NA,NA,FALSE,FALSE,,
26.9L,WLT,Repair,1,Ko-Ket,3/20/2012,TP,97,105,NA,NA,FALSE,FALSE,,
26.9L,WLT,Repair,1,Ko-Ket,3/20/2012,TP,98,104,NA,NA,FALSE,FALSE,,
26.9L,WLT,Repair,1,Ko-Ket,3/20/2012,TP,121,130,NA,NA,FALSE,FALSE,,
26.9L,WLT,Repair,2,Ko-Ket,4/4/2012,BAS,58,59,NA,NA,FALSE,FALSE,,
26.9L,WLT,Repair,2,Ko-Ket,4/4/2012,BAS,61,63,NA,NA,FALSE,FALSE,,
26.9L,WLT,Repair,2,Ko-Ket,4/4/2012,BAS,62,63,NA,NA,FALSE,FALSE,,
26.9L,WLT,Repair,2,Ko-Ket,4/4/2012,BAS,121,127,NA,NA,FALSE,FALSE,,
26.9L,WLT,Repair,2,Ko-Ket,4/4/2012,BAS,122,127,NA,NA,FALSE,FALSE,,
26.9L,WLT,Repair,2,Ko-Ket,4/4/2012,BAS,126,130,NA,NA,FALSE,FALSE,,
26.9L,WLT,Repair,2,Ko-Ket,4/4/2012,BAS,145,152,NA,NA,FALSE,FALSE,,
26.9L,WLT,Repair,2,Ko-Ket,4/4/2012,BAS,167,171,NA,NA,FALSE,FALSE,,
26.9L,WLT,Repair,2,Ko-Ket,4/4/2012,BAS,168,176,NA,NA,FALSE,FALSE,,
26.9L,WLT,Repair,2,Ko-Ket,4/4/2012,BAS,207,220,NA,NA,FALSE,FALSE,,
26.9L,WLT,Repair,2,Ko-Ket,4/4/2012,BAS,360,382,NA,NA,FALSE,FALSE,,
26.9L,WLT,Repair,2,Ko-Ket,4/4/2012,BAS,401,421,NA,NA,FALSE,FALSE,,
26.9L,WLT,Repair,2,Ko-Ket,4/4/2012,BGS,40,43,NA,NA,FALSE,FALSE,,
26.9L,WLT,Repair,2,Ko-Ket,4/4/2012,BGS,45,47,NA,NA,FALSE,FALSE,,
26.9L,WLT,Repair,2,Ko-Ket,4/4/2012,BGS,46,48,NA,NA,FALSE,FALSE,,
26.9L,WLT,Repair,2,Ko-Ket,4/4/2012,BGS,47,50,NA,NA,FALSE,FALSE,,
26.9L,WLT,Repair,2,Ko-Ket,4/4/2012,CHN,42,45,Fry,Fall,FALSE,FALSE,,
26.9L,WLT,Repair,2,Ko-Ket,4/4/2012,CHN,42,45,Fry,Fall,FALSE,FALSE,,
26.9L,WLT,Repair,2,Ko-Ket,4/4/2012,CHN,45,49,Fry,Fall,FALSE,FALSE,,
26.9L,WLT,Repair,2,Ko-Ket,4/4/2012,CHN,66,72,parr,Fall,FALSE,FALSE,,
26.9L,WLT,Repair,2,Ko-Ket,4/4/2012,CHN,62,68,smolt,Fall,FALSE,FALSE,,
26.9L,WLT,Repair,2,Ko-Ket,4/4/2012,CHN,65,71,smolt,Fall,FALSE,FALSE,,
26.9L,WLT,Repair,2,Ko-Ket,4/4/2012,CHN,68,74,smolt,Fall,FALSE,FALSE,,
26.9L,WLT,Repair,2,Ko-Ket,4/4/2012,CHN,72,78,smolt,Fall,FALSE,FALSE,,
26.9L,WLT,Repair,2,Ko-Ket,4/4/2012,DSM,72,76,NA,NA,FALSE,FALSE,,
26.9L,WLT,Repair,2,Ko-Ket,4/4/2012,GSN,55,59,NA,NA,FALSE,FALSE,,
26.9L,WLT,Repair,2,Ko-Ket,4/4/2012,GSN,62,69,NA,NA,FALSE,FALSE,,
26.9L,WLT,Repair,2,Ko-Ket,4/4/2012,GSN,72,80,NA,NA,FALSE,FALSE,,
26.9L,WLT,Repair,2,Ko-Ket,4/4/2012,GSN,134,148,NA,NA,FALSE,FALSE,,
26.9L,WLT,Repair,2,Ko-Ket,4/4/2012,MSS,60,66,NA,NA,FALSE,FALSE,,
26.9L,WLT,Repair,2,Ko-Ket,4/4/2012,MSS,68,75,NA,NA,FALSE,FALSE,,
26.9L,WLT,Repair,2,Ko-Ket,4/4/2012,MSS,72,76,NA,NA,FALSE,FALSE,,
26.9L,WLT,Repair,2,Ko-Ket,4/4/2012,SASQ,NA,NA,NA,NA,FALSE,FALSE,,
26.9L,WLT,Repair,2,Ko-Ket,4/4/2012,TP,70,78,NA,NA,FALSE,FALSE,,
26.9L,WLT,Repair,2,Ko-Ket,4/4/2012,TP,90,96,NA,NA,FALSE,FALSE,,
26.9L,WLT,Repair,2,Ko-Ket,4/4/2012,WAG,67,71,NA,NA,FALSE,FALSE,,
26.9L,WLT,Repair,2,Ko-Ket,4/4/2012,WAG,72,76,NA,NA,FALSE,FALSE,,
26.9L,WLT,Repair,3,Ko-Ket,4/18/2012,BAS,47,50,NA,NA,FALSE,FALSE,,
26.9L,WLT,Repair,3,Ko-Ket,4/18/2012,BAS,57,60,NA,NA,FALSE,FALSE,,
26.9L,WLT,Repair,3,Ko-Ket,4/18/2012,BAS,57,61,NA,NA,FALSE,FALSE,,
26.9L,WLT,Repair,3,Ko-Ket,4/18/2012,BAS,60,63,NA,NA,FALSE,FALSE,,
26.9L,WLT,Repair,3,Ko-Ket,4/18/2012,BAS,61,65,NA,NA,FALSE,FALSE,,
26.9L,WLT,Repair,3,Ko-Ket,4/18/2012,BAS,71,74,NA,NA,FALSE,FALSE,,
26.9L,WLT,Repair,3,Ko-Ket,4/18/2012,BAS,111,117,NA,NA,FALSE,FALSE,,
26.9L,WLT,Repair,3,Ko-Ket,4/18/2012,BAS,114,121,NA,NA,FALSE,FALSE,,
26.9L,WLT,Repair,3,Ko-Ket,4/18/2012,BAS,160,171,NA,NA,FALSE,FALSE,,
26.9L,WLT,Repair,3,Ko-Ket,4/18/2012,BAS,191,204,NA,NA,FALSE,FALSE,,
26.9L,WLT,Repair,3,Ko-Ket,4/18/2012,BAS,250,270,NA,NA,FALSE,FALSE,,
26.9L,WLT,Repair,3,Ko-Ket,4/18/2012,BAS,290,307,NA,NA,FALSE,FALSE,,
26.9L,WLT,Repair,3,Ko-Ket,4/18/2012,BAS,300,318,NA,NA,FALSE,FALSE,,
26.9L,WLT,Repair,3,Ko-Ket,4/18/2012,BAS,353,353,NA,NA,FALSE,FALSE,,
26.9L,WLT,Repair,3,Ko-Ket,4/18/2012,BAS,385,405,NA,NA,FALSE,FALSE,,
26.9L,WLT,Repair,3,Ko-Ket,4/18/2012,BAS,390,413,NA,NA,FALSE,FALSE,,
26.9L,WLT,Repair,3,Ko-Ket,4/18/2012,BGS,42,44,NA,NA,FALSE,FALSE,,
26.9L,WLT,Repair,3,Ko-Ket,4/18/2012,BGS,47,50,NA,NA,FALSE,FALSE,,
26.9L,WLT,Repair,3,Ko-Ket,4/18/2012,CHN,61,63,parr,Fall,TRUE,FALSE,,
26.9L,WLT,Repair,3,Ko-Ket,4/18/2012,CHN,77,84,parr,Fall,FALSE,FALSE,,
26.9L,WLT,Repair,3,Ko-Ket,4/18/2012,CHN,72,80,smolt,Fall,FALSE,FALSE,,
26.9L,WLT,Repair,3,Ko-Ket,4/18/2012,CHN,80,87,smolt,Fall,FALSE,FALSE,,
26.9L,WLT,Repair,3,Ko-Ket,4/18/2012,GSF,93,96,NA,NA,FALSE,FALSE,,
26.9L,WLT,Repair,3,Ko-Ket,4/18/2012,PRS,NA,105,NA,NA,FALSE,FALSE,,
26.9L,WLT,Repair,3,Ko-Ket,4/18/2012,PRS,NA,82,NA,NA,FALSE,FALSE,,
26.9L,WLT,Repair,3,Ko-Ket,4/18/2012,TP,97,104,NA,NA,FALSE,FALSE,,
34.5R,WLT,Repair,1,Ko-Ket,3/19/2012,BAS,70,74,NA,NA,FALSE,FALSE,,
34.5R,WLT,Repair,1,Ko-Ket,3/19/2012,BAS,266,283,NA,NA,FALSE,FALSE,,
34.5R,WLT,Repair,1,Ko-Ket,3/19/2012,BAS,310,329,NA,NA,FALSE,FALSE,,
34.5R,WLT,Repair,1,Ko-Ket,3/19/2012,BAS,315,335,NA,NA,FALSE,FALSE,,
34.5R,WLT,Repair,1,Ko-Ket,3/19/2012,BGS,87,93,NA,NA,FALSE,FALSE,,
34.5R,WLT,Repair,1,Ko-Ket,3/19/2012,BGS,112,123,NA,NA,FALSE,FALSE,,
34.5R,WLT,Repair,1,Ko-Ket,3/19/2012,BKS,77,81,NA,NA,FALSE,FALSE,,
34.5R,WLT,Repair,1,Ko-Ket,3/19/2012,CHN,32,39,Fry,Fall,FALSE,FALSE,,
34.5R,WLT,Repair,1,Ko-Ket,3/19/2012,CHN,33,35,Fry,Fall,FALSE,FALSE,,
34.5R,WLT,Repair,1,Ko-Ket,3/19/2012,CHN,35,37,Fry,Fall,FALSE,FALSE,,
34.5R,WLT,Repair,1,Ko-Ket,3/19/2012,CHN,35,37,Fry,Fall,FALSE,FALSE,,
34.5R,WLT,Repair,1,Ko-Ket,3/19/2012,CHN,38,40,Fry,Fall,FALSE,FALSE,,
34.5R,WLT,Repair,1,Ko-Ket,3/19/2012,CHN,50,54,parr,Fall,FALSE,FALSE,,
34.5R,WLT,Repair,1,Ko-Ket,3/19/2012,CHN,57,61,parr,Fall,FALSE,FALSE,,
34.5R,WLT,Repair,1,Ko-Ket,3/19/2012,CHN,60,71,parr,Fall,FALSE,FALSE,,
34.5R,WLT,Repair,1,Ko-Ket,3/19/2012,CHN,61,67,parr,Fall,FALSE,FALSE,,
34.5R,WLT,Repair,1,Ko-Ket,3/19/2012,CHN,61,66,parr,Fall,FALSE,FALSE,,
34.5R,WLT,Repair,1,Ko-Ket,3/19/2012,CHN,62,68,parr,Fall,FALSE,FALSE,,
34.5R,WLT,Repair,1,Ko-Ket,3/19/2012,CHN,62,67,parr,Fall,FALSE,FALSE,,
34.5R,WLT,Repair,1,Ko-Ket,3/19/2012,CHN,63,68,parr,Fall,FALSE,FALSE,,
34.5R,WLT,Repair,1,Ko-Ket,3/19/2012,CHN,63,69,parr,Fall,FALSE,FALSE,,
34.5R,WLT,Repair,1,Ko-Ket,3/19/2012,CHN,63,69,parr,Fall,FALSE,FALSE,,
34.5R,WLT,Repair,1,Ko-Ket,3/19/2012,CHN,64,70,parr,Fall,FALSE,FALSE,,
34.5R,WLT,Repair,1,Ko-Ket,3/19/2012,CHN,67,73,parr,Fall,FALSE,FALSE,,
34.5R,WLT,Repair,1,Ko-Ket,3/19/2012,CHN,68,74,parr,Spring,FALSE,FALSE,,
34.5R,WLT,Repair,1,Ko-Ket,3/19/2012,CHN,65,71,smolt,Fall,FALSE,FALSE,,
34.5R,WLT,Repair,1,Ko-Ket,3/19/2012,CHN,65,72,smolt,Fall,FALSE,FALSE,,
34.5R,WLT,Repair,1,Ko-Ket,3/19/2012,CHN,66,71,smolt,Fall,FALSE,FALSE,,
34.5R,WLT,Repair,1,Ko-Ket,3/19/2012,CHN,67,72,smolt,Fall,FALSE,FALSE,,
34.5R,WLT,Repair,1,Ko-Ket,3/19/2012,CHN,67,71,smolt,Fall,FALSE,FALSE,,
34.5R,WLT,Repair,1,Ko-Ket,3/19/2012,CHN,68,73,smolt,Spring,FALSE,FALSE,,
34.5R,WLT,Repair,1,Ko-Ket,3/19/2012,CHN,68,74,smolt,Spring,FALSE,FALSE,,
34.5R,WLT,Repair,1,Ko-Ket,3/19/2012,CHN,69,75,smolt,Spring,FALSE,FALSE,,
34.5R,WLT,Repair,1,Ko-Ket,3/19/2012,CHN,70,76,smolt,Spring,FALSE,FALSE,,
34.5R,WLT,Repair,1,Ko-Ket,3/19/2012,CHN,70,76,smolt,Spring,FALSE,FALSE,,
34.5R,WLT,Repair,1,Ko-Ket,3/19/2012,CHN,70,76,smolt,Spring,FALSE,FALSE,,
34.5R,WLT,Repair,1,Ko-Ket,3/19/2012,CHN,70,75,smolt,Spring,FALSE,FALSE,,
34.5R,WLT,Repair,1,Ko-Ket,3/19/2012,CHN,70,75,smolt,Spring,FALSE,FALSE,,
34.5R,WLT,Repair,1,Ko-Ket,3/19/2012,CHN,74,80,smolt,Spring,FALSE,FALSE,,
34.5R,WLT,Repair,1,Ko-Ket,3/19/2012,CHN,75,81,smolt,Spring,FALSE,FALSE,,
34.5R,WLT,Repair,1,Ko-Ket,3/19/2012,CHN,77,84,smolt,Spring,FALSE,FALSE,,
34.5R,WLT,Repair,1,Ko-Ket,3/19/2012,DSM,70,76,NA,NA,FALSE,FALSE,,
34.5R,WLT,Repair,1,Ko-Ket,3/19/2012,DSM,70,75,NA,NA,FALSE,FALSE,,
34.5R,WLT,Repair,1,Ko-Ket,3/19/2012,HCH,66,71,NA,NA,FALSE,FALSE,,
34.5R,WLT,Repair,1,Ko-Ket,3/19/2012,MSS,30,33,NA,NA,FALSE,FALSE,,
34.5R,WLT,Repair,1,Ko-Ket,3/19/2012,MSS,53,57,NA,NA,FALSE,FALSE,,
34.5R,WLT,Repair,1,Ko-Ket,3/19/2012,MSS,89,96,NA,NA,FALSE,FALSE,,
34.5R,WLT,Repair,1,Ko-Ket,3/19/2012,PRS,NA,90,NA,NA,FALSE,FALSE,,
34.5R,WLT,Repair,1,Ko-Ket,3/19/2012,RES,194,225,NA,NA,FALSE,FALSE,,
34.5R,WLT,Repair,1,Ko-Ket,3/19/2012,SPLT,99,118,NA,NA,FALSE,FALSE,,
34.5R,WLT,Repair,1,Ko-Ket,3/19/2012,SPLT,100,121,NA,NA,FALSE,FALSE,,
34.5R,WLT,Repair,1,Ko-Ket,3/19/2012,SPLT,100,120,NA,NA,FALSE,FALSE,,
34.5R,WLT,Repair,1,Ko-Ket,3/19/2012,SPLT,103,122,NA,NA,FALSE,FALSE,,
34.5R,WLT,Repair,1,Ko-Ket,3/19/2012,SPLT,110,130,NA,NA,FALSE,FALSE,,
34.5R,WLT,Repair,1,Ko-Ket,3/19/2012,SPLT,112,123,NA,NA,FALSE,FALSE,,
34.5R,WLT,Repair,1,Ko-Ket,3/19/2012,SPLT,115,135,NA,NA,FALSE,FALSE,,
34.5R,WLT,Repair,1,Ko-Ket,3/19/2012,SPLT,128,150,NA,NA,FALSE,FALSE,,
34.5R,WLT,Repair,1,Ko-Ket,3/19/2012,SPLT,135,177,NA,NA,FALSE,FALSE,,
34.5R,WLT,Repair,1,Ko-Ket,3/19/2012,SPLT,143,170,NA,NA,FALSE,FALSE,,
34.5R,WLT,Repair,1,Ko-Ket,3/19/2012,SPLT,332,353,NA,NA,FALSE,FALSE,,
34.5R,WLT,Repair,1,Ko-Ket,3/19/2012,STB,525,565,NA,NA,FALSE,FALSE,,
34.5R,WLT,Repair,1,Ko-Ket,3/19/2012,TFS,80,88,NA,NA,FALSE,FALSE,,
34.5R,WLT,Repair,1,Ko-Ket,3/19/2012,TP,79,89,NA,NA,FALSE,FALSE,,
34.5R,WLT,Repair,1,Ko-Ket,3/19/2012,TP,120,128,NA,NA,FALSE,FALSE,,
34.5R,WLT,Repair,1,Ko-Ket,3/19/2012,TP,160,170,NA,NA,FALSE,FALSE,,
34.5R,WLT,Repair,2,Ko-Ket,4/3/2012,BAS,55,56,NA,NA,FALSE,FALSE,,
34.5R,WLT,Repair,2,Ko-Ket,4/3/2012,BAS,71,73,NA,NA,FALSE,FALSE,,
34.5R,WLT,Repair,2,Ko-Ket,4/3/2012,BAS,102,107,NA,NA,FALSE,FALSE,,
34.5R,WLT,Repair,2,Ko-Ket,4/3/2012,BAS,130,136,NA,NA,FALSE,FALSE,,
34.5R,WLT,Repair,2,Ko-Ket,4/3/2012,BGS,107,113,NA,NA,FALSE,FALSE,,
34.5R,WLT,Repair,2,Ko-Ket,4/3/2012,CHN,36,38,Fry,Fall,FALSE,FALSE,,
34.5R,WLT,Repair,2,Ko-Ket,4/3/2012,CHN,38,41,Fry,Fall,FALSE,FALSE,,
34.5R,WLT,Repair,2,Ko-Ket,4/3/2012,CHN,43,47,Fry,Fall,FALSE,FALSE,,
34.5R,WLT,Repair,2,Ko-Ket,4/3/2012,CHN,41,46,Fry,Fall,FALSE,FALSE,,
34.5R,WLT,Repair,2,Ko-Ket,4/3/2012,CHN,42,46,Fry,Fall,FALSE,FALSE,,
34.5R,WLT,Repair,2,Ko-Ket,4/3/2012,CHN,42,46,Fry,Fall,FALSE,FALSE,,
34.5R,WLT,Repair,2,Ko-Ket,4/3/2012,CHN,43,47,Fry,Fall,FALSE,FALSE,,
34.5R,WLT,Repair,2,Ko-Ket,4/3/2012,CHN,44,47,Fry,Fall,FALSE,FALSE,,
34.5R,WLT,Repair,2,Ko-Ket,4/3/2012,CHN,46,50,parr,Fall,FALSE,FALSE,,
34.5R,WLT,Repair,2,Ko-Ket,4/3/2012,CHN,47,50,parr,Fall,FALSE,FALSE,,
34.5R,WLT,Repair,2,Ko-Ket,4/3/2012,CHN,48,52,parr,Fall,FALSE,FALSE,,
34.5R,WLT,Repair,2,Ko-Ket,4/3/2012,CHN,52,57,parr,Fall,FALSE,FALSE,,
34.5R,WLT,Repair,2,Ko-Ket,4/3/2012,CHN,58,63,parr,Fall,FALSE,FALSE,,
34.5R,WLT,Repair,2,Ko-Ket,4/3/2012,CHN,62,68,parr,Fall,FALSE,FALSE,,
34.5R,WLT,Repair,2,Ko-Ket,4/3/2012,CHN,60,66,smolt,Fall,FALSE,FALSE,,
34.5R,WLT,Repair,2,Ko-Ket,4/3/2012,CHN,64,69,smolt,Fall,FALSE,FALSE,,
34.5R,WLT,Repair,2,Ko-Ket,4/3/2012,CHN,68,75,smolt,Fall,FALSE,FALSE,,
34.5R,WLT,Repair,2,Ko-Ket,4/3/2012,CHN,70,76,smolt,Fall,TRUE,FALSE,,
34.5R,WLT,Repair,2,Ko-Ket,4/3/2012,CHN,70,77,smolt,Fall,FALSE,FALSE,,
34.5R,WLT,Repair,2,Ko-Ket,4/3/2012,CHN,72,78,smolt,Fall,TRUE,FALSE,,
34.5R,WLT,Repair,2,Ko-Ket,4/3/2012,CHN,72,78,smolt,Fall,FALSE,FALSE,,
34.5R,WLT,Repair,2,Ko-Ket,4/3/2012,CHN,72,81,smolt,Fall,FALSE,FALSE,,
34.5R,WLT,Repair,2,Ko-Ket,4/3/2012,CHN,75,80,smolt,Spring,FALSE,FALSE,,
34.5R,WLT,Repair,2,Ko-Ket,4/3/2012,CHN,78,86,smolt,Spring,FALSE,FALSE,,
34.5R,WLT,Repair,2,Ko-Ket,4/3/2012,CHN,79,88,smolt,Spring,FALSE,FALSE,,
34.5R,WLT,Repair,2,Ko-Ket,4/3/2012,CHN,83,90,smolt,Spring,FALSE,FALSE,,
34.5R,WLT,Repair,2,Ko-Ket,4/3/2012,MSS,55,60,NA,NA,FALSE,FALSE,,
34.5R,WLT,Repair,2,Ko-Ket,4/3/2012,PRS,NA,92,NA,NA,FALSE,FALSE,,
34.5R,WLT,Repair,2,Ko-Ket,4/3/2012,SASQ,68,74,NA,NA,FALSE,FALSE,,
34.5R,WLT,Repair,2,Ko-Ket,4/3/2012,SASQ,76,84,NA,NA,FALSE,FALSE,,
34.5R,WLT,Repair,2,Ko-Ket,4/3/2012,SASQ,87,97,NA,NA,FALSE,FALSE,,
34.5R,WLT,Repair,2,Ko-Ket,4/3/2012,SASQ,100,110,NA,NA,FALSE,FALSE,,
34.5R,WLT,Repair,2,Ko-Ket,4/3/2012,SPLT,115,134,NA,NA,FALSE,FALSE,,
34.5R,WLT,Repair,2,Ko-Ket,4/3/2012,TP,162,168,NA,NA,FALSE,FALSE,,
34.5R,WLT,Repair,3,Ko-Ket,4/17/2012,BAS,112,117,NA,NA,FALSE,FALSE,,
34.5R,WLT,Repair,3,Ko-Ket,4/17/2012,BAS,120,128,NA,NA,FALSE,FALSE,,
34.5R,WLT,Repair,3,Ko-Ket,4/17/2012,BGS,140,149,NA,NA,FALSE,FALSE,,
34.5R,WLT,Repair,3,Ko-Ket,4/17/2012,CHN,40,43,Fry,Fall,FALSE,FALSE,,
34.5R,WLT,Repair,3,Ko-Ket,4/17/2012,CHN,47,50,parr,Fall,TRUE,FALSE,,
34.5R,WLT,Repair,3,Ko-Ket,4/17/2012,CHN,47,51,parr,Fall,FALSE,FALSE,,
34.5R,WLT,Repair,3,Ko-Ket,4/17/2012,CHN,55,60,parr,Fall,FALSE,FALSE,,
34.5R,WLT,Repair,3,Ko-Ket,4/17/2012,CHN,56,61,parr,Fall,FALSE,FALSE,,
34.5R,WLT,Repair,3,Ko-Ket,4/17/2012,CHN,56,61,parr,Fall,FALSE,FALSE,,
34.5R,WLT,Repair,3,Ko-Ket,4/17/2012,CHN,61,67,parr,Fall,FALSE,FALSE,,
34.5R,WLT,Repair,3,Ko-Ket,4/17/2012,CHN,68,74,parr,Fall,FALSE,FALSE,,
34.5R,WLT,Repair,3,Ko-Ket,4/17/2012,CHN,69,75,parr,Fall,FALSE,FALSE,,
34.5R,WLT,Repair,3,Ko-Ket,4/17/2012,DSM,71,76,NA,NA,FALSE,FALSE,,
34.5R,WLT,Repair,3,Ko-Ket,4/17/2012,DSM,74,77,NA,NA,FALSE,FALSE,,
34.5R,WLT,Repair,3,Ko-Ket,4/17/2012,HCH,54,60,NA,NA,FALSE,FALSE,,
34.5R,WLT,Repair,3,Ko-Ket,4/17/2012,HCH,70,76,NA,NA,FALSE,FALSE,,
34.5R,WLT,Repair,3,Ko-Ket,4/17/2012,HCH,80,87,NA,NA,FALSE,FALSE,,
34.5R,WLT,Repair,3,Ko-Ket,4/17/2012,HCH,95,106,NA,NA,FALSE,FALSE,,
34.5R,WLT,Repair,3,Ko-Ket,4/17/2012,PRS,NA,84,NA,NA,FALSE,FALSE,,
34.5R,WLT,Repair,3,Ko-Ket,4/17/2012,SASQ,495,532,NA,NA,FALSE,FALSE,,
34.5R,WLT,Repair,3,Ko-Ket,4/17/2012,SASU,56,59,NA,NA,FALSE,FALSE,,
34.5R,WLT,Repair,3,Ko-Ket,4/17/2012,SASU,515,545,NA,NA,FALSE,FALSE,,
38.7R,Historic,Historic,1,Ko-Ket,3/19/2012,BAS,85,88,NA,NA,FALSE,FALSE,,
38.7R,Historic,Historic,1,Ko-Ket,3/19/2012,BAS,97,103,NA,NA,FALSE,FALSE,,
38.7R,Historic,Historic,1,Ko-Ket,3/19/2012,BAS,118,124,NA,NA,FALSE,FALSE,,
38.7R,Historic,Historic,1,Ko-Ket,3/19/2012,BAS,124,130,NA,NA,FALSE,FALSE,,
38.7R,Historic,Historic,1,Ko-Ket,3/19/2012,BKS,110,117,NA,NA,FALSE,FALSE,,
38.7R,Historic,Historic,1,Ko-Ket,3/19/2012,CHN,34,36,Fry,Fall,FALSE,FALSE,,
38.7R,Historic,Historic,1,Ko-Ket,3/19/2012,CHN,51,56,parr,Fall,FALSE,FALSE,,
38.7R,Historic,Historic,1,Ko-Ket,3/19/2012,CHN,60,66,parr,Fall,FALSE,FALSE,,
38.7R,Historic,Historic,1,Ko-Ket,3/19/2012,CHN,61,65,parr,Fall,FALSE,FALSE,,
38.7R,Historic,Historic,1,Ko-Ket,3/19/2012,CHN,63,68,parr,Fall,FALSE,FALSE,,
38.7R,Historic,Historic,1,Ko-Ket,3/19/2012,CHN,63,68,smolt,Fall,FALSE,FALSE,,
38.7R,Historic,Historic,1,Ko-Ket,3/19/2012,CHN,65,69,smolt,Fall,FALSE,FALSE,,
38.7R,Historic,Historic,1,Ko-Ket,3/19/2012,CHN,67,72,smolt,Fall,TRUE,FALSE,,
38.7R,Historic,Historic,1,Ko-Ket,3/19/2012,CHN,68,74,smolt,Spring,TRUE,FALSE,,
38.7R,Historic,Historic,1,Ko-Ket,3/19/2012,CHN,71,75,smolt,Spring,FALSE,FALSE,,
38.7R,Historic,Historic,1,Ko-Ket,3/19/2012,CHN,73,79,smolt,Spring,FALSE,FALSE,,
38.7R,Historic,Historic,1,Ko-Ket,3/19/2012,CHN,75,81,smolt,Spring,FALSE,FALSE,,
38.7R,Historic,Historic,1,Ko-Ket,3/19/2012,HCH,95,107,NA,NA,FALSE,FALSE,,
38.7R,Historic,Historic,1,Ko-Ket,3/19/2012,SASQ,155,170,NA,NA,FALSE,FALSE,,
38.7R,Historic,Historic,2,Ko-Ket,4/3/2012,BAS,58,58,NA,NA,FALSE,FALSE,,
38.7R,Historic,Historic,2,Ko-Ket,4/3/2012,BAS,104,108,NA,NA,FALSE,FALSE,,
38.7R,Historic,Historic,2,Ko-Ket,4/3/2012,BAS,180,190,NA,NA,FALSE,FALSE,,
38.7R,Historic,Historic,2,Ko-Ket,4/3/2012,CHN,40,43,Fry,Fall,FALSE,FALSE,,
38.7R,Historic,Historic,2,Ko-Ket,4/3/2012,CHN,42,45,Fry,Fall,FALSE,FALSE,,
38.7R,Historic,Historic,2,Ko-Ket,4/3/2012,CHN,45,49,Fry,Fall,FALSE,FALSE,,
38.7R,Historic,Historic,2,Ko-Ket,4/3/2012,CHN,46,50,parr,Fall,FALSE,FALSE,,
38.7R,Historic,Historic,2,Ko-Ket,4/3/2012,CHN,54,58,parr,Fall,FALSE,FALSE,,
38.7R,Historic,Historic,2,Ko-Ket,4/3/2012,CHN,60,66,parr,Fall,FALSE,FALSE,,
38.7R,Historic,Historic,2,Ko-Ket,4/3/2012,CHN,65,72,smolt,Fall,FALSE,FALSE,,
38.7R,Historic,Historic,2,Ko-Ket,4/3/2012,CHN,72,78,smolt,Fall,FALSE,FALSE,,
38.7R,Historic,Historic,2,Ko-Ket,4/3/2012,CHN,72,78,smolt,Fall,FALSE,FALSE,,
38.7R,Historic,Historic,2,Ko-Ket,4/3/2012,CHN,72,80,smolt,Fall,FALSE,FALSE,,
38.7R,Historic,Historic,2,Ko-Ket,4/3/2012,CHN,115,125,smolt,Winter,FALSE,FALSE,,
38.7R,Historic,Historic,2,Ko-Ket,4/3/2012,GSF,110,113,NA,NA,FALSE,FALSE,,
38.7R,Historic,Historic,3,Ko-Ket,4/17/2012,BAS,61,65,NA,NA,FALSE,FALSE,,
38.7R,Historic,Historic,3,Ko-Ket,4/17/2012,BAS,85,89,NA,NA,FALSE,FALSE,,
38.7R,Historic,Historic,3,Ko-Ket,4/17/2012,BAS,345,363,NA,NA,FALSE,FALSE,,
38.7R,Historic,Historic,3,Ko-Ket,4/17/2012,CHN,56,60,parr,Fall,FALSE,FALSE,,
38.7R,Historic,Historic,3,Ko-Ket,4/17/2012,CHN,67,73,parr,Fall,FALSE,FALSE,,
38.7R,Historic,Historic,3,Ko-Ket,4/17/2012,DSM,69,74,NA,NA,FALSE,FALSE,,
38.7R,Historic,Historic,3,Ko-Ket,4/17/2012,DSM,73,77,NA,NA,FALSE,FALSE,,
38.7R,Historic,Historic,3,Ko-Ket,4/17/2012,PRS,NA,92,NA,NA,FALSE,FALSE,,
38.7R,Historic,Historic,3,Ko-Ket,4/17/2012,PRS,NA,101,NA,NA,FALSE,FALSE,,
38.7R,Historic,Historic,3,Ko-Ket,4/17/2012,PRS,NA,84,NA,NA,FALSE,FALSE,,
38.7R,Historic,Historic,3,Ko-Ket,4/17/2012,PRS,NA,83,NA,NA,FALSE,FALSE,,
43.7R,Slope/Bench,Repair,1,Garica Bend,3/19/2012,CHN,34,36,Fry,Fall,FALSE,FALSE,,
43.7R,Slope/Bench,Repair,1,Garica Bend,3/19/2012,CHN,37,39,Fry,Fall,FALSE,FALSE,,
43.7R,Slope/Bench,Repair,1,Garica Bend,3/19/2012,CHN,50,54,parr,Fall,FALSE,FALSE,,
43.7R,Slope/Bench,Repair,1,Garica Bend,3/19/2012,CHN,61,67,parr,Fall,FALSE,FALSE,,
43.7R,Slope/Bench,Repair,1,Garica Bend,3/19/2012,CHN,62,68,parr,Fall,FALSE,FALSE,,
43.7R,Slope/Bench,Repair,1,Garica Bend,3/19/2012,CHN,62,67,parr,Fall,FALSE,FALSE,,
43.7R,Slope/Bench,Repair,1,Garica Bend,3/19/2012,CHN,65,70,parr,Fall,FALSE,FALSE,,
43.7R,Slope/Bench,Repair,1,Garica Bend,3/19/2012,CHN,65,70,smolt,Fall,FALSE,FALSE,,
43.7R,Slope/Bench,Repair,1,Garica Bend,3/19/2012,CHN,66,71,smolt,Fall,FALSE,FALSE,,
43.7R,Slope/Bench,Repair,1,Garica Bend,3/19/2012,CHN,68,74,smolt,Spring,FALSE,FALSE,,
43.7R,Slope/Bench,Repair,1,Garica Bend,3/19/2012,CHN,69,75,smolt,Spring,FALSE,FALSE,,
43.7R,Slope/Bench,Repair,1,Garica Bend,3/19/2012,CHN,70,77,smolt,Spring,FALSE,FALSE,,
43.7R,Slope/Bench,Repair,1,Garica Bend,3/19/2012,CHN,70,76,smolt,Spring,FALSE,FALSE,,
43.7R,Slope/Bench,Repair,1,Garica Bend,3/19/2012,DSM,67,72,NA,NA,FALSE,FALSE,,
43.7R,Slope/Bench,Repair,1,Garica Bend,3/19/2012,DSM,67,72,NA,NA,FALSE,FALSE,,
43.7R,Slope/Bench,Repair,1,Garica Bend,3/19/2012,MSS,43,47,NA,NA,FALSE,FALSE,,
43.7R,Slope/Bench,Repair,1,Garica Bend,3/19/2012,MSS,70,76,NA,NA,FALSE,FALSE,,
43.7R,Slope/Bench,Repair,1,Garica Bend,3/19/2012,RBT,238,248,smolt,NA,FALSE,TRUE,,
43.7R,Slope/Bench,Repair,1,Garica Bend,3/19/2012,SASU,385,410,NA,NA,FALSE,FALSE,,
43.7R,Slope/Bench,Repair,2,Garica Bend,4/3/2012,BAS,311,329,NA,NA,FALSE,FALSE,,
43.7R,Slope/Bench,Repair,2,Garica Bend,4/3/2012,CHN,35,37,Fry,Fall,FALSE,FALSE,,
43.7R,Slope/Bench,Repair,2,Garica Bend,4/3/2012,CHN,45,48,Fry,Fall,FALSE,FALSE,,
43.7R,Slope/Bench,Repair,2,Garica Bend,4/3/2012,CHN,57,62,parr,Fall,FALSE,FALSE,,
43.7R,Slope/Bench,Repair,2,Garica Bend,4/3/2012,CHN,57,61,parr,Fall,FALSE,FALSE,,
43.7R,Slope/Bench,Repair,2,Garica Bend,4/3/2012,CHN,60,64,parr,Fall,FALSE,FALSE,,
43.7R,Slope/Bench,Repair,2,Garica Bend,4/3/2012,CHN,62,68,parr,Fall,FALSE,FALSE,,
43.7R,Slope/Bench,Repair,2,Garica Bend,4/3/2012,CHN,62,67,parr,Fall,FALSE,FALSE,,
43.7R,Slope/Bench,Repair,2,Garica Bend,4/3/2012,CHN,65,71,parr,Fall,FALSE,FALSE,,
43.7R,Slope/Bench,Repair,2,Garica Bend,4/3/2012,CHN,60,66,smolt,Fall,FALSE,FALSE,,
43.7R,Slope/Bench,Repair,2,Garica Bend,4/3/2012,CHN,64,71,smolt,Fall,FALSE,FALSE,,
43.7R,Slope/Bench,Repair,2,Garica Bend,4/3/2012,CHN,64,70,smolt,Fall,FALSE,FALSE,,
43.7R,Slope/Bench,Repair,2,Garica Bend,4/3/2012,CHN,65,70,smolt,Fall,FALSE,FALSE,,
43.7R,Slope/Bench,Repair,2,Garica Bend,4/3/2012,CHN,67,73,smolt,Fall,FALSE,FALSE,,
43.7R,Slope/Bench,Repair,2,Garica Bend,4/3/2012,CHN,68,75,smolt,Fall,FALSE,FALSE,,
43.7R,Slope/Bench,Repair,2,Garica Bend,4/3/2012,CHN,68,75,smolt,Fall,FALSE,FALSE,,
43.7R,Slope/Bench,Repair,2,Garica Bend,4/3/2012,CHN,69,76,smolt,Fall,FALSE,FALSE,,
43.7R,Slope/Bench,Repair,2,Garica Bend,4/3/2012,CHN,69,75,smolt,Fall,FALSE,FALSE,,
43.7R,Slope/Bench,Repair,2,Garica Bend,4/3/2012,CHN,69,74,smolt,Fall,FALSE,FALSE,,
43.7R,Slope/Bench,Repair,2,Garica Bend,4/3/2012,CHN,70,77,smolt,Fall,FALSE,FALSE,,
43.7R,Slope/Bench,Repair,2,Garica Bend,4/3/2012,CHN,70,77,smolt,Fall,FALSE,FALSE,,
43.7R,Slope/Bench,Repair,2,Garica Bend,4/3/2012,CHN,70,77,smolt,Fall,FALSE,FALSE,,
43.7R,Slope/Bench,Repair,2,Garica Bend,4/3/2012,CHN,71,77,smolt,Fall,FALSE,FALSE,,
43.7R,Slope/Bench,Repair,2,Garica Bend,4/3/2012,CHN,72,78,smolt,Fall,FALSE,FALSE,,
43.7R,Slope/Bench,Repair,2,Garica Bend,4/3/2012,CHN,72,77,smolt,Fall,FALSE,FALSE,,
43.7R,Slope/Bench,Repair,2,Garica Bend,4/3/2012,CHN,72,78,smolt,Fall,FALSE,FALSE,,
43.7R,Slope/Bench,Repair,2,Garica Bend,4/3/2012,CHN,73,82,smolt,Fall,FALSE,FALSE,,
43.7R,Slope/Bench,Repair,2,Garica Bend,4/3/2012,CHN,75,82,smolt,Spring,FALSE,FALSE,,
43.7R,Slope/Bench,Repair,2,Garica Bend,4/3/2012,CHN,75,82,smolt,Spring,FALSE,FALSE,,
43.7R,Slope/Bench,Repair,2,Garica Bend,4/3/2012,CHN,75,82,smolt,Spring,FALSE,FALSE,,
43.7R,Slope/Bench,Repair,2,Garica Bend,4/3/2012,CHN,76,82,smolt,Spring,FALSE,FALSE,,
43.7R,Slope/Bench,Repair,2,Garica Bend,4/3/2012,CHN,78,85,smolt,Spring,FALSE,FALSE,,
43.7R,Slope/Bench,Repair,2,Garica Bend,4/3/2012,CHN,78,84,smolt,Spring,FALSE,FALSE,,
43.7R,Slope/Bench,Repair,2,Garica Bend,4/3/2012,CHN,78,86,smolt,Spring,FALSE,FALSE,,
43.7R,Slope/Bench,Repair,2,Garica Bend,4/3/2012,CHN,80,88,smolt,Spring,FALSE,FALSE,,
43.7R,Slope/Bench,Repair,2,Garica Bend,4/3/2012,CHN,82,89,smolt,Spring,FALSE,FALSE,,
43.7R,Slope/Bench,Repair,2,Garica Bend,4/3/2012,CHN,82,90,smolt,Spring,FALSE,FALSE,,
43.7R,Slope/Bench,Repair,2,Garica Bend,4/3/2012,CHN,83,92,smolt,Spring,FALSE,FALSE,,
43.7R,Slope/Bench,Repair,2,Garica Bend,4/3/2012,CHN,88,97,smolt,Spring,FALSE,FALSE,,
43.7R,Slope/Bench,Repair,2,Garica Bend,4/3/2012,DSM,67,70,NA,NA,FALSE,FALSE,,
43.7R,Slope/Bench,Repair,2,Garica Bend,4/3/2012,DSM,67,72,NA,NA,FALSE,FALSE,,
43.7R,Slope/Bench,Repair,2,Garica Bend,4/3/2012,DSM,68,72,NA,NA,FALSE,FALSE,,
43.7R,Slope/Bench,Repair,2,Garica Bend,4/3/2012,DSM,68,72,NA,NA,FALSE,FALSE,,
43.7R,Slope/Bench,Repair,2,Garica Bend,4/3/2012,DSM,70,77,NA,NA,FALSE,FALSE,,
43.7R,Slope/Bench,Repair,2,Garica Bend,4/3/2012,DSM,72,77,NA,NA,FALSE,FALSE,,
43.7R,Slope/Bench,Repair,2,Garica Bend,4/3/2012,GSN,60,67,NA,NA,FALSE,FALSE,,
43.7R,Slope/Bench,Repair,2,Garica Bend,4/3/2012,SASQ,74,80,NA,NA,FALSE,FALSE,,
43.7R,Slope/Bench,Repair,2,Garica Bend,4/3/2012,SASQ,120,132,NA,NA,FALSE,FALSE,,
43.7R,Slope/Bench,Repair,2,Garica Bend,4/3/2012,SPLT,105,125,NA,NA,FALSE,FALSE,,
43.7R,Slope/Bench,Repair,2,Garica Bend,4/3/2012,SPLT,110,130,NA,NA,FALSE,FALSE,,
43.7R,Slope/Bench,Repair,2,Garica Bend,4/3/2012,SPLT,110,132,NA,NA,FALSE,FALSE,,
43.7R,Slope/Bench,Repair,2,Garica Bend,4/3/2012,SPLT,121,141,NA,NA,FALSE,FALSE,,
43.7R,Slope/Bench,Repair,2,Garica Bend,4/3/2012,SPLT,127,148,NA,NA,FALSE,FALSE,,
43.7R,Slope/Bench,Repair,2,Garica Bend,4/3/2012,SPLT,127,147,NA,NA,FALSE,FALSE,,
43.7R,Slope/Bench,Repair,3,Garica Bend,4/17/2012,AMS,93,103,NA,NA,FALSE,FALSE,,
43.7R,Slope/Bench,Repair,3,Garica Bend,4/17/2012,AMS,105,115,NA,NA,FALSE,FALSE,,
43.7R,Slope/Bench,Repair,3,Garica Bend,4/17/2012,BAS,145,153,NA,NA,FALSE,FALSE,,
43.7R,Slope/Bench,Repair,3,Garica Bend,4/17/2012,CHN,46,50,parr,Fall,FALSE,FALSE,,
43.7R,Slope/Bench,Repair,3,Garica Bend,4/17/2012,CHN,46,50,parr,Fall,FALSE,FALSE,,
43.7R,Slope/Bench,Repair,3,Garica Bend,4/17/2012,CHN,47,50,parr,Fall,FALSE,FALSE,,
43.7R,Slope/Bench,Repair,3,Garica Bend,4/17/2012,CHN,47,50,parr,Fall,FALSE,FALSE,,
43.7R,Slope/Bench,Repair,3,Garica Bend,4/17/2012,CHN,49,53,parr,Fall,FALSE,FALSE,,
43.7R,Slope/Bench,Repair,3,Garica Bend,4/17/2012,CHN,51,55,parr,Fall,FALSE,FALSE,,
43.7R,Slope/Bench,Repair,3,Garica Bend,4/17/2012,CHN,53,57,parr,Fall,FALSE,FALSE,,
43.7R,Slope/Bench,Repair,3,Garica Bend,4/17/2012,CHN,54,57,parr,Fall,FALSE,FALSE,,
43.7R,Slope/Bench,Repair,3,Garica Bend,4/17/2012,CHN,55,59,parr,Fall,TRUE,FALSE,,
43.7R,Slope/Bench,Repair,3,Garica Bend,4/17/2012,CHN,55,59,parr,Fall,FALSE,FALSE,,
43.7R,Slope/Bench,Repair,3,Garica Bend,4/17/2012,CHN,56,61,parr,Fall,FALSE,FALSE,,
43.7R,Slope/Bench,Repair,3,Garica Bend,4/17/2012,CHN,58,62,parr,Fall,FALSE,FALSE,,
43.7R,Slope/Bench,Repair,3,Garica Bend,4/17/2012,CHN,59,63,parr,Fall,FALSE,FALSE,,
43.7R,Slope/Bench,Repair,3,Garica Bend,4/17/2012,CHN,59,63,parr,Fall,FALSE,FALSE,,
43.7R,Slope/Bench,Repair,3,Garica Bend,4/17/2012,CHN,60,65,parr,Fall,FALSE,FALSE,,
43.7R,Slope/Bench,Repair,3,Garica Bend,4/17/2012,CHN,60,65,parr,Fall,FALSE,FALSE,,
43.7R,Slope/Bench,Repair,3,Garica Bend,4/17/2012,CHN,60,67,parr,Fall,FALSE,FALSE,,
43.7R,Slope/Bench,Repair,3,Garica Bend,4/17/2012,CHN,65,71,parr,Fall,FALSE,FALSE,,
43.7R,Slope/Bench,Repair,3,Garica Bend,4/17/2012,CHN,65,70,parr,Fall,FALSE,FALSE,,
43.7R,Slope/Bench,Repair,3,Garica Bend,4/17/2012,CHN,65,70,parr,Fall,FALSE,FALSE,,
43.7R,Slope/Bench,Repair,3,Garica Bend,4/17/2012,CHN,66,72,parr,Fall,TRUE,FALSE,,
43.7R,Slope/Bench,Repair,3,Garica Bend,4/17/2012,CHN,78,84,parr,Fall,FALSE,FALSE,,
43.7R,Slope/Bench,Repair,3,Garica Bend,4/17/2012,CHN,73,80,smolt,Fall,FALSE,FALSE,,
43.7R,Slope/Bench,Repair,3,Garica Bend,4/17/2012,CHN,76,83,smolt,Fall,FALSE,FALSE,,
43.7R,Slope/Bench,Repair,3,Garica Bend,4/17/2012,CHN,77,83,smolt,Fall,FALSE,FALSE,,
43.7R,Slope/Bench,Repair,3,Garica Bend,4/17/2012,CHN,78,86,smolt,Fall,FALSE,FALSE,,
43.7R,Slope/Bench,Repair,3,Garica Bend,4/17/2012,CHN,78,86,smolt,Fall,FALSE,FALSE,,
43.7R,Slope/Bench,Repair,3,Garica Bend,4/17/2012,CHN,79,86,smolt,Fall,FALSE,FALSE,,
43.7R,Slope/Bench,Repair,3,Garica Bend,4/17/2012,CHN,80,90,smolt,Fall,FALSE,FALSE,,
43.7R,Slope/Bench,Repair,3,Garica Bend,4/17/2012,CHN,80,87,smolt,Fall,FALSE,FALSE,,
43.7R,Slope/Bench,Repair,3,Garica Bend,4/17/2012,CHN,84,91,smolt,Spring,FALSE,FALSE,,
43.7R,Slope/Bench,Repair,3,Garica Bend,4/17/2012,CHN,85,94,smolt,Spring,FALSE,FALSE,,
43.7R,Slope/Bench,Repair,3,Garica Bend,4/17/2012,CHN,95,112,smolt,Spring,FALSE,TRUE,,
43.7R,Slope/Bench,Repair,3,Garica Bend,4/17/2012,CHN,95,105,smolt,Spring,FALSE,FALSE,,
43.7R,Slope/Bench,Repair,3,Garica Bend,4/17/2012,CHN,97,106,smolt,Spring,FALSE,FALSE,,
43.7R,Slope/Bench,Repair,3,Garica Bend,4/17/2012,CHN,70,77,NA,Fall,FALSE,FALSE,,
43.7R,Slope/Bench,Repair,3,Garica Bend,4/17/2012,DSM,70,75,n/a,,FALSE,FALSE,,
43.7R,Slope/Bench,Repair,3,Garica Bend,4/17/2012,DSM,65,70,NA,NA,FALSE,FALSE,,
43.7R,Slope/Bench,Repair,3,Garica Bend,4/17/2012,DSM,66,70,NA,NA,TRUE,FALSE,,
43.7R,Slope/Bench,Repair,3,Garica Bend,4/17/2012,DSM,67,71,NA,NA,FALSE,FALSE,,
43.7R,Slope/Bench,Repair,3,Garica Bend,4/17/2012,DSM,70,75,NA,NA,FALSE,FALSE,,
43.7R,Slope/Bench,Repair,3,Garica Bend,4/17/2012,DSM,70,75,NA,NA,FALSE,FALSE,,
43.7R,Slope/Bench,Repair,3,Garica Bend,4/17/2012,DSM,72,77,NA,NA,FALSE,FALSE,,
43.7R,Slope/Bench,Repair,3,Garica Bend,4/17/2012,DSM,75,80,NA,NA,FALSE,FALSE,,
43.7R,Slope/Bench,Repair,3,Garica Bend,4/17/2012,PRS,NA,77,NA,NA,FALSE,FALSE,,
43.7R,Slope/Bench,Repair,3,Garica Bend,4/17/2012,SASQ,55,60,NA,NA,FALSE,FALSE,,
43.7R,Slope/Bench,Repair,3,Garica Bend,4/17/2012,SASQ,80,87,NA,NA,FALSE,FALSE,,
43.7R,Slope/Bench,Repair,3,Garica Bend,4/17/2012,SASQ,124,134,NA,NA,FALSE,FALSE,,
43.7R,Slope/Bench,Repair,3,Garica Bend,4/17/2012,SASQ,160,172,NA,NA,FALSE,FALSE,,
43.7R,Slope/Bench,Repair,3,Garica Bend,4/17/2012,SASQ,210,223,NA,NA,FALSE,FALSE,,
43.7R,Slope/Bench,Repair,3,Garica Bend,4/17/2012,SASU,40,43,NA,NA,FALSE,FALSE,,
43.7R,Slope/Bench,Repair,3,Garica Bend,4/17/2012,SASU,370,390,NA,NA,FALSE,FALSE,,
43.7R,Slope/Bench,Repair,3,Garica Bend,4/17/2012,SASU,385,411,NA,NA,FALSE,FALSE,,
43.7R,Slope/Bench,Repair,3,Garica Bend,4/17/2012,SASU,400,420,NA,NA,FALSE,FALSE,,
43.7R,Slope/Bench,Repair,3,Garica Bend,4/17/2012,SASU,405,427,NA,NA,FALSE,FALSE,,
43.7R,Slope/Bench,Repair,3,Garica Bend,4/17/2012,SASU,408,932,NA,NA,FALSE,FALSE,,
43.7R,Slope/Bench,Repair,3,Garica Bend,4/17/2012,SPLT,112,132,NA,NA,FALSE,FALSE,,
43.7R,Slope/Bench,Repair,3,Garica Bend,4/17/2012,SPLT,115,135,NA,NA,FALSE,FALSE,,
43.7R,Slope/Bench,Repair,3,Garica Bend,4/17/2012,SPLT,120,140,NA,NA,FALSE,FALSE,,
43.7R,Slope/Bench,Repair,3,Garica Bend,4/17/2012,SPLT,129,149,NA,NA,FALSE,FALSE,,
43.7R,Slope/Bench,Repair,3,Garica Bend,4/17/2012,SPLT,135,160,NA,NA,FALSE,FALSE,,
43.7R,Slope/Bench,Repair,3,Garica Bend,4/17/2012,TP,105,131,NA,NA,FALSE,FALSE,,
44.7R,Slope/Bench,Repair,1,Garica Bend,3/19/2012,BAS,271,288,NA,NA,FALSE,FALSE,,
44.7R,Slope/Bench,Repair,1,Garica Bend,3/19/2012,BAS,315,336,NA,NA,FALSE,FALSE,,
44.7R,Slope/Bench,Repair,1,Garica Bend,3/19/2012,BGS,98,104,NA,NA,FALSE,FALSE,,
44.7R,Slope/Bench,Repair,1,Garica Bend,3/19/2012,CHN,36,38,Fry,Fall,FALSE,FALSE,,
44.7R,Slope/Bench,Repair,1,Garica Bend,3/19/2012,CHN,59,64,parr,Fall,FALSE,FALSE,,
44.7R,Slope/Bench,Repair,1,Garica Bend,3/19/2012,CHN,60,65,parr,Fall,FALSE,FALSE,,
44.7R,Slope/Bench,Repair,1,Garica Bend,3/19/2012,CHN,61,66,parr,Fall,FALSE,FALSE,,
44.7R,Slope/Bench,Repair,1,Garica Bend,3/19/2012,CHN,67,72,smolt,Fall,FALSE,FALSE,,
44.7R,Slope/Bench,Repair,1,Garica Bend,3/19/2012,CHN,67,74,smolt,Fall,FALSE,FALSE,,
44.7R,Slope/Bench,Repair,1,Garica Bend,3/19/2012,CHN,70,76,smolt,Spring,FALSE,FALSE,,
44.7R,Slope/Bench,Repair,1,Garica Bend,3/19/2012,CHN,76,83,smolt,Spring,FALSE,FALSE,,
44.7R,Slope/Bench,Repair,1,Garica Bend,3/19/2012,DSM,65,69,NA,NA,FALSE,FALSE,,
44.7R,Slope/Bench,Repair,1,Garica Bend,3/19/2012,DSM,68,73,NA,NA,FALSE,FALSE,,
44.7R,Slope/Bench,Repair,1,Garica Bend,3/19/2012,DSM,70,75,NA,NA,FALSE,FALSE,,
44.7R,Slope/Bench,Repair,1,Garica Bend,3/19/2012,GF,255,295,NA,NA,FALSE,FALSE,,
44.7R,Slope/Bench,Repair,1,Garica Bend,3/19/2012,HCH,72,81,NA,NA,FALSE,FALSE,,
44.7R,Slope/Bench,Repair,1,Garica Bend,3/19/2012,MSS,60,65,NA,NA,FALSE,FALSE,,
44.7R,Slope/Bench,Repair,1,Garica Bend,3/19/2012,MSS,60,65,NA,NA,FALSE,FALSE,,
44.7R,Slope/Bench,Repair,1,Garica Bend,3/19/2012,MSS,61,66,NA,NA,FALSE,FALSE,,
44.7R,Slope/Bench,Repair,1,Garica Bend,3/19/2012,SPLT,109,125,NA,NA,FALSE,FALSE,,
44.7R,Slope/Bench,Repair,1,Garica Bend,3/19/2012,TFS,81,91,NA,NA,FALSE,FALSE,,
44.7R,Slope/Bench,Repair,2,Garica Bend,4/3/2012,BAS,47,48,NA,NA,FALSE,FALSE,,
44.7R,Slope/Bench,Repair,2,Garica Bend,4/3/2012,BAS,205,210,NA,NA,FALSE,FALSE,,
44.7R,Slope/Bench,Repair,2,Garica Bend,4/3/2012,BGS,112,118,NA,NA,FALSE,FALSE,,
44.7R,Slope/Bench,Repair,2,Garica Bend,4/3/2012,BGS,125,130,NA,NA,FALSE,FALSE,,
44.7R,Slope/Bench,Repair,2,Garica Bend,4/3/2012,BGS,137,145,NA,NA,FALSE,FALSE,,
44.7R,Slope/Bench,Repair,2,Garica Bend,4/3/2012,CHN,38,40,Fry,Fall,FALSE,FALSE,,
44.7R,Slope/Bench,Repair,2,Garica Bend,4/3/2012,CHN,47,50,parr,Fall,FALSE,FALSE,,
44.7R,Slope/Bench,Repair,2,Garica Bend,4/3/2012,CHN,65,70,parr,Fall,FALSE,FALSE,,
44.7R,Slope/Bench,Repair,2,Garica Bend,4/3/2012,CHN,70,78,smolt,Fall,FALSE,FALSE,,
44.7R,Slope/Bench,Repair,2,Garica Bend,4/3/2012,CHN,74,80,smolt,Fall,FALSE,FALSE,,
44.7R,Slope/Bench,Repair,2,Garica Bend,4/3/2012,CHN,75,82,smolt,Spring,FALSE,FALSE,,
44.7R,Slope/Bench,Repair,2,Garica Bend,4/3/2012,GSN,80,87,NA,NA,FALSE,FALSE,,
44.7R,Slope/Bench,Repair,2,Garica Bend,4/3/2012,MSS,63,68,NA,NA,FALSE,FALSE,,
44.7R,Slope/Bench,Repair,2,Garica Bend,4/3/2012,MSS,69,75,NA,NA,FALSE,FALSE,,
44.7R,Slope/Bench,Repair,2,Garica Bend,4/3/2012,MSS,82,91,NA,NA,FALSE,FALSE,,
44.7R,Slope/Bench,Repair,2,Garica Bend,4/3/2012,PRS,NA,108,NA,NA,FALSE,FALSE,,
44.7R,Slope/Bench,Repair,2,Garica Bend,4/3/2012,RES,155,165,NA,NA,FALSE,FALSE,,
44.7R,Slope/Bench,Repair,2,Garica Bend,4/3/2012,SASQ,50,55,NA,NA,FALSE,FALSE,,
44.7R,Slope/Bench,Repair,2,Garica Bend,4/3/2012,SASQ,70,74,NA,NA,FALSE,FALSE,,
44.7R,Slope/Bench,Repair,2,Garica Bend,4/3/2012,SASQ,75,81,NA,NA,FALSE,FALSE,,
44.7R,Slope/Bench,Repair,2,Garica Bend,4/3/2012,SASQ,85,92,NA,NA,FALSE,FALSE,,
44.7R,Slope/Bench,Repair,2,Garica Bend,4/3/2012,SASQ,86,97,NA,NA,FALSE,FALSE,,
44.7R,Slope/Bench,Repair,2,Garica Bend,4/3/2012,SASQ,131,145,NA,NA,FALSE,FALSE,,
44.7R,Slope/Bench,Repair,2,Garica Bend,4/3/2012,SASQ,240,255,NA,NA,FALSE,FALSE,,
44.7R,Slope/Bench,Repair,2,Garica Bend,4/3/2012,STB,450,477,NA,NA,FALSE,FALSE,,
44.7R,Slope/Bench,Repair,2,Garica Bend,4/3/2012,TP,91,98,NA,NA,FALSE,FALSE,,
44.7R,Slope/Bench,Repair,2,Garica Bend,4/3/2012,TP,95,102,NA,NA,FALSE,FALSE,,
44.7R,Slope/Bench,Repair,2,Garica Bend,4/3/2012,TP,130,138,NA,NA,FALSE,FALSE,,
44.7R,Slope/Bench,Repair,3,Garica Bend,4/17/2012,BAS,77,82,NA,NA,FALSE,FALSE,,
44.7R,Slope/Bench,Repair,3,Garica Bend,4/17/2012,BAS,99,104,NA,NA,FALSE,FALSE,,
44.7R,Slope/Bench,Repair,3,Garica Bend,4/17/2012,BAS,110,115,NA,NA,FALSE,FALSE,,
44.7R,Slope/Bench,Repair,3,Garica Bend,4/17/2012,BAS,220,232,NA,NA,FALSE,FALSE,,
44.7R,Slope/Bench,Repair,3,Garica Bend,4/17/2012,BAS,367,377,NA,NA,FALSE,FALSE,,
44.7R,Slope/Bench,Repair,3,Garica Bend,4/17/2012,CHN,51,56,parr,Fall,FALSE,FALSE,,
44.7R,Slope/Bench,Repair,3,Garica Bend,4/17/2012,CHN,55,60,parr,Fall,FALSE,FALSE,,
44.7R,Slope/Bench,Repair,3,Garica Bend,4/17/2012,CHN,57,61,parr,Fall,FALSE,FALSE,,
44.7R,Slope/Bench,Repair,3,Garica Bend,4/17/2012,CHN,57,62,parr,Fall,FALSE,FALSE,,
44.7R,Slope/Bench,Repair,3,Garica Bend,4/17/2012,CHN,58,63,parr,Fall,FALSE,FALSE,,
44.7R,Slope/Bench,Repair,3,Garica Bend,4/17/2012,CHN,60,66,parr,Fall,FALSE,FALSE,,
44.7R,Slope/Bench,Repair,3,Garica Bend,4/17/2012,CHN,60,66,parr,Fall,FALSE,FALSE,,
44.7R,Slope/Bench,Repair,3,Garica Bend,4/17/2012,CHN,71,77,parr,Fall,FALSE,FALSE,,
44.7R,Slope/Bench,Repair,3,Garica Bend,4/17/2012,PRS,NA,103,NA,NA,FALSE,FALSE,,
44.7R,Slope/Bench,Repair,3,Garica Bend,4/17/2012,PRS,NA,90,NA,NA,FALSE,FALSE,,
44.7R,Slope/Bench,Repair,3,Garica Bend,4/17/2012,PRS,NA,85,NA,NA,FALSE,FALSE,,
44.7R,Slope/Bench,Repair,3,Garica Bend,4/17/2012,PRS,NA,77,NA,NA,FALSE,FALSE,,
44.7R,Slope/Bench,Repair,3,Garica Bend,4/17/2012,PRS,NA,75,NA,NA,FALSE,FALSE,,
44.7R,Slope/Bench,Repair,3,Garica Bend,4/17/2012,PRS,NA,75,NA,NA,FALSE,FALSE,,
44.7R,Slope/Bench,Repair,3,Garica Bend,4/17/2012,SASQ,80,88,NA,NA,FALSE,FALSE,,
44.7R,Slope/Bench,Repair,3,Garica Bend,4/17/2012,SASQ,143,156,NA,NA,FALSE,FALSE,,
44.7R,Slope/Bench,Repair,3,Garica Bend,4/17/2012,STB,405,430,NA,NA,FALSE,FALSE,,
44.7R,Slope/Bench,Repair,3,Garica Bend,4/17/2012,TP,88,94,NA,NA,FALSE,FALSE,,
47.0L,Slope/Bench,Repair,1,Garica Bend,3/19/2012,CHN,47,51,Fry,Fall,FALSE,FALSE,,
47.0L,Slope/Bench,Repair,1,Garica Bend,3/19/2012,DSM,70,75,NA,NA,FALSE,FALSE,,
47.0L,Slope/Bench,Repair,1,Garica Bend,3/19/2012,MSS,50,54,NA,NA,FALSE,FALSE,,
47.0L,Slope/Bench,Repair,1,Garica Bend,3/19/2012,MSS,60,66,NA,NA,FALSE,FALSE,,
47.0L,Slope/Bench,Repair,1,Garica Bend,3/19/2012,MSS,65,70,NA,NA,FALSE,FALSE,,
47.0L,Slope/Bench,Repair,1,Garica Bend,3/19/2012,MSS,80,86,NA,NA,FALSE,FALSE,,
47.0L,Slope/Bench,Repair,1,Garica Bend,3/19/2012,TP,93,98,NA,NA,FALSE,FALSE,,
47.0L,Slope/Bench,Repair,2,Garica Bend,4/3/2012,BAS,67,69,NA,NA,FALSE,FALSE,,
47.0L,Slope/Bench,Repair,2,Garica Bend,4/3/2012,BAS,160,165,NA,NA,FALSE,FALSE,,
47.0L,Slope/Bench,Repair,2,Garica Bend,4/3/2012,BGS,31,32,NA,NA,FALSE,FALSE,,
47.0L,Slope/Bench,Repair,2,Garica Bend,4/3/2012,BGS,35,37,NA,NA,FALSE,FALSE,,
47.0L,Slope/Bench,Repair,2,Garica Bend,4/3/2012,BGS,46,50,NA,NA,FALSE,FALSE,,
47.0L,Slope/Bench,Repair,2,Garica Bend,4/3/2012,BGS,82,87,NA,NA,FALSE,FALSE,,
47.0L,Slope/Bench,Repair,2,Garica Bend,4/3/2012,BGS,82,85,NA,NA,FALSE,FALSE,,
47.0L,Slope/Bench,Repair,2,Garica Bend,4/3/2012,BGS,121,127,NA,NA,FALSE,FALSE,,
47.0L,Slope/Bench,Repair,2,Garica Bend,4/3/2012,BKB,200,203,NA,NA,FALSE,FALSE,,
47.0L,Slope/Bench,Repair,2,Garica Bend,4/3/2012,CHN,39,42,Fry,Fall,FALSE,FALSE,,
47.0L,Slope/Bench,Repair,2,Garica Bend,4/3/2012,CHN,40,43,Fry,Fall,FALSE,FALSE,,
47.0L,Slope/Bench,Repair,2,Garica Bend,4/3/2012,CHN,42,46,Fry,Fall,FALSE,FALSE,,
47.0L,Slope/Bench,Repair,2,Garica Bend,4/3/2012,CHN,44,47,Fry,Fall,FALSE,FALSE,,
47.0L,Slope/Bench,Repair,2,Garica Bend,4/3/2012,CHN,45,50,parr,Fall,FALSE,FALSE,,
47.0L,Slope/Bench,Repair,2,Garica Bend,4/3/2012,CHN,60,66,parr,Fall,FALSE,FALSE,,
47.0L,Slope/Bench,Repair,2,Garica Bend,4/3/2012,CHN,71,78,smolt,Fall,FALSE,FALSE,,
47.0L,Slope/Bench,Repair,2,Garica Bend,4/3/2012,CHN,84,92,smolt,Spring,FALSE,FALSE,,
47.0L,Slope/Bench,Repair,2,Garica Bend,4/3/2012,DSM,65,69,NA,NA,FALSE,FALSE,,
47.0L,Slope/Bench,Repair,2,Garica Bend,4/3/2012,DSM,67,72,NA,NA,FALSE,FALSE,,
47.0L,Slope/Bench,Repair,2,Garica Bend,4/3/2012,DSM,68,72,NA,NA,FALSE,FALSE,,
47.0L,Slope/Bench,Repair,2,Garica Bend,4/3/2012,GSN,56,58,NA,NA,FALSE,FALSE,,
47.0L,Slope/Bench,Repair,2,Garica Bend,4/3/2012,MSS,45,48,NA,NA,FALSE,FALSE,,
47.0L,Slope/Bench,Repair,2,Garica Bend,4/3/2012,MSS,61,67,NA,NA,FALSE,FALSE,,
47.0L,Slope/Bench,Repair,2,Garica Bend,4/3/2012,MSS,72,78,NA,NA,FALSE,FALSE,,
47.0L,Slope/Bench,Repair,2,Garica Bend,4/3/2012,MSS,73,79,NA,NA,FALSE,FALSE,,
47.0L,Slope/Bench,Repair,2,Garica Bend,4/3/2012,MSS,75,81,NA,NA,FALSE,FALSE,,
47.0L,Slope/Bench,Repair,2,Garica Bend,4/3/2012,MSS,76,83,NA,NA,FALSE,FALSE,,
47.0L,Slope/Bench,Repair,2,Garica Bend,4/3/2012,MSS,77,82,NA,NA,FALSE,FALSE,,
47.0L,Slope/Bench,Repair,2,Garica Bend,4/3/2012,MSS,77,83,NA,NA,FALSE,FALSE,,
47.0L,Slope/Bench,Repair,2,Garica Bend,4/3/2012,MSS,82,89,NA,NA,FALSE,FALSE,,
47.0L,Slope/Bench,Repair,2,Garica Bend,4/3/2012,MSS,85,92,NA,NA,FALSE,FALSE,,
47.0L,Slope/Bench,Repair,2,Garica Bend,4/3/2012,PRS,NA,124,NA,NA,FALSE,FALSE,,
47.0L,Slope/Bench,Repair,2,Garica Bend,4/3/2012,PRS,NA,75,NA,NA,FALSE,FALSE,,
47.0L,Slope/Bench,Repair,2,Garica Bend,4/3/2012,SASQ,70,77,NA,NA,FALSE,FALSE,,
47.0L,Slope/Bench,Repair,2,Garica Bend,4/3/2012,SASQ,80,88,NA,NA,FALSE,FALSE,,
47.0L,Slope/Bench,Repair,2,Garica Bend,4/3/2012,SASQ,80,88,NA,NA,FALSE,FALSE,,
47.0L,Slope/Bench,Repair,2,Garica Bend,4/3/2012,SASQ,83,91,NA,NA,FALSE,FALSE,,
47.0L,Slope/Bench,Repair,2,Garica Bend,4/3/2012,SASQ,101,112,NA,NA,FALSE,FALSE,,
47.0L,Slope/Bench,Repair,2,Garica Bend,4/3/2012,SASQ,162,174,NA,NA,FALSE,FALSE,,
47.0L,Slope/Bench,Repair,2,Garica Bend,4/3/2012,SPLT,82,100,NA,NA,FALSE,FALSE,,
47.0L,Slope/Bench,Repair,2,Garica Bend,4/3/2012,TP,92,95,NA,NA,FALSE,FALSE,,
47.0L,Slope/Bench,Repair,2,Garica Bend,4/3/2012,TP,132,140,NA,NA,FALSE,FALSE,,
47.0L,Slope/Bench,Repair,2,Garica Bend,4/3/2012,TP,135,142,NA,NA,FALSE,FALSE,,
47.0L,Slope/Bench,Repair,2,Garica Bend,4/3/2012,W,120,122,NA,NA,FALSE,FALSE,,
47.0L,Slope/Bench,Repair,3,Garica Bend,4/17/2012,BAS,72,77,NA,NA,FALSE,FALSE,,
47.0L,Slope/Bench,Repair,3,Garica Bend,4/17/2012,BAS,89,93,NA,NA,FALSE,FALSE,,
47.0L,Slope/Bench,Repair,3,Garica Bend,4/17/2012,BAS,89,92,NA,NA,FALSE,FALSE,,
47.0L,Slope/Bench,Repair,3,Garica Bend,4/17/2012,BAS,97,101,NA,NA,FALSE,FALSE,,
47.0L,Slope/Bench,Repair,3,Garica Bend,4/17/2012,BAS,125,131,NA,NA,FALSE,FALSE,,
47.0L,Slope/Bench,Repair,3,Garica Bend,4/17/2012,BAS,173,182,NA,NA,FALSE,FALSE,,
47.0L,Slope/Bench,Repair,3,Garica Bend,4/17/2012,BAS,210,220,NA,NA,FALSE,FALSE,,
47.0L,Slope/Bench,Repair,3,Garica Bend,4/17/2012,BAS,245,257,NA,NA,FALSE,FALSE,,
47.0L,Slope/Bench,Repair,3,Garica Bend,4/17/2012,BGS,54,57,NA,NA,FALSE,FALSE,,
47.0L,Slope/Bench,Repair,3,Garica Bend,4/17/2012,BGS,91,98,NA,NA,FALSE,FALSE,,
47.0L,Slope/Bench,Repair,3,Garica Bend,4/17/2012,CHN,45,48,Fry,Fall,FALSE,FALSE,,
47.0L,Slope/Bench,Repair,3,Garica Bend,4/17/2012,CHN,47,51,parr,Fall,FALSE,FALSE,,
47.0L,Slope/Bench,Repair,3,Garica Bend,4/17/2012,CHN,51,55,parr,Fall,FALSE,FALSE,,
47.0L,Slope/Bench,Repair,3,Garica Bend,4/17/2012,CHN,52,56,parr,Fall,FALSE,FALSE,,
47.0L,Slope/Bench,Repair,3,Garica Bend,4/17/2012,CHN,57,62,parr,Fall,FALSE,FALSE,,
47.0L,Slope/Bench,Repair,3,Garica Bend,4/17/2012,CHN,77,85,parr,Fall,FALSE,FALSE,,
47.0L,Slope/Bench,Repair,3,Garica Bend,4/17/2012,CHN,83,91,smolt,Spring,FALSE,FALSE,,
47.0L,Slope/Bench,Repair,3,Garica Bend,4/17/2012,CHN,87,93,smolt,Spring,FALSE,FALSE,,
47.0L,Slope/Bench,Repair,3,Garica Bend,4/17/2012,CHN,104,114,smolt,Spring,FALSE,FALSE,,
47.0L,Slope/Bench,Repair,3,Garica Bend,4/17/2012,GSF,83,86,NA,NA,FALSE,FALSE,,
47.0L,Slope/Bench,Repair,3,Garica Bend,4/17/2012,GSF,89,92,NA,NA,FALSE,FALSE,,
47.0L,Slope/Bench,Repair,3,Garica Bend,4/17/2012,HCH,55,61,NA,NA,FALSE,FALSE,,
47.0L,Slope/Bench,Repair,3,Garica Bend,4/17/2012,MSS,70,76,NA,NA,FALSE,FALSE,,
47.0L,Slope/Bench,Repair,3,Garica Bend,4/17/2012,PRS,NA,126,NA,NA,FALSE,FALSE,,
47.0L,Slope/Bench,Repair,3,Garica Bend,4/17/2012,PRS,NA,98,NA,NA,FALSE,FALSE,,
47.0L,Slope/Bench,Repair,3,Garica Bend,4/17/2012,PRS,NA,105,NA,NA,FALSE,FALSE,,
47.0L,Slope/Bench,Repair,3,Garica Bend,4/17/2012,PRS,NA,96,NA,NA,FALSE,FALSE,,
47.0L,Slope/Bench,Repair,3,Garica Bend,4/17/2012,PRS,NA,68,NA,NA,FALSE,FALSE,,
47.0L,Slope/Bench,Repair,3,Garica Bend,4/17/2012,RES,120,128,NA,NA,FALSE,FALSE,,
47.0L,Slope/Bench,Repair,3,Garica Bend,4/17/2012,RES,187,207,NA,NA,FALSE,FALSE,,
47.0L,Slope/Bench,Repair,3,Garica Bend,4/17/2012,SASQ,174,187,NA,NA,FALSE,FALSE,,
47.0L,Slope/Bench,Repair,3,Garica Bend,4/17/2012,SASU,470,417,NA,NA,FALSE,FALSE,,
47.0L,Slope/Bench,Repair,3,Garica Bend,4/17/2012,SASU,485,519,NA,NA,FALSE,FALSE,,
47.0L,Slope/Bench,Repair,3,Garica Bend,4/17/2012,SASU,510,540,NA,NA,FALSE,FALSE,,
47.0L,Slope/Bench,Repair,3,Garica Bend,4/17/2012,TP,141,150,NA,NA,FALSE,FALSE,,
47.9R,Slope/Bench,Repair,1,Garica Bend,3/19/2012,BAS,75,78,NA,NA,FALSE,FALSE,,
47.9R,Slope/Bench,Repair,1,Garica Bend,3/19/2012,BAS,250,262,NA,NA,FALSE,FALSE,,
47.9R,Slope/Bench,Repair,1,Garica Bend,3/19/2012,CHN,57,62,parr,Fall,FALSE,FALSE,,
47.9R,Slope/Bench,Repair,1,Garica Bend,3/19/2012,CHN,59,64,parr,Fall,FALSE,FALSE,,
47.9R,Slope/Bench,Repair,1,Garica Bend,3/19/2012,CHN,60,66,parr,Fall,FALSE,FALSE,,
47.9R,Slope/Bench,Repair,1,Garica Bend,3/19/2012,CHN,60,66,parr,Fall,FALSE,FALSE,,
47.9R,Slope/Bench,Repair,1,Garica Bend,3/19/2012,CHN,65,70,parr,Fall,FALSE,FALSE,,
47.9R,Slope/Bench,Repair,1,Garica Bend,3/19/2012,CHN,66,72,parr,Fall,FALSE,FALSE,,
47.9R,Slope/Bench,Repair,1,Garica Bend,3/19/2012,CHN,71,76,smolt,Spring,FALSE,FALSE,,
47.9R,Slope/Bench,Repair,1,Garica Bend,3/19/2012,CHN,72,78,smolt,Spring,FALSE,FALSE,,
47.9R,Slope/Bench,Repair,1,Garica Bend,3/19/2012,DSM,67,71,NA,NA,FALSE,FALSE,,
47.9R,Slope/Bench,Repair,1,Garica Bend,3/19/2012,DSM,68,72,NA,NA,FALSE,FALSE,,
47.9R,Slope/Bench,Repair,1,Garica Bend,3/19/2012,DSM,75,80,NA,NA,FALSE,FALSE,,
47.9R,Slope/Bench,Repair,1,Garica Bend,3/19/2012,SASQ,255,276,NA,NA,FALSE,FALSE,,
47.9R,Slope/Bench,Repair,1,Garica Bend,3/19/2012,SPLT,111,139,NA,NA,FALSE,FALSE,,
47.9R,Slope/Bench,Repair,1,Garica Bend,3/19/2012,TP,120,126,NA,NA,FALSE,FALSE,,
47.9R,Slope/Bench,Repair,1,Garica Bend,3/19/2012,TP,130,140,NA,NA,FALSE,FALSE,,
47.9R,Slope/Bench,Repair,1,Garica Bend,3/19/2012,TP,134,141,NA,NA,FALSE,FALSE,,
47.9R,Slope/Bench,Repair,2,Garica Bend,4/3/2012,BAS,65,66,NA,NA,FALSE,FALSE,,
47.9R,Slope/Bench,Repair,2,Garica Bend,4/3/2012,BAS,68,71,NA,NA,FALSE,FALSE,,
47.9R,Slope/Bench,Repair,2,Garica Bend,4/3/2012,BAS,71,73,NA,NA,FALSE,FALSE,,
47.9R,Slope/Bench,Repair,2,Garica Bend,4/3/2012,BAS,80,82,NA,NA,FALSE,FALSE,,
47.9R,Slope/Bench,Repair,2,Garica Bend,4/3/2012,BGS,56,60,NA,NA,FALSE,FALSE,,
47.9R,Slope/Bench,Repair,2,Garica Bend,4/3/2012,BKS,134,142,NA,NA,FALSE,FALSE,,
47.9R,Slope/Bench,Repair,2,Garica Bend,4/3/2012,CHN,36,38,Fry,Fall,FALSE,FALSE,,
47.9R,Slope/Bench,Repair,2,Garica Bend,4/3/2012,CHN,38,41,Fry,Fall,FALSE,FALSE,,
47.9R,Slope/Bench,Repair,2,Garica Bend,4/3/2012,CHN,38,41,Fry,Fall,FALSE,FALSE,,
47.9R,Slope/Bench,Repair,2,Garica Bend,4/3/2012,CHN,39,42,Fry,Fall,FALSE,FALSE,,
47.9R,Slope/Bench,Repair,2,Garica Bend,4/3/2012,CHN,39,41,Fry,Fall,FALSE,FALSE,,
47.9R,Slope/Bench,Repair,2,Garica Bend,4/3/2012,CHN,39,42,Fry,Fall,FALSE,FALSE,,
47.9R,Slope/Bench,Repair,2,Garica Bend,4/3/2012,CHN,41,45,Fry,Fall,FALSE,FALSE,,
47.9R,Slope/Bench,Repair,2,Garica Bend,4/3/2012,CHN,43,47,Fry,Fall,FALSE,FALSE,,
47.9R,Slope/Bench,Repair,2,Garica Bend,4/3/2012,CHN,43,46,Fry,Fall,FALSE,FALSE,,
47.9R,Slope/Bench,Repair,2,Garica Bend,4/3/2012,CHN,44,47,Fry,Fall,FALSE,FALSE,,
47.9R,Slope/Bench,Repair,2,Garica Bend,4/3/2012,CHN,44,47,Fry,Fall,FALSE,FALSE,,
47.9R,Slope/Bench,Repair,2,Garica Bend,4/3/2012,CHN,45,48,Fry,Fall,FALSE,FALSE,,
47.9R,Slope/Bench,Repair,2,Garica Bend,4/3/2012,CHN,47,51,parr,Fall,FALSE,FALSE,,
47.9R,Slope/Bench,Repair,2,Garica Bend,4/3/2012,CHN,48,63,parr,Fall,FALSE,FALSE,,
47.9R,Slope/Bench,Repair,2,Garica Bend,4/3/2012,CHN,52,56,parr,Fall,FALSE,FALSE,,
47.9R,Slope/Bench,Repair,2,Garica Bend,4/3/2012,CHN,52,56,parr,Fall,FALSE,FALSE,,
47.9R,Slope/Bench,Repair,2,Garica Bend,4/3/2012,CHN,54,57,parr,Fall,FALSE,FALSE,,
47.9R,Slope/Bench,Repair,2,Garica Bend,4/3/2012,CHN,55,59,parr,Fall,FALSE,FALSE,,
47.9R,Slope/Bench,Repair,2,Garica Bend,4/3/2012,CHN,58,63,parr,Fall,FALSE,FALSE,,
47.9R,Slope/Bench,Repair,2,Garica Bend,4/3/2012,CHN,61,68,parr,Fall,FALSE,FALSE,,
47.9R,Slope/Bench,Repair,2,Garica Bend,4/3/2012,CHN,65,72,parr,Fall,FALSE,FALSE,,
47.9R,Slope/Bench,Repair,2,Garica Bend,4/3/2012,CHN,64,71,smolt,Fall,FALSE,FALSE,,
47.9R,Slope/Bench,Repair,2,Garica Bend,4/3/2012,CHN,72,78,smolt,Fall,FALSE,FALSE,,
47.9R,Slope/Bench,Repair,2,Garica Bend,4/3/2012,CHN,86,95,smolt,Spring,FALSE,FALSE,,
47.9R,Slope/Bench,Repair,2,Garica Bend,4/3/2012,DSM,68,73,NA,NA,FALSE,FALSE,,
47.9R,Slope/Bench,Repair,2,Garica Bend,4/3/2012,DSM,69,72,NA,NA,FALSE,FALSE,,
47.9R,Slope/Bench,Repair,2,Garica Bend,4/3/2012,SASQ,65,71,NA,NA,FALSE,FALSE,,
47.9R,Slope/Bench,Repair,2,Garica Bend,4/3/2012,SASQ,150,161,NA,NA,FALSE,FALSE,,
47.9R,Slope/Bench,Repair,2,Garica Bend,4/3/2012,SASQ,196,208,NA,NA,FALSE,FALSE,,
47.9R,Slope/Bench,Repair,2,Garica Bend,4/3/2012,STB,320,335,NA,NA,FALSE,FALSE,,
47.9R,Slope/Bench,Repair,2,Garica Bend,4/3/2012,TP,125,132,NA,NA,FALSE,FALSE,,
47.9R,Slope/Bench,Repair,3,Garica Bend,4/17/2012,BAS,80,85,NA,NA,FALSE,FALSE,,
47.9R,Slope/Bench,Repair,3,Garica Bend,4/17/2012,BAS,80,86,NA,NA,FALSE,FALSE,,
47.9R,Slope/Bench,Repair,3,Garica Bend,4/17/2012,BAS,93,98,NA,NA,FALSE,FALSE,,
47.9R,Slope/Bench,Repair,3,Garica Bend,4/17/2012,BAS,95,101,NA,NA,FALSE,FALSE,,
47.9R,Slope/Bench,Repair,3,Garica Bend,4/17/2012,BAS,110,112,NA,NA,FALSE,FALSE,,
47.9R,Slope/Bench,Repair,3,Garica Bend,4/17/2012,BGS,75,80,NA,NA,FALSE,FALSE,,
47.9R,Slope/Bench,Repair,3,Garica Bend,4/17/2012,BGS,112,125,NA,NA,FALSE,FALSE,,
47.9R,Slope/Bench,Repair,3,Garica Bend,4/17/2012,C,675,720,NA,NA,FALSE,FALSE,,
47.9R,Slope/Bench,Repair,3,Garica Bend,4/17/2012,CHN,40,43,Fry,Fall,FALSE,FALSE,,
47.9R,Slope/Bench,Repair,3,Garica Bend,4/17/2012,CHN,46,50,parr,Fall,FALSE,FALSE,,
47.9R,Slope/Bench,Repair,3,Garica Bend,4/17/2012,CHN,47,51,parr,Fall,FALSE,FALSE,,
47.9R,Slope/Bench,Repair,3,Garica Bend,4/17/2012,CHN,48,52,parr,Fall,TRUE,FALSE,,
47.9R,Slope/Bench,Repair,3,Garica Bend,4/17/2012,CHN,48,52,parr,Fall,FALSE,FALSE,,
47.9R,Slope/Bench,Repair,3,Garica Bend,4/17/2012,CHN,53,57,parr,Fall,TRUE,FALSE,,
47.9R,Slope/Bench,Repair,3,Garica Bend,4/17/2012,CHN,64,70,parr,Fall,TRUE,FALSE,,
47.9R,Slope/Bench,Repair,3,Garica Bend,4/17/2012,CHN,70,77,parr,Fall,FALSE,FALSE,,
47.9R,Slope/Bench,Repair,3,Garica Bend,4/17/2012,CHN,81,88,smolt,Fall,FALSE,FALSE,,
47.9R,Slope/Bench,Repair,3,Garica Bend,4/17/2012,SASU,484,512,NA,NA,FALSE,FALSE,,
50.2L,No Bench,Repair,1,Garica Bend,3/19/2012,BAS,95,101,NA,NA,FALSE,FALSE,,
50.2L,No Bench,Repair,1,Garica Bend,3/19/2012,BAS,127,133,NA,NA,FALSE,FALSE,,
50.2L,No Bench,Repair,1,Garica Bend,3/19/2012,CHN,60,66,parr,Fall,FALSE,FALSE,,
50.2L,No Bench,Repair,1,Garica Bend,3/19/2012,MSS,65,71,NA,NA,FALSE,FALSE,,
50.2L,No Bench,Repair,1,Garica Bend,3/19/2012,MSS,83,90,NA,NA,FALSE,FALSE,,
50.2L,No Bench,Repair,1,Garica Bend,3/19/2012,RBT,204,216,smolt,NA,FALSE,TRUE,,
50.2L,No Bench,Repair,1,Garica Bend,3/19/2012,SASQ,95,101,NA,NA,FALSE,FALSE,,
50.2L,No Bench,Repair,1,Garica Bend,3/19/2012,SASQ,140,216,NA,NA,FALSE,FALSE,,
50.2L,No Bench,Repair,2,Garica Bend,4/3/2012,BAS,74,82,NA,NA,FALSE,FALSE,,
50.2L,No Bench,Repair,2,Garica Bend,4/3/2012,BAS,85,88,NA,NA,FALSE,FALSE,,
50.2L,No Bench,Repair,2,Garica Bend,4/3/2012,BAS,115,119,NA,NA,FALSE,FALSE,,
50.2L,No Bench,Repair,2,Garica Bend,4/3/2012,BAS,182,193,NA,NA,FALSE,FALSE,,
50.2L,No Bench,Repair,2,Garica Bend,4/3/2012,BGS,63,68,NA,NA,FALSE,FALSE,,
50.2L,No Bench,Repair,2,Garica Bend,4/3/2012,BGS,122,130,NA,NA,FALSE,FALSE,,
50.2L,No Bench,Repair,2,Garica Bend,4/3/2012,C,466,522,NA,NA,FALSE,FALSE,,
50.2L,No Bench,Repair,2,Garica Bend,4/3/2012,CHN,38,42,Fry,Fall,FALSE,FALSE,,
50.2L,No Bench,Repair,2,Garica Bend,4/3/2012,CHN,45,48,Fry,Fall,FALSE,FALSE,,
50.2L,No Bench,Repair,2,Garica Bend,4/3/2012,CHN,45,47,Fry,Fall,FALSE,FALSE,,
50.2L,No Bench,Repair,2,Garica Bend,4/3/2012,CHN,47,51,parr,Fall,FALSE,FALSE,,
50.2L,No Bench,Repair,2,Garica Bend,4/3/2012,CHN,52,58,parr,Fall,FALSE,FALSE,,
50.2L,No Bench,Repair,2,Garica Bend,4/3/2012,CHN,53,58,parr,Fall,FALSE,FALSE,,
50.2L,No Bench,Repair,2,Garica Bend,4/3/2012,CHN,66,73,parr,Fall,FALSE,FALSE,,
50.2L,No Bench,Repair,2,Garica Bend,4/3/2012,CHN,67,72,smolt,Fall,FALSE,FALSE,,
50.2L,No Bench,Repair,2,Garica Bend,4/3/2012,CHN,77,84,smolt,Spring,FALSE,FALSE,,
50.2L,No Bench,Repair,2,Garica Bend,4/3/2012,CHN,78,86,smolt,Spring,FALSE,FALSE,,
50.2L,No Bench,Repair,2,Garica Bend,4/3/2012,CHN,80,88,smolt,Spring,FALSE,FALSE,,
50.2L,No Bench,Repair,2,Garica Bend,4/3/2012,PRS,NA,80,NA,NA,FALSE,FALSE,,
50.2L,No Bench,Repair,2,Garica Bend,4/3/2012,SASQ,84,90,NA,NA,FALSE,FALSE,,
50.2L,No Bench,Repair,2,Garica Bend,4/3/2012,SASQ,84,91,NA,NA,FALSE,FALSE,,
50.2L,No Bench,Repair,2,Garica Bend,4/3/2012,SASQ,95,105,NA,NA,FALSE,FALSE,,
50.2L,No Bench,Repair,2,Garica Bend,4/3/2012,SASQ,115,128,NA,NA,FALSE,FALSE,,
50.2L,No Bench,Repair,2,Garica Bend,4/3/2012,TP,86,93,NA,NA,FALSE,FALSE,,
50.2L,No Bench,Repair,2,Garica Bend,4/3/2012,TP,100,105,NA,NA,FALSE,FALSE,,
50.2L,No Bench,Repair,2,Garica Bend,4/3/2012,TP,124,131,NA,NA,FALSE,FALSE,,
50.2L,No Bench,Repair,3,Garica Bend,4/17/2012,BAS,71,75,NA,NA,FALSE,FALSE,,
50.2L,No Bench,Repair,3,Garica Bend,4/17/2012,BAS,83,87,NA,NA,FALSE,FALSE,,
50.2L,No Bench,Repair,3,Garica Bend,4/17/2012,BAS,90,95,NA,NA,FALSE,FALSE,,
50.2L,No Bench,Repair,3,Garica Bend,4/17/2012,BAS,98,101,NA,NA,FALSE,FALSE,,
50.2L,No Bench,Repair,3,Garica Bend,4/17/2012,C,600,633,NA,NA,FALSE,FALSE,,
50.2L,No Bench,Repair,3,Garica Bend,4/17/2012,C,630,665,NA,NA,FALSE,FALSE,,
50.2L,No Bench,Repair,3,Garica Bend,4/17/2012,C,640,686,NA,NA,FALSE,FALSE,,
50.2L,No Bench,Repair,3,Garica Bend,4/17/2012,CHN,47,52,parr,Fall,TRUE,FALSE,,
50.2L,No Bench,Repair,3,Garica Bend,4/17/2012,CHN,50,55,parr,Fall,FALSE,FALSE,,
50.2L,No Bench,Repair,3,Garica Bend,4/17/2012,CHN,50,55,parr,Fall,FALSE,FALSE,,
50.2L,No Bench,Repair,3,Garica Bend,4/17/2012,CHN,51,56,parr,Fall,FALSE,FALSE,,
50.2L,No Bench,Repair,3,Garica Bend,4/17/2012,CHN,52,56,parr,Fall,FALSE,FALSE,,
50.2L,No Bench,Repair,3,Garica Bend,4/17/2012,CHN,52,57,parr,Fall,FALSE,FALSE,,
50.2L,No Bench,Repair,3,Garica Bend,4/17/2012,CHN,53,58,parr,Fall,FALSE,FALSE,,
50.2L,No Bench,Repair,3,Garica Bend,4/17/2012,CHN,53,58,parr,Fall,FALSE,FALSE,,
50.2L,No Bench,Repair,3,Garica Bend,4/17/2012,CHN,54,58,parr,Fall,FALSE,FALSE,,
50.2L,No Bench,Repair,3,Garica Bend,4/17/2012,CHN,55,60,parr,Fall,FALSE,FALSE,,
50.2L,No Bench,Repair,3,Garica Bend,4/17/2012,MSS,45,50,NA,NA,FALSE,FALSE,,
50.2L,No Bench,Repair,3,Garica Bend,4/17/2012,MSS,83,90,NA,NA,FALSE,FALSE,,
50.2L,No Bench,Repair,3,Garica Bend,4/17/2012,PRS,NA,86,NA,NA,FALSE,FALSE,,
50.2L,No Bench,Repair,3,Garica Bend,4/17/2012,PRS,NA,87,NA,NA,FALSE,FALSE,,
50.2L,No Bench,Repair,3,Garica Bend,4/17/2012,PRS,NA,86,NA,NA,FALSE,FALSE,,
50.2L,No Bench,Repair,3,Garica Bend,4/17/2012,PRS,NA,72,NA,NA,FALSE,FALSE,,
50.2L,No Bench,Repair,3,Garica Bend,4/17/2012,STB,348,371,NA,NA,FALSE,FALSE,,
50.3R,Natural,Natural,1,Garica Bend,3/18/2012,CHN,55,59,parr,Fall,FALSE,FALSE,,
50.3R,Natural,Natural,1,Garica Bend,3/18/2012,CHN,57,61,parr,Fall,FALSE,FALSE,,
50.3R,Natural,Natural,1,Garica Bend,3/18/2012,CHN,57,61,parr,Fall,FALSE,FALSE,,
50.3R,Natural,Natural,1,Garica Bend,3/18/2012,CHN,60,64,parr,Fall,FALSE,FALSE,,
50.3R,Natural,Natural,1,Garica Bend,3/18/2012,CHN,60,65,parr,Fall,FALSE,FALSE,,
50.3R,Natural,Natural,1,Garica Bend,3/18/2012,CHN,61,65,parr,Fall,FALSE,FALSE,,
50.3R,Natural,Natural,1,Garica Bend,3/18/2012,CHN,66,72,parr,Fall,FALSE,FALSE,,
50.3R,Natural,Natural,1,Garica Bend,3/18/2012,CHN,67,73,parr,Spring,FALSE,FALSE,,
50.3R,Natural,Natural,1,Garica Bend,3/18/2012,CHN,70,75,smolt,Spring,FALSE,FALSE,,
50.3R,Natural,Natural,1,Garica Bend,3/18/2012,CHN,71,76,smolt,Spring,FALSE,FALSE,,
50.3R,Natural,Natural,1,Garica Bend,3/18/2012,CHN,75,81,smolt,Spring,FALSE,FALSE,,
50.3R,Natural,Natural,1,Garica Bend,3/18/2012,CHN,75,83,smolt,Spring,FALSE,FALSE,,
50.3R,Natural,Natural,1,Garica Bend,3/18/2012,CHN,76,82,smolt,Spring,FALSE,FALSE,,
50.3R,Natural,Natural,1,Garica Bend,3/18/2012,DSM,75,80,NA,NA,FALSE,FALSE,,
50.3R,Natural,Natural,1,Garica Bend,3/18/2012,MSS,70,75,NA,NA,FALSE,FALSE,,
50.3R,Natural,Natural,1,Garica Bend,3/18/2012,RBT,215,226,smolt,NA,FALSE,TRUE,,
50.3R,Natural,Natural,1,Garica Bend,3/18/2012,SASQ,280,305,NA,NA,FALSE,FALSE,,
50.3R,Natural,Natural,1,Garica Bend,3/18/2012,SASQ,348,373,NA,NA,FALSE,FALSE,,
50.3R,Natural,Natural,1,Garica Bend,3/18/2012,SPLT,100,112,NA,NA,FALSE,FALSE,,
50.3R,Natural,Natural,1,Garica Bend,3/18/2012,SPLT,125,150,NA,NA,FALSE,FALSE,,
50.3R,Natural,Natural,1,Garica Bend,3/18/2012,TP,135,143,NA,NA,FALSE,FALSE,,
50.3R,Natural,Natural,2,Garica Bend,4/3/2012,BGS,69,72,NA,NA,FALSE,FALSE,,
50.3R,Natural,Natural,2,Garica Bend,4/3/2012,BGS,72,78,NA,NA,FALSE,FALSE,,
50.3R,Natural,Natural,2,Garica Bend,4/3/2012,BGS,100,103,NA,NA,FALSE,FALSE,,
50.3R,Natural,Natural,2,Garica Bend,4/3/2012,CHN,35,37,Fry,Fall,FALSE,FALSE,,
50.3R,Natural,Natural,2,Garica Bend,4/3/2012,CHN,40,43,Fry,Fall,FALSE,FALSE,,
50.3R,Natural,Natural,2,Garica Bend,4/3/2012,CHN,40,42,Fry,Fall,FALSE,FALSE,,
50.3R,Natural,Natural,2,Garica Bend,4/3/2012,CHN,40,44,Fry,Fall,FALSE,FALSE,,
50.3R,Natural,Natural,2,Garica Bend,4/3/2012,CHN,62,67,parr,Fall,FALSE,FALSE,,
50.3R,Natural,Natural,2,Garica Bend,4/3/2012,CHN,62,69,smolt,Fall,FALSE,FALSE,,
50.3R,Natural,Natural,2,Garica Bend,4/3/2012,CHN,65,70,smolt,Fall,FALSE,FALSE,,
50.3R,Natural,Natural,2,Garica Bend,4/3/2012,CHN,67,72,smolt,Fall,FALSE,FALSE,,
50.3R,Natural,Natural,2,Garica Bend,4/3/2012,CHN,73,80,smolt,Fall,FALSE,FALSE,,
50.3R,Natural,Natural,2,Garica Bend,4/3/2012,CHN,77,85,smolt,Spring,FALSE,FALSE,,
50.3R,Natural,Natural,2,Garica Bend,4/3/2012,CHN,130,144,smolt,Winter,FALSE,FALSE,,
50.3R,Natural,Natural,2,Garica Bend,4/3/2012,DSM,65,70,NA,NA,FALSE,FALSE,,
50.3R,Natural,Natural,2,Garica Bend,4/3/2012,MSS,56,60,NA,NA,FALSE,FALSE,,
50.3R,Natural,Natural,2,Garica Bend,4/3/2012,SASU,510,530,NA,NA,FALSE,FALSE,,
50.3R,Natural,Natural,2,Garica Bend,4/3/2012,SPLT,109,128,NA,NA,FALSE,FALSE,,
50.3R,Natural,Natural,2,Garica Bend,4/3/2012,SPLT,125,145,NA,NA,FALSE,FALSE,,
50.3R,Natural,Natural,2,Garica Bend,4/3/2012,SPLT,131,155,NA,NA,FALSE,FALSE,,
50.3R,Natural,Natural,2,Garica Bend,4/3/2012,WAG,70,75,NA,NA,FALSE,FALSE,,
50.3R,Natural,Natural,3,Garica Bend,4/17/2012,BAS,77,81,NA,NA,FALSE,FALSE,,
50.3R,Natural,Natural,3,Garica Bend,4/17/2012,BAS,92,97,NA,NA,FALSE,FALSE,,
50.3R,Natural,Natural,3,Garica Bend,4/17/2012,BAS,106,112,NA,NA,FALSE,FALSE,,
50.3R,Natural,Natural,3,Garica Bend,4/17/2012,BAS,330,350,NA,NA,FALSE,FALSE,,
50.3R,Natural,Natural,3,Garica Bend,4/17/2012,C,420,476,NA,NA,FALSE,FALSE,,
50.3R,Natural,Natural,3,Garica Bend,4/17/2012,CHN,48,51,parr,Fall,FALSE,FALSE,,
50.3R,Natural,Natural,3,Garica Bend,4/17/2012,CHN,48,52,parr,Fall,FALSE,FALSE,,
50.3R,Natural,Natural,3,Garica Bend,4/17/2012,CHN,52,57,parr,Fall,FALSE,FALSE,,
50.3R,Natural,Natural,3,Garica Bend,4/17/2012,CHN,66,72,parr,Fall,FALSE,FALSE,,
50.3R,Natural,Natural,3,Garica Bend,4/17/2012,CHN,82,90,smolt,Spring,TRUE,FALSE,,
50.3R,Natural,Natural,3,Garica Bend,4/17/2012,CHN,84,91,smolt,Spring,FALSE,FALSE,,
50.3R,Natural,Natural,3,Garica Bend,4/17/2012,MSS,79,86,NA,NA,FALSE,FALSE,,
56.0R,Historic,Historic,1,Garica Bend,3/18/2012,BAS,85,88,NA,NA,FALSE,FALSE,,
56.0R,Historic,Historic,1,Garica Bend,3/18/2012,BAS,250,264,NA,NA,FALSE,FALSE,,
56.0R,Historic,Historic,1,Garica Bend,3/18/2012,BGS,117,124,NA,NA,FALSE,FALSE,,
56.0R,Historic,Historic,1,Garica Bend,3/18/2012,CHN,51,55,parr,Fall,FALSE,FALSE,,
56.0R,Historic,Historic,1,Garica Bend,3/18/2012,CHN,60,65,parr,Fall,FALSE,FALSE,,
56.0R,Historic,Historic,1,Garica Bend,3/18/2012,CHN,62,68,parr,Fall,FALSE,FALSE,,
56.0R,Historic,Historic,1,Garica Bend,3/18/2012,CHN,62,66,parr,Fall,FALSE,FALSE,,
56.0R,Historic,Historic,1,Garica Bend,3/18/2012,CHN,63,68,parr,Fall,FALSE,FALSE,,
56.0R,Historic,Historic,1,Garica Bend,3/18/2012,CHN,65,69,parr,Fall,FALSE,FALSE,,
56.0R,Historic,Historic,1,Garica Bend,3/18/2012,CHN,70,74,parr,Spring,FALSE,FALSE,,
56.0R,Historic,Historic,1,Garica Bend,3/18/2012,CHN,69,74,smolt,Spring,FALSE,FALSE,,
56.0R,Historic,Historic,1,Garica Bend,3/18/2012,CHN,70,76,smolt,Spring,FALSE,FALSE,,
56.0R,Historic,Historic,1,Garica Bend,3/18/2012,CHN,70,76,smolt,Spring,FALSE,FALSE,,
56.0R,Historic,Historic,1,Garica Bend,3/18/2012,SASQ,67,74,NA,NA,FALSE,FALSE,,
56.0R,Historic,Historic,1,Garica Bend,3/18/2012,SASQ,115,127,NA,NA,FALSE,FALSE,,
56.0R,Historic,Historic,2,Garica Bend,4/3/2012,BAS,67,69,NA,NA,FALSE,FALSE,,
56.0R,Historic,Historic,2,Garica Bend,4/3/2012,BAS,86,90,NA,NA,FALSE,FALSE,,
56.0R,Historic,Historic,2,Garica Bend,4/3/2012,BAS,185,190,NA,NA,FALSE,FALSE,,
56.0R,Historic,Historic,2,Garica Bend,4/3/2012,BAS,190,196,NA,NA,FALSE,FALSE,,
56.0R,Historic,Historic,2,Garica Bend,4/3/2012,CHN,45,50,parr,Fall,FALSE,FALSE,,
56.0R,Historic,Historic,2,Garica Bend,4/3/2012,CHN,46,49,Fry,Fall,FALSE,FALSE,,
56.0R,Historic,Historic,2,Garica Bend,4/3/2012,CHN,51,54,parr,Fall,FALSE,FALSE,,
56.0R,Historic,Historic,2,Garica Bend,4/3/2012,CHN,55,60,parr,Fall,FALSE,FALSE,,
56.0R,Historic,Historic,2,Garica Bend,4/3/2012,CHN,57,63,parr,Fall,FALSE,FALSE,,
56.0R,Historic,Historic,2,Garica Bend,4/3/2012,CHN,60,66,parr,Fall,FALSE,FALSE,,
56.0R,Historic,Historic,2,Garica Bend,4/3/2012,CHN,65,70,parr,Fall,FALSE,FALSE,,
56.0R,Historic,Historic,2,Garica Bend,4/3/2012,CHN,67,75,smolt,Fall,FALSE,FALSE,,
56.0R,Historic,Historic,2,Garica Bend,4/3/2012,CHN,80,87,smolt,Spring,FALSE,FALSE,,
56.0R,Historic,Historic,2,Garica Bend,4/3/2012,SASQ,40,55,NA,NA,FALSE,FALSE,,
56.0R,Historic,Historic,2,Garica Bend,4/3/2012,SASQ,69,76,NA,NA,FALSE,FALSE,,
56.0R,Historic,Historic,2,Garica Bend,4/3/2012,SASQ,120,133,NA,NA,FALSE,FALSE,,
56.0R,Historic,Historic,2,Garica Bend,4/3/2012,SASQ,130,142,NA,NA,FALSE,FALSE,,
56.0R,Historic,Historic,2,Garica Bend,4/3/2012,SASQ,133,145,NA,NA,FALSE,FALSE,,
56.0R,Historic,Historic,2,Garica Bend,4/3/2012,SASQ,182,195,NA,NA,FALSE,FALSE,,
56.0R,Historic,Historic,2,Garica Bend,4/3/2012,TP,85,90,NA,NA,FALSE,FALSE,,
56.0R,Historic,Historic,2,Garica Bend,4/3/2012,TP,85,91,NA,NA,FALSE,FALSE,,
56.0R,Historic,Historic,2,Garica Bend,4/3/2012,TP,96,101,NA,NA,FALSE,FALSE,,
56.0R,Historic,Historic,3,Garica Bend,4/17/2012,BAS,45,104,NA,NA,FALSE,FALSE,,
56.0R,Historic,Historic,3,Garica Bend,4/17/2012,BAS,110,117,NA,NA,FALSE,FALSE,,
56.0R,Historic,Historic,3,Garica Bend,4/17/2012,BAS,111,116,NA,NA,FALSE,FALSE,,
56.0R,Historic,Historic,3,Garica Bend,4/17/2012,BAS,171,180,NA,NA,FALSE,FALSE,,
56.0R,Historic,Historic,3,Garica Bend,4/17/2012,BAS,200,212,NA,NA,FALSE,FALSE,,
56.0R,Historic,Historic,3,Garica Bend,4/17/2012,CHN,47,50,parr,Fall,TRUE,FALSE,,
56.0R,Historic,Historic,3,Garica Bend,4/17/2012,CHN,50,55,parr,Fall,FALSE,FALSE,,
56.0R,Historic,Historic,3,Garica Bend,4/17/2012,CHN,52,57,parr,Fall,FALSE,FALSE,,
56.0R,Historic,Historic,3,Garica Bend,4/17/2012,CHN,53,57,parr,Fall,FALSE,FALSE,,
56.0R,Historic,Historic,3,Garica Bend,4/17/2012,CHN,55,60,parr,Fall,FALSE,FALSE,,
56.0R,Historic,Historic,3,Garica Bend,4/17/2012,CHN,58,62,parr,Fall,FALSE,FALSE,,
56.0R,Historic,Historic,3,Garica Bend,4/17/2012,CHN,61,66,parr,Fall,FALSE,FALSE,,
56.0R,Historic,Historic,3,Garica Bend,4/17/2012,CHN,80,86,smolt,Fall,FALSE,FALSE,,
56.0R,Historic,Historic,3,Garica Bend,4/17/2012,HCH,73,81,NA,NA,FALSE,FALSE,,
56.0R,Historic,Historic,3,Garica Bend,4/17/2012,PRS,NA,23,NA,NA,FALSE,FALSE,,
56.0R,Historic,Historic,3,Garica Bend,4/17/2012,SASQ,187,202,NA,NA,FALSE,FALSE,,
56.0R,Historic,Historic,3,Garica Bend,4/17/2012,SASU,400,417,NA,NA,FALSE,FALSE,,
69.1L,Natural,Natural,1,Garica Bend,3/18/2012,CHN,33,35,Fry,Fall,FALSE,FALSE,,
69.1L,Natural,Natural,1,Garica Bend,3/18/2012,CHN,35,37,Fry,Fall,FALSE,FALSE,,
69.1L,Natural,Natural,1,Garica Bend,3/18/2012,CHN,37,39,Fry,Fall,FALSE,FALSE,,
69.1L,Natural,Natural,1,Garica Bend,3/18/2012,CHN,37,39,Fry,Fall,FALSE,FALSE,,
69.1L,Natural,Natural,1,Garica Bend,3/18/2012,CHN,37,39,Fry,Fall,FALSE,FALSE,,
69.1L,Natural,Natural,1,Garica Bend,3/18/2012,CHN,50,55,parr,Fall,TRUE,FALSE,,
69.1L,Natural,Natural,1,Garica Bend,3/18/2012,CHN,58,62,parr,Fall,FALSE,FALSE,,
69.1L,Natural,Natural,1,Garica Bend,3/18/2012,CHN,60,65,parr,Fall,FALSE,FALSE,,
69.1L,Natural,Natural,1,Garica Bend,3/18/2012,CHN,60,66,parr,Fall,FALSE,FALSE,,
69.1L,Natural,Natural,1,Garica Bend,3/18/2012,CHN,62,67,parr,Fall,FALSE,FALSE,,
69.1L,Natural,Natural,1,Garica Bend,3/18/2012,CHN,62,70,parr,Fall,FALSE,FALSE,,
69.1L,Natural,Natural,1,Garica Bend,3/18/2012,CHN,63,68,parr,Fall,FALSE,FALSE,,
69.1L,Natural,Natural,1,Garica Bend,3/18/2012,CHN,64,69,parr,Fall,FALSE,FALSE,,
69.1L,Natural,Natural,1,Garica Bend,3/18/2012,CHN,65,71,parr,Fall,FALSE,FALSE,,
69.1L,Natural,Natural,1,Garica Bend,3/18/2012,CHN,65,70,parr,Fall,FALSE,FALSE,,
69.1L,Natural,Natural,1,Garica Bend,3/18/2012,CHN,65,70,parr,Fall,FALSE,FALSE,,
69.1L,Natural,Natural,1,Garica Bend,3/18/2012,CHN,65,70,parr,Fall,FALSE,FALSE,,
69.1L,Natural,Natural,1,Garica Bend,3/18/2012,CHN,65,70,parr,Fall,FALSE,FALSE,,
69.1L,Natural,Natural,1,Garica Bend,3/18/2012,CHN,71,79,smolt,Spring,FALSE,FALSE,,
69.1L,Natural,Natural,1,Garica Bend,3/18/2012,CHN,71,79,smolt,Spring,FALSE,FALSE,,
69.1L,Natural,Natural,1,Garica Bend,3/18/2012,MQK,NA,35,NA,NA,FALSE,FALSE,,
69.1L,Natural,Natural,1,Garica Bend,3/18/2012,MSS,53,57,NA,NA,FALSE,FALSE,,
69.1L,Natural,Natural,1,Garica Bend,3/18/2012,MSS,53,56,NA,NA,FALSE,FALSE,,
69.1L,Natural,Natural,1,Garica Bend,3/18/2012,MSS,57,60,NA,NA,FALSE,FALSE,,
69.1L,Natural,Natural,1,Garica Bend,3/18/2012,MSS,57,62,NA,NA,FALSE,FALSE,,
69.1L,Natural,Natural,1,Garica Bend,3/18/2012,MSS,57,61,NA,NA,FALSE,FALSE,,
69.1L,Natural,Natural,1,Garica Bend,3/18/2012,MSS,60,65,NA,NA,FALSE,FALSE,,
69.1L,Natural,Natural,1,Garica Bend,3/18/2012,MSS,60,65,NA,NA,FALSE,FALSE,,
69.1L,Natural,Natural,1,Garica Bend,3/18/2012,MSS,62,66,NA,NA,FALSE,FALSE,,
69.1L,Natural,Natural,1,Garica Bend,3/18/2012,MSS,65,70,NA,NA,FALSE,FALSE,,
69.1L,Natural,Natural,1,Garica Bend,3/18/2012,MSS,74,79,NA,NA,FALSE,FALSE,,
69.1L,Natural,Natural,1,Garica Bend,3/18/2012,MSS,75,80,NA,NA,FALSE,FALSE,,
69.1L,Natural,Natural,1,Garica Bend,3/18/2012,RBT,127,137,smolt,NA,FALSE,TRUE,,
69.1L,Natural,Natural,1,Garica Bend,3/18/2012,RBT,212,224,smolt,NA,FALSE,TRUE,,
69.1L,Natural,Natural,1,Garica Bend,3/18/2012,SASQ,168,180,NA,NA,FALSE,FALSE,,
69.1L,Natural,Natural,1,Garica Bend,3/18/2012,SPLT,100,119,NA,NA,FALSE,FALSE,,
69.1L,Natural,Natural,1,Garica Bend,3/18/2012,SPLT,102,123,NA,NA,FALSE,FALSE,,
69.1L,Natural,Natural,1,Garica Bend,3/18/2012,SPLT,118,140,NA,NA,FALSE,FALSE,,
69.1L,Natural,Natural,1,Garica Bend,3/18/2012,SPLT,120,139,NA,NA,FALSE,FALSE,,
69.1L,Natural,Natural,1,Garica Bend,3/18/2012,SPLT,125,151,NA,NA,FALSE,FALSE,,
69.1L,Natural,Natural,1,Garica Bend,3/18/2012,SPLT,129,145,NA,NA,FALSE,FALSE,,
69.1L,Natural,Natural,1,Garica Bend,3/18/2012,SPLT,135,160,NA,NA,FALSE,FALSE,,
69.1L,Natural,Natural,1,Garica Bend,3/18/2012,TP,149,159,NA,NA,FALSE,FALSE,,
69.1L,Natural,Natural,1,Garica Bend,3/18/2012,WAG,75,80,NA,NA,FALSE,FALSE,,
69.1L,Natural,Natural,1,Garica Bend,3/18/2012,WAG,83,88,NA,NA,FALSE,FALSE,,
69.1L,Natural,Natural,2,Garica Bend,4/2/2012,BAS,40,46,NA,NA,FALSE,FALSE,,
69.1L,Natural,Natural,2,Garica Bend,4/2/2012,BAS,72,74,NA,NA,FALSE,FALSE,,
69.1L,Natural,Natural,2,Garica Bend,4/2/2012,CHN,38,40,Fry,Fall,FALSE,FALSE,,
69.1L,Natural,Natural,2,Garica Bend,4/2/2012,CHN,40,42,Fry,Fall,FALSE,FALSE,,
69.1L,Natural,Natural,2,Garica Bend,4/2/2012,CHN,40,43,Fry,Fall,FALSE,FALSE,,
69.1L,Natural,Natural,2,Garica Bend,4/2/2012,CHN,42,45,Fry,Fall,FALSE,FALSE,,
69.1L,Natural,Natural,2,Garica Bend,4/2/2012,CHN,54,58,parr,Fall,FALSE,FALSE,,
69.1L,Natural,Natural,2,Garica Bend,4/2/2012,CHN,63,67,parr,Fall,FALSE,FALSE,,
69.1L,Natural,Natural,2,Garica Bend,4/2/2012,CHN,70,76,smolt,Fall,FALSE,FALSE,,
69.1L,Natural,Natural,2,Garica Bend,4/2/2012,CHN,73,80,smolt,Fall,FALSE,FALSE,,
69.1L,Natural,Natural,2,Garica Bend,4/2/2012,CHN,73,80,smolt,Fall,FALSE,FALSE,,
69.1L,Natural,Natural,2,Garica Bend,4/2/2012,CHN,75,82,smolt,Spring,FALSE,FALSE,,
69.1L,Natural,Natural,2,Garica Bend,4/2/2012,MSS,95,101,NA,NA,FALSE,FALSE,,
69.1L,Natural,Natural,2,Garica Bend,4/2/2012,SASQ,75,88,NA,NA,FALSE,FALSE,,
69.1L,Natural,Natural,2,Garica Bend,4/2/2012,SASQ,83,88,NA,NA,FALSE,FALSE,,
69.1L,Natural,Natural,2,Garica Bend,4/2/2012,SPLT,126,148,NA,NA,FALSE,FALSE,,
69.1L,Natural,Natural,2,Garica Bend,4/2/2012,TP,130,140,NA,NA,FALSE,FALSE,,
69.1L,Natural,Natural,3,Garica Bend,4/16/2012,BAS,140,147,NA,NA,FALSE,FALSE,,
69.1L,Natural,Natural,3,Garica Bend,4/16/2012,BAS,185,116,NA,NA,FALSE,FALSE,,
69.1L,Natural,Natural,3,Garica Bend,4/16/2012,BAS,200,211,NA,NA,FALSE,FALSE,,
69.1L,Natural,Natural,3,Garica Bend,4/16/2012,BAS,219,223,NA,NA,FALSE,FALSE,,
69.1L,Natural,Natural,3,Garica Bend,4/16/2012,CHN,39,42,Fry,Fall,FALSE,FALSE,,
69.1L,Natural,Natural,3,Garica Bend,4/16/2012,CHN,45,49,Fry,Fall,FALSE,FALSE,,
69.1L,Natural,Natural,3,Garica Bend,4/16/2012,CHN,50,54,parr,Fall,FALSE,FALSE,,
69.1L,Natural,Natural,3,Garica Bend,4/16/2012,CHN,51,55,parr,Fall,FALSE,FALSE,,
69.1L,Natural,Natural,3,Garica Bend,4/16/2012,CHN,52,57,parr,Fall,FALSE,FALSE,,
69.1L,Natural,Natural,3,Garica Bend,4/16/2012,CHN,56,61,parr,Fall,FALSE,FALSE,,
69.1L,Natural,Natural,3,Garica Bend,4/16/2012,CHN,57,61,parr,Fall,FALSE,FALSE,,
69.1L,Natural,Natural,3,Garica Bend,4/16/2012,CHN,57,61,parr,Fall,FALSE,FALSE,,
69.1L,Natural,Natural,3,Garica Bend,4/16/2012,CHN,61,68,parr,Fall,TRUE,FALSE,,
69.1L,Natural,Natural,3,Garica Bend,4/16/2012,CHN,67,73,parr,Fall,FALSE,FALSE,,
69.1L,Natural,Natural,3,Garica Bend,4/16/2012,CHN,70,77,parr,Fall,FALSE,FALSE,,
69.1L,Natural,Natural,3,Garica Bend,4/16/2012,CHN,81,88,smolt,Fall,FALSE,FALSE,,
69.1L,Natural,Natural,3,Garica Bend,4/16/2012,CHN,83,90,smolt,Spring,FALSE,FALSE,,
69.1L,Natural,Natural,3,Garica Bend,4/16/2012,CHN,87,95,smolt,Spring,FALSE,FALSE,,
69.1L,Natural,Natural,3,Garica Bend,4/16/2012,TFS,95,107,NA,NA,FALSE,FALSE,,
69.9R,No Bench,Repair,1,Garica Bend,3/18/2012,BAS,60,63,NA,NA,FALSE,FALSE,,
69.9R,No Bench,Repair,1,Garica Bend,3/18/2012,BAS,91,95,NA,NA,FALSE,FALSE,,
69.9R,No Bench,Repair,1,Garica Bend,3/18/2012,BAS,100,105,NA,NA,FALSE,FALSE,,
69.9R,No Bench,Repair,1,Garica Bend,3/18/2012,BAS,104,108,NA,NA,FALSE,FALSE,,
69.9R,No Bench,Repair,1,Garica Bend,3/18/2012,BAS,120,126,NA,NA,FALSE,FALSE,,
69.9R,No Bench,Repair,1,Garica Bend,3/18/2012,BAS,124,131,NA,NA,FALSE,FALSE,,
69.9R,No Bench,Repair,1,Garica Bend,3/18/2012,BAS,177,187,NA,NA,FALSE,FALSE,,
69.9R,No Bench,Repair,1,Garica Bend,3/18/2012,BAS,185,197,NA,NA,FALSE,FALSE,,
69.9R,No Bench,Repair,1,Garica Bend,3/18/2012,BAS,193,205,NA,NA,FALSE,FALSE,,
69.9R,No Bench,Repair,1,Garica Bend,3/18/2012,BAS,198,210,NA,NA,FALSE,FALSE,,
69.9R,No Bench,Repair,1,Garica Bend,3/18/2012,BAS,225,235,NA,NA,FALSE,FALSE,,
69.9R,No Bench,Repair,1,Garica Bend,3/18/2012,CHN,54,57,parr,Fall,FALSE,FALSE,,
69.9R,No Bench,Repair,1,Garica Bend,3/18/2012,CHN,57,61,parr,Fall,FALSE,FALSE,,
69.9R,No Bench,Repair,1,Garica Bend,3/18/2012,CHN,57,62,parr,Fall,FALSE,FALSE,,
69.9R,No Bench,Repair,1,Garica Bend,3/18/2012,CHN,58,64,parr,Fall,FALSE,FALSE,,
69.9R,No Bench,Repair,1,Garica Bend,3/18/2012,CHN,58,62,parr,Fall,FALSE,FALSE,,
69.9R,No Bench,Repair,1,Garica Bend,3/18/2012,CHN,59,64,parr,Fall,FALSE,FALSE,,
69.9R,No Bench,Repair,1,Garica Bend,3/18/2012,CHN,60,66,parr,Fall,FALSE,FALSE,,
69.9R,No Bench,Repair,1,Garica Bend,3/18/2012,CHN,61,66,parr,Fall,FALSE,FALSE,,
69.9R,No Bench,Repair,1,Garica Bend,3/18/2012,CHN,62,67,parr,Fall,FALSE,FALSE,,
69.9R,No Bench,Repair,1,Garica Bend,3/18/2012,CHN,63,68,parr,Fall,FALSE,FALSE,,
69.9R,No Bench,Repair,1,Garica Bend,3/18/2012,CHN,64,70,parr,Fall,FALSE,FALSE,,
69.9R,No Bench,Repair,1,Garica Bend,3/18/2012,CHN,65,70,smolt,Fall,FALSE,FALSE,,
69.9R,No Bench,Repair,1,Garica Bend,3/18/2012,CHN,68,75,smolt,Spring,FALSE,FALSE,,
69.9R,No Bench,Repair,1,Garica Bend,3/18/2012,CHN,70,77,smolt,Spring,FALSE,FALSE,,
69.9R,No Bench,Repair,1,Garica Bend,3/18/2012,CHN,71,79,smolt,Spring,FALSE,FALSE,,
69.9R,No Bench,Repair,1,Garica Bend,3/18/2012,CHN,72,78,smolt,Spring,FALSE,FALSE,,
69.9R,No Bench,Repair,1,Garica Bend,3/18/2012,HCH,65,74,NA,NA,FALSE,FALSE,,
69.9R,No Bench,Repair,1,Garica Bend,3/18/2012,HCH,118,131,NA,NA,FALSE,FALSE,,
69.9R,No Bench,Repair,1,Garica Bend,3/18/2012,MSS,36,39,NA,NA,FALSE,FALSE,,
69.9R,No Bench,Repair,1,Garica Bend,3/18/2012,MSS,65,70,NA,NA,FALSE,FALSE,,
69.9R,No Bench,Repair,1,Garica Bend,3/18/2012,MSS,80,87,NA,NA,FALSE,FALSE,,
69.9R,No Bench,Repair,1,Garica Bend,3/18/2012,RBT,132,142,smolt,NA,FALSE,TRUE,,
69.9R,No Bench,Repair,1,Garica Bend,3/18/2012,RBT,220,233,smolt,NA,FALSE,TRUE,,
69.9R,No Bench,Repair,1,Garica Bend,3/18/2012,RBT,220,231,smolt,NA,FALSE,TRUE,,
69.9R,No Bench,Repair,1,Garica Bend,3/18/2012,RBT,240,251,smolt,NA,FALSE,TRUE,,
69.9R,No Bench,Repair,1,Garica Bend,3/18/2012,RBT,262,274,smolt,NA,FALSE,TRUE,,
69.9R,No Bench,Repair,1,Garica Bend,3/18/2012,SASQ,65,72,NA,NA,FALSE,FALSE,,
69.9R,No Bench,Repair,1,Garica Bend,3/18/2012,SASQ,69,77,NA,NA,FALSE,FALSE,,
69.9R,No Bench,Repair,1,Garica Bend,3/18/2012,SASQ,90,100,NA,NA,FALSE,FALSE,,
69.9R,No Bench,Repair,1,Garica Bend,3/18/2012,SASQ,97,105,NA,NA,FALSE,FALSE,,
69.9R,No Bench,Repair,1,Garica Bend,3/18/2012,SASQ,120,131,NA,NA,FALSE,FALSE,,
69.9R,No Bench,Repair,1,Garica Bend,3/18/2012,SASQ,135,146,NA,NA,FALSE,FALSE,,
69.9R,No Bench,Repair,1,Garica Bend,3/18/2012,SASQ,140,155,NA,NA,FALSE,FALSE,,
69.9R,No Bench,Repair,1,Garica Bend,3/18/2012,SASQ,170,187,NA,NA,FALSE,FALSE,,
69.9R,No Bench,Repair,1,Garica Bend,3/18/2012,SASQ,172,184,NA,NA,FALSE,FALSE,,
69.9R,No Bench,Repair,1,Garica Bend,3/18/2012,SASQ,245,265,NA,NA,FALSE,FALSE,,
69.9R,No Bench,Repair,1,Garica Bend,3/18/2012,SASQ,340,372,NA,NA,FALSE,FALSE,,
69.9R,No Bench,Repair,1,Garica Bend,3/18/2012,SASU,230,247,NA,NA,FALSE,FALSE,,
69.9R,No Bench,Repair,1,Garica Bend,3/18/2012,SPLT,100,119,NA,NA,FALSE,FALSE,,
69.9R,No Bench,Repair,1,Garica Bend,3/18/2012,SPLT,100,119,NA,NA,FALSE,FALSE,,
69.9R,No Bench,Repair,1,Garica Bend,3/18/2012,SPLT,105,135,NA,NA,FALSE,FALSE,,
69.9R,No Bench,Repair,1,Garica Bend,3/18/2012,SPLT,106,122,NA,NA,FALSE,FALSE,,
69.9R,No Bench,Repair,1,Garica Bend,3/18/2012,SPLT,112,130,NA,NA,FALSE,FALSE,,
69.9R,No Bench,Repair,1,Garica Bend,3/18/2012,SPLT,115,138,NA,NA,FALSE,FALSE,,
69.9R,No Bench,Repair,1,Garica Bend,3/18/2012,SPLT,115,137,NA,NA,FALSE,FALSE,,
69.9R,No Bench,Repair,1,Garica Bend,3/18/2012,SPLT,124,143,NA,NA,FALSE,FALSE,,
69.9R,No Bench,Repair,1,Garica Bend,3/18/2012,SPLT,125,147,NA,NA,FALSE,FALSE,,
69.9R,No Bench,Repair,1,Garica Bend,3/18/2012,SPLT,127,152,NA,NA,FALSE,FALSE,,
69.9R,No Bench,Repair,1,Garica Bend,3/18/2012,SPLT,182,119,NA,NA,FALSE,FALSE,,
69.9R,No Bench,Repair,1,Garica Bend,3/18/2012,TP,90,95,NA,NA,FALSE,FALSE,,
69.9R,No Bench,Repair,1,Garica Bend,3/18/2012,TP,150,159,NA,NA,FALSE,FALSE,,
69.9R,No Bench,Repair,1,Garica Bend,3/18/2012,WAG,92,98,NA,NA,FALSE,FALSE,,
69.9R,No Bench,Repair,2,Garica Bend,4/2/2012,CHN,40,43,Fry,Fall,FALSE,FALSE,,
69.9R,No Bench,Repair,2,Garica Bend,4/2/2012,CHN,46,50,parr,Fall,FALSE,FALSE,,
69.9R,No Bench,Repair,2,Garica Bend,4/2/2012,CHN,56,61,parr,Fall,TRUE,FALSE,,
69.9R,No Bench,Repair,2,Garica Bend,4/2/2012,CHN,66,71,smolt,Fall,FALSE,FALSE,,
69.9R,No Bench,Repair,2,Garica Bend,4/2/2012,CHN,68,73,smolt,Fall,FALSE,FALSE,,
69.9R,No Bench,Repair,2,Garica Bend,4/2/2012,CHN,72,79,smolt,Fall,FALSE,FALSE,,
69.9R,No Bench,Repair,2,Garica Bend,4/2/2012,CHN,73,78,smolt,Fall,FALSE,FALSE,,
69.9R,No Bench,Repair,2,Garica Bend,4/2/2012,CHN,75,82,smolt,Spring,FALSE,FALSE,,
69.9R,No Bench,Repair,2,Garica Bend,4/2/2012,CHN,76,84,smolt,Spring,FALSE,FALSE,,
69.9R,No Bench,Repair,2,Garica Bend,4/2/2012,CHN,81,89,smolt,Spring,FALSE,FALSE,,
69.9R,No Bench,Repair,2,Garica Bend,4/2/2012,MSS,80,85,NA,NA,FALSE,FALSE,,
69.9R,No Bench,Repair,2,Garica Bend,4/2/2012,SPLT,100,121,NA,NA,FALSE,FALSE,,
69.9R,No Bench,Repair,2,Garica Bend,4/2/2012,SPLT,122,143,NA,NA,FALSE,FALSE,,
69.9R,No Bench,Repair,2,Garica Bend,4/2/2012,SPLT,122,137,NA,NA,FALSE,FALSE,,
69.9R,No Bench,Repair,3,Garica Bend,4/16/2012,BAS,198,208,NA,NA,FALSE,FALSE,,
69.9R,No Bench,Repair,3,Garica Bend,4/16/2012,CHN,50,54,parr,Fall,TRUE,FALSE,,
69.9R,No Bench,Repair,3,Garica Bend,4/16/2012,CHN,52,57,parr,Fall,FALSE,FALSE,,
69.9R,No Bench,Repair,3,Garica Bend,4/16/2012,CHN,52,56,parr,Fall,FALSE,FALSE,,
69.9R,No Bench,Repair,3,Garica Bend,4/16/2012,CHN,55,60,parr,Fall,FALSE,FALSE,,
69.9R,No Bench,Repair,3,Garica Bend,4/16/2012,CHN,57,61,parr,Fall,FALSE,FALSE,,
69.9R,No Bench,Repair,3,Garica Bend,4/16/2012,CHN,81,89,smolt,Fall,FALSE,FALSE,,
69.9R,No Bench,Repair,3,Garica Bend,4/16/2012,CHN,90,98,smolt,Spring,FALSE,FALSE,,
69.9R,No Bench,Repair,3,Garica Bend,4/16/2012,RBT,221,232,parr,NA,FALSE,FALSE,,
69.9R,No Bench,Repair,3,Garica Bend,4/16/2012,SPLT,115,134,NA,NA,FALSE,FALSE,,
69.9R,No Bench,Repair,3,Garica Bend,4/16/2012,SPLT,209,245,NA,NA,FALSE,FALSE,,
72.2R,Slope/Bench,Repair,1,Knights Landing,3/18/2012,CHN,31,33,Fry,Fall,FALSE,FALSE,,
72.2R,Slope/Bench,Repair,1,Knights Landing,3/18/2012,CHN,55,60,parr,Fall,TRUE,FALSE,,
72.2R,Slope/Bench,Repair,1,Knights Landing,3/18/2012,CHN,55,59,parr,Fall,FALSE,FALSE,,
72.2R,Slope/Bench,Repair,1,Knights Landing,3/18/2012,CHN,60,66,parr,Fall,FALSE,FALSE,,
72.2R,Slope/Bench,Repair,1,Knights Landing,3/18/2012,CHN,60,65,parr,Fall,FALSE,FALSE,,
72.2R,Slope/Bench,Repair,1,Knights Landing,3/18/2012,CHN,61,66,parr,Fall,FALSE,FALSE,,
72.2R,Slope/Bench,Repair,1,Knights Landing,3/18/2012,CHN,62,68,parr,Fall,FALSE,FALSE,,
72.2R,Slope/Bench,Repair,1,Knights Landing,3/18/2012,CHN,62,67,parr,Fall,FALSE,FALSE,,
72.2R,Slope/Bench,Repair,1,Knights Landing,3/18/2012,CHN,68,75,parr,Spring,FALSE,FALSE,,
72.2R,Slope/Bench,Repair,1,Knights Landing,3/18/2012,CHN,65,71,smolt,Fall,FALSE,FALSE,,
72.2R,Slope/Bench,Repair,1,Knights Landing,3/18/2012,CHN,70,76,smolt,Spring,FALSE,FALSE,,
72.2R,Slope/Bench,Repair,1,Knights Landing,3/18/2012,MSS,53,57,NA,NA,FALSE,FALSE,,
72.2R,Slope/Bench,Repair,1,Knights Landing,3/18/2012,MSS,55,60,NA,NA,FALSE,FALSE,,
72.2R,Slope/Bench,Repair,1,Knights Landing,3/18/2012,MSS,60,65,NA,NA,FALSE,FALSE,,
72.2R,Slope/Bench,Repair,1,Knights Landing,3/18/2012,MSS,66,70,NA,NA,FALSE,FALSE,,
72.2R,Slope/Bench,Repair,1,Knights Landing,3/18/2012,MSS,72,79,NA,NA,FALSE,FALSE,,
72.2R,Slope/Bench,Repair,1,Knights Landing,3/18/2012,SASQ,162,178,NA,NA,FALSE,FALSE,,
72.2R,Slope/Bench,Repair,1,Knights Landing,3/18/2012,SASU,390,410,NA,NA,FALSE,FALSE,,
72.2R,Slope/Bench,Repair,1,Knights Landing,3/18/2012,SASU,405,420,NA,NA,FALSE,FALSE,,
72.2R,Slope/Bench,Repair,1,Knights Landing,3/18/2012,SASU,415,440,NA,NA,FALSE,FALSE,,
72.2R,Slope/Bench,Repair,1,Knights Landing,3/18/2012,SASU,420,450,NA,NA,FALSE,FALSE,,
72.2R,Slope/Bench,Repair,1,Knights Landing,3/18/2012,SPLT,100,119,NA,NA,FALSE,FALSE,,
72.2R,Slope/Bench,Repair,1,Knights Landing,3/18/2012,SPLT,133,159,NA,NA,FALSE,FALSE,,
72.2R,Slope/Bench,Repair,1,Knights Landing,3/18/2012,TFS,90,101,NA,NA,FALSE,FALSE,,
72.2R,Slope/Bench,Repair,2,Knights Landing,4/2/2012,BAS,94,96,NA,NA,FALSE,FALSE,,
72.2R,Slope/Bench,Repair,2,Knights Landing,4/2/2012,BAS,212,218,NA,NA,FALSE,FALSE,,
72.2R,Slope/Bench,Repair,2,Knights Landing,4/2/2012,BAS,212,218,NA,NA,FALSE,FALSE,,
72.2R,Slope/Bench,Repair,2,Knights Landing,4/2/2012,BAS,248,258,NA,NA,FALSE,FALSE,,
72.2R,Slope/Bench,Repair,2,Knights Landing,4/2/2012,CHN,39,42,Fry,Fall,FALSE,FALSE,,
72.2R,Slope/Bench,Repair,2,Knights Landing,4/2/2012,CHN,42,45,Fry,Fall,FALSE,FALSE,,
72.2R,Slope/Bench,Repair,2,Knights Landing,4/2/2012,CHN,42,45,Fry,Fall,FALSE,FALSE,,
72.2R,Slope/Bench,Repair,2,Knights Landing,4/2/2012,CHN,45,48,Fry,Fall,FALSE,FALSE,,
72.2R,Slope/Bench,Repair,2,Knights Landing,4/2/2012,CHN,80,86,smolt,Spring,FALSE,FALSE,,
72.2R,Slope/Bench,Repair,2,Knights Landing,4/2/2012,RBT,226,235,smolt,NA,FALSE,TRUE,,
72.2R,Slope/Bench,Repair,2,Knights Landing,4/2/2012,RBT,229,237,smolt,NA,FALSE,FALSE,,
72.2R,Slope/Bench,Repair,2,Knights Landing,4/2/2012,SASQ,57,61,NA,NA,FALSE,FALSE,,
72.2R,Slope/Bench,Repair,2,Knights Landing,4/2/2012,SASQ,110,121,NA,NA,FALSE,FALSE,,
72.2R,Slope/Bench,Repair,2,Knights Landing,4/2/2012,SASQ,119,130,NA,NA,FALSE,FALSE,,
72.2R,Slope/Bench,Repair,2,Knights Landing,4/2/2012,SASQ,127,140,NA,NA,FALSE,FALSE,,
72.2R,Slope/Bench,Repair,2,Knights Landing,4/2/2012,SASQ,135,142,NA,NA,FALSE,FALSE,,
72.2R,Slope/Bench,Repair,2,Knights Landing,4/2/2012,SASQ,152,167,NA,NA,FALSE,FALSE,,
72.2R,Slope/Bench,Repair,2,Knights Landing,4/2/2012,SASQ,155,170,NA,NA,FALSE,FALSE,,
72.2R,Slope/Bench,Repair,2,Knights Landing,4/2/2012,SASQ,163,177,NA,NA,FALSE,FALSE,,
72.2R,Slope/Bench,Repair,2,Knights Landing,4/2/2012,SASQ,318,340,NA,NA,FALSE,FALSE,,
72.2R,Slope/Bench,Repair,2,Knights Landing,4/2/2012,SPLT,100,117,NA,NA,FALSE,FALSE,,
72.2R,Slope/Bench,Repair,2,Knights Landing,4/2/2012,SPLT,108,128,NA,NA,TRUE,FALSE,,
72.2R,Slope/Bench,Repair,2,Knights Landing,4/2/2012,SPLT,109,123,NA,NA,FALSE,FALSE,,
72.2R,Slope/Bench,Repair,2,Knights Landing,4/2/2012,TP,85,90,NA,NA,FALSE,FALSE,,
72.2R,Slope/Bench,Repair,2,Knights Landing,4/2/2012,TP,90,95,NA,NA,FALSE,FALSE,,
72.2R,Slope/Bench,Repair,2,Knights Landing,4/2/2012,TP,94,100,NA,NA,FALSE,FALSE,,
72.2R,Slope/Bench,Repair,2,Knights Landing,4/2/2012,TP,95,98,NA,NA,FALSE,FALSE,,
72.2R,Slope/Bench,Repair,2,Knights Landing,4/2/2012,TP,98,104,NA,NA,FALSE,FALSE,,
72.2R,Slope/Bench,Repair,2,Knights Landing,4/2/2012,TP,135,144,NA,NA,FALSE,FALSE,,
72.2R,Slope/Bench,Repair,2,Knights Landing,4/2/2012,TP,140,147,NA,NA,FALSE,FALSE,,
72.2R,Slope/Bench,Repair,3,Knights Landing,4/16/2012,BAS,107,113,NA,NA,FALSE,FALSE,,
72.2R,Slope/Bench,Repair,3,Knights Landing,4/16/2012,CHN,58,63,parr,Fall,FALSE,FALSE,,
72.2R,Slope/Bench,Repair,3,Knights Landing,4/16/2012,CHN,60,66,parr,Fall,FALSE,FALSE,,
72.2R,Slope/Bench,Repair,3,Knights Landing,4/16/2012,CHN,74,80,parr,Fall,FALSE,FALSE,,
72.2R,Slope/Bench,Repair,3,Knights Landing,4/16/2012,CHN,85,93,smolt,Spring,FALSE,FALSE,,
72.2R,Slope/Bench,Repair,3,Knights Landing,4/16/2012,CHN,90,98,smolt,Spring,FALSE,FALSE,,
72.2R,Slope/Bench,Repair,3,Knights Landing,4/16/2012,CHN,90,98,smolt,Spring,FALSE,FALSE,,
72.2R,Slope/Bench,Repair,3,Knights Landing,4/16/2012,CHN,90,98,smolt,Spring,FALSE,FALSE,,
72.2R,Slope/Bench,Repair,3,Knights Landing,4/16/2012,HH,371,408,NA,NA,FALSE,FALSE,,
72.2R,Slope/Bench,Repair,3,Knights Landing,4/16/2012,SASQ,62,66,NA,NA,FALSE,FALSE,,
72.2R,Slope/Bench,Repair,3,Knights Landing,4/16/2012,SASQ,85,93,NA,NA,FALSE,FALSE,,
72.2R,Slope/Bench,Repair,3,Knights Landing,4/16/2012,SASQ,89,97,NA,NA,FALSE,FALSE,,
72.2R,Slope/Bench,Repair,3,Knights Landing,4/16/2012,SASQ,109,118,NA,NA,FALSE,FALSE,,
72.2R,Slope/Bench,Repair,3,Knights Landing,4/16/2012,SASQ,109,118,NA,NA,FALSE,FALSE,,
72.2R,Slope/Bench,Repair,3,Knights Landing,4/16/2012,SASQ,114,122,NA,NA,FALSE,FALSE,,
72.2R,Slope/Bench,Repair,3,Knights Landing,4/16/2012,SASQ,135,147,NA,NA,FALSE,FALSE,,
72.2R,Slope/Bench,Repair,3,Knights Landing,4/16/2012,SASQ,145,157,NA,NA,FALSE,FALSE,,
72.2R,Slope/Bench,Repair,3,Knights Landing,4/16/2012,SASQ,148,164,NA,NA,FALSE,FALSE,,
72.2R,Slope/Bench,Repair,3,Knights Landing,4/16/2012,SASQ,155,170,NA,NA,FALSE,FALSE,,
72.2R,Slope/Bench,Repair,3,Knights Landing,4/16/2012,SASQ,170,187,NA,NA,FALSE,FALSE,,
72.2R,Slope/Bench,Repair,3,Knights Landing,4/16/2012,SASQ,187,195,NA,NA,FALSE,FALSE,,
72.2R,Slope/Bench,Repair,3,Knights Landing,4/16/2012,SASQ,265,278,NA,NA,FALSE,FALSE,,
72.2R,Slope/Bench,Repair,3,Knights Landing,4/16/2012,SASQ,455,477,NA,NA,FALSE,FALSE,,
72.2R,Slope/Bench,Repair,3,Knights Landing,4/16/2012,SASQ,462,490,NA,NA,FALSE,FALSE,,
72.2R,Slope/Bench,Repair,3,Knights Landing,4/16/2012,SPLT,115,133,NA,NA,FALSE,FALSE,,
72.2R,Slope/Bench,Repair,3,Knights Landing,4/16/2012,SPLT,135,148,NA,NA,FALSE,FALSE,,
72.2R,Slope/Bench,Repair,3,Knights Landing,4/16/2012,TP,100,106,NA,NA,FALSE,FALSE,,
72.2R,Slope/Bench,Repair,3,Knights Landing,4/16/2012,TP,105,112,NA,NA,FALSE,FALSE,,
72.2R,Slope/Bench,Repair,3,Knights Landing,4/16/2012,TP,151,160,NA,NA,FALSE,FALSE,,
72.2R,Slope/Bench,Repair,3,Knights Landing,4/16/2012,TP,155,163,NA,NA,FALSE,FALSE,,
85.6L,Historic,Historic,1,Knights Landing,3/17/2012,CHN,58,61,parr,Fall,FALSE,FALSE,,
85.6L,Historic,Historic,1,Knights Landing,3/17/2012,CHN,60,65,parr,Fall,FALSE,FALSE,,
85.6L,Historic,Historic,1,Knights Landing,3/17/2012,CHN,60,66,parr,Fall,FALSE,FALSE,,
85.6L,Historic,Historic,1,Knights Landing,3/17/2012,CHN,62,68,parr,Fall,FALSE,FALSE,,
85.6L,Historic,Historic,1,Knights Landing,3/17/2012,CHN,62,67,parr,Fall,FALSE,FALSE,,
85.6L,Historic,Historic,1,Knights Landing,3/17/2012,CHN,65,72,parr,Fall,FALSE,FALSE,,
85.6L,Historic,Historic,1,Knights Landing,3/17/2012,CHN,71,75,smolt,Spring,FALSE,FALSE,,
85.6L,Historic,Historic,1,Knights Landing,3/17/2012,CHN,72,79,smolt,Spring,FALSE,FALSE,,
85.6L,Historic,Historic,1,Knights Landing,3/17/2012,MSS,52,57,NA,NA,FALSE,FALSE,,
85.6L,Historic,Historic,1,Knights Landing,3/17/2012,MSS,60,64,NA,NA,FALSE,FALSE,,
85.6L,Historic,Historic,1,Knights Landing,3/17/2012,MSS,69,73,NA,NA,FALSE,FALSE,,
85.6L,Historic,Historic,1,Knights Landing,3/17/2012,MSS,80,86,NA,NA,FALSE,FALSE,,
85.6L,Historic,Historic,1,Knights Landing,3/17/2012,RBT,258,264,NA,NA,FALSE,FALSE,,
85.6L,Historic,Historic,1,Knights Landing,3/17/2012,SASQ,140,152,NA,NA,FALSE,FALSE,,
85.6L,Historic,Historic,1,Knights Landing,3/17/2012,TP,70,75,NA,NA,FALSE,FALSE,,
85.6L,Historic,Historic,1,Knights Landing,3/17/2012,TP,72,78,NA,NA,FALSE,FALSE,,
85.6L,Historic,Historic,2,Knights Landing,4/2/2012,C,545,600,NA,NA,FALSE,FALSE,,
85.6L,Historic,Historic,2,Knights Landing,4/2/2012,CHN,36,38,Fry,Fall,FALSE,FALSE,,
85.6L,Historic,Historic,2,Knights Landing,4/2/2012,CHN,41,44,Fry,Fall,FALSE,FALSE,,
85.6L,Historic,Historic,2,Knights Landing,4/2/2012,CHN,41,44,Fry,Fall,FALSE,FALSE,,
85.6L,Historic,Historic,2,Knights Landing,4/2/2012,CHN,43,46,Fry,Fall,FALSE,FALSE,,
85.6L,Historic,Historic,2,Knights Landing,4/2/2012,CHN,70,77,smolt,Fall,FALSE,FALSE,,
85.6L,Historic,Historic,2,Knights Landing,4/2/2012,CHN,71,78,smolt,Fall,FALSE,FALSE,,
85.6L,Historic,Historic,2,Knights Landing,4/2/2012,CHN,71,77,smolt,Fall,FALSE,FALSE,,
85.6L,Historic,Historic,2,Knights Landing,4/2/2012,CHN,74,81,smolt,Spring,TRUE,FALSE,,
85.6L,Historic,Historic,2,Knights Landing,4/2/2012,CHN,76,82,smolt,Spring,FALSE,FALSE,,
85.6L,Historic,Historic,2,Knights Landing,4/2/2012,CHN,77,83,smolt,Spring,FALSE,FALSE,,
85.6L,Historic,Historic,2,Knights Landing,4/2/2012,CHN,87,95,smolt,Spring,TRUE,FALSE,,
85.6L,Historic,Historic,2,Knights Landing,4/2/2012,CHN,116,125,smolt,Winter,FALSE,FALSE,,
85.6L,Historic,Historic,2,Knights Landing,4/2/2012,SPLT,315,370,NA,NA,FALSE,FALSE,,
85.6L,Historic,Historic,2,Knights Landing,4/2/2012,TFS,69,74,smolt,NA,FALSE,FALSE,,
85.6L,Historic,Historic,2,Knights Landing,4/2/2012,TFS,92,105,NA,NA,FALSE,FALSE,,
85.6L,Historic,Historic,2,Knights Landing,4/2/2012,TP,77,82,NA,NA,FALSE,FALSE,,
85.6L,Historic,Historic,2,Knights Landing,4/2/2012,TP,132,140,NA,NA,FALSE,FALSE,,
85.6L,Historic,Historic,2,Knights Landing,4/2/2012,FHM,63,70,NA,NA,FALSE,FALSE,,
85.6L,Historic,Historic,3,Knights Landing,4/16/2012,BAS,379,403,NA,NA,FALSE,FALSE,,
85.6L,Historic,Historic,3,Knights Landing,4/16/2012,CHN,50,55,parr,Fall,FALSE,FALSE,,
85.6L,Historic,Historic,3,Knights Landing,4/16/2012,CHN,53,57,parr,Fall,FALSE,FALSE,,
85.6L,Historic,Historic,3,Knights Landing,4/16/2012,CHN,54,59,parr,Fall,FALSE,FALSE,,
85.6L,Historic,Historic,3,Knights Landing,4/16/2012,CHN,67,73,parr,Fall,FALSE,FALSE,,
85.6L,Historic,Historic,3,Knights Landing,4/16/2012,CHN,69,75,parr,Fall,FALSE,FALSE,,
85.6L,Historic,Historic,3,Knights Landing,4/16/2012,CHN,75,83,parr,Fall,FALSE,FALSE,,
85.6L,Historic,Historic,3,Knights Landing,4/16/2012,CHN,76,83,parr,Fall,FALSE,FALSE,,
85.6L,Historic,Historic,3,Knights Landing,4/16/2012,CHN,80,88,parr,Fall,FALSE,FALSE,,
85.6L,Historic,Historic,3,Knights Landing,4/16/2012,CHN,81,88,parr,Fall,TRUE,FALSE,,
85.6L,Historic,Historic,3,Knights Landing,4/16/2012,CHN,85,92,smolt,Spring,FALSE,FALSE,,
85.6L,Historic,Historic,3,Knights Landing,4/16/2012,MSS,80,87,NA,NA,FALSE,FALSE,,
85.6L,Historic,Historic,3,Knights Landing,4/16/2012,SASQ,105,116,NA,NA,FALSE,FALSE,,
85.6L,Historic,Historic,3,Knights Landing,4/16/2012,TP,66,70,NA,NA,FALSE,FALSE,,
85.6L,Historic,Historic,3,Knights Landing,4/16/2012,TP,70,75,NA,NA,FALSE,FALSE,,
85.6L,Historic,Historic,3,Knights Landing,4/16/2012,TP,132,140,NA,NA,FALSE,FALSE,,
85.6R,No Bench,Repair,1,Knights Landing,3/17/2012,BAS,73,85,NA,NA,FALSE,FALSE,,
85.6R,No Bench,Repair,1,Knights Landing,3/17/2012,BAS,290,310,NA,NA,FALSE,FALSE,,
85.6R,No Bench,Repair,1,Knights Landing,3/17/2012,C,495,542,NA,NA,FALSE,FALSE,,
85.6R,No Bench,Repair,1,Knights Landing,3/17/2012,CHN,65,71,parr,Fall,FALSE,FALSE,,
85.6R,No Bench,Repair,1,Knights Landing,3/17/2012,CHN,65,70,parr,Fall,FALSE,FALSE,,
85.6R,No Bench,Repair,1,Knights Landing,3/17/2012,CHN,65,79,parr,Fall,FALSE,FALSE,,
85.6R,No Bench,Repair,1,Knights Landing,3/17/2012,CHN,65,71,parr,Fall,FALSE,FALSE,,
85.6R,No Bench,Repair,1,Knights Landing,3/17/2012,CHN,67,73,parr,Spring,FALSE,FALSE,,
85.6R,No Bench,Repair,1,Knights Landing,3/17/2012,CHN,76,82,smolt,Spring,FALSE,FALSE,,
85.6R,No Bench,Repair,1,Knights Landing,3/17/2012,CHN,82,90,smolt,Spring,FALSE,FALSE,,
85.6R,No Bench,Repair,1,Knights Landing,3/17/2012,RBT,175,186,parr,NA,FALSE,FALSE,,
85.6R,No Bench,Repair,1,Knights Landing,3/17/2012,SASQ,185,205,NA,NA,FALSE,FALSE,,
85.6R,No Bench,Repair,1,Knights Landing,3/17/2012,STB,525,550,NA,NA,FALSE,FALSE,,
85.6R,No Bench,Repair,1,Knights Landing,3/17/2012,TP,89,95,NA,NA,FALSE,FALSE,,
85.6R,No Bench,Repair,3,Knights Landing,4/16/2012,BAS,296,307,NA,NA,FALSE,FALSE,,
85.6R,No Bench,Repair,3,Knights Landing,4/16/2012,C,495,552,NA,NA,FALSE,FALSE,,
85.6R,No Bench,Repair,3,Knights Landing,4/16/2012,CHN,46,49,Fry,Fall,FALSE,FALSE,,
85.6R,No Bench,Repair,3,Knights Landing,4/16/2012,CHN,49,53,parr,Fall,FALSE,FALSE,,
85.6R,No Bench,Repair,3,Knights Landing,4/16/2012,CHN,49,53,parr,Fall,FALSE,FALSE,,
85.6R,No Bench,Repair,3,Knights Landing,4/16/2012,CHN,68,73,parr,Fall,FALSE,FALSE,,
85.6R,No Bench,Repair,3,Knights Landing,4/16/2012,CHN,75,84,parr,Fall,FALSE,FALSE,,
85.6R,No Bench,Repair,3,Knights Landing,4/16/2012,CHN,78,86,parr,Fall,FALSE,FALSE,,
85.6R,No Bench,Repair,3,Knights Landing,4/16/2012,SASQ,81,89,NA,NA,FALSE,FALSE,,
87.0L,Slope/Bench,Repair,1,Knights Landing,3/17/2012,BAS,88,95,NA,NA,FALSE,FALSE,,
87.0L,Slope/Bench,Repair,1,Knights Landing,3/17/2012,BAS,92,100,NA,NA,FALSE,FALSE,,
87.0L,Slope/Bench,Repair,1,Knights Landing,3/17/2012,BAS,245,283,NA,NA,FALSE,FALSE,,
87.0L,Slope/Bench,Repair,1,Knights Landing,3/17/2012,C,370,405,NA,NA,FALSE,FALSE,,
87.0L,Slope/Bench,Repair,1,Knights Landing,3/17/2012,C,540,590,NA,NA,FALSE,FALSE,,
87.0L,Slope/Bench,Repair,1,Knights Landing,3/17/2012,C,580,615,NA,NA,FALSE,FALSE,,
87.0L,Slope/Bench,Repair,1,Knights Landing,3/17/2012,C,630,650,NA,NA,FALSE,FALSE,,
87.0L,Slope/Bench,Repair,1,Knights Landing,3/17/2012,CHN,59,64,parr,Fall,FALSE,FALSE,,
87.0L,Slope/Bench,Repair,1,Knights Landing,3/17/2012,CHN,60,65,parr,Fall,FALSE,FALSE,,
87.0L,Slope/Bench,Repair,1,Knights Landing,3/17/2012,CHN,61,67,parr,Fall,FALSE,FALSE,,
87.0L,Slope/Bench,Repair,1,Knights Landing,3/17/2012,CHN,61,67,parr,Fall,FALSE,FALSE,,
87.0L,Slope/Bench,Repair,1,Knights Landing,3/17/2012,CHN,62,68,parr,Fall,FALSE,FALSE,,
87.0L,Slope/Bench,Repair,1,Knights Landing,3/17/2012,CHN,62,68,parr,Fall,FALSE,FALSE,,
87.0L,Slope/Bench,Repair,1,Knights Landing,3/17/2012,CHN,62,69,parr,Fall,FALSE,FALSE,,
87.0L,Slope/Bench,Repair,1,Knights Landing,3/17/2012,CHN,62,69,parr,Fall,FALSE,FALSE,,
87.0L,Slope/Bench,Repair,1,Knights Landing,3/17/2012,CHN,62,67,parr,Fall,FALSE,FALSE,,
87.0L,Slope/Bench,Repair,1,Knights Landing,3/17/2012,CHN,62,68,parr,Fall,FALSE,FALSE,,
87.0L,Slope/Bench,Repair,1,Knights Landing,3/17/2012,CHN,62,68,parr,Fall,FALSE,FALSE,,
87.0L,Slope/Bench,Repair,1,Knights Landing,3/17/2012,CHN,62,69,parr,Fall,FALSE,FALSE,,
87.0L,Slope/Bench,Repair,1,Knights Landing,3/17/2012,CHN,63,68,parr,Fall,FALSE,FALSE,,
87.0L,Slope/Bench,Repair,1,Knights Landing,3/17/2012,CHN,63,70,parr,Fall,FALSE,FALSE,,
87.0L,Slope/Bench,Repair,1,Knights Landing,3/17/2012,CHN,63,67,parr,Fall,FALSE,FALSE,,
87.0L,Slope/Bench,Repair,1,Knights Landing,3/17/2012,CHN,63,68,parr,Fall,FALSE,FALSE,,
87.0L,Slope/Bench,Repair,1,Knights Landing,3/17/2012,CHN,64,69,parr,Fall,FALSE,FALSE,,
87.0L,Slope/Bench,Repair,1,Knights Landing,3/17/2012,CHN,65,69,parr,Fall,FALSE,FALSE,,
87.0L,Slope/Bench,Repair,1,Knights Landing,3/17/2012,CHN,65,70,parr,Fall,FALSE,FALSE,,
87.0L,Slope/Bench,Repair,1,Knights Landing,3/17/2012,CHN,65,70,parr,Fall,FALSE,FALSE,,
87.0L,Slope/Bench,Repair,1,Knights Landing,3/17/2012,CHN,65,70,parr,Fall,FALSE,FALSE,,
87.0L,Slope/Bench,Repair,1,Knights Landing,3/17/2012,CHN,65,70,parr,Fall,FALSE,FALSE,,
87.0L,Slope/Bench,Repair,1,Knights Landing,3/17/2012,CHN,68,74,parr,Spring,FALSE,FALSE,,
87.0L,Slope/Bench,Repair,1,Knights Landing,3/17/2012,CHN,68,72,parr,Spring,FALSE,FALSE,,
87.0L,Slope/Bench,Repair,1,Knights Landing,3/17/2012,SASQ,136,149,NA,NA,FALSE,FALSE,,
87.0L,Slope/Bench,Repair,1,Knights Landing,3/17/2012,SASQ,175,188,NA,NA,FALSE,FALSE,,
87.0L,Slope/Bench,Repair,1,Knights Landing,3/17/2012,SASU,69,75,NA,NA,FALSE,FALSE,,
87.0L,Slope/Bench,Repair,1,Knights Landing,3/17/2012,SASU,125,135,NA,NA,FALSE,FALSE,,
87.0L,Slope/Bench,Repair,1,Knights Landing,3/17/2012,SASU,200,210,NA,NA,FALSE,FALSE,,
87.0L,Slope/Bench,Repair,1,Knights Landing,3/17/2012,SASU,221,233,NA,NA,FALSE,FALSE,,
87.0L,Slope/Bench,Repair,1,Knights Landing,3/17/2012,SASU,230,253,NA,NA,FALSE,FALSE,,
87.0L,Slope/Bench,Repair,1,Knights Landing,3/17/2012,SASU,255,273,NA,NA,FALSE,FALSE,,
87.0L,Slope/Bench,Repair,1,Knights Landing,3/17/2012,SPLT,109,133,NA,NA,FALSE,FALSE,,
87.0L,Slope/Bench,Repair,1,Knights Landing,3/17/2012,TP,96,100,NA,NA,FALSE,FALSE,,
87.0L,Slope/Bench,Repair,1,Knights Landing,3/17/2012,TP,100,106,NA,NA,FALSE,FALSE,,
87.0L,Slope/Bench,Repair,1,Knights Landing,3/17/2012,TP,123,130,NA,NA,TRUE,FALSE,,
87.0L,Slope/Bench,Repair,1,Knights Landing,3/17/2012,TP,80,87,NA,NA,FALSE,FALSE,,
87.0L,Slope/Bench,Repair,2,Knights Landing,4/2/2012,BAS,370,395,NA,NA,FALSE,FALSE,,
87.0L,Slope/Bench,Repair,2,Knights Landing,4/2/2012,BGS,75,80,NA,NA,FALSE,FALSE,,
87.0L,Slope/Bench,Repair,2,Knights Landing,4/2/2012,C,440,491,NA,NA,FALSE,FALSE,,
87.0L,Slope/Bench,Repair,2,Knights Landing,4/2/2012,C,445,498,NA,NA,FALSE,FALSE,,
87.0L,Slope/Bench,Repair,2,Knights Landing,4/2/2012,C,470,535,NA,NA,FALSE,FALSE,,
87.0L,Slope/Bench,Repair,2,Knights Landing,4/2/2012,CHN,40,44,Fry,Fall,FALSE,FALSE,,
87.0L,Slope/Bench,Repair,2,Knights Landing,4/2/2012,CHN,42,45,Fry,Fall,FALSE,FALSE,,
87.0L,Slope/Bench,Repair,2,Knights Landing,4/2/2012,CHN,47,52,parr,Fall,FALSE,FALSE,,
87.0L,Slope/Bench,Repair,2,Knights Landing,4/2/2012,CHN,50,55,parr,Fall,FALSE,FALSE,,
87.0L,Slope/Bench,Repair,2,Knights Landing,4/2/2012,CHN,58,65,parr,Fall,FALSE,FALSE,,
87.0L,Slope/Bench,Repair,2,Knights Landing,4/2/2012,CHN,63,69,parr,Fall,TRUE,FALSE,,
87.0L,Slope/Bench,Repair,2,Knights Landing,4/2/2012,CHN,73,78,parr,Fall,FALSE,FALSE,,
87.0L,Slope/Bench,Repair,2,Knights Landing,4/2/2012,CHN,65,71,smolt,Fall,FALSE,FALSE,,
87.0L,Slope/Bench,Repair,2,Knights Landing,4/2/2012,CHN,70,78,smolt,Fall,FALSE,FALSE,,
87.0L,Slope/Bench,Repair,2,Knights Landing,4/2/2012,CHN,75,82,smolt,Spring,FALSE,FALSE,,
87.0L,Slope/Bench,Repair,2,Knights Landing,4/2/2012,CHN,80,86,smolt,Spring,FALSE,FALSE,,
87.0L,Slope/Bench,Repair,2,Knights Landing,4/2/2012,GF,108,120,NA,NA,FALSE,FALSE,,
87.0L,Slope/Bench,Repair,2,Knights Landing,4/2/2012,GSF,65,68,NA,NA,FALSE,FALSE,,
87.0L,Slope/Bench,Repair,2,Knights Landing,4/2/2012,GSN,70,77,NA,NA,FALSE,FALSE,,
87.0L,Slope/Bench,Repair,2,Knights Landing,4/2/2012,RSN,50,55,NA,NA,FALSE,FALSE,,
87.0L,Slope/Bench,Repair,2,Knights Landing,4/2/2012,SASQ,77,82,NA,NA,FALSE,FALSE,,
87.0L,Slope/Bench,Repair,2,Knights Landing,4/2/2012,SASQ,78,84,NA,NA,FALSE,FALSE,,
87.0L,Slope/Bench,Repair,2,Knights Landing,4/2/2012,SASQ,85,92,NA,NA,FALSE,FALSE,,
87.0L,Slope/Bench,Repair,2,Knights Landing,4/2/2012,SASQ,96,101,NA,NA,FALSE,FALSE,,
87.0L,Slope/Bench,Repair,2,Knights Landing,4/2/2012,SASQ,120,128,NA,NA,FALSE,FALSE,,
87.0L,Slope/Bench,Repair,2,Knights Landing,4/2/2012,SASQ,126,138,NA,NA,FALSE,FALSE,,
87.0L,Slope/Bench,Repair,2,Knights Landing,4/2/2012,SASQ,135,146,NA,NA,FALSE,FALSE,,
87.0L,Slope/Bench,Repair,2,Knights Landing,4/2/2012,SASQ,160,172,NA,NA,FALSE,FALSE,,
87.0L,Slope/Bench,Repair,2,Knights Landing,4/2/2012,SASQ,179,194,NA,NA,FALSE,FALSE,,
87.0L,Slope/Bench,Repair,2,Knights Landing,4/2/2012,SASQ,312,335,NA,NA,FALSE,FALSE,,
87.0L,Slope/Bench,Repair,2,Knights Landing,4/2/2012,TP,74,78,NA,NA,FALSE,FALSE,,
87.0L,Slope/Bench,Repair,2,Knights Landing,4/2/2012,TP,75,78,NA,NA,FALSE,FALSE,,
87.0L,Slope/Bench,Repair,2,Knights Landing,4/2/2012,TP,78,84,NA,NA,FALSE,FALSE,,
87.0L,Slope/Bench,Repair,2,Knights Landing,4/2/2012,TP,96,101,NA,NA,FALSE,FALSE,,
87.0L,Slope/Bench,Repair,2,Knights Landing,4/2/2012,TP,100,106,NA,NA,FALSE,FALSE,,
87.0L,Slope/Bench,Repair,2,Knights Landing,4/2/2012,TP,110,115,NA,NA,FALSE,FALSE,,
87.0L,Slope/Bench,Repair,2,Knights Landing,4/2/2012,TP,112,121,NA,NA,FALSE,FALSE,,
87.0L,Slope/Bench,Repair,2,Knights Landing,4/2/2012,TP,113,120,NA,NA,FALSE,FALSE,,
87.0L,Slope/Bench,Repair,2,Knights Landing,4/2/2012,TP,115,123,NA,NA,FALSE,FALSE,,
87.0L,Slope/Bench,Repair,2,Knights Landing,4/2/2012,TP,115,120,NA,NA,FALSE,FALSE,,
87.0L,Slope/Bench,Repair,2,Knights Landing,4/2/2012,TP,125,131,NA,NA,FALSE,FALSE,,
87.0L,Slope/Bench,Repair,3,Knights Landing,4/16/2012,BAS,42,45,NA,NA,FALSE,FALSE,,
87.0L,Slope/Bench,Repair,3,Knights Landing,4/16/2012,C,305,342,NA,NA,FALSE,FALSE,,
87.0L,Slope/Bench,Repair,3,Knights Landing,4/16/2012,C,410,460,NA,NA,FALSE,FALSE,,
87.0L,Slope/Bench,Repair,3,Knights Landing,4/16/2012,C,453,510,NA,NA,FALSE,FALSE,,
87.0L,Slope/Bench,Repair,3,Knights Landing,4/16/2012,C,515,571,NA,NA,FALSE,FALSE,,
87.0L,Slope/Bench,Repair,3,Knights Landing,4/16/2012,C,520,575,NA,NA,FALSE,FALSE,,
87.0L,Slope/Bench,Repair,3,Knights Landing,4/16/2012,CHN,51,56,parr,Fall,TRUE,FALSE,,
87.0L,Slope/Bench,Repair,3,Knights Landing,4/16/2012,CHN,52,57,parr,Fall,FALSE,FALSE,,
87.0L,Slope/Bench,Repair,3,Knights Landing,4/16/2012,SASQ,69,76,NA,NA,FALSE,FALSE,,
87.0L,Slope/Bench,Repair,3,Knights Landing,4/16/2012,SASQ,70,77,NA,NA,FALSE,FALSE,,
87.0L,Slope/Bench,Repair,3,Knights Landing,4/16/2012,SASQ,197,207,NA,NA,FALSE,FALSE,,
87.0L,Slope/Bench,Repair,3,Knights Landing,4/16/2012,TP,80,85,NA,NA,FALSE,FALSE,,
87.0L,Slope/Bench,Repair,3,Knights Landing,4/16/2012,TP,97,103,NA,NA,FALSE,FALSE,,
87.0L,Slope/Bench,Repair,3,Knights Landing,4/16/2012,TP,100,107,NA,NA,FALSE,FALSE,,
87.0L,Slope/Bench,Repair,3,Knights Landing,4/16/2012,TP,103,109,NA,NA,FALSE,FALSE,,
87.0L,Slope/Bench,Repair,3,Knights Landing,4/16/2012,TP,112,118,NA,NA,FALSE,FALSE,,
87.0L,Slope/Bench,Repair,3,Knights Landing,4/16/2012,TP,127,131,NA,NA,FALSE,FALSE,,
90.8L,Historic,Historic,1,Knights Landing,3/17/2012,CHN,62,67,parr,Fall,FALSE,FALSE,,
90.8L,Historic,Historic,1,Knights Landing,3/17/2012,CHN,64,70,parr,Fall,FALSE,FALSE,,
90.8L,Historic,Historic,1,Knights Landing,3/17/2012,CHN,66,72,parr,Fall,FALSE,FALSE,,
90.8L,Historic,Historic,1,Knights Landing,3/17/2012,RBT,208,221,smolt,NA,FALSE,TRUE,,
90.8L,Historic,Historic,1,Knights Landing,3/17/2012,SASQ,85,95,NA,NA,FALSE,FALSE,,
90.8L,Historic,Historic,1,Knights Landing,3/17/2012,TP,77,82,NA,NA,FALSE,FALSE,,
90.8L,Historic,Historic,2,Knights Landing,4/2/2012,CHN,35,37,Fry,Fall,FALSE,FALSE,,
90.8L,Historic,Historic,2,Knights Landing,4/2/2012,CHN,40,43,Fry,Fall,FALSE,FALSE,,
90.8L,Historic,Historic,2,Knights Landing,4/2/2012,CHN,43,47,Fry,Fall,FALSE,FALSE,,
90.8L,Historic,Historic,2,Knights Landing,4/2/2012,CHN,51,56,parr,Fall,FALSE,FALSE,,
90.8L,Historic,Historic,2,Knights Landing,4/2/2012,CHN,70,76,parr,Fall,FALSE,FALSE,,
90.8L,Historic,Historic,2,Knights Landing,4/2/2012,CHN,71,77,parr,Fall,FALSE,FALSE,,
90.8L,Historic,Historic,2,Knights Landing,4/2/2012,CHN,71,78,smolt,Fall,FALSE,FALSE,,
90.8L,Historic,Historic,2,Knights Landing,4/2/2012,CHN,81,88,smolt,Spring,FALSE,FALSE,,
90.8L,Historic,Historic,2,Knights Landing,4/2/2012,CHN,81,89,smolt,Spring,FALSE,FALSE,,
90.8L,Historic,Historic,2,Knights Landing,4/2/2012,SASQ,78,82,NA,NA,FALSE,FALSE,,
90.8L,Historic,Historic,2,Knights Landing,4/2/2012,SASQ,93,100,NA,NA,FALSE,FALSE,,
90.8L,Historic,Historic,2,Knights Landing,4/2/2012,TP,81,86,NA,NA,FALSE,FALSE,,
90.8L,Historic,Historic,3,Knights Landing,4/16/2012,C,475,533,NA,NA,FALSE,FALSE,,
90.8L,Historic,Historic,3,Knights Landing,4/16/2012,CHN,45,49,Fry,Fall,FALSE,FALSE,,
90.8L,Historic,Historic,3,Knights Landing,4/16/2012,CHN,83,91,parr,Spring,FALSE,FALSE,,
90.8L,Historic,Historic,3,Knights Landing,4/16/2012,CHN,81,88,smolt,Fall,FALSE,FALSE,,
90.8L,Historic,Historic,3,Knights Landing,4/16/2012,CHN,90,97,smolt,Spring,FALSE,FALSE,,
90.8L,Historic,Historic,3,Knights Landing,4/16/2012,SASQ,70,78,NA,NA,FALSE,FALSE,,
90.8L,Historic,Historic,3,Knights Landing,4/16/2012,SASQ,93,102,NA,NA,FALSE,FALSE,,
90.8L,Historic,Historic,3,Knights Landing,4/16/2012,SASQ,95,105,NA,NA,FALSE,FALSE,,
90.8L,Historic,Historic,3,Knights Landing,4/16/2012,SASQ,135,149,NA,NA,FALSE,FALSE,,
90.8L,Historic,Historic,3,Knights Landing,4/16/2012,TP,78,82,NA,NA,FALSE,FALSE,,
90.8L,Historic,Historic,3,Knights Landing,4/16/2012,TP,80,86,NA,NA,FALSE,FALSE,,
90.8L,Historic,Historic,3,Knights Landing,4/16/2012,TP,87,92,NA,NA,FALSE,FALSE,,
90.8L,Historic,Historic,3,Knights Landing,4/16/2012,TP,121,130,NA,NA,FALSE,FALSE,,
90.8R,Natural,Natural,1,Knights Landing,3/17/2012,CHN,60,65,parr,Fall,FALSE,FALSE,,
90.8R,Natural,Natural,1,Knights Landing,3/17/2012,CHN,63,70,parr,Fall,FALSE,FALSE,,
90.8R,Natural,Natural,1,Knights Landing,3/17/2012,CHN,63,68,parr,Fall,FALSE,FALSE,,
90.8R,Natural,Natural,1,Knights Landing,3/17/2012,CHN,65,71,parr,Fall,FALSE,FALSE,,
90.8R,Natural,Natural,1,Knights Landing,3/17/2012,CHN,65,71,parr,Fall,FALSE,FALSE,,
90.8R,Natural,Natural,1,Knights Landing,3/17/2012,MSS,43,46,NA,NA,FALSE,FALSE,,
90.8R,Natural,Natural,1,Knights Landing,3/17/2012,MSS,52,56,NA,NA,TRUE,FALSE,,
90.8R,Natural,Natural,1,Knights Landing,3/17/2012,SASQ,250,278,NA,NA,FALSE,FALSE,,
90.8R,Natural,Natural,1,Knights Landing,3/17/2012,TP,103,111,NA,NA,FALSE,FALSE,,
90.8R,Natural,Natural,1,Knights Landing,3/17/2012,TP,105,112,NA,NA,FALSE,FALSE,,
90.8R,Natural,Natural,1,Knights Landing,3/17/2012,TP,108,114,NA,NA,FALSE,FALSE,,
90.8R,Natural,Natural,2,Knights Landing,4/2/2012,RBT,197,210,smolt,NA,FALSE,FALSE,,
90.8R,Natural,Natural,2,Knights Landing,4/2/2012,TP,68,72,NA,NA,FALSE,FALSE,,
90.8R,Natural,Natural,2,Knights Landing,4/2/2012,TP,72,77,NA,NA,FALSE,FALSE,,
90.8R,Natural,Natural,2,Knights Landing,4/2/2012,TP,74,79,NA,NA,FALSE,FALSE,,
90.8R,Natural,Natural,2,Knights Landing,4/2/2012,TP,118,125,NA,NA,FALSE,FALSE,,
90.8R,Natural,Natural,3,Knights Landing,4/16/2012,C,535,600,NA,NA,FALSE,FALSE,,
90.8R,Natural,Natural,3,Knights Landing,4/16/2012,CHN,50,55,parr,Fall,TRUE,FALSE,,
90.8R,Natural,Natural,3,Knights Landing,4/16/2012,RBT,215,229,parr,NA,FALSE,TRUE,,
90.8R,Natural,Natural,3,Knights Landing,4/16/2012,SASU,155,166,NA,NA,FALSE,FALSE,,
90.8R,Natural,Natural,3,Knights Landing,4/16/2012,TP,80,86,NA,NA,FALSE,FALSE,,
90.8R,Natural,Natural,3,Knights Landing,4/16/2012,TP,82,87,NA,NA,FALSE,FALSE,,
90.8R,Natural,Natural,3,Knights Landing,4/16/2012,TP,130,139,NA,NA,FALSE,FALSE,,
90.8R,Natural,Natural,3,Knights Landing,4/16/2012,TP,225,230,NA,NA,FALSE,FALSE,,
91.9R,Natural,Natural,1,Knights Landing,3/17/2012,CHN,56,61,parr,Fall,FALSE,FALSE,,
91.9R,Natural,Natural,1,Knights Landing,3/17/2012,CHN,61,67,parr,Fall,FALSE,FALSE,,
91.9R,Natural,Natural,1,Knights Landing,3/17/2012,CHN,63,70,parr,Fall,FALSE,FALSE,,
91.9R,Natural,Natural,1,Knights Landing,3/17/2012,CHN,64,71,parr,Fall,FALSE,FALSE,,
91.9R,Natural,Natural,1,Knights Landing,3/17/2012,CHN,67,72,parr,Spring,FALSE,FALSE,,
91.9R,Natural,Natural,1,Knights Landing,3/17/2012,CHN,68,73,smolt,Spring,FALSE,FALSE,,
91.9R,Natural,Natural,1,Knights Landing,3/17/2012,SASQ,91,102,NA,NA,FALSE,FALSE,,
91.9R,Natural,Natural,1,Knights Landing,3/17/2012,SASQ,175,191,NA,NA,FALSE,FALSE,,
91.9R,Natural,Natural,1,Knights Landing,3/17/2012,SASQ,282,301,NA,NA,FALSE,FALSE,,
91.9R,Natural,Natural,2,Knights Landing,4/2/2012,CHN,40,43,Fry,Fall,FALSE,FALSE,,
91.9R,Natural,Natural,2,Knights Landing,4/2/2012,CHN,41,44,Fry,Fall,FALSE,FALSE,,
91.9R,Natural,Natural,2,Knights Landing,4/2/2012,CHN,42,46,Fry,Fall,FALSE,FALSE,,
91.9R,Natural,Natural,2,Knights Landing,4/2/2012,CHN,63,68,parr,Fall,FALSE,FALSE,,
91.9R,Natural,Natural,2,Knights Landing,4/2/2012,CHN,95,105,smolt,Spring,FALSE,TRUE,,
91.9R,Natural,Natural,2,Knights Landing,4/2/2012,SASQ,145,157,NA,NA,FALSE,FALSE,,
91.9R,Natural,Natural,2,Knights Landing,4/2/2012,SASQ,350,381,NA,NA,FALSE,FALSE,,
91.9R,Natural,Natural,2,Knights Landing,4/2/2012,SASQ,452,491,NA,NA,FALSE,FALSE,,
91.9R,Natural,Natural,3,Knights Landing,4/16/2012,C,645,680,NA,NA,FALSE,FALSE,,
91.9R,Natural,Natural,3,Knights Landing,4/16/2012,CHN,51,55,parr,Fall,FALSE,FALSE,,
91.9R,Natural,Natural,3,Knights Landing,4/16/2012,CHN,70,78,parr,Fall,FALSE,FALSE,,
91.9R,Natural,Natural,3,Knights Landing,4/16/2012,SASQ,150,165,NA,NA,FALSE,FALSE,,
91.9R,Natural,Natural,3,Knights Landing,4/16/2012,SASQ,190,209,NA,NA,FALSE,FALSE,,
91.9R,Natural,Natural,3,Knights Landing,4/16/2012,STB,357,385,NA,NA,FALSE,FALSE,,
91.9R,Natural,Natural,3,Knights Landing,4/16/2012,STB,405,437,NA,NA,FALSE,FALSE,,
91.9R,Natural,Natural,3,Knights Landing,4/16/2012,TFS,107,125,NA,NA,FALSE,FALSE,,
91.9R,Natural,Natural,3,Knights Landing,4/16/2012,TFS,129,140,NA,NA,FALSE,FALSE,,
91.9R,Natural,Natural,3,Knights Landing,4/16/2012,TP,77,86,NA,NA,FALSE,FALSE,,
91.9R,Natural,Natural,3,Knights Landing,4/16/2012,TP,127,132,NA,NA,FALSE,FALSE,,
